station_a,lat_a,lon_a,station_b,lat_b,lon_b,ride_count,subscriber_count,customer_count
"Streeter Dr & Grand Ave",41.892278,-87.612043,"Lake Shore Dr & Monroe St",41.880958,-87.616743,54250,5345,48905
"Theater on the Lake",41.926277,-87.630834,"Streeter Dr & Grand Ave",41.892278,-87.612043,44220,11830,32390
"Theater on the Lake",41.926277,-87.630834,"Michigan Ave & Oak St",41.90096039,-87.62377664,39173,12146,27027
"State St & 33rd St",41.834734,-87.625813,"Calumet Ave & 33rd St",41.8349,-87.61793,37498,35837,1661
"Lake Shore Dr & North Blvd",41.911722,-87.626804,"Streeter Dr & Grand Ave",41.892278,-87.612043,35110,6291,28819
"Millennium Park",41.8810317,-87.62408432,"Streeter Dr & Grand Ave",41.892278,-87.612043,33217,3602,29615
"Lake Shore Dr & Monroe St",41.880958,-87.616743,"Streeter Dr & Illinois St",41.891071,-87.6122,32196,2950,29246
"Ellis Ave & 60th St",41.7850971464,-87.6010727606,"Ellis Ave & 55th St",41.7943006205,-87.6014497734,32025,24929,7096
"Michigan Ave & Oak St",41.90096039,-87.62377664,"Streeter Dr & Grand Ave",41.892278,-87.612043,31065,4252,26813
"Ellis Ave & 60th St",41.7850971464,-87.6010727606,"University Ave & 57th St",41.791478,-87.599861,29917,24974,4943
"Shedd Aquarium",41.8672259568,-87.6153553902,"Streeter Dr & Grand Ave",41.892278,-87.612043,27502,2069,25433
"Adler Planetarium",41.866095,-87.607267,"Lake Shore Dr & Monroe St",41.880958,-87.616743,26502,4050,22452
"Lake Shore Dr & Monroe St",41.880958,-87.616743,"Shedd Aquarium",41.8672259568,-87.6153553902,25241,3394,21847
"MLK Jr Dr & 29th St",41.842052,-87.617,"State St & 33rd St",41.834734,-87.625813,24686,24113,573
"Canal St & Adams St",41.879255,-87.639904,"Michigan Ave & Washington St",41.8838927658,-87.6246491409,23974,23357,617
"Canal St & Madison St",41.882091,-87.639833,"Michigan Ave & Washington St",41.8838927658,-87.6246491409,22699,21745,954
"Millennium Park",41.8810317,-87.62408432,"Indiana Ave & Roosevelt Rd",41.867888,-87.623041,22484,12861,9623
"Columbus Dr & Randolph St",41.884728,-87.619521,"Clinton St & Washington Blvd",41.88338,-87.64117,22313,21649,664
"Michigan Ave & Washington St",41.8838927658,-87.6246491409,"Clinton St & Washington Blvd",41.88338,-87.64117,22222,21621,601
"Shedd Aquarium",41.8672259568,-87.6153553902,"Millennium Park",41.8810317,-87.62408432,21533,2171,19362
"Theater on the Lake",41.926277,-87.630834,"Streeter Dr & Illinois St",41.891071,-87.6122,20953,4491,16462
"Indiana Ave & Roosevelt Rd",41.867888,-87.623041,"Michigan Ave & Jackson Blvd",41.87785,-87.62408,19864,15200,4664
"University Ave & 57th St",41.791478,-87.599861,"Lake Park Ave & 56th St",41.793242,-87.587782,19588,17122,2466
"Lake Shore Dr & Monroe St",41.880958,-87.616743,"Millennium Park",41.8810317,-87.62408432,19567,3050,16517
"Kimbark Ave & 53rd St",41.799568,-87.594747,"University Ave & 57th St",41.791478,-87.599861,19524,17349,2175
"Theater on the Lake",41.926277,-87.630834,"Montrose Harbor",41.963982,-87.638181,18536,6675,11861
"Lake Shore Dr & North Blvd",41.911722,-87.626804,"Theater on the Lake",41.926277,-87.630834,18501,5512,12989
"Canal St & Adams St",41.879255,-87.639904,"Columbus Dr & Randolph St",41.884728,-87.619521,18460,17773,687
"Sheridan Rd & Irving Park Rd",41.954245,-87.654406,"Pine Grove Ave & Irving Park Rd",41.954383,-87.648043,18371,17543,828
"Lake Shore Dr & North Blvd",41.911722,-87.626804,"Michigan Ave & Oak St",41.90096039,-87.62377664,18102,5566,12536
"Lake Shore Dr & North Blvd",41.911722,-87.626804,"Lake Shore Dr & Monroe St",41.880958,-87.616743,17938,4664,13274
"Columbus Dr & Randolph St",41.884728,-87.619521,"Canal St & Madison St",41.882091,-87.639833,17837,17291,546
"Loomis St & Lexington St",41.872187,-87.661501,"Morgan St & Polk St",41.871737,-87.65103,17583,17279,304
"Streeter Dr & Illinois St",41.891071,-87.6122,"Lake Shore Dr & North Blvd",41.911722,-87.626804,17137,2440,14697
"Sheridan Rd & Irving Park Rd",41.954245,-87.654406,"Sheridan Rd & Buena Ave",41.958494,-87.654966,16667,15890,777
"Michigan Ave & Lake St",41.886024,-87.624117,"Canal St & Adams St",41.879255,-87.639904,16597,16096,501
"Kingsbury St & Kinzie St",41.8891768326,-87.6385057718,"Kingsbury St & Erie St",41.8939139,-87.6417358,16582,15936,646
"Millennium Park",41.8810317,-87.62408432,"Streeter Dr & Illinois St",41.891071,-87.6122,16464,1817,14647
"Clark St & Berwyn Ave",41.9780306225,-87.6685649157,"Broadway & Berwyn Ave",41.978353,-87.659753,16407,15569,838
"Adler Planetarium",41.866095,-87.607267,"Shedd Aquarium",41.8672259568,-87.6153553902,16311,3303,13008
"Sheffield Ave & Fullerton Ave",41.9256018819,-87.6537080423,"Greenview Ave & Fullerton Ave",41.92533,-87.6658,16307,14624,1683
"Michigan Ave & 18th St",41.857926,-87.624336,"Wabash Ave & Roosevelt Rd",41.867227,-87.625961,16091,14727,1364
"Wabash Ave & Roosevelt Rd",41.867227,-87.625961,"Wabash Ave & 16th St",41.860384,-87.625813,16014,14759,1255
"Kingsbury St & Kinzie St",41.8891768326,-87.6385057718,"Desplaines St & Kinzie St",41.888716036,-87.6444478533,15991,14686,1305
"Michigan Ave & Oak St",41.90096039,-87.62377664,"Lake Shore Dr & Monroe St",41.880958,-87.616743,15863,2563,13300
"Canal St & Adams St",41.879255,-87.639904,"Larrabee St & Kingsbury St",41.897764,-87.642884,15754,15298,456
"DuSable Lake Shore Dr & Monroe St",41.880958,-87.616743,"Streeter Dr & Grand Ave",41.892278,-87.612043,15465,1612,13853
"Millennium Park",41.8810317,-87.62408432,"Adler Planetarium",41.866095,-87.607267,15240,1900,13340
"Kingsbury St & Kinzie St",41.8891768326,-87.6385057718,"Canal St & Adams St",41.879255,-87.639904,15163,14387,776
"Wilton Ave & Belmont Ave",41.94018,-87.65304,"Broadway & Belmont Ave",41.940106,-87.645451,15057,14390,667
"Clinton St & Washington Blvd",41.88338,-87.64117,"Michigan Ave & Lake St",41.886024,-87.624117,14955,14561,394
"Sheffield Ave & Fullerton Ave",41.9256018819,-87.6537080423,"Southport Ave & Wrightwood Ave",41.928773,-87.663913,14482,13459,1023
"Adler Planetarium",41.866095,-87.607267,"Streeter Dr & Grand Ave",41.892278,-87.612043,14420,1613,12807
"Sheridan Rd & Irving Park Rd",41.954245,-87.654406,"Clarendon Ave & Gordon Ter",41.957879,-87.649519,14329,13934,395
"Wilton Ave & Diversey Pkwy",41.932418,-87.652705,"Clark St & Wrightwood Ave",41.929546,-87.643118,14090,13315,775
"Southport Ave & Roscoe St",41.943739,-87.66402,"Southport Ave & Waveland Ave",41.94815,-87.66394,14014,13185,829
"Michigan Ave & Oak St",41.90096039,-87.62377664,"Streeter Dr & Illinois St",41.891071,-87.6122,13980,1272,12708
"Kingsbury St & Kinzie St",41.8891768326,-87.6385057718,"Clinton St & Washington Blvd",41.88338,-87.64117,13881,13232,649
"LaSalle St & Jackson Blvd",41.87817,-87.631985,"Canal St & Madison St",41.882091,-87.639833,13829,13603,226
"Kedzie Ave & Palmer Ct",41.921525,-87.707322,"California Ave & Milwaukee Ave",41.922695,-87.697153,13789,12801,988
"Lake Shore Dr & Monroe St",41.880958,-87.616743,"Theater on the Lake",41.926277,-87.630834,13673,5359,8314
"Sheffield Ave & Fullerton Ave",41.9256018819,-87.6537080423,"Racine Ave & Wrightwood Ave",41.928887,-87.658971,13620,12983,637
"Lakefront Trail & Bryn Mawr Ave",41.9840441152,-87.6522812247,"Theater on the Lake",41.926277,-87.630834,13493,8848,4645
"Clinton St & Washington Blvd",41.88338,-87.64117,"St. Clair St & Erie St",41.8943451374,-87.6227983832,13340,12846,494
"Wilton Ave & Belmont Ave",41.94018,-87.65304,"Halsted St & Roscoe St",41.94367,-87.64895,13118,12476,642
"Lake Shore Dr & Monroe St",41.880958,-87.616743,"Museum Campus",41.865212,-87.617759,12903,1543,11360
"State St & Kinzie St",41.88918,-87.6277,"Clinton St & Washington Blvd",41.88338,-87.64117,12834,12416,418
"Lake Shore Dr & Belmont Ave",41.940775,-87.639192,"Theater on the Lake",41.926277,-87.630834,12713,5321,7392
"Wacker Dr & Washington St Corral",41.88316,-87.63736,"Michigan Ave & Washington St",41.8838927658,-87.6246491409,12672,12353,319
"Dusable Harbor",41.886976,-87.612813,"Streeter Dr & Grand Ave",41.892278,-87.612043,12668,2770,9898
"Ellis Ave & 55th St",41.7943006205,-87.6014497734,"Kimbark Ave & 53rd St",41.799568,-87.594747,12444,11148,1296
"Damen Ave & Pierce Ave",41.9093960065,-87.6776919292,"Claremont Ave & Hirsch St",41.907781,-87.685854,12391,11595,796
"Halsted St & Polk St",41.87184,-87.64664,"Halsted St & Maxwell St",41.864883,-87.647071,12155,10678,1477
"State St & Kinzie St",41.88918,-87.6277,"Canal St & Adams St",41.879255,-87.639904,12021,11573,448
"Adler Planetarium",41.866095,-87.607267,"Indiana Ave & Roosevelt Rd",41.867888,-87.623041,12000,5161,6839
"Columbus Dr & Randolph St",41.884728,-87.619521,"State St & Randolph St",41.8847302006,-87.6277335692,11898,11126,772
"Sheridan Rd & Montrose Ave",41.96167,-87.65464,"Sheridan Rd & Irving Park Rd",41.954245,-87.654406,11848,10654,1194
"Lake Shore Dr & Monroe St",41.880958,-87.616743,"Indiana Ave & Roosevelt Rd",41.867888,-87.623041,11841,4148,7693
"Kingsbury St & Kinzie St",41.8891768326,-87.6385057718,"Clinton St & Madison St",41.8827519657,-87.6411902905,11756,10864,892
"University Ave & 57th St",41.791478,-87.599861,"Ellis Ave & 53rd St",41.7993362626,-87.6009581145,11655,10451,1204
"Canal St & Adams St",41.879255,-87.639904,"Orleans St & Merchandise Mart Plaza",41.888243,-87.63639,11576,10976,600
"Clinton St & Washington Blvd",41.88338,-87.64117,"Larrabee St & Kingsbury St",41.897764,-87.642884,11524,10700,824
"Dearborn St & Monroe St",41.881319815,-87.6295209193,"Canal St & Madison St",41.882091,-87.639833,11520,11121,399
"Canal St & Madison St",41.882091,-87.639833,"Michigan Ave & Lake St",41.886024,-87.624117,11494,10968,526
"Clinton St & Madison St",41.8827519657,-87.6411902905,"Peoria St & Jackson Blvd",41.877749,-87.649633,11423,11236,187
"Cornell Ave & Hyde Park Blvd",41.802406,-87.586924,"University Ave & 57th St",41.791478,-87.599861,11302,9974,1328
"Sheffield Ave & Fullerton Ave",41.9256018819,-87.6537080423,"Ashland Ave & Wrightwood Ave",41.92883,-87.668507,11193,10097,1096
"Clinton St & Washington Blvd",41.88338,-87.64117,"Kingsbury St & Erie St",41.8939139,-87.6417358,11125,10215,910
"Lake Shore Dr & North Blvd",41.911722,-87.626804,"Lake Shore Dr & Belmont Ave",41.940775,-87.639192,11024,4125,6899
"Chicago Ave & Sheridan Rd",42.050491,-87.677821,"Sheridan Rd & Noyes St (NU)",42.058239,-87.677432,10987,7548,3439
"Sheffield Ave & Wellington Ave",41.936253,-87.653566,"Southport Ave & Wellington Ave",41.935733,-87.663576,10959,10482,477
"Kingsbury St & Erie St",41.8939139,-87.6417358,"Canal St & Adams St",41.879255,-87.639904,10889,10475,414
"Western Ave & Division St",41.902893,-87.687275,"Ashland Ave & Division St",41.90345,-87.667747,10762,9196,1566
"Michigan Ave & Oak St",41.90096039,-87.62377664,"Lake Shore Dr & Belmont Ave",41.940775,-87.639192,10761,5100,5661
"Loomis St & Lexington St",41.8722287322,-87.661363855,"Morgan St & Polk St",41.871737,-87.65103,10723,9848,875
"Clark St & Armitage Ave",41.918306,-87.636282,"Wells St & Concord Ln",41.912133,-87.634656,10679,9362,1317
"Damen Ave & Chicago Ave",41.895769,-87.67722,"Damen Ave & Pierce Ave",41.9093960065,-87.6776919292,10630,8746,1884
"Sheffield Ave & Wellington Ave",41.9362534831,-87.6526620984,"Southport Ave & Wellington Ave",41.935733,-87.663576,10625,10396,229
"Sheridan Rd & Noyes St (NU)",42.058239,-87.677432,"Benson Ave & Church St",42.048214,-87.683485,10622,8421,2201
"Indiana Ave & Roosevelt Rd",41.867888,-87.623041,"Shedd Aquarium",41.8672259568,-87.6153553902,10587,4136,6451
"Ellis Ave & 58th St",41.788746,-87.601334,"Ellis Ave & 60th St",41.7850971464,-87.6010727606,10560,9404,1156
"Clinton St & Washington Blvd",41.88338,-87.64117,"Rush St & Hubbard St",41.890173,-87.626185,10506,10067,439
"State St & Randolph St",41.8847302006,-87.6277335692,"Canal St & Adams St",41.879255,-87.639904,10498,10097,401
"Kingsbury St & Kinzie St",41.8891768326,-87.6385057718,"Larrabee St & Kingsbury St",41.897764,-87.642884,10441,9714,727
"Streeter Dr & Grand Ave",41.892278,-87.612043,"Indiana Ave & Roosevelt Rd",41.867888,-87.623041,10328,3265,7063
"Desplaines St & Kinzie St",41.888716036,-87.6444478533,"Clinton St & Madison St",41.8827519657,-87.6411902905,10277,9670,607
"Michigan Ave & Washington St",41.8838927658,-87.6246491409,"Clinton St & Madison St",41.8827519657,-87.6411902905,10144,9632,512
"Clinton St & Madison St",41.8827519657,-87.6411902905,"Clinton St & Tilden St",41.875885,-87.640795,10091,9663,428
"Broadway & Sheridan Rd",41.952833,-87.649993,"Sheridan Rd & Irving Park Rd",41.954245,-87.654406,10078,9297,781
"Clinton St & Madison St",41.8827519657,-87.6411902905,"LaSalle St & Jackson Blvd",41.87817,-87.631985,10070,9966,104
"Wilton Ave & Diversey Pkwy",41.932418,-87.652705,"Hampden Ct & Diversey Pkwy",41.93262,-87.642385,10027,9664,363
"Southport Ave & Roscoe St",41.943739,-87.66402,"Southport Ave & Irving Park Rd",41.954177,-87.664358,10012,9069,943
"Damen Ave & Foster Ave",41.9758109756,-87.6795098986,"Damen Ave & Leland Ave",41.967094,-87.679028,9925,8976,949
"Canal St & Adams St",41.879255,-87.639904,"Dearborn St & Erie St",41.893992,-87.629318,9887,9413,474
"Museum Campus",41.865212,-87.617759,"Streeter Dr & Illinois St",41.891071,-87.6122,9833,888,8945
"Streeter Dr & Grand Ave",41.892278,-87.612043,"Columbus Dr & Randolph St",41.884728,-87.619521,9829,2197,7632
"Lake Shore Dr & North Blvd",41.911722,-87.626804,"Lake Shore Dr & Ohio St",41.89257,-87.614492,9824,3364,6460
"Michigan Ave & Oak St",41.90096039,-87.62377664,"Millennium Park",41.8810317,-87.62408432,9799,1525,8274
"Montrose Harbor",41.963982,-87.638181,"Lakefront Trail & Bryn Mawr Ave",41.9840441152,-87.6522812247,9778,5146,4632
"Sheffield Ave & Fullerton Ave",41.9256018819,-87.6537080423,"Clark St & Wrightwood Ave",41.929546,-87.643118,9740,8843,897
"Clinton St & Madison St",41.8827519657,-87.6411902905,"Franklin St & Jackson Blvd",41.8777079559,-87.6353211408,9667,9270,397
"Ashland Ave & Division St",41.90345,-87.667747,"Damen Ave & Division St",41.90331,-87.67695,9656,9061,595
"Indiana Ave & 31st St",41.838842,-87.621857,"MLK Jr Dr & 29th St",41.842052,-87.617,9642,9408,234
"Morgan St & Polk St",41.871737,-87.65103,"Loomis St & Taylor St",41.869417,-87.660996,9461,9109,352
"Ellis Ave & 55th St",41.7943006205,-87.6014497734,"Ellis Ave & 58th St",41.788746,-87.601334,9222,8410,812
"Ellis Ave & 53rd St",41.7993362626,-87.6009581145,"Ellis Ave & 55th St",41.7943006205,-87.6014497734,9213,8337,876
"Lake Shore Dr & Wellington Ave",41.936669,-87.636794,"Lake Shore Dr & North Blvd",41.911722,-87.626804,9194,4511,4683
"Michigan Ave & Madison St",41.882134,-87.625125,"Canal St & Madison St",41.882091,-87.639833,9166,8285,881
"Theater on the Lake",41.926277,-87.630834,"Lake Shore Dr & Ohio St",41.89257,-87.614492,9137,3608,5529
"Dearborn St & Monroe St",41.881319815,-87.6295209193,"Clinton St & Madison St",41.8827519657,-87.6411902905,9121,8624,497
"Millennium Park",41.8810317,-87.62408432,"Museum Campus",41.865212,-87.617759,9093,817,8276
"Sheridan Rd & Irving Park Rd",41.954245,-87.654406,"Clarendon Ave & Junior Ter",41.961004,-87.649603,9054,8493,561
"Sedgwick St & North Ave",41.910983,-87.638525,"Clark St & Armitage Ave",41.918306,-87.636282,9021,7988,1033
"Fort Dearborn Dr & 31st St",41.838556,-87.608218,"Lake Shore Dr & Monroe St",41.880958,-87.616743,9020,3097,5923
"Michigan Ave & Oak St",41.90096039,-87.62377664,"Lakeview Ave & Fullerton Pkwy",41.925858,-87.638973,9017,4597,4420
"State St & 33rd St",41.834734,-87.625813,"Rhodes Ave & 32nd St",41.836208,-87.613533,9002,8665,337
"Loomis St & Lexington St",41.872187,-87.661501,"Wolcott Ave & Polk St",41.871262,-87.673688,8977,8833,144
"State St & Van Buren St",41.877181,-87.627844,"Franklin St & Jackson Blvd",41.8777079559,-87.6353211408,8974,7837,1137
"Sheffield Ave & Fullerton Ave",41.9256018819,-87.6537080423,"Halsted St & Wrightwood Ave",41.929143,-87.649077,8925,8363,562
"Lake Shore Dr & Monroe St",41.880958,-87.616743,"McClurg Ct & Illinois St",41.89102,-87.6173,8850,1732,7118
"Michigan Ave & Oak St",41.90096039,-87.62377664,"Clark St & Armitage Ave",41.918306,-87.636282,8831,3727,5104
"Morgan St & Lake St",41.8854833079,-87.6523048564,"Clinton St & Washington Blvd",41.88338,-87.64117,8825,8586,239
"Clark St & Armitage Ave",41.918306,-87.636282,"Lake Shore Dr & North Blvd",41.911722,-87.626804,8820,3494,5326
"Lake Shore Dr & Wellington Ave",41.936669,-87.636794,"Theater on the Lake",41.926277,-87.630834,8808,4713,4095
"Clark St & Schiller St",41.907993,-87.631501,"Clark St & Elm St",41.903233,-87.631253,8781,7834,947
"Sheffield Ave & Fullerton Ave",41.9256018819,-87.6537080423,"Sheffield Ave & Wrightwood Ave",41.928712,-87.653833,8772,8163,609
"LaSalle St & Jackson Blvd",41.87817,-87.631985,"Clinton St & Washington Blvd",41.88338,-87.64117,8757,8665,92
"Morgan St & Polk St",41.871737,-87.65103,"May St & Taylor St",41.8694821,-87.6554864,8755,8387,368
"Wabash Ave & Grand Ave",41.891466,-87.626761,"Streeter Dr & Grand Ave",41.892278,-87.612043,8736,2377,6359
"Theater on the Lake",41.926277,-87.630834,"Lakeview Ave & Fullerton Pkwy",41.925858,-87.638973,8709,4589,4120
"Wells St & Concord Ln",41.912133,-87.634656,"Clark St & Elm St",41.903233,-87.631253,8687,7331,1356
"Canal St & Adams St",41.879255,-87.639904,"St. Clair St & Erie St",41.8943451374,-87.6227983832,8609,8156,453
"Field Museum",41.865312,-87.617867,"Streeter Dr & Grand Ave",41.892278,-87.612043,8609,710,7899
"Sheffield Ave & Fullerton Ave",41.9256018819,-87.6537080423,"Southport Ave & Wrightwood Ave",41.92888,-87.66317,8577,8083,494
"Damen Ave & Division St",41.90331,-87.67695,"Damen Ave & Pierce Ave",41.9093960065,-87.6776919292,8570,7642,928
"Canal St & Adams St",41.879255,-87.639904,"Clinton St & Lake St",41.885637,-87.641823,8533,7939,594
"Millennium Park",41.8810317,-87.62408432,"Michigan Ave & Jackson Blvd",41.87785,-87.62408,8520,1480,7040
"Wells St & Concord Ln",41.912133,-87.634656,"Wells St & Elm St",41.903222,-87.634324,8500,7125,1375
"Clinton St & Madison St",41.8827519657,-87.6411902905,"Green St & Madison St",41.881859328,-87.6492637396,8473,8095,378
"Wabash Ave & Roosevelt Rd",41.867227,-87.625961,"Michigan Ave & 14th St",41.864059,-87.623727,8386,7628,758
"Pine Grove Ave & Irving Park Rd",41.954383,-87.648043,"Theater on the Lake",41.926277,-87.630834,8369,3969,4400
"Clark St & Elm St",41.903233,-87.631253,"Dearborn St & Erie St",41.893992,-87.629318,8348,7267,1081
"Michigan Ave & Oak St",41.90096039,-87.62377664,"Clark St & Lincoln Ave",41.915689,-87.6346,8331,3459,4872
"Wilton Ave & Belmont Ave",41.94018,-87.65304,"Broadway & Barry Ave",41.937725,-87.644095,8321,7840,481
"Clinton St & Washington Blvd",41.88338,-87.64117,"Desplaines St & Kinzie St",41.888716036,-87.6444478533,8191,7686,505
"Sheridan Rd & Irving Park Rd",41.954245,-87.654406,"Southport Ave & Irving Park Rd",41.954177,-87.664358,8185,7464,721
"Clark St & Armitage Ave",41.918306,-87.636282,"Streeter Dr & Grand Ave",41.892278,-87.612043,8167,1467,6700
"Wolcott Ave & Polk St",41.871262,-87.673688,"Morgan St & Polk St",41.871737,-87.65103,8161,7567,594
"Kimbark Ave & 53rd St",41.799568,-87.594747,"Ellis Ave & 58th St",41.788746,-87.601334,8154,7070,1084
"Clinton St & Washington Blvd",41.88338,-87.64117,"Dearborn St & Erie St",41.893992,-87.629318,8132,7668,464
"State St & Randolph St",41.8847302006,-87.6277335692,"Clinton St & Washington Blvd",41.88338,-87.64117,8130,7721,409
"Shedd Aquarium",41.8672259568,-87.6153553902,"Michigan Ave & Jackson Blvd",41.87785,-87.62408,8105,973,7132
"DuSable Lake Shore Dr & Monroe St",41.880958,-87.616743,"Shedd Aquarium",41.8672259568,-87.6153553902,8103,859,7244
"Wells St & Huron St",41.8947953,-87.6343743,"Wells St & Elm St",41.903222,-87.634324,8086,6109,1977
"McClurg Ct & Illinois St",41.89102,-87.6173,"Streeter Dr & Grand Ave",41.892278,-87.612043,8076,1798,6278
"Millennium Park",41.8810317,-87.62408432,"Columbus Dr & Randolph St",41.884728,-87.619521,8062,4399,3663
"Ashland Ave & Grace St",41.950687,-87.6687,"Southport Ave & Roscoe St",41.943739,-87.66402,7973,7504,469
"Kosciuszko Park",41.9305853714,-87.7237773635,"Kedzie Ave & Milwaukee Ave",41.929567,-87.707857,7970,6874,1096
"Sedgwick St & Webster Ave",41.922167,-87.638888,"Sedgwick St & North Ave",41.910983,-87.638525,7957,6710,1247
"Clinton St & Washington Blvd",41.88338,-87.64117,"Orleans St & Merchandise Mart Plaza",41.888243,-87.63639,7940,7634,306
"Lake Shore Dr & Wellington Ave",41.936669,-87.636794,"Michigan Ave & Oak St",41.90096039,-87.62377664,7935,4161,3774
"Canal St & Adams St",41.879255,-87.639904,"Dearborn St & Monroe St",41.881319815,-87.6295209193,7926,7074,852
"Sedgwick St & Huron St",41.894666,-87.638437,"Kingsbury St & Kinzie St",41.8891768326,-87.6385057718,7887,7360,527
"University Ave & 57th St",41.791478,-87.599861,"Ellis Ave & 55th St",41.7943006205,-87.6014497734,7882,7132,750
"DuSable Lake Shore Dr & North Blvd",41.911722,-87.626804,"Streeter Dr & Grand Ave",41.892278,-87.612043,7882,1588,6294
"Wilton Ave & Diversey Pkwy",41.932418,-87.652705,"Halsted St & Wrightwood Ave",41.929143,-87.649077,7870,7266,604
"Columbus Dr & Randolph St",41.884728,-87.619521,"Clark St & Randolph St",41.884576228,-87.63188991,7864,7241,623
"Morgan St & Lake St",41.8854833079,-87.6523048564,"Canal St & Adams St",41.879255,-87.639904,7857,7660,197
"Columbus Dr & Randolph St",41.884728,-87.619521,"Clinton St & Madison St",41.8827519657,-87.6411902905,7795,7409,386
"McClurg Ct & Illinois St",41.89102,-87.6173,"Lake Shore Dr & North Blvd",41.911722,-87.626804,7743,2544,5199
"Clinton St & Washington Blvd",41.88338,-87.64117,"Clark St & Randolph St",41.884576228,-87.63188991,7727,7370,357
"Sedgwick St & Huron St",41.894666,-87.638437,"Clinton St & Washington Blvd",41.88338,-87.64117,7693,7288,405
"Clark St & Lake St",41.8860208277,-87.6308760584,"Canal St & Adams St",41.879255,-87.639904,7676,7004,672
"Shore Dr & 55th St",41.795212,-87.580715,"University Ave & 57th St",41.791478,-87.599861,7665,6088,1577
"University Library (NU)",42.052939,-87.673447,"Benson Ave & Church St",42.048214,-87.683485,7649,6661,988
"Sheffield Ave & Fullerton Ave",41.9256018819,-87.6537080423,"Racine Ave & Fullerton Ave",41.92556258,-87.65840426,7646,7325,321
"Canal St & Adams St",41.879255,-87.639904,"Daley Center Plaza",41.884241,-87.629634,7645,7146,499
"Clark St & Lincoln Ave",41.915689,-87.6346,"Streeter Dr & Grand Ave",41.892278,-87.612043,7637,1467,6170
"Streeter Dr & Grand Ave",41.892278,-87.612043,"Fairbanks Ct & Grand Ave",41.89186,-87.62062,7636,1686,5950
"California Ave & Milwaukee Ave",41.922695,-87.697153,"Humboldt Blvd & Armitage Ave",41.917513394,-87.7018089555,7598,7010,588
"Streeter Dr & Grand Ave",41.892278,-87.612043,"Michigan Ave & 8th St",41.872773,-87.623981,7575,775,6800
"Michigan Ave & 8th St",41.872773,-87.623981,"Millennium Park",41.8810317,-87.62408432,7521,2421,5100
"Ellis Ave & 58th St",41.788746,-87.601334,"Lake Park Ave & 56th St",41.793242,-87.587782,7496,6528,968
"University Ave & 57th St",41.791478,-87.599861,"Woodlawn Ave & 55th St",41.795264,-87.596471,7414,6320,1094
"Dearborn St & Adams St",41.8793563587,-87.6297910363,"Canal St & Madison St",41.882091,-87.639833,7410,7163,247
"Kedzie Ave & Milwaukee Ave",41.929567,-87.707857,"Kedzie Ave & Palmer Ct",41.921525,-87.707322,7410,6398,1012
"Wilton Ave & Belmont Ave",41.94018,-87.65304,"Southport Ave & Belmont Ave",41.93949,-87.66378,7400,7119,281
"Larrabee St & Division St",41.90348607,-87.6433534936,"Larrabee St & Kingsbury St",41.897764,-87.642884,7385,6887,498
"Canal St & Madison St",41.882091,-87.639833,"State St & Kinzie St",41.88918,-87.6277,7355,6842,513
"Wabash Ave & Adams St",41.8794723523,-87.6256886059,"Canal St & Adams St",41.879255,-87.639904,7323,6778,545
"Dearborn Pkwy & Delaware Pl",41.898969,-87.629912,"Clinton St & Washington Blvd",41.88338,-87.64117,7322,6881,441
"Federal St & Polk St",41.8720776329,-87.6295437729,"Wabash Ave & Roosevelt Rd",41.867227,-87.625961,7286,6305,981
"Daley Center Plaza",41.884241,-87.629634,"Federal St & Polk St",41.8720776329,-87.6295437729,7265,6585,680
"Federal St & Polk St",41.8720776329,-87.6295437729,"Dearborn St & Monroe St",41.881319815,-87.6295209193,7259,6461,798
"Damen Ave & Augusta Blvd",41.899714,-87.677234,"Damen Ave & Pierce Ave",41.9093960065,-87.6776919292,7255,6390,865
"Lake Park Ave & 53rd St",41.7994942937,-87.5864498959,"University Ave & 57th St",41.791478,-87.599861,7223,5891,1332
"Halsted St & Wrightwood Ave",41.929143,-87.649077,"Clark St & Wrightwood Ave",41.929546,-87.643118,7128,6254,874
"Lake Shore Dr & Diversey Pkwy",41.932684,-87.63625,"Michigan Ave & Oak St",41.90096039,-87.62377664,7126,3811,3315
"Pine Grove Ave & Irving Park Rd",41.954383,-87.648043,"Broadway & Waveland Ave",41.949074,-87.648636,7114,6724,390
"Canal St & Adams St",41.879255,-87.639904,"McClurg Ct & Illinois St",41.89102,-87.6173,7112,6828,284
"Wells St & Evergreen Ave",41.906724,-87.63483,"Wells St & Concord Ln",41.912133,-87.634656,7108,6302,806
"Lake Shore Dr & Monroe St",41.880958,-87.616743,"Lake Shore Dr & Ohio St",41.89257,-87.614492,7105,1748,5357
"Clinton St & Roosevelt Rd",41.8671177825,-87.6410879593,"Wabash Ave & Roosevelt Rd",41.867227,-87.625961,7084,5819,1265
"May St & Taylor St",41.8694821,-87.6554864,"Halsted St & Polk St",41.87184,-87.64664,7080,6749,331
"Michigan Ave & Jackson Blvd",41.87785,-87.62408,"Streeter Dr & Grand Ave",41.892278,-87.612043,7055,1147,5908
"Montrose Harbor",41.963982,-87.638181,"Lake Shore Dr & Belmont Ave",41.940775,-87.639192,7040,2685,4355
"Pine Grove Ave & Irving Park Rd",41.954383,-87.648043,"Pine Grove Ave & Waveland Ave",41.949275,-87.646303,7038,6687,351
"Stetson Ave & South Water St",41.886835,-87.62232,"Clinton St & Washington Blvd",41.88338,-87.64117,7026,6784,242
"Canal St & Adams St",41.879255,-87.639904,"Wabash Ave & Wacker Pl",41.886875,-87.62603,7000,6442,558
"McClurg Ct & Illinois St",41.89102,-87.6173,"State St & Kinzie St",41.88918,-87.6277,6982,5694,1288
"McClurg Ct & Illinois St",41.89102,-87.6173,"Millennium Park",41.8810317,-87.62408432,6975,1748,5227
"Mies van der Rohe Way & Chestnut St",41.8985866514,-87.6219152258,"Streeter Dr & Grand Ave",41.892278,-87.612043,6958,911,6047
"Franklin St & Jackson Blvd",41.8777079559,-87.6353211408,"Millennium Park",41.8810317,-87.62408432,6942,1340,5602
"Morgan St & Polk St",41.871737,-87.65103,"Halsted St & Maxwell St",41.864883,-87.647071,6934,6166,768
"Lake Shore Dr & Belmont Ave",41.940775,-87.639192,"Streeter Dr & Grand Ave",41.892278,-87.612043,6842,2408,4434
"Orleans St & Merchandise Mart Plaza",41.888243,-87.63639,"Kingsbury St & Erie St",41.8939139,-87.6417358,6837,6290,547
"Wells St & Huron St",41.8947953,-87.6343743,"Clinton St & Washington Blvd",41.88338,-87.64117,6835,6222,613
"University Ave & 57th St",41.791478,-87.599861,"Blackstone Ave & 59th St",41.787877,-87.590461,6826,5431,1395
"Bissell St & Armitage Ave",41.91844,-87.65222,"Clark St & Armitage Ave",41.918306,-87.636282,6823,5615,1208
"Wabash Ave & Adams St",41.8794723523,-87.6256886059,"Canal St & Madison St",41.882091,-87.639833,6804,6630,174
"Lake Shore Dr & Ohio St",41.89257,-87.614492,"Michigan Ave & Oak St",41.90096039,-87.62377664,6801,3084,3717
"Lake Shore Dr & Diversey Pkwy",41.932684,-87.63625,"Lake Shore Dr & North Blvd",41.911722,-87.626804,6797,2695,4102
"Michigan Ave & Lake St",41.886024,-87.624117,"Millennium Park",41.8810317,-87.62408432,6794,1545,5249
"Seeley Ave & Roscoe St",41.943403,-87.679618,"Lincoln Ave & Roscoe St",41.94334,-87.67097,6772,6525,247
"Theater on the Lake",41.926277,-87.630834,"Pine Grove Ave & Waveland Ave",41.949275,-87.646303,6766,3384,3382
"Millennium Park",41.8810317,-87.62408432,"Field Museum",41.865312,-87.617867,6758,621,6137
"Dearborn St & Erie St",41.893992,-87.629318,"Kingsbury St & Erie St",41.8939139,-87.6417358,6753,6153,600
"State St & Pearson St",41.897448,-87.628722,"Canal St & Adams St",41.879255,-87.639904,6752,6618,134
"Millennium Park",41.8810317,-87.62408432,"Canal St & Madison St",41.882091,-87.639833,6722,5083,1639
"Dearborn St & Erie St",41.893992,-87.629318,"Kingsbury St & Kinzie St",41.8891768326,-87.6385057718,6711,5973,738
"MLK Jr Dr & 29th St",41.842052,-87.617,"Calumet Ave & 33rd St",41.8349,-87.61793,6711,6390,321
"Wolcott Ave & Polk St",41.871262,-87.673688,"Hermitage Ave & Polk St",41.871514,-87.669886,6704,6500,204
"State St & 33rd St",41.834734,-87.625813,"Indiana Ave & 31st St",41.838842,-87.621857,6697,6493,204
"Kingsbury St & Erie St",41.8939139,-87.6417358,"Desplaines St & Kinzie St",41.888716036,-87.6444478533,6692,5959,733
"Columbus Dr & Randolph St",41.884728,-87.619521,"Daley Center Plaza",41.884241,-87.629634,6689,6284,405
"Millennium Park",41.8810317,-87.62408432,"Theater on the Lake",41.926277,-87.630834,6684,3783,2901
"Michigan Ave & 14th St",41.864059,-87.623727,"Millennium Park",41.8810317,-87.62408432,6684,4907,1777
"Clinton St & Washington Blvd",41.88338,-87.64117,"Dearborn St & Monroe St",41.881319815,-87.6295209193,6676,6377,299
"Clinton St & Lake St",41.885637,-87.641823,"Kingsbury St & Kinzie St",41.8891768326,-87.6385057718,6637,6182,455
"Michigan Ave & Oak St",41.90096039,-87.62377664,"Cannon Dr & Fullerton Ave",41.9267559875,-87.6344287848,6633,1441,5192
"Morgan St & Polk St",41.871737,-87.65103,"Racine Ave & Congress Pkwy",41.87464,-87.65703,6630,6301,329
"Kingsbury St & Erie St",41.8939139,-87.6417358,"Clinton St & Madison St",41.8827519657,-87.6411902905,6620,6048,572
"McClurg Ct & Illinois St",41.89102,-87.6173,"Theater on the Lake",41.926277,-87.630834,6611,2490,4121
"Streeter Dr & Illinois St",41.891071,-87.6122,"McClurg Ct & Illinois St",41.89102,-87.6173,6596,786,5810
"Stockton Dr & Wrightwood Ave",41.93132,-87.638742,"Theater on the Lake",41.926277,-87.630834,6595,3697,2898
"Damen Ave & Pierce Ave",41.9093960065,-87.6776919292,"Damen Ave & Charleston St",41.920082,-87.677855,6588,5657,931
"Federal St & Polk St",41.8720776329,-87.6295437729,"Dearborn St & Adams St",41.8793563587,-87.6297910363,6582,6214,368
"Green St & Madison St",41.881859328,-87.6492637396,"Canal St & Adams St",41.879255,-87.639904,6579,6076,503
"Larrabee St & Webster Ave",41.921822,-87.64414,"Clark St & Lincoln Ave",41.915689,-87.6346,6579,4697,1882
"Kimbark Ave & 53rd St",41.799568,-87.594747,"Woodlawn Ave & 55th St",41.795264,-87.596471,6576,5651,925
"Millennium Park",41.8810317,-87.62408432,"Lake Shore Dr & North Blvd",41.911722,-87.626804,6576,2210,4366
"State St & Pearson St",41.897448,-87.628722,"Clinton St & Washington Blvd",41.88338,-87.64117,6549,6390,159
"Ellis Ave & 55th St",41.7943006205,-87.6014497734,"Lake Park Ave & 56th St",41.793242,-87.587782,6544,5712,832
"Wabash Ave & Roosevelt Rd",41.867227,-87.625961,"Calumet Ave & 18th St",41.857611,-87.619407,6540,5876,664
"Kingsbury St & Erie St",41.8939139,-87.6417358,"Larrabee St & Kingsbury St",41.897764,-87.642884,6518,6028,490
"Kimbark Ave & 53rd St",41.799568,-87.594747,"Ellis Ave & 60th St",41.7850971464,-87.6010727606,6517,4959,1558
"Rush St & Hubbard St",41.890173,-87.626185,"Canal St & Adams St",41.879255,-87.639904,6475,6163,312
"Wabash Ave & Roosevelt Rd",41.867227,-87.625961,"Shedd Aquarium",41.8672259568,-87.6153553902,6472,3644,2828
"Clinton St & Lake St",41.885637,-87.641823,"Clinton St & Madison St",41.8827519657,-87.6411902905,6466,6244,222
"Columbus Dr & Randolph St",41.884728,-87.619521,"Wacker Dr & Washington St Corral",41.88316,-87.63736,6461,6285,176
"DuSable Lake Shore Dr & Monroe St",41.880958,-87.616743,"Dusable Harbor",41.886976,-87.612813,6445,1251,5194
"Ellis Ave & 53rd St",41.7993362626,-87.6009581145,"Kimbark Ave & 53rd St",41.799568,-87.594747,6443,5751,692
"Loomis St & Taylor St",41.869417,-87.660996,"May St & Taylor St",41.8694821,-87.6554864,6442,6044,398
"Millennium Park",41.8810317,-87.62408432,"Michigan Ave & Pearson St",41.89766,-87.62351,6430,983,5447
"Clinton St & Washington Blvd",41.88338,-87.64117,"Canal St & Adams St",41.879255,-87.639904,6418,5988,430
"Adler Planetarium",41.866095,-87.607267,"Wabash Ave & Roosevelt Rd",41.867227,-87.625961,6407,3632,2775
"Adler Planetarium",41.866095,-87.607267,"Michigan Ave & Jackson Blvd",41.87785,-87.62408,6386,1095,5291
"Canal St & Madison St",41.882091,-87.639833,"Kingsbury St & Kinzie St",41.8891768326,-87.6385057718,6354,6110,244
"Canal St & Adams St",41.879255,-87.639904,"Peoria St & Jackson Blvd",41.877749,-87.649633,6338,6110,228
"Franklin St & Jackson Blvd",41.8777079559,-87.6353211408,"Peoria St & Jackson Blvd",41.877749,-87.649633,6335,6010,325
"Cannon Dr & Fullerton Ave",41.9267559875,-87.6344287848,"Streeter Dr & Grand Ave",41.892278,-87.612043,6326,914,5412
"Streeter Dr & Grand Ave",41.892278,-87.612043,"St. Clair St & Erie St",41.8943451374,-87.6227983832,6326,877,5449
"Fairbanks Ct & Grand Ave",41.89186,-87.62062,"Wabash Ave & Grand Ave",41.891738,-87.626937,6287,5034,1253
"Canal St & Adams St",41.879255,-87.639904,"Fairbanks Ct & Grand Ave",41.89186,-87.62062,6278,5941,337
"Blue Island Ave & 18th St",41.857556,-87.661535,"Paulina St & 18th St",41.857901,-87.668745,6274,5867,407
"Clark St & Elmdale Ave",41.9908604481,-87.66972363,"Broadway & Thorndale Ave",41.9897425114,-87.6601406209,6258,5270,988
"Michigan Ave & Washington St",41.8838927658,-87.6246491409,"Streeter Dr & Grand Ave",41.892278,-87.612043,6257,677,5580
"Indiana Ave & Roosevelt Rd",41.867888,-87.623041,"Michigan Ave & 8th St",41.872773,-87.623981,6244,4050,2194
"Franklin St & Jackson Blvd",41.8777079559,-87.6353211408,"Canal St & Madison St",41.882091,-87.639833,6233,5890,343
"Clinton St & Washington Blvd",41.88338,-87.64117,"Ada St & Washington Blvd",41.88283,-87.661206,6231,5991,240
"Clinton St & Washington Blvd",41.88338,-87.64117,"McClurg Ct & Erie St",41.894503,-87.617854,6230,6058,172
"Orleans St & Merchandise Mart Plaza",41.888243,-87.63639,"Canal St & Madison St",41.882091,-87.639833,6229,5925,304
"Richmond St & Diversey Ave",41.9319019689,-87.7011951301,"Kedzie Ave & Milwaukee Ave",41.929567,-87.707857,6226,5763,463
"Columbus Dr & Randolph St",41.884728,-87.619521,"Indiana Ave & Roosevelt Rd",41.867888,-87.623041,6222,4811,1411
"Greenview Ave & Diversey Pkwy",41.932595,-87.665939,"Wilton Ave & Diversey Pkwy",41.932418,-87.652705,6211,5945,266
"Michigan Ave & Oak St",41.90096039,-87.62377664,"Stockton Dr & Wrightwood Ave",41.93132,-87.638742,6204,3291,2913
"Clark St & Armitage Ave",41.918306,-87.636282,"Clark St & Elm St",41.903233,-87.631253,6193,4356,1837
"Clark St & Lincoln Ave",41.915689,-87.6346,"Lake Shore Dr & North Blvd",41.911722,-87.626804,6184,2449,3735
"Clinton St & Washington Blvd",41.88338,-87.64117,"Peoria St & Jackson Blvd",41.877749,-87.649633,6156,6038,118
"Dearborn St & Monroe St",41.881319815,-87.6295209193,"Columbus Dr & Randolph St",41.884728,-87.619521,6140,5612,528
"Clark St & Bryn Mawr Ave",41.983593,-87.669154,"Broadway & Ridge Ave",41.9840446107,-87.6602738295,6113,5713,400
"State St & Randolph St",41.8847302006,-87.6277335692,"Canal St & Madison St",41.882091,-87.639833,6111,5698,413
"Southport Ave & Waveland Ave",41.94815,-87.66394,"Southport Ave & Irving Park Rd",41.954177,-87.664358,6110,5486,624
"Kingsbury St & Kinzie St",41.8891768326,-87.6385057718,"Milwaukee Ave & Grand Ave",41.891578,-87.648384,6107,5716,391
"Michigan Ave & Washington St",41.8838927658,-87.6246491409,"Canal St & Monroe St",41.8807,-87.63947,6106,5890,216
"Larrabee St & Webster Ave",41.921822,-87.64414,"Sheffield Ave & Webster Ave",41.92154,-87.653818,6095,5149,946
"Dearborn St & Adams St",41.8793563587,-87.6297910363,"Canal St & Adams St",41.879255,-87.639904,6078,5422,656
"Lakeview Ave & Fullerton Pkwy",41.925858,-87.638973,"Streeter Dr & Grand Ave",41.892278,-87.612043,6075,1976,4099
"Sheffield Ave & Wellington Ave",41.9362534831,-87.6526620984,"Broadway & Barry Ave",41.937725,-87.644095,6056,5797,259
"Clinton St & Madison St",41.8827519657,-87.6411902905,"Morgan St & Lake St",41.8854833079,-87.6523048564,6048,5768,280
"Michigan Ave & Pearson St",41.89766,-87.62351,"Streeter Dr & Grand Ave",41.892278,-87.612043,6042,502,5540
"State St & Van Buren St",41.877181,-87.627844,"Canal St & Madison St",41.882091,-87.639833,6034,5720,314
"Damen Ave & Leland Ave",41.967094,-87.679028,"Ravenswood Ave & Lawrence Ave",41.96909,-87.674237,5989,5842,147
"Clark St & Elm St",41.903233,-87.631253,"Clark St & North Ave",41.911974,-87.631942,5987,4740,1247
"Canal St & Adams St",41.879255,-87.639904,"Clark St & Randolph St",41.884576228,-87.63188991,5980,5672,308
"Shedd Aquarium",41.8672259568,-87.6153553902,"Dusable Harbor",41.886976,-87.612813,5973,902,5071
"Halsted St & Polk St",41.87184,-87.64664,"Loomis St & Lexington St",41.8722287322,-87.661363855,5971,5512,459
"Larrabee St & Webster Ave",41.921822,-87.64414,"Wells St & Concord Ln",41.912133,-87.634656,5969,4369,1600
"Canal St & Adams St",41.879255,-87.639904,"Aberdeen St & Jackson Blvd",41.87772613,-87.65478743,5936,5461,475
"Larrabee St & Kingsbury St",41.897764,-87.642884,"Ogden Ave & Chicago Ave",41.896362458,-87.6540612729,5930,5423,507
"Sheffield Ave & Wellington Ave",41.9362534831,-87.6526620984,"Clark St & Wellington Ave",41.9364968219,-87.6475386582,5918,5558,360
"Cornell Ave & Hyde Park Blvd",41.802406,-87.586924,"Kimbark Ave & 53rd St",41.799568,-87.594747,5913,5334,579
"Lake Shore Dr & North Blvd",41.911722,-87.626804,"Cannon Dr & Fullerton Ave",41.9267559875,-87.6344287848,5892,1464,4428
"Larrabee St & Kingsbury St",41.897764,-87.642884,"Franklin St & Chicago Ave",41.89679,-87.63564,5891,5484,407
"Clark St & Lunt Ave",42.0090111806,-87.6741117239,"Glenwood Ave & Morse Ave",42.0079719229,-87.6655023944,5878,5483,395
"Millennium Park",41.8810317,-87.62408432,"Wabash Ave & Roosevelt Rd",41.867227,-87.625961,5877,3063,2814
"Canal St & Adams St",41.879255,-87.639904,"Stetson Ave & South Water St",41.886835,-87.62232,5862,5510,352
"Lake Shore Dr & Monroe St",41.880958,-87.616743,"Field Museum",41.865312,-87.617867,5853,727,5126
"California Ave & Milwaukee Ave",41.922695,-87.697153,"Spaulding Ave & Armitage Ave",41.9171080348,-87.7102209628,5835,5044,791
"Canal St & Madison St",41.882091,-87.639833,"LaSalle St & Washington St",41.882664,-87.63253,5832,5635,197
"Wells St & Concord Ln",41.912133,-87.634656,"Clark St & Lincoln Ave",41.915689,-87.6346,5797,4586,1211
"Clinton St & Washington Blvd",41.88338,-87.64117,"Daley Center Plaza",41.884241,-87.629634,5790,5434,356
"Adler Planetarium",41.866095,-87.607267,"Streeter Dr & Illinois St",41.891071,-87.6122,5781,514,5267
"Wilton Ave & Belmont Ave",41.94018,-87.65304,"Southport Ave & Roscoe St",41.943739,-87.66402,5764,5184,580
"Loomis St & Lexington St",41.872187,-87.661501,"Hermitage Ave & Polk St",41.871514,-87.669886,5762,5682,80
"Buckingham Fountain",41.876368,-87.6205586,"Streeter Dr & Grand Ave",41.892278,-87.612043,5743,377,5366
"Lake Shore Dr & North Blvd",41.911722,-87.626804,"Lakeview Ave & Fullerton Pkwy",41.925858,-87.638973,5733,2391,3342
"Canal St & Madison St",41.882091,-87.639833,"Cityfront Plaza Dr & Pioneer Ct",41.890573,-87.622072,5716,5491,225
"Franklin St & Monroe St",41.880317,-87.635185,"Michigan Ave & Washington St",41.8838927658,-87.6246491409,5714,5125,589
"Sheridan Rd & Irving Park Rd",41.954245,-87.654406,"Southport Ave & Clark St",41.957081,-87.664199,5712,5309,403
"Cannon Dr & Fullerton Ave",41.9267559875,-87.6344287848,"Theater on the Lake",41.926277,-87.630834,5706,1430,4276
"Blackstone Ave & Hyde Park Blvd",41.802562,-87.590368,"University Ave & 57th St",41.791478,-87.599861,5697,4891,806
"Wabash Ave & Wacker Pl",41.886875,-87.62603,"Streeter Dr & Grand Ave",41.892278,-87.612043,5692,639,5053
"Field Blvd & South Water St",41.8863490627,-87.6175165471,"Streeter Dr & Grand Ave",41.892278,-87.612043,5674,2418,3256
"Dearborn St & Adams St",41.8793563587,-87.6297910363,"Wabash Ave & Roosevelt Rd",41.867227,-87.625961,5654,5127,527
"Sheffield Ave & Fullerton Ave",41.9256018819,-87.6537080423,"Lincoln Ave & Diversey Pkwy",41.932225,-87.658617,5653,5083,570
"Dearborn St & Monroe St",41.881319815,-87.6295209193,"Wabash Ave & Roosevelt Rd",41.867227,-87.625961,5650,5085,565
"Theater on the Lake",41.926277,-87.630834,"Broadway & Barry Ave",41.937725,-87.644095,5641,2847,2794
"Aberdeen St & Jackson Blvd",41.87772613,-87.65478743,"Clinton St & Madison St",41.8827519657,-87.6411902905,5637,5300,337
"Morgan St & 18th St",41.858086,-87.651073,"Morgan St & Polk St",41.871737,-87.65103,5616,5151,465
"Ashland Ave & Division St",41.90345,-87.667747,"Damen Ave & Pierce Ave",41.9093960065,-87.6776919292,5607,4490,1117
"Theater on the Lake",41.926277,-87.630834,"Lake Shore Dr & Diversey Pkwy",41.932684,-87.63625,5598,2751,2847
"Stockton Dr & Wrightwood Ave",41.93132,-87.638742,"Lake Shore Dr & North Blvd",41.911722,-87.626804,5568,2664,2904
"Lake Shore Dr & North Blvd",41.911722,-87.626804,"Clark St & Elm St",41.903233,-87.631253,5549,3374,2175
"McClurg Ct & Illinois St",41.89102,-87.6173,"Michigan Ave & Oak St",41.90096039,-87.62377664,5547,1649,3898
"Broadway & Waveland Ave",41.949074,-87.648636,"Sheridan Rd & Montrose Ave",41.96167,-87.65464,5546,4767,779
"Ravenswood Ave & Lawrence Ave",41.96909,-87.674237,"Clark St & Berwyn Ave",41.9780306225,-87.6685649157,5545,5235,310
"Clark St & Elm St",41.903233,-87.631253,"Clark St & Lincoln Ave",41.915689,-87.6346,5543,3938,1605
"Clark St & Elm St",41.903233,-87.631253,"LaSalle St & Illinois St",41.890762,-87.631697,5537,4547,990
"Marshfield Ave & Cortland St",41.916017,-87.668879,"Damen Ave & Cortland St",41.916027,-87.677411,5533,4890,643
"Indiana Ave & Roosevelt Rd",41.867888,-87.623041,"Michigan Ave & Washington St",41.8838927658,-87.6246491409,5513,3805,1708
"Ravenswood Ave & Berteau Ave",41.957921,-87.673567,"Ravenswood Ave & Lawrence Ave",41.96909,-87.674237,5508,5245,263
"Michigan Ave & Oak St",41.90096039,-87.62377664,"Shedd Aquarium",41.8672259568,-87.6153553902,5493,829,4664
"Ravenswood Ave & Lawrence Ave",41.96909,-87.674237,"Western Ave & Leland Ave",41.966555,-87.688487,5483,5216,267
"Dearborn Pkwy & Delaware Pl",41.898969,-87.629912,"Canal St & Adams St",41.879255,-87.639904,5481,5130,351
"Clinton St & Washington Blvd",41.88338,-87.64117,"Wolcott Ave & Polk St",41.871262,-87.673688,5480,5447,33
"Orleans St & Merchandise Mart Plaza",41.888243,-87.63639,"Larrabee St & Kingsbury St",41.897764,-87.642884,5475,5125,350
"Clinton St & Madison St",41.8827519657,-87.6411902905,"Daley Center Plaza",41.884241,-87.629634,5466,5117,349
"Canal St & Madison St",41.882091,-87.639833,"Daley Center Plaza",41.884241,-87.629634,5463,5215,248
"Clinton St & Washington Blvd",41.88338,-87.64117,"Clark St & Lake St",41.8860208277,-87.6308760584,5459,5081,378
"Wabash Ave & Grand Ave",41.891738,-87.626937,"McClurg Ct & Illinois St",41.89102,-87.6173,5445,3906,1539
"Canal St & Adams St",41.879255,-87.639904,"Cityfront Plaza Dr & Pioneer Ct",41.890573,-87.622072,5441,5055,386
"Wells St & Concord Ln",41.912133,-87.634656,"Sedgwick St & Webster Ave",41.922167,-87.638888,5440,4363,1077
"Clinton St & Madison St",41.8827519657,-87.6411902905,"LaSalle St & Jackson Blvd",41.878166,-87.631929,5433,5286,147
"Streeter Dr & Grand Ave",41.892278,-87.612043,"Lake Shore Dr & Wellington Ave",41.936669,-87.636794,5432,2496,2936
"Sedgwick St & North Ave",41.910983,-87.638525,"Larrabee St & Menomonee St",41.91468,-87.64332,5427,5245,182
"Marshfield Ave & Cortland St",41.916017,-87.668879,"Damen Ave & Pierce Ave",41.9093960065,-87.6776919292,5426,4647,779
"Larrabee St & Oak St",41.9002194932,-87.6429854676,"Clark St & Elm St",41.903233,-87.631253,5423,5001,422
"Clinton St & Washington Blvd",41.88338,-87.64117,"Michigan Ave & Washington St",41.8839840647,-87.6246839762,5417,4991,426
"Clinton St & Madison St",41.8827519657,-87.6411902905,"Larrabee St & Kingsbury St",41.897764,-87.642884,5383,5007,376
"Ellis Ave & 55th St",41.7943006205,-87.6014497734,"Cornell Ave & Hyde Park Blvd",41.802406,-87.586924,5375,4705,670
"Michigan Ave & Oak St",41.90096039,-87.62377664,"Clark St & North Ave",41.911974,-87.631942,5374,2023,3351
"Shore Dr & 55th St",41.795212,-87.580715,"Ellis Ave & 55th St",41.7943006205,-87.6014497734,5369,4211,1158
"Desplaines St & Kinzie St",41.888716036,-87.6444478533,"State St & Kinzie St",41.88918,-87.6277,5347,4855,492
"Lakeview Ave & Fullerton Pkwy",41.925858,-87.638973,"Clark St & Lincoln Ave",41.915689,-87.6346,5347,3743,1604
"Lake Shore Dr & Monroe St",41.880958,-87.616743,"Michigan Ave & Jackson Blvd",41.87785,-87.62408,5341,881,4460
"Pine Grove Ave & Irving Park Rd",41.954383,-87.648043,"Sheridan Rd & Montrose Ave",41.96167,-87.65464,5333,4796,537
"Orleans St & Merchandise Mart Plaza",41.888243,-87.63639,"Clinton St & Madison St",41.8827519657,-87.6411902905,5330,4995,335
"Lake Shore Dr & Ohio St",41.89257,-87.614492,"Streeter Dr & Grand Ave",41.892278,-87.612043,5329,678,4651
"Clark St & Armitage Ave",41.918306,-87.636282,"Clark St & Lincoln Ave",41.915689,-87.6346,5324,3550,1774
"Ravenswood Ave & Lawrence Ave",41.96909,-87.674237,"Damen Ave & Foster Ave",41.9758109756,-87.6795098986,5320,5036,284
"Michigan Ave & Washington St",41.8838927658,-87.6246491409,"Franklin St & Jackson Blvd",41.8777079559,-87.6353211408,5319,3984,1335
"Franklin St & Jackson Blvd",41.8777079559,-87.6353211408,"Wabash Ave & Roosevelt Rd",41.867227,-87.625961,5306,4578,728
"Clark St & Elm St",41.903233,-87.631253,"Dearborn Pkwy & Delaware Pl",41.898969,-87.629912,5300,4482,818
"Kingsbury St & Kinzie St",41.8891768326,-87.6385057718,"Wells St & Elm St",41.903222,-87.634324,5299,4441,858
"California Ave & Milwaukee Ave",41.922695,-87.697153,"Kedzie Ave & Milwaukee Ave",41.929567,-87.707857,5296,3922,1374
"Larrabee St & Kingsbury St",41.897764,-87.642884,"Clark St & Elm St",41.903233,-87.631253,5282,4843,439
"McClurg Ct & Illinois St",41.89102,-87.6173,"Clinton St & Washington Blvd",41.88338,-87.64117,5278,4997,281
"Franklin St & Monroe St",41.880317,-87.635185,"Orleans St & Merchandise Mart Plaza",41.888243,-87.63639,5266,4975,291
"Columbus Dr & Randolph St",41.884728,-87.619521,"Shedd Aquarium",41.8672259568,-87.6153553902,5263,1080,4183
"Halsted St & Polk St",41.87184,-87.64664,"Loomis St & Lexington St",41.872187,-87.661501,5253,5170,83
"Wilton Ave & Belmont Ave",41.94018,-87.65304,"Lincoln Ave & Belmont Ave",41.939365,-87.668385,5247,4869,378
"State St & Harrison St",41.874053,-87.627716,"Franklin St & Jackson Blvd",41.8777079559,-87.6353211408,5235,4407,828
"Desplaines St & Kinzie St",41.888716036,-87.6444478533,"Canal St & Adams St",41.879255,-87.639904,5233,4770,463
"Wabash Ave & Grand Ave",41.891738,-87.626937,"Streeter Dr & Illinois St",41.891071,-87.6122,5233,1036,4197
"Leavitt St & Lawrence Ave",41.968885,-87.684001,"Ravenswood Ave & Lawrence Ave",41.96909,-87.674237,5222,5067,155
"Green St & Madison St",41.881859328,-87.6492637396,"Kingsbury St & Kinzie St",41.8891768326,-87.6385057718,5207,4453,754
"Stockton Dr & Wrightwood Ave",41.93132,-87.638742,"Clark St & Lincoln Ave",41.915689,-87.6346,5203,3670,1533
"LaSalle St & Washington St",41.882664,-87.63253,"Clinton St & Washington Blvd",41.88338,-87.64117,5198,5077,121
"Broadway & Waveland Ave",41.949074,-87.648636,"Clarendon Ave & Junior Ter",41.961004,-87.649603,5197,4482,715
"Sheridan Rd & Loyola Ave",42.0010437798,-87.6611982433,"Clark St & Columbia Ave",42.0044506293,-87.6724024047,5188,4827,361
"Aberdeen St & Jackson Blvd",41.87772613,-87.65478743,"Peoria St & Jackson Blvd",41.877749,-87.649633,5179,4837,342
"Buckingham Fountain",41.876368,-87.6205586,"Millennium Park",41.8810317,-87.62408432,5176,925,4251
"Fairbanks Ct & Grand Ave",41.89186,-87.62062,"Millennium Park",41.8810317,-87.62408432,5176,1901,3275
"Canal St & Adams St",41.879255,-87.639904,"Michigan Ave & Washington St",41.8839840647,-87.6246839762,5172,4606,566
"Clark St & Leland Ave",41.967096,-87.667429,"Ravenswood Ave & Lawrence Ave",41.96909,-87.674237,5171,5043,128
"Wilton Ave & Belmont Ave",41.94018,-87.65304,"Racine Ave & Belmont Ave",41.939743,-87.658865,5165,4836,329
"Streeter Dr & Grand Ave",41.892278,-87.612043,"Clark St & North Ave",41.911974,-87.631942,5160,1303,3857
"Lakefront Trail & Bryn Mawr Ave",41.9840441152,-87.6522812247,"Lake Shore Dr & Belmont Ave",41.940775,-87.639192,5156,2791,2365
"Canal St & Adams St",41.879255,-87.639904,"Clinton St & Madison St",41.8827519657,-87.6411902905,5152,4648,504
"Ellis Ave & 53rd St",41.7993362626,-87.6009581145,"Ellis Ave & 58th St",41.788746,-87.601334,5149,4651,498
"LaSalle St & Illinois St",41.890749,-87.63206,"Clinton St & Washington Blvd",41.88338,-87.64117,5147,4947,200
"Sheffield Ave & Fullerton Ave",41.9256018819,-87.6537080423,"Wilton Ave & Diversey Pkwy",41.932418,-87.652705,5139,4518,621
"Lake Park Ave & 56th St",41.793242,-87.587782,"Shore Dr & 55th St",41.795212,-87.580715,5136,4601,535
"Columbus Dr & Randolph St",41.884728,-87.619521,"Canal St & Monroe St",41.8807,-87.63947,5135,4931,204
"Shields Ave & 31st St",41.838464,-87.635406,"Wentworth Ave & 33rd St",41.8345298856,-87.6318229814,5134,4778,356
"Franklin St & Lake St",41.885837,-87.6355,"Kingsbury St & Erie St",41.8939139,-87.6417358,5128,4869,259
"Streeter Dr & Grand Ave",41.892278,-87.612043,"Cityfront Plaza Dr & Pioneer Ct",41.890573,-87.622072,5127,960,4167
"Wilton Ave & Belmont Ave",41.94018,-87.65304,"Clark St & Wellington Ave",41.9364968219,-87.6475386582,5124,4769,355
"Canal St & Jackson Blvd",41.877988,-87.640769,"Peoria St & Jackson Blvd",41.877749,-87.649633,5124,4929,195
"Dodge Ave & Church St",42.048308,-87.698224,"Benson Ave & Church St",42.048214,-87.683485,5123,4091,1032
"Clark St & Armitage Ave",41.918306,-87.636282,"Clark St & Wrightwood Ave",41.929546,-87.643118,5118,3709,1409
"Clinton St & Madison St",41.8827519657,-87.6411902905,"Desplaines St & Jackson Blvd",41.8781189009,-87.6439476013,5114,4949,165
"Western Ave & Winnebago Ave",41.91552,-87.687022,"Albany Ave & Bloomingdale Ave",41.9140267127,-87.705126462,5109,4551,558
"Franklin St & Jackson Blvd",41.8777079559,-87.6353211408,"Orleans St & Merchandise Mart Plaza",41.888243,-87.63639,5099,4488,611
"Ravenswood Ave & Lawrence Ave",41.96909,-87.674237,"Clark St & Winnemac Ave",41.973385,-87.668365,5095,4893,202
"Sheffield Ave & Webster Ave",41.92154,-87.653818,"Sedgwick St & Webster Ave",41.922167,-87.638888,5073,4319,754
"Clinton St & Madison St",41.8827519657,-87.6411902905,"State St & Kinzie St",41.88918,-87.6277,5067,4648,419
"Montrose Harbor",41.963982,-87.638181,"Lake Shore Dr & Wellington Ave",41.936669,-87.636794,5067,2363,2704
"Wabash Ave & Roosevelt Rd",41.867227,-87.625961,"State St & Van Buren St",41.877181,-87.627844,5052,4150,902
"Franklin St & Jackson Blvd",41.8777079559,-87.6353211408,"Clinton St & Washington Blvd",41.88338,-87.64117,5047,4754,293
"Michigan Ave & Jackson Blvd",41.87785,-87.62408,"Franklin St & Monroe St",41.880317,-87.635185,5047,4758,289
"Clark St & Wrightwood Ave",41.929546,-87.643118,"Clark St & Lincoln Ave",41.915689,-87.6346,5017,3520,1497
"Clarendon Ave & Junior Ter",41.961004,-87.649603,"Theater on the Lake",41.926277,-87.630834,5003,2504,2499
"MLK Jr Dr & 29th St",41.842052,-87.617,"Rhodes Ave & 32nd St",41.836208,-87.613533,4993,4774,219
"Campbell Ave & North Ave",41.910535,-87.689556,"Damen Ave & Pierce Ave",41.9093960065,-87.6776919292,4990,4139,851
"Aberdeen St & Jackson Blvd",41.87772613,-87.65478743,"Franklin St & Jackson Blvd",41.8777079559,-87.6353211408,4989,4748,241
"Franklin St & Lake St",41.885837,-87.6355,"Canal St & Adams St",41.879255,-87.639904,4979,4666,313
"Broadway & Sheridan Rd",41.952833,-87.649993,"Sheridan Rd & Montrose Ave",41.96167,-87.65464,4979,4163,816
"Pine Grove Ave & Waveland Ave",41.949275,-87.646303,"Sheridan Rd & Irving Park Rd",41.954245,-87.654406,4974,4794,180
"Streeter Dr & Illinois St",41.891071,-87.6122,"Indiana Ave & Roosevelt Rd",41.867888,-87.623041,4963,1311,3652
"Michigan Ave & Washington St",41.8838927658,-87.6246491409,"Lake Shore Dr & Monroe St",41.880958,-87.616743,4959,584,4375
"Clark St & Wrightwood Ave",41.929546,-87.643118,"Theater on the Lake",41.926277,-87.630834,4956,2494,2462
"Dearborn St & Monroe St",41.881319815,-87.6295209193,"Dearborn Pkwy & Delaware Pl",41.898969,-87.629912,4951,4378,573
"May St & Taylor St",41.8694821,-87.6554864,"Wood St & Taylor St",41.869154,-87.671045,4937,4715,222
"Clark St & Schiller St",41.907993,-87.631501,"Dearborn St & Erie St",41.893992,-87.629318,4935,4279,656
"Wells St & Huron St",41.8947953,-87.6343743,"Wells St & Concord Ln",41.912133,-87.634656,4931,3790,1141
"Pine Grove Ave & Irving Park Rd",41.954383,-87.648043,"Halsted St & Roscoe St",41.94367,-87.64895,4924,4372,552
"Kingsbury St & Kinzie St",41.8891768326,-87.6385057718,"Dearborn Pkwy & Delaware Pl",41.898969,-87.629912,4919,4313,606
"Clinton St & Washington Blvd",41.88338,-87.64117,"Fairbanks Ct & Grand Ave",41.89186,-87.62062,4917,4656,261
"Streeter Dr & Grand Ave",41.892278,-87.612043,"Mies van der Rohe Way & Chicago Ave",41.89691,-87.621743,4910,1458,3452
"Halsted St & Roosevelt Rd",41.867324,-87.648625,"Morgan St & Polk St",41.871737,-87.65103,4908,4513,395
"Bissell St & Armitage Ave",41.91844,-87.65222,"Halsted St & Dickens Ave",41.919936,-87.64883,4907,4708,199
"Museum Campus",41.865212,-87.617759,"Adler Planetarium",41.866095,-87.607267,4906,621,4285
"Theater on the Lake",41.926277,-87.630834,"Sheffield Ave & Fullerton Ave",41.9256018819,-87.6537080423,4903,2086,2817
"St. Clair St & Erie St",41.8943451374,-87.6227983832,"Clark St & Elm St",41.903233,-87.631253,4899,4357,542
"Clinton St & Madison St",41.8827519657,-87.6411902905,"Michigan Ave & Lake St",41.886024,-87.624117,4894,4527,367
"Sedgwick St & Huron St",41.894666,-87.638437,"Clinton St & Madison St",41.8827519657,-87.6411902905,4874,4458,416
"Ellis Ave & 58th St",41.788746,-87.601334,"Harper Ave & 59th St",41.7879428129,-87.5883151702,4869,4281,588
"Columbus Dr & Randolph St",41.884728,-87.619521,"Lake Shore Dr & Monroe St",41.880958,-87.616743,4854,1393,3461
"Dearborn St & Erie St",41.893992,-87.629318,"Clinton St & Madison St",41.8827519657,-87.6411902905,4838,4515,323
"Damen Ave & Chicago Ave",41.895769,-87.67722,"Damen Ave & Division St",41.90331,-87.67695,4836,4332,504
"Clinton St & Washington Blvd",41.88338,-87.64117,"LaSalle St & Jackson Blvd",41.878166,-87.631929,4834,4739,95
"Wells St & Huron St",41.8947953,-87.6343743,"Wells St & Evergreen Ave",41.906724,-87.63483,4834,3395,1439
"Clinton St & Jackson Blvd",41.8783166118,-87.6409810781,"Clinton St & Lake St",41.885637,-87.641823,4830,4105,725
"Clark St & Lincoln Ave",41.915689,-87.6346,"Sedgwick St & North Ave",41.910983,-87.638525,4829,4186,643
"Clark St & Winnemac Ave",41.973385,-87.668365,"Broadway & Argyle St",41.972972,-87.659637,4822,4614,208
"Clinton St & Washington Blvd",41.88338,-87.64117,"Green St & Madison St",41.881859328,-87.6492637396,4811,4580,231
"Wells St & Walton St",41.89993001,-87.63443007,"Wells St & Concord Ln",41.912133,-87.634656,4808,3991,817
"Lake Shore Dr & Belmont Ave",41.940775,-87.639192,"Wilton Ave & Belmont Ave",41.94018,-87.65304,4803,3949,854
"McClurg Ct & Erie St",41.894503,-87.617854,"Mies van der Rohe Way & Chestnut St",41.8985866514,-87.6219152258,4801,3979,822
"Canal St & Adams St",41.879255,-87.639904,"Sedgwick St & Huron St",41.894666,-87.638437,4793,4549,244
"Theater on the Lake",41.926277,-87.630834,"Broadway & Belmont Ave",41.940106,-87.645451,4780,1818,2962
"LaSalle St & Washington St",41.882664,-87.63253,"Michigan Ave & Washington St",41.8838927658,-87.6246491409,4774,4376,398
"Michigan Ave & Jackson Blvd",41.87785,-87.62408,"Franklin St & Jackson Blvd",41.8777079559,-87.6353211408,4772,3197,1575
"Clinton St & Washington Blvd",41.88338,-87.64117,"Cityfront Plaza Dr & Pioneer Ct",41.890573,-87.622072,4751,4495,256
"Wells St & Huron St",41.8947953,-87.6343743,"Kingsbury St & Kinzie St",41.8891768326,-87.6385057718,4746,4058,688
"Shedd Aquarium",41.8672259568,-87.6153553902,"Streeter Dr & Illinois St",41.891071,-87.6122,4744,346,4398
"Stetson Ave & South Water St",41.886835,-87.62232,"Canal St & Madison St",41.882091,-87.639833,4743,4472,271
"Southport Ave & Belmont Ave",41.93949,-87.66378,"Southport Ave & Roscoe St",41.943739,-87.66402,4739,4451,288
"St. Clair St & Erie St",41.8943451374,-87.6227983832,"Kingsbury St & Erie St",41.8939139,-87.6417358,4738,4551,187
"Lake Shore Dr & Ohio St",41.89257,-87.614492,"Millennium Park",41.8810317,-87.62408432,4734,1758,2976
"Damen Ave & Division St",41.903266,-87.678435,"Ashland Ave & Division St",41.90345,-87.667747,4731,4323,408
"Kingsbury St & Erie St",41.8939139,-87.6417358,"Canal St & Madison St",41.882091,-87.639833,4729,4511,218
"Clinton St & Madison St",41.8827519657,-87.6411902905,"State St & Randolph St",41.8847302006,-87.6277335692,4726,4335,391
"Michigan Ave & Congress Pkwy",41.8760656,-87.62443336,"Millennium Park",41.8810317,-87.62408432,4714,756,3958
"Clarendon Ave & Gordon Ter",41.957879,-87.649519,"Sheridan Rd & Montrose Ave",41.96167,-87.65464,4694,4410,284
"Dearborn Pkwy & Delaware Pl",41.898969,-87.629912,"Dearborn St & Erie St",41.893992,-87.629318,4687,4129,558
"Clark St & Randolph St",41.884576228,-87.63188991,"Clinton St & Madison St",41.8827519657,-87.6411902905,4685,4428,257
"Michigan Ave & Lake St",41.886024,-87.624117,"Streeter Dr & Grand Ave",41.892278,-87.612043,4673,659,4014
"Broadway & Belmont Ave",41.940106,-87.645451,"Broadway & Waveland Ave",41.949074,-87.648636,4664,4142,522
"Clark St & Elm St",41.903233,-87.631253,"Ritchie Ct & Banks St",41.906866,-87.626217,4663,4187,476
"Canal St & Monroe St",41.8807,-87.63947,"Dearborn St & Monroe St",41.881319815,-87.6295209193,4662,4323,339
"Clark St & Elm St",41.903233,-87.631253,"Wells St & Evergreen Ave",41.906724,-87.63483,4650,3984,666
"Michigan Ave & Lake St",41.886024,-87.624117,"Indiana Ave & Roosevelt Rd",41.867888,-87.623041,4642,3015,1627
"Sedgwick St & Huron St",41.894666,-87.638437,"Dearborn St & Erie St",41.893992,-87.629318,4638,4249,389
"Wolcott Ave & Polk St",41.871262,-87.673688,"Clinton St & Madison St",41.8827519657,-87.6411902905,4634,4549,85
"Dearborn Pkwy & Delaware Pl",41.898969,-87.629912,"Daley Center Plaza",41.884241,-87.629634,4632,4153,479
"Milwaukee Ave & Wabansia Ave",41.912616,-87.681391,"California Ave & Milwaukee Ave",41.922695,-87.697153,4630,3430,1200
"Larrabee St & Division St",41.90348607,-87.6433534936,"Clark St & Elm St",41.903233,-87.631253,4628,3882,746
"Michigan Ave & Jackson Blvd",41.87785,-87.62408,"Michigan Ave & 14th St",41.864059,-87.623727,4627,3668,959
"Woodlawn Ave & 55th St",41.795264,-87.596471,"Ellis Ave & 58th St",41.788746,-87.601334,4618,3806,812
"Rush St & Hubbard St",41.890173,-87.626185,"Clinton St & Madison St",41.8827519657,-87.6411902905,4618,4309,309
"Wood St & Milwaukee Ave",41.907655,-87.672552,"Marshfield Ave & Cortland St",41.916017,-87.668879,4617,4188,429
"Clark St & Lincoln Ave",41.915689,-87.6346,"Sedgwick St & Webster Ave",41.922167,-87.638888,4611,3626,985
"Clinton St & Washington Blvd",41.88338,-87.64117,"Wabash Ave & Grand Ave",41.891466,-87.626761,4611,4261,350
"Damen Ave & Pierce Ave",41.9093960065,-87.6776919292,"Damen Ave & Thomas St (Augusta Blvd)",41.901315,-87.677409,4604,3621,983
"Woodlawn Ave & 55th St",41.795264,-87.596471,"Shore Dr & 55th St",41.795212,-87.580715,4598,2991,1607
"Bissell St & Armitage Ave",41.91844,-87.65222,"Larrabee St & Armitage Ave",41.918084,-87.643749,4598,4349,249
"Streeter Dr & Grand Ave",41.892278,-87.612043,"Stockton Dr & Wrightwood Ave",41.93132,-87.638742,4585,2099,2486
"Ellis Ave & 55th St",41.7943006205,-87.6014497734,"Woodlawn Ave & 55th St",41.795264,-87.596471,4584,4069,515
"Leavitt St & Armitage Ave",41.917805,-87.682437,"Marshfield Ave & Cortland St",41.916017,-87.668879,4574,4376,198
"MLK Jr Dr & 29th St",41.842052,-87.617,"Fort Dearborn Dr & 31st St",41.838556,-87.608218,4574,3504,1070
"McCormick Place",41.8513751729,-87.6188346489,"MLK Jr Dr & 29th St",41.842052,-87.617,4555,3783,772
"Theater on the Lake",41.926277,-87.630834,"Clark St & Armitage Ave",41.918306,-87.636282,4552,1756,2796
"Damen Ave & Cortland St",41.916027,-87.677411,"Damen Ave & Pierce Ave",41.9093960065,-87.6776919292,4550,3887,663
"Clinton St & Washington Blvd",41.88338,-87.64117,"Wells St & Elm St",41.903222,-87.634324,4546,4072,474
"Michigan Ave & Lake St",41.886024,-87.624117,"Franklin St & Lake St",41.885837,-87.6355,4546,4221,325
"Michigan Ave & Washington St",41.8838927658,-87.6246491409,"Millennium Park",41.8810317,-87.62408432,4546,726,3820
"Clinton St & Washington Blvd",41.88338,-87.64117,"Sangamon St & Washington Blvd",41.883004,-87.651148,4541,4436,105
"Michigan Ave & Jackson Blvd",41.87785,-87.62408,"Canal St & Adams St",41.879255,-87.639904,4539,3839,700
"Calumet Ave & 18th St",41.857611,-87.619407,"Lake Shore Dr & Monroe St",41.880958,-87.616743,4532,1946,2586
"Pine Grove Ave & Irving Park Rd",41.954383,-87.648043,"Montrose Harbor",41.963982,-87.638181,4524,2342,2182
"Sheridan Rd & Irving Park Rd",41.954245,-87.654406,"Broadway & Waveland Ave",41.949074,-87.648636,4523,4057,466
"Wells St & Huron St",41.8947953,-87.6343743,"Clark St & Elm St",41.903233,-87.631253,4516,3712,804
"Broadway & Cornelia Ave",41.945512,-87.64598,"Wilton Ave & Belmont Ave",41.94018,-87.65304,4500,4273,227
"Franklin St & Chicago Ave",41.89680204,-87.63563839,"Clinton St & Washington Blvd",41.88338,-87.64117,4495,4361,134
"California Ave & Milwaukee Ave",41.922695,-87.697153,"Damen Ave & Pierce Ave",41.9093960065,-87.6776919292,4494,2782,1712
"Michigan Ave & Oak St",41.90096039,-87.62377664,"Michigan Ave & Pearson St",41.89766,-87.62351,4485,818,3667
"Clinton St & Madison St",41.8827519657,-87.6411902905,"Morgan St & Polk St",41.871737,-87.65103,4482,4171,311
"Loomis St & Taylor St",41.869417,-87.660996,"Halsted St & Polk St",41.87184,-87.64664,4477,4165,312
"Canal St & Madison St",41.882091,-87.639833,"Desplaines St & Kinzie St",41.888716036,-87.6444478533,4471,4293,178
"Clark St & Winnemac Ave",41.9733476405,-87.6678554714,"Broadway & Argyle St",41.97423,-87.6597735,4469,3960,509
"St. Clair St & Erie St",41.8943451374,-87.6227983832,"Clinton St & Madison St",41.8827519657,-87.6411902905,4466,4190,276
"Cityfront Plaza Dr & Pioneer Ct",41.890573,-87.622072,"Millennium Park",41.8810317,-87.62408432,4465,1354,3111
"Shields Ave & 31st St",41.838464,-87.635406,"Emerald Ave & 31st St",41.838198,-87.645143,4464,4148,316
"Lincoln Ave & Roscoe St",41.94334,-87.67097,"Western Ave & Roscoe St",41.943034,-87.687288,4459,4359,100
"Ravenswood Ave & Irving Park Rd",41.95469,-87.67393,"Ashland Ave & Belle Plaine Ave",41.956061,-87.668869,4456,4379,77
"Lake Shore Dr & North Blvd",41.911722,-87.626804,"Fairbanks Ct & Grand Ave",41.89186,-87.62062,4449,1783,2666
"Clinton St & Jackson Blvd",41.8783166118,-87.6409810781,"Clinton St & Madison St",41.8827519657,-87.6411902905,4442,3974,468
"Shedd Aquarium",41.8672259568,-87.6153553902,"Michigan Ave & 8th St",41.872773,-87.623981,4442,706,3736
"LaSalle St & Illinois St",41.890749,-87.63206,"Clark St & Elm St",41.903233,-87.631253,4440,3924,516
"Dearborn Pkwy & Delaware Pl",41.898969,-87.629912,"Clark St & Schiller St",41.907993,-87.631501,4436,3637,799
"Streeter Dr & Grand Ave",41.892278,-87.612043,"Lake Shore Dr & Diversey Pkwy",41.932684,-87.63625,4429,1304,3125
"Michigan Ave & Jackson Blvd",41.87785,-87.62408,"Streeter Dr & Illinois St",41.891071,-87.6122,4429,618,3811
"Dearborn St & Monroe St",41.881319815,-87.6295209193,"McClurg Ct & Illinois St",41.89102,-87.6173,4420,3930,490
"May St & Fulton St",41.886773,-87.656001,"Clinton St & Washington Blvd",41.88338,-87.64117,4418,4334,84
"State St & Van Buren St",41.877181,-87.627844,"Clinton St & Madison St",41.8827519657,-87.6411902905,4418,4088,330
"Dearborn St & Erie St",41.893992,-87.629318,"Daley Center Plaza",41.884241,-87.629634,4414,3944,470
"Wells St & Elm St",41.903222,-87.634324,"Wells St & Hubbard St",41.889906,-87.634266,4413,3235,1178
"Clinton St & Lake St",41.885637,-87.641823,"Kingsbury St & Erie St",41.8939139,-87.6417358,4413,4100,313
"Morgan St & Polk St",41.871737,-87.65103,"Aberdeen St & Jackson Blvd",41.87772613,-87.65478743,4407,4024,383
"Kingsbury St & Kinzie St",41.8891768326,-87.6385057718,"Larrabee St & Oak St",41.9002194932,-87.6429854676,4406,4244,162
"Honore St & Division St",41.903119,-87.673935,"Ashland Ave & Division St",41.90345,-87.667747,4405,4011,394
"Canal St & Monroe St",41.8807,-87.63947,"LaSalle St & Jackson Blvd",41.87817,-87.631985,4399,4355,44
"Halsted St & Archer Ave",41.847203,-87.646795,"Emerald Ave & 28th St",41.84358,-87.645368,4396,4160,236
"Canal St & Adams St",41.879255,-87.639904,"Millennium Park",41.8810317,-87.62408432,4394,2481,1913
"Canal St & Monroe St",41.8807,-87.63947,"Kingsbury St & Kinzie St",41.8891768326,-87.6385057718,4394,4187,207
"McClurg Ct & Illinois St",41.89102,-87.6173,"LaSalle St & Illinois St",41.890749,-87.63206,4391,3171,1220
"May St & Taylor St",41.8694821,-87.6554864,"Loomis St & Lexington St",41.872187,-87.661501,4370,4192,178
"Morgan St & Polk St",41.871737,-87.65103,"Morgan Ave & 14th Pl",41.862378,-87.651062,4369,3878,491
"Ellis Ave & 60th St",41.7850971464,-87.6010727606,"Harper Ave & 59th St",41.7879428129,-87.5883151702,4369,3792,577
"Streeter Dr & Grand Ave",41.892278,-87.612043,"Montrose Harbor",41.963982,-87.638181,4365,742,3623
"Kingsbury St & Kinzie St",41.8891768326,-87.6385057718,"Rush St & Hubbard St",41.890173,-87.626185,4351,3897,454
"Clinton St & Madison St",41.8827519657,-87.6411902905,"Halsted St & Polk St",41.87184,-87.64664,4345,3702,643
"Dearborn St & Erie St",41.893992,-87.629318,"Larrabee St & Kingsbury St",41.897764,-87.642884,4345,4005,340
"Wabash Ave & Roosevelt Rd",41.867227,-87.625961,"State St & Harrison St",41.874053,-87.627716,4332,3597,735
"Streeter Dr & Illinois St",41.891071,-87.6122,"Columbus Dr & Randolph St",41.884728,-87.619521,4329,1107,3222
"Lakeview Ave & Fullerton Pkwy",41.925858,-87.638973,"Sheffield Ave & Fullerton Ave",41.9256018819,-87.6537080423,4327,3420,907
"Clinton St & Washington Blvd",41.88338,-87.64117,"Franklin St & Chicago Ave",41.89679,-87.63564,4322,4055,267
"Clinton St & Madison St",41.8827519657,-87.6411902905,"Milwaukee Ave & Grand Ave",41.891578,-87.648384,4320,3941,379
"Franklin St & Quincy St",41.878724,-87.634793,"Orleans St & Merchandise Mart Plaza",41.888243,-87.63639,4320,4121,199
"Stockton Dr & Wrightwood Ave",41.93132,-87.638742,"Lakeview Ave & Fullerton Pkwy",41.925858,-87.638973,4314,3363,951
"Michigan Ave & Lake St",41.886024,-87.624117,"Michigan Ave & Pearson St",41.89766,-87.62351,4309,1642,2667
"Woodlawn Ave & 55th St",41.795264,-87.596471,"Ellis Ave & 60th St",41.7850971464,-87.6010727606,4300,3072,1228
"Michigan Ave & Washington St",41.8838927658,-87.6246491409,"Clark St & Congress Pkwy",41.8759326655,-87.6305845355,4300,4115,185
"Wells St & Elm St",41.903222,-87.634324,"Dearborn St & Erie St",41.893992,-87.629318,4288,3461,827
"Shore Dr & 55th St",41.795212,-87.580715,"Lake Park Ave & 53rd St",41.7994942937,-87.5864498959,4286,3161,1125
"Rush St & Superior St",41.8957647456,-87.6259080327,"Canal St & Adams St",41.879255,-87.639904,4285,4014,271
"Kimbark Ave & 53rd St",41.799568,-87.594747,"Lake Park Ave & 53rd St",41.7994942937,-87.5864498959,4284,3755,529
"DuSable Lake Shore Dr & Monroe St",41.880958,-87.616743,"Adler Planetarium",41.866095,-87.607267,4282,742,3540
"Loomis St & Taylor St",41.869417,-87.660996,"Wood St & Taylor St",41.869154,-87.671045,4282,4194,88
"Morgan St & Polk St",41.871737,-87.65103,"Hermitage Ave & Polk St",41.871514,-87.669886,4279,4019,260
"Western Ave & Division St",41.902893,-87.687275,"Damen Ave & Pierce Ave",41.9093960065,-87.6776919292,4276,3427,849
"Dearborn St & Monroe St",41.881319815,-87.6295209193,"Franklin St & Monroe St",41.880317,-87.635185,4272,3818,454
"Wolcott Ave & Polk St",41.871262,-87.673688,"Loomis St & Lexington St",41.8722287322,-87.661363855,4272,3882,390
"Dearborn Pkwy & Delaware Pl",41.898969,-87.629912,"Franklin St & Monroe St",41.880317,-87.635185,4270,4005,265
"Kimbark Ave & 53rd St",41.7994549,-87.5947779,"University Ave & 57th St",41.791478,-87.599861,4265,3191,1074
"Clark St & Lincoln Ave",41.915689,-87.6346,"Bissell St & Armitage Ave",41.91844,-87.65222,4265,3342,923
"Clark St & Grace St",41.95078,-87.659172,"Sheridan Rd & Irving Park Rd",41.954245,-87.654406,4256,3511,745
"Bissell St & Armitage Ave",41.91844,-87.65222,"Sheffield Ave & Willow St",41.913688,-87.652855,4256,4076,180
"Canal St & Adams St",41.879255,-87.639904,"Canal St & Taylor St",41.870257,-87.639474,4253,3260,993
"Damen Ave & Augusta Blvd",41.899714,-87.677234,"Ashland Ave & Division St",41.90345,-87.667747,4248,4048,200
"Indiana Ave & Roosevelt Rd",41.867888,-87.623041,"Wabash Ave & Roosevelt Rd",41.867227,-87.625961,4246,1947,2299
"Clark St & Armitage Ave",41.918306,-87.636282,"Larrabee St & Webster Ave",41.921822,-87.64414,4245,3192,1053
"Museum Campus",41.865212,-87.617759,"Fort Dearborn Dr & 31st St",41.838556,-87.608218,4244,931,3313
"Wells St & Evergreen Ave",41.906724,-87.63483,"Clark St & Armitage Ave",41.918306,-87.636282,4244,3133,1111
"Bissell St & Armitage Ave",41.91844,-87.65222,"Sheffield Ave & Webster Ave",41.92154,-87.653818,4239,4020,219
"Kingsbury St & Kinzie St",41.8891768326,-87.6385057718,"Clinton St & Jackson Blvd",41.8783166118,-87.6409810781,4237,3634,603
"LaSalle St & Jackson Blvd",41.87817,-87.631985,"Dearborn St & Monroe St",41.881319815,-87.6295209193,4237,4096,141
"Clinton St & Madison St",41.8827519657,-87.6411902905,"Ada St & Washington Blvd",41.88283,-87.661206,4237,4011,226
"Central St Metra",42.063598,-87.69873,"Central St & Girard Ave",42.064313,-87.686152,4234,3815,419
"Clinton St & Washington Blvd",41.88338,-87.64117,"Michigan Ave & Pearson St",41.89766,-87.62351,4233,3820,413
"Sedgwick St & North Ave",41.910983,-87.638525,"Wells St & Concord Ln",41.912133,-87.634656,4232,3828,404
"Wolcott Ave & Polk St",41.871262,-87.673688,"Loomis St & Taylor St",41.869417,-87.660996,4232,4038,194
"Carpenter St & Huron St",41.894556,-87.653449,"Clinton St & Washington Blvd",41.88338,-87.64117,4225,3961,264
"Rockwell St & Eastwood Ave",41.9659001398,-87.6936384935,"Campbell Ave & Montrose Ave",41.961524,-87.691177,4221,4130,91
"Franklin St & Chicago Ave",41.89679,-87.63564,"Wells St & Elm St",41.903222,-87.634324,4214,3742,472
"California Ave & Francis Pl",41.91855,-87.69723,"California Ave & Milwaukee Ave",41.922695,-87.697153,4212,4022,190
"Field Museum",41.865312,-87.617867,"Adler Planetarium",41.866095,-87.607267,4212,715,3497
"Carpenter St & Huron St",41.894556,-87.653449,"Desplaines St & Kinzie St",41.888716036,-87.6444478533,4206,3654,552
"Southport Ave & Roscoe St",41.943739,-87.66402,"Southport Ave & Wellington Ave",41.935733,-87.663576,4205,3720,485
"Millennium Park",41.8810317,-87.62408432,"Wabash Ave & Wacker Pl",41.886875,-87.62603,4204,832,3372
"Clark St & Bryn Mawr Ave",41.983593,-87.669154,"Ravenswood Ave & Lawrence Ave",41.96909,-87.674237,4198,3917,281
"Lake Shore Dr & Monroe St",41.880958,-87.616743,"Dusable Harbor",41.886976,-87.612813,4198,784,3414
"Buckingham Fountain",41.876368,-87.6205586,"Shedd Aquarium",41.8672259568,-87.6153553902,4188,320,3868
"Streeter Dr & Illinois St",41.891071,-87.6122,"Michigan Ave & Washington St",41.8838927658,-87.6246491409,4186,401,3785
"Paulina Ave & North Ave",41.9098546522,-87.66993016,"Marshfield Ave & Cortland St",41.916017,-87.668879,4185,4008,177
"Clark St & Wellington Ave",41.9364968219,-87.6475386582,"Theater on the Lake",41.926277,-87.630834,4185,2390,1795
"Sheffield Ave & Wrightwood Ave",41.928712,-87.653833,"Clark St & Wrightwood Ave",41.929546,-87.643118,4182,3432,750
"Damen Ave & Pierce Ave",41.9093960065,-87.6776919292,"Leavitt St & North Ave",41.910153,-87.68229,4180,3844,336
"Canal St & Adams St",41.879255,-87.639904,"Clark St & Elm St",41.903233,-87.631253,4173,3856,317
"Shedd Aquarium",41.8672259568,-87.6153553902,"Fort Dearborn Dr & 31st St",41.838556,-87.608218,4165,1233,2932
"Lake Shore Dr & North Blvd",41.911722,-87.626804,"Columbus Dr & Randolph St",41.884728,-87.619521,4161,2047,2114
"Larrabee St & Webster Ave",41.921822,-87.64414,"Sheffield Ave & Fullerton Ave",41.9256018819,-87.6537080423,4158,3507,651
"Michigan Ave & Congress Pkwy",41.8760656,-87.62443336,"Indiana Ave & Roosevelt Rd",41.867888,-87.623041,4154,2703,1451
"Desplaines St & Randolph St",41.883703,-87.644238,"Canal St & Adams St",41.879255,-87.639904,4152,3905,247
"Benson Ave & Church St",42.048214,-87.683485,"Chicago Ave & Washington St",42.032562,-87.679101,4152,3087,1065
"Mies van der Rohe Way & Chestnut St",41.8985866514,-87.6219152258,"Clark St & Elm St",41.903233,-87.631253,4152,3594,558
"Clark St & Lake St",41.8860208277,-87.6308760584,"Dearborn Pkwy & Delaware Pl",41.898969,-87.629912,4146,3585,561
"Larrabee St & Kingsbury St",41.897764,-87.642884,"Canal St & Madison St",41.882091,-87.639833,4146,3950,196
"Sheffield Ave & Wrightwood Ave",41.928712,-87.653833,"Sheffield Ave & Webster Ave",41.92154,-87.653818,4142,3428,714
"Dearborn St & Erie St",41.893992,-87.629318,"Franklin St & Monroe St",41.880317,-87.635185,4141,3746,395
"Damen Ave & Melrose Ave",41.9406,-87.6785,"Lincoln Ave & Roscoe St",41.94334,-87.67097,4140,3973,167
"Franklin St & Lake St",41.885837,-87.6355,"Clinton St & Madison St",41.8827519657,-87.6411902905,4139,3885,254
"Ellis Ave & 55th St",41.7943006205,-87.6014497734,"Blackstone Ave & Hyde Park Blvd",41.802562,-87.590368,4136,3428,708
"Southport Ave & Waveland Ave",41.94815,-87.66394,"Ashland Ave & Grace St",41.950687,-87.6687,4132,3704,428
"Streeter Dr & Illinois St",41.891071,-87.6122,"Fairbanks Ct & Grand Ave",41.89186,-87.62062,4132,526,3606
"Michigan Ave & Oak St",41.90096039,-87.62377664,"Michigan Ave & Lake St",41.886024,-87.624117,4120,1532,2588
"St. Clair St & Erie St",41.8943451374,-87.6227983832,"Canal St & Madison St",41.882091,-87.639833,4120,3839,281
"Wabash Ave & 16th St",41.860384,-87.625813,"Federal St & Polk St",41.8720776329,-87.6295437729,4096,3604,492
"Orleans St & Merchandise Mart Plaza",41.888243,-87.63639,"Dearborn Pkwy & Delaware Pl",41.898969,-87.629912,4095,3602,493
"Canal St & Adams St",41.879255,-87.639904,"Wells St & Huron St",41.8947953,-87.6343743,4094,3784,310
"St. Clair St & Erie St",41.8943451374,-87.6227983832,"Millennium Park",41.8810317,-87.62408432,4089,1026,3063
"Damen Ave & Grand Ave",41.89122,-87.67686,"Damen Ave & Chicago Ave",41.895769,-87.67722,4086,3823,263
"Franklin St & Quincy St",41.878724,-87.634793,"Michigan Ave & Washington St",41.8838927658,-87.6246491409,4086,3545,541
"Marine Dr & Ainslie St",41.9716,-87.650154,"Clarendon Ave & Leland Ave",41.967968,-87.650001,4083,3652,431
"DuSable Lake Shore Dr & Monroe St",41.880958,-87.616743,"Michigan Ave & Oak St",41.90096039,-87.62377664,4077,840,3237
"Broadway & Cornelia Ave",41.945529,-87.646439,"Wilton Ave & Belmont Ave",41.94018,-87.65304,4074,3817,257
"Kingsbury St & Kinzie St",41.8891768326,-87.6385057718,"Carpenter St & Huron St",41.894556,-87.653449,4072,3591,481
"Peoria St & Jackson Blvd",41.877749,-87.649633,"Jefferson St & Monroe St",41.880422,-87.642746,4072,3934,138
"Canal St & Madison St",41.882091,-87.639833,"Clark St & Randolph St",41.884576228,-87.63188991,4069,3772,297
"Southport Ave & Waveland Ave",41.94815,-87.66394,"Sheffield Ave & Waveland Ave",41.949399,-87.654529,4068,3652,416
"Hampden Ct & Diversey Pkwy",41.93262,-87.642385,"Theater on the Lake",41.926277,-87.630834,4059,2163,1896
"Theater on the Lake",41.926277,-87.630834,"Clark St & Lincoln Ave",41.915689,-87.6346,4056,1493,2563
"Ellis Ave & 60th St",41.7850971464,-87.6010727606,"Blackstone Ave & 59th St",41.787877,-87.590461,4054,3257,797
"Woodlawn Ave & 55th St",41.795264,-87.596471,"Lake Park Ave & 56th St",41.793242,-87.587782,4054,3208,846
"Fairbanks Ct & Grand Ave",41.89186,-87.62062,"Lake Shore Dr & Monroe St",41.880958,-87.616743,4054,791,3263
"Canal St & Adams St",41.879255,-87.639904,"Michigan Ave & Madison St",41.882134,-87.625125,4053,3602,451
"Michigan Ave & Jackson Blvd",41.87785,-87.62408,"Museum Campus",41.865212,-87.617759,4041,442,3599
"Morgan St & Polk St",41.871737,-87.65103,"Halsted St & Polk St",41.87184,-87.64664,4020,3835,185
"900 W Harrison St",41.874754,-87.649807,"Halsted St & Maxwell St",41.864883,-87.647071,4020,3023,997
"Rush St & Cedar St",41.9023087012,-87.627690528,"Streeter Dr & Grand Ave",41.892278,-87.612043,4016,1361,2655
"Milwaukee Ave & Grand Ave",41.891578,-87.648384,"Desplaines St & Kinzie St",41.888716036,-87.6444478533,4010,3608,402
"Broadway & Granville Ave",41.9947796884,-87.6602845349,"Lakefront Trail & Bryn Mawr Ave",41.9840441152,-87.6522812247,4001,2598,1403
"Lincoln Ave & Diversey Pkwy",41.932225,-87.658617,"Wilton Ave & Diversey Pkwy",41.932418,-87.652705,3997,3772,225
"Damen Ave & Division St",41.903266,-87.678435,"Damen Ave & Pierce Ave",41.9093960065,-87.6776919292,3996,3469,527
"Columbus Dr & Randolph St",41.884728,-87.619521,"Theater on the Lake",41.926277,-87.630834,3993,2649,1344
"Franklin St & Chicago Ave",41.89680204,-87.63563839,"Larrabee St & Kingsbury St",41.897764,-87.642884,3988,3773,215
"Orleans St & Merchandise Mart Plaza",41.888243,-87.63639,"Wells St & Elm St",41.903222,-87.634324,3986,3310,676
"Sheffield Ave & Willow St",41.913688,-87.652855,"Sheffield Ave & Webster Ave",41.92154,-87.653818,3985,3563,422
"Fairbanks Ct & Grand Ave",41.89186,-87.62062,"Mies van der Rohe Way & Chestnut St",41.8985866514,-87.6219152258,3985,3115,870
"Lake Shore Dr & North Blvd",41.911722,-87.626804,"Wells St & Concord Ln",41.912133,-87.634656,3980,2370,1610
"Theater on the Lake",41.926277,-87.630834,"Mies van der Rohe Way & Chicago Ave",41.89691,-87.621743,3980,1864,2116
"Montrose Harbor",41.963982,-87.638181,"Sheridan Rd & Montrose Ave",41.96167,-87.65464,3978,2184,1794
"Clinton St & Washington Blvd",41.88338,-87.64117,"Clark St & Elm St",41.903233,-87.631253,3972,3650,322
"Lakeview Ave & Fullerton Pkwy",41.925858,-87.638973,"Wells St & Concord Ln",41.912133,-87.634656,3971,2798,1173
"Kingsbury St & Erie St",41.8939139,-87.6417358,"Dearborn St & Monroe St",41.881319815,-87.6295209193,3964,3685,279
"Wood St & Milwaukee Ave",41.907655,-87.672552,"Milwaukee Ave & Wabansia Ave",41.912616,-87.681391,3963,3455,508
"Marshfield Ave & Cortland St",41.916017,-87.668879,"Albany Ave & Bloomingdale Ave",41.9140267127,-87.705126462,3963,2269,1694
"Lake Shore Dr & North Blvd",41.911722,-87.626804,"Montrose Harbor",41.963982,-87.638181,3962,1346,2616
"Sheffield Ave & Waveland Ave",41.949399,-87.654529,"Sheridan Rd & Irving Park Rd",41.954245,-87.654406,3961,3110,851
"Dearborn St & Adams St",41.8793563587,-87.6297910363,"Indiana Ave & Roosevelt Rd",41.867888,-87.623041,3960,3268,692
"Theater on the Lake",41.926277,-87.630834,"Clarendon Ave & Leland Ave",41.967968,-87.650001,3955,2025,1930
"Millennium Park",41.8810317,-87.62408432,"McCormick Place",41.8513751729,-87.6188346489,3954,433,3521
"Wells St & Concord Ln",41.912133,-87.634656,"Clark St & Wrightwood Ave",41.929546,-87.643118,3952,2936,1016
"Canal St & Adams St",41.879255,-87.639904,"LaSalle St & Jackson Blvd",41.87817,-87.631985,3944,3747,197
"Lake Shore Dr & North Blvd",41.911722,-87.626804,"Sedgwick St & Webster Ave",41.922167,-87.638888,3942,1746,2196
"Michigan Ave & Oak St",41.90096039,-87.62377664,"Wells St & Concord Ln",41.912133,-87.634656,3940,2464,1476
"Clark St & Lincoln Ave",41.915689,-87.6346,"Wells St & Evergreen Ave",41.906724,-87.63483,3939,2847,1092
"Streeter Dr & Illinois St",41.891071,-87.6122,"Michigan Ave & Pearson St",41.89766,-87.62351,3938,216,3722
"Columbus Dr & Randolph St",41.884728,-87.619521,"Michigan Ave & Washington St",41.8838927658,-87.6246491409,3937,2460,1477
"Halsted St & Wrightwood Ave",41.929143,-87.649077,"Halsted St & Dickens Ave",41.919936,-87.64883,3934,3122,812
"900 W Harrison St",41.874754,-87.649807,"Morgan St & Polk St",41.871737,-87.65103,3931,3665,266
"Ravenswood Ave & Berteau Ave",41.957921,-87.673567,"Ravenswood Ave & Irving Park Rd",41.95469,-87.67393,3923,3837,86
"Desplaines St & Kinzie St",41.888716036,-87.6444478533,"Ogden Ave & Race Ave",41.891795,-87.658751,3918,3430,488
"Kingsbury St & Kinzie St",41.8891768326,-87.6385057718,"State St & Kinzie St",41.88918,-87.6277,3915,3653,262
"Ada St & Washington Blvd",41.88283,-87.661206,"Green St & Madison St",41.881859328,-87.6492637396,3914,3560,354
"Canal St & Adams St",41.879255,-87.639904,"LaSalle St & Washington St",41.882664,-87.63253,3913,3670,243
"Clarendon Ave & Gordon Ter",41.9578665242,-87.6495051384,"Sheridan Rd & Irving Park Rd",41.954245,-87.654406,3912,3272,640
"Clark St & Wellington Ave",41.9364968219,-87.6475386582,"Sheffield Ave & Wellington Ave",41.936253,-87.653566,3911,3730,181
"Aberdeen St & Jackson Blvd",41.87772613,-87.65478743,"Loomis St & Lexington St",41.872187,-87.661501,3908,3604,304
"Rush St & Superior St",41.8957647456,-87.6259080327,"Clinton St & Washington Blvd",41.88338,-87.64117,3907,3726,181
"Aberdeen St & Jackson Blvd",41.87772613,-87.65478743,"Green St & Madison St",41.881859328,-87.6492637396,3905,3355,550
"Ellis Ave & 55th St",41.7943006205,-87.6014497734,"Lake Park Ave & 53rd St",41.7994942937,-87.5864498959,3902,3201,701
"Ashland Ave & Division St",41.90345,-87.667747,"Paulina Ave & North Ave",41.9098546522,-87.66993016,3898,3574,324
"Clark St & Wellington Ave",41.9364968219,-87.6475386582,"Halsted St & Roscoe St",41.94367,-87.64895,3898,3387,511
"Kingsbury St & Kinzie St",41.8891768326,-87.6385057718,"Franklin St & Monroe St",41.880317,-87.635185,3896,3652,244
"Clark St & Wellington Ave",41.9364968219,-87.6475386582,"Clark St & Wrightwood Ave",41.929546,-87.643118,3895,3228,667
"Montrose Harbor",41.963982,-87.638181,"Clarendon Ave & Junior Ter",41.961004,-87.649603,3894,2298,1596
"Michigan Ave & Oak St",41.90096039,-87.62377664,"Mies van der Rohe Way & Chestnut St",41.8985866514,-87.6219152258,3893,1173,2720
"Shields Ave & 31st St",41.838464,-87.635406,"State St & 33rd St",41.834734,-87.625813,3892,3710,182
"LaSalle St & Illinois St",41.890749,-87.63206,"Dearborn Pkwy & Delaware Pl",41.898969,-87.629912,3887,3384,503
"Franklin St & Quincy St",41.878724,-87.634793,"Canal St & Madison St",41.882091,-87.639833,3886,3794,92
"Clinton St & Washington Blvd",41.88338,-87.64117,"Dearborn St & Adams St",41.8793563587,-87.6297910363,3883,3668,215
"Lake Shore Dr & North Blvd",41.911722,-87.626804,"Clark St & North Ave",41.911974,-87.631942,3878,1574,2304
"Lake Shore Dr & North Blvd",41.911722,-87.626804,"Broadway & Barry Ave",41.937725,-87.644095,3875,1816,2059
"Lake Shore Dr & North Blvd",41.911722,-87.626804,"Sedgwick St & North Ave",41.910983,-87.638525,3869,2564,1305
"Morgan St & Lake St",41.8854833079,-87.6523048564,"Canal St & Madison St",41.882091,-87.639833,3865,3716,149
"Clinton St & Washington Blvd",41.88338,-87.64117,"Franklin St & Monroe St",41.880317,-87.635185,3858,3724,134
"Wacker Dr & Washington St Corral",41.88316,-87.63736,"Michigan Ave & Lake St",41.886024,-87.624117,3856,3684,172
"Halsted St & Archer Ave",41.847203,-87.646795,"Morgan St & 31st St",41.8378,-87.65114,3855,3274,581
"Burling St & Diversey Pkwy",41.93314,-87.64776,"Wilton Ave & Diversey Pkwy",41.932418,-87.652705,3847,3692,155
"Clinton St & Washington Blvd",41.88338,-87.64117,"Wabash Ave & Grand Ave",41.891738,-87.626937,3846,3597,249
"Harper Ave & 59th St",41.7879428129,-87.5883151702,"University Ave & 57th St",41.791478,-87.599861,3843,3426,417
"DuSable Lake Shore Dr & North Blvd",41.911722,-87.626804,"Michigan Ave & Oak St",41.90096039,-87.62377664,3836,1218,2618
"Lake Shore Dr & Monroe St",41.880958,-87.616743,"Wabash Ave & Wacker Pl",41.886875,-87.62603,3836,418,3418
"Field Blvd & South Water St",41.8863490627,-87.6175165471,"Lake Shore Dr & North Blvd",41.911722,-87.626804,3836,2407,1429
"Larrabee St & Webster Ave",41.921822,-87.64414,"Bissell St & Armitage Ave",41.91844,-87.65222,3830,3403,427
"Stetson Ave & South Water St",41.886835,-87.62232,"State St & Randolph St",41.8847302006,-87.6277335692,3828,3382,446
"Columbus Dr & Randolph St",41.884728,-87.619521,"Franklin St & Monroe St",41.880317,-87.635185,3827,3535,292
"Clinton St & Washington Blvd",41.88338,-87.64117,"Wabash Ave & Adams St",41.8794723523,-87.6256886059,3826,3717,109
"Sangamon St & Washington Blvd",41.883004,-87.651148,"Clinton St & Madison St",41.8827519657,-87.6411902905,3826,3725,101
"Dearborn St & Erie St",41.893992,-87.629318,"McClurg Ct & Erie St",41.894503,-87.617854,3818,3377,441
"Ellis Ave & 60th St",41.7850971464,-87.6010727606,"Lake Park Ave & 56th St",41.793242,-87.587782,3818,3196,622
"Michigan Ave & Oak St",41.90096039,-87.62377664,"Clark St & Elm St",41.903233,-87.631253,3816,1973,1843
"Clark St & Elm St",41.903233,-87.631253,"Kingsbury St & Kinzie St",41.8891768326,-87.6385057718,3813,3186,627
"Theater on the Lake",41.926277,-87.630834,"Marine Dr & Ainslie St",41.9716,-87.650154,3809,2251,1558
"Pine Grove Ave & Irving Park Rd",41.954383,-87.648043,"Broadway & Cornelia Ave",41.945529,-87.646439,3804,3331,473
"Wacker Dr & Washington St Corral",41.88316,-87.63736,"Daley Center Plaza",41.884241,-87.629634,3803,3704,99
"McClurg Ct & Erie St",41.894503,-87.617854,"Streeter Dr & Grand Ave",41.892278,-87.612043,3802,1291,2511
"Michigan Ave & Lake St",41.886024,-87.624117,"Lake Shore Dr & Monroe St",41.880958,-87.616743,3798,538,3260
"Fairbanks Ct & Grand Ave",41.89186,-87.62062,"Mies van der Rohe Way & Chicago Ave",41.89691,-87.621743,3797,2864,933
"Franklin St & Monroe St",41.880317,-87.635185,"Kingsbury St & Erie St",41.8939139,-87.6417358,3788,3564,224
"Desplaines St & Jackson Blvd",41.8781189009,-87.6439476013,"Aberdeen St & Jackson Blvd",41.87772613,-87.65478743,3778,3292,486
"Stetson Ave & South Water St",41.886835,-87.62232,"Clark St & Lake St",41.8860208277,-87.6308760584,3778,3489,289
"Broadway & Barry Ave",41.937725,-87.644095,"Halsted St & Roscoe St",41.94367,-87.64895,3778,3351,427
"Broadway & Barry Ave",41.937725,-87.644095,"Clark St & Wrightwood Ave",41.929546,-87.643118,3775,3380,395
"Canal St & Adams St",41.879255,-87.639904,"Dearborn St & Adams St Corral",41.87939,-87.62988,3774,2288,1486
"Emerald Ave & 31st St",41.838198,-87.645143,"Halsted St & Archer Ave",41.847203,-87.646795,3772,3372,400
"Lake Shore Dr & Monroe St",41.880958,-87.616743,"Wabash Ave & Roosevelt Rd",41.867227,-87.625961,3772,1130,2642
"Desplaines St & Kinzie St",41.888716036,-87.6444478533,"Green St & Madison St",41.881859328,-87.6492637396,3771,3325,446
"Ravenswood Ave & Lawrence Ave",41.96909,-87.674237,"Clark St & Winnemac Ave",41.9733476405,-87.6678554714,3766,3436,330
"Wabash Ave & Roosevelt Rd",41.867227,-87.625961,"Franklin St & Monroe St",41.880317,-87.635185,3763,3556,207
"California Ave & Milwaukee Ave",41.922695,-87.697153,"Albany Ave & Bloomingdale Ave",41.9140267127,-87.705126462,3757,3290,467
"Dearborn St & Erie St",41.893992,-87.629318,"Orleans St & Merchandise Mart Plaza",41.888243,-87.63639,3755,3239,516
"Wells St & Concord Ln",41.912133,-87.634656,"Dearborn Pkwy & Delaware Pl",41.898969,-87.629912,3753,3000,753
"Clinton St & Washington Blvd",41.88338,-87.64117,"Wabash Ave & Wacker Pl",41.886875,-87.62603,3751,3370,381
"LaSalle St & Illinois St",41.890749,-87.63206,"Fairbanks Ct & Grand Ave",41.89186,-87.62062,3751,3035,716
"Clark St & Drummond Pl",41.931248,-87.644336,"Wilton Ave & Diversey Pkwy",41.932418,-87.652705,3749,3286,463
"Michigan Ave & Washington St",41.8838927658,-87.6246491409,"Michigan Ave & Oak St",41.90096039,-87.62377664,3749,1462,2287
"Leavitt St & North Ave",41.910153,-87.68229,"Marshfield Ave & Cortland St",41.916017,-87.668879,3740,3478,262
"Larrabee St & Kingsbury St",41.897764,-87.642884,"Clinton St & Lake St",41.885637,-87.641823,3738,3579,159
"Clinton St & Washington Blvd",41.88338,-87.64117,"Millennium Park",41.8810317,-87.62408432,3732,2831,901
"Broadway & Waveland Ave",41.949074,-87.648636,"Halsted St & Roscoe St",41.94367,-87.64895,3731,3273,458
"McClurg Ct & Erie St",41.894503,-87.617854,"Canal St & Adams St",41.879255,-87.639904,3729,3508,221
"Clinton St & Lake St",41.88583274,-87.64138231,"Canal St & Adams St",41.879255,-87.639904,3728,3644,84
"Michigan Ave & Oak St",41.90096039,-87.62377664,"Montrose Harbor",41.963982,-87.638181,3728,1044,2684
"Halsted St & Roscoe St",41.94367,-87.64895,"Theater on the Lake",41.926277,-87.630834,3727,1582,2145
"Field Blvd & South Water St",41.8863490627,-87.6175165471,"Theater on the Lake",41.926277,-87.630834,3721,2900,821
"Michigan Ave & Lake St",41.886024,-87.624117,"LaSalle St & Jackson Blvd",41.87817,-87.631985,3720,3412,308
"Shore Dr & 55th St",41.795212,-87.580715,"Ellis Ave & 58th St",41.788746,-87.601334,3719,3220,499
"Clinton St & Washington Blvd",41.88338,-87.64117,"Hermitage Ave & Polk St",41.871514,-87.669886,3716,3656,60
"Clark St & Congress Pkwy",41.8759326655,-87.6305845355,"Wabash Ave & Roosevelt Rd",41.867227,-87.625961,3710,3459,251
"Clark St & Armitage Ave",41.918306,-87.636282,"Stockton Dr & Wrightwood Ave",41.93132,-87.638742,3710,2445,1265
"Kingsbury St & Kinzie St",41.8891768326,-87.6385057718,"Morgan St & Lake St",41.8854833079,-87.6523048564,3707,3433,274
"LaSalle St & Illinois St",41.890762,-87.631697,"Dearborn Pkwy & Delaware Pl",41.898969,-87.629912,3707,2909,798
"Lake Shore Dr & Wellington Ave",41.936669,-87.636794,"Cannon Dr & Fullerton Ave",41.9267559875,-87.6344287848,3702,2037,1665
"Bissell St & Armitage Ave",41.91844,-87.65222,"Lake Shore Dr & North Blvd",41.911722,-87.626804,3701,2175,1526
"Benson Ave & Church St",42.048214,-87.683485,"Chicago Ave & Sheridan Rd",42.050491,-87.677821,3700,2741,959
"Millennium Park",41.8810317,-87.62408432,"DuSable Lake Shore Dr & Monroe St",41.880958,-87.616743,3698,901,2797
"Sheffield Ave & Waveland Ave",41.949399,-87.654529,"Broadway & Waveland Ave",41.949074,-87.648636,3684,3111,573
"Green St & Randolph St*",41.8836016573,-87.6486267149,"Canal St & Adams St",41.879255,-87.639904,3683,3326,357
"Dusable Harbor",41.886976,-87.612813,"Millennium Park",41.8810317,-87.62408432,3679,720,2959
"Ravenswood Ave & Lawrence Ave",41.96909,-87.674237,"Ravenswood Ave & Irving Park Rd",41.95469,-87.67393,3674,3283,391
"Theater on the Lake",41.926277,-87.630834,"Larrabee St & Webster Ave",41.921822,-87.64414,3674,1760,1914
"Daley Center Plaza",41.884241,-87.629634,"Kingsbury St & Kinzie St",41.8891768326,-87.6385057718,3672,3443,229
"Clinton St & Madison St",41.8827519657,-87.6411902905,"Hermitage Ave & Polk St",41.871514,-87.669886,3671,3586,85
"Sedgwick St & North Ave",41.910983,-87.638525,"Dayton St & North Ave",41.9105780349,-87.6494219288,3671,2958,713
"Rush St & Hubbard St",41.890173,-87.626185,"Canal St & Madison St",41.882091,-87.639833,3670,3504,166
"Orleans St & Merchandise Mart Plaza",41.888243,-87.63639,"Clark St & Elm St",41.903233,-87.631253,3669,3222,447
"Clark St & Congress Pkwy",41.8759326655,-87.6305845355,"Dearborn St & Erie St",41.893992,-87.629318,3667,3595,72
"Clark St & Elm St",41.903233,-87.631253,"Franklin St & Monroe St",41.880317,-87.635185,3665,3446,219
"Pine Grove Ave & Waveland Ave",41.949275,-87.646303,"Broadway & Barry Ave",41.937725,-87.644095,3662,3251,411
"Dearborn St & Erie St",41.893992,-87.629318,"Streeter Dr & Grand Ave",41.892278,-87.612043,3655,986,2669
"Columbus Dr & Randolph St",41.884728,-87.619521,"Michigan Ave & Madison St",41.882134,-87.625125,3654,3068,586
"Clark St & Armitage Ave",41.918306,-87.636282,"Lakeview Ave & Fullerton Pkwy",41.925858,-87.638973,3653,2523,1130
"Clarendon Ave & Gordon Ter",41.957879,-87.649519,"Theater on the Lake",41.926277,-87.630834,3652,2154,1498
"Pine Grove Ave & Waveland Ave",41.949275,-87.646303,"Lake Shore Dr & North Blvd",41.911722,-87.626804,3650,1913,1737
"Sheffield Ave & Fullerton Ave",41.9256018819,-87.6537080423,"Sheffield Ave & Webster Ave",41.92154,-87.653818,3641,3202,439
"Millennium Park",41.8810317,-87.62408432,"Clinton St & Madison St",41.8827519657,-87.6411902905,3640,2338,1302
"Broadway & Cornelia Ave",41.945529,-87.646439,"Broadway & Barry Ave",41.937725,-87.644095,3639,3424,215
"Dearborn St & Monroe St",41.881319815,-87.6295209193,"Kingsbury St & Kinzie St",41.8891768326,-87.6385057718,3638,3351,287
"Damen Ave & Leland Ave",41.967094,-87.679028,"Western Ave & Leland Ave",41.966555,-87.688487,3638,3349,289
"Field Museum",41.865312,-87.617867,"Indiana Ave & Roosevelt Rd",41.867888,-87.623041,3636,1354,2282
"Marshfield Ave & Cortland St",41.916017,-87.668879,"Lincoln Ave & Fullerton Ave",41.925905,-87.64926,3635,3512,123
"Dearborn St & Monroe St",41.881319815,-87.6295209193,"State St & Kinzie St",41.88918,-87.6277,3633,3112,521
"DuSable Lake Shore Dr & North Blvd",41.911722,-87.626804,"DuSable Lake Shore Dr & Monroe St",41.880958,-87.616743,3632,819,2813
"LaSalle St & Illinois St",41.890749,-87.63206,"Canal St & Adams St",41.879255,-87.639904,3630,3267,363
"Pine Grove Ave & Irving Park Rd",41.954383,-87.648043,"Michigan Ave & Oak St",41.90096039,-87.62377664,3629,2250,1379
"Fort Dearborn Dr & 31st St",41.838556,-87.608218,"Shore Dr & 55th St",41.795212,-87.580715,3628,2084,1544
"Theater on the Lake",41.926277,-87.630834,"Wilton Ave & Belmont Ave",41.94018,-87.65304,3628,1471,2157
"Lakefront Trail & Bryn Mawr Ave",41.9840441152,-87.6522812247,"Broadway & Thorndale Ave",41.9897425114,-87.6601406209,3624,2478,1146
"Michigan Ave & Oak St",41.90096039,-87.62377664,"Broadway & Barry Ave",41.937725,-87.644095,3618,1997,1621
"Mies van der Rohe Way & Chicago Ave",41.89691,-87.621743,"Clark St & Elm St",41.903233,-87.631253,3618,3184,434
"Clinton St & Madison St",41.8827519657,-87.6411902905,"Clinton St & Lake St",41.88583274,-87.64138231,3615,3497,118
"Damen Ave & Pierce Ave",41.9093960065,-87.6776919292,"Western Ave & Walton St",41.8984176894,-87.6865960164,3615,2809,806
"Ravenswood Ave & Lawrence Ave",41.96909,-87.674237,"Paulina St & Montrose Ave",41.961507,-87.671387,3614,3495,119
"Damen Ave & Sunnyside Ave",41.96325,-87.679258,"Ravenswood Ave & Lawrence Ave",41.96909,-87.674237,3613,3433,180
"St. Clair St & Erie St",41.8943451374,-87.6227983832,"McClurg Ct & Erie St",41.894503,-87.617854,3610,3076,534
"Clinton St & Washington Blvd",41.88338,-87.64117,"Mies van der Rohe Way & Chicago Ave",41.89691,-87.621743,3605,3462,143
"Dearborn St & Monroe St",41.881319815,-87.6295209193,"Franklin St & Jackson Blvd",41.8777079559,-87.6353211408,3601,2863,738
"Wells St & Huron St",41.8947953,-87.6343743,"St. Clair St & Erie St",41.8943451374,-87.6227983832,3601,3249,352
"Clark St & North Ave",41.911974,-87.631942,"Dearborn Pkwy & Delaware Pl",41.898969,-87.629912,3599,2497,1102
"St. Clair St & Erie St",41.8943451374,-87.6227983832,"Michigan Ave & Lake St",41.886024,-87.624117,3599,2531,1068
"Halsted St & Polk St",41.87184,-87.64664,"Racine Ave & Congress Pkwy",41.87464,-87.65703,3598,3272,326
"Michigan Ave & Washington St",41.8838927658,-87.6246491409,"Franklin St & Lake St",41.885837,-87.6355,3598,3151,447
"Clark St & Lincoln Ave",41.915689,-87.6346,"Sheffield Ave & Webster Ave",41.92154,-87.653818,3588,2580,1008
"Sheffield Ave & Waveland Ave",41.949399,-87.654529,"Clark St & Grace St",41.95078,-87.659172,3588,3159,429
"Cityfront Plaza Dr & Pioneer Ct",41.890573,-87.622072,"Michigan Ave & Lake St",41.886024,-87.624117,3587,2683,904
"Canal St & Madison St",41.882091,-87.639833,"LaSalle St & Jackson Blvd",41.878166,-87.631929,3587,3538,49
"Southport Ave & Roscoe St",41.943739,-87.66402,"Halsted St & Roscoe St",41.94367,-87.64895,3585,2781,804
"Wabash Ave & 8th St",41.871962,-87.626106,"Wabash Ave & Roosevelt Rd",41.867227,-87.625961,3579,2928,651
"Sheridan Rd & Noyes St (NU)",42.058239,-87.677432,"University Library (NU)",42.052939,-87.673447,3579,2616,963
"Cornell Ave & Hyde Park Blvd",41.802406,-87.586924,"Ellis Ave & 58th St",41.788746,-87.601334,3578,3163,415
"Daley Center Plaza",41.884241,-87.629634,"St. Clair St & Erie St",41.8943451374,-87.6227983832,3578,3255,323
"Broadway & Barry Ave",41.937725,-87.644095,"Broadway & Waveland Ave",41.949074,-87.648636,3576,3246,330
"Lake Shore Dr & Monroe St",41.880958,-87.616743,"Michigan Ave & Congress Pkwy",41.8760656,-87.62443336,3573,302,3271
"Indiana Ave & Roosevelt Rd",41.867888,-87.623041,"Clark St & Congress Pkwy",41.8759326655,-87.6305845355,3565,3317,248
"Damen Ave & Wellington Ave",41.93588,-87.67842,"Ashland Ave & Wellington Ave",41.936083,-87.669807,3562,3178,384
"Clark St & Randolph St",41.884576228,-87.63188991,"Michigan Ave & Washington St",41.8838927658,-87.6246491409,3558,2759,799
"Pine Grove Ave & Waveland Ave",41.949275,-87.646303,"Sheffield Ave & Waveland Ave",41.949399,-87.654529,3557,3273,284
"Desplaines St & Kinzie St",41.888716036,-87.6444478533,"Orleans St & Merchandise Mart Plaza",41.888243,-87.63639,3555,3014,541
"Clinton St & Tilden St",41.875885,-87.640795,"Canal St & Adams St",41.879255,-87.639904,3551,3310,241
"Halsted St & Wrightwood Ave",41.929143,-87.649077,"Theater on the Lake",41.926277,-87.630834,3551,2013,1538
"Emerald Ave & 31st St",41.838198,-87.645143,"State St & 33rd St",41.834734,-87.625813,3549,3259,290
"Federal St & Polk St",41.8720776329,-87.6295437729,"Franklin St & Monroe St",41.880317,-87.635185,3546,3299,247
"Broadway & Waveland Ave",41.949074,-87.648636,"Clarendon Ave & Gordon Ter",41.957879,-87.649519,3544,3366,178
"Clybourn Ave & Division St",41.904613,-87.640552,"Sedgwick St & North Ave",41.910983,-87.638525,3542,3347,195
"Wilton Ave & Belmont Ave",41.94018,-87.65304,"Southport Ave & Wellington Ave",41.935733,-87.663576,3538,3215,323
"Mies van der Rohe Way & Chicago Ave",41.89691,-87.621743,"McClurg Ct & Illinois St",41.89102,-87.6173,3537,2424,1113
"Milwaukee Ave & Wabansia Ave",41.912616,-87.681391,"Albany Ave & Bloomingdale Ave",41.9140267127,-87.705126462,3536,2162,1374
"Canal St & Adams St",41.879255,-87.639904,"Aberdeen St & Monroe St",41.880419,-87.655519,3534,3290,244
"Clinton St & Washington Blvd",41.88338,-87.64117,"Aberdeen St & Jackson Blvd",41.87772613,-87.65478743,3532,3338,194
"McClurg Ct & Illinois St",41.89102,-87.6173,"Michigan Ave & Lake St",41.886024,-87.624117,3532,1775,1757
"Michigan Ave & Madison St",41.882134,-87.625125,"Clinton St & Madison St",41.8827519657,-87.6411902905,3526,2971,555
"Sedgwick St & North Ave",41.910983,-87.638525,"Larrabee St & Webster Ave",41.921822,-87.64414,3521,2790,731
"Shore Drive & 55th St",41.795212,-87.580715,"Fort Dearborn Dr & 31st St",41.838556,-87.608218,3517,1328,2189
"Shore Dr & 55th St",41.795212,-87.580715,"Cornell Ave & Hyde Park Blvd",41.802406,-87.586924,3517,2668,849
"Michigan Ave & Congress Pkwy",41.8760656,-87.62443336,"Streeter Dr & Illinois St",41.891071,-87.6122,3514,182,3332
"Racine Ave & 18th St",41.8581806068,-87.6564866473,"Paulina St & 18th St",41.857901,-87.668745,3513,3051,462
"Lake Shore Dr & North Blvd",41.911722,-87.626804,"Larrabee St & Webster Ave",41.921822,-87.64414,3513,1815,1698
"Ellis Ave & 60th St",41.7850971464,-87.6010727606,"Shore Dr & 55th St",41.795212,-87.580715,3511,2424,1087
"Kingsbury St & Kinzie St",41.8891768326,-87.6385057718,"Wabash Ave & Grand Ave",41.891466,-87.626761,3501,2937,564
"Michigan Ave & Oak St",41.90096039,-87.62377664,"Columbus Dr & Randolph St",41.884728,-87.619521,3500,1209,2291
"Theater on the Lake",41.926277,-87.630834,"Sedgwick St & Webster Ave",41.922167,-87.638888,3500,1821,1679
"Sheffield Ave & Willow St",41.913688,-87.652855,"Dayton St & North Ave",41.9105780349,-87.6494219288,3498,3255,243
"Streeter Dr & Grand Ave",41.892278,-87.612043,"Michigan Ave & Washington St",41.8839840647,-87.6246839762,3496,390,3106
"Southport Ave & Waveland Ave",41.94815,-87.66394,"Sheridan Rd & Irving Park Rd",41.954245,-87.654406,3495,2944,551
"Clybourn Ave & Division St",41.904613,-87.640552,"Clinton St & Washington Blvd",41.88338,-87.64117,3494,3435,59
"Kingsbury St & Kinzie St",41.8891768326,-87.6385057718,"Green St & Randolph St*",41.8836016573,-87.6486267149,3493,2877,616
"Canal St & Adams St",41.879255,-87.639904,"Mies van der Rohe Way & Chicago Ave",41.89691,-87.621743,3492,3329,163
"Fairbanks Ct & Grand Ave",41.89186,-87.62062,"Michigan Ave & Oak St",41.90096039,-87.62377664,3491,1317,2174
"Clark St & Schiller St",41.907993,-87.631501,"Wells St & Concord Ln",41.912133,-87.634656,3486,3013,473
"Columbus Dr & Randolph St",41.884728,-87.619521,"Michigan Ave & Lake St",41.886024,-87.624117,3486,2417,1069
"Prairie Ave & Garfield Blvd",41.794853,-87.618691,"University Ave & 57th St",41.791478,-87.599861,3485,3100,385
"Milwaukee Ave & Wabansia Ave",41.912616,-87.681391,"Marshfield Ave & Cortland St",41.916017,-87.668879,3484,2917,567
"Michigan Ave & 8th St",41.872773,-87.623981,"Michigan Ave & Jackson Blvd",41.87785,-87.62408,3481,1830,1651
"Streeter Dr & Grand Ave",41.892278,-87.612043,"State St & Kinzie St",41.88918,-87.6277,3479,743,2736
"Adler Planetarium",41.866095,-87.607267,"Dusable Harbor",41.886976,-87.612813,3477,815,2662
"Clinton St & Madison St",41.8827519657,-87.6411902905,"900 W Harrison St",41.874754,-87.649807,3477,2918,559
"Sheffield Ave & Webster Ave",41.92154,-87.653818,"Wilton Ave & Diversey Pkwy",41.932418,-87.652705,3473,3011,462
"Franklin St & Monroe St",41.880317,-87.635185,"Millennium Park",41.8810317,-87.62408432,3468,1669,1799
"Millennium Park",41.8810317,-87.62408432,"Mies van der Rohe Way & Chicago Ave",41.89691,-87.621743,3467,1036,2431
"Rush St & Superior St",41.8957647456,-87.6259080327,"McClurg Ct & Erie St",41.894503,-87.617854,3463,3125,338
"Millennium Park",41.8810317,-87.62408432,"Calumet Ave & 18th St",41.857611,-87.619407,3461,2349,1112
"Michigan Ave & Pearson St",41.89766,-87.62351,"Michigan Ave & Washington St",41.8838927658,-87.6246491409,3457,802,2655
"Indiana Ave & Roosevelt Rd",41.867888,-87.623041,"McCormick Place",41.8513751729,-87.6188346489,3456,772,2684
"Clinton St & Tilden St",41.875885,-87.640795,"Clinton St & Roosevelt Rd",41.8671177825,-87.6410879593,3453,2972,481
"Broadway & Sheridan Rd",41.952833,-87.649993,"Halsted St & Roscoe St",41.94367,-87.64895,3452,2976,476
"Dearborn St & Monroe St",41.881319815,-87.6295209193,"Dearborn St & Erie St",41.893992,-87.629318,3450,2901,549
"Franklin St & Monroe St",41.880317,-87.635185,"Dearborn St & Adams St",41.8793563587,-87.6297910363,3449,3314,135
"Clinton St & Washington Blvd",41.88338,-87.64117,"Franklin St & Lake St",41.885837,-87.6355,3449,3285,164
"Wabash Ave & 9th St",41.870769,-87.625734,"Wabash Ave & Roosevelt Rd",41.867227,-87.625961,3444,3039,405
"Dayton St & North Ave",41.9105780349,-87.6494219288,"Wells St & Concord Ln",41.912133,-87.634656,3441,2724,717
"Throop St & Taylor St",41.868968,-87.659141,"Halsted St & Polk St",41.87184,-87.64664,3441,3184,257
"Wilton Ave & Diversey Pkwy",41.932418,-87.652705,"Southport Ave & Wellington Ave",41.935733,-87.663576,3440,3197,243
"Clark St & Armitage Ave",41.918306,-87.636282,"Sheffield Ave & Webster Ave",41.92154,-87.653818,3437,2570,867
"Ravenswood Ave & Lawrence Ave",41.968445,-87.674226,"Clark St & Winnemac Ave",41.9733476405,-87.6678554714,3436,2956,480
"Clark St & Armitage Ave",41.918306,-87.636282,"Clifton Ave & Armitage Ave",41.918216,-87.656936,3436,2450,986
"Columbus Dr & Randolph St",41.884728,-87.619521,"LaSalle St & Washington St",41.882664,-87.63253,3434,3116,318
"McClurg Ct & Illinois St",41.89102,-87.6173,"Franklin St & Monroe St",41.880317,-87.635185,3432,3140,292
"Cityfront Plaza Dr & Pioneer Ct",41.890573,-87.622072,"Clark St & Lake St",41.8860208277,-87.6308760584,3427,3017,410
"Damen Ave & Thomas St (Augusta Blvd)",41.901315,-87.677409,"Ashland Ave & Division St",41.90345,-87.667747,3427,2910,517
"Canal St & Adams St",41.879255,-87.639904,"Morgan St & Polk St",41.871737,-87.65103,3426,3252,174
"Pine Grove Ave & Irving Park Rd",41.954383,-87.648043,"Sheffield Ave & Waveland Ave",41.949399,-87.654529,3426,2602,824
"Orleans St & Merchandise Mart Plaza",41.888243,-87.63639,"Wells St & Concord Ln",41.912133,-87.634656,3425,3067,358
"Buckingham Fountain",41.876368,-87.6205586,"Adler Planetarium",41.866095,-87.607267,3425,407,3018
"Clark St & Chicago Ave",41.896544,-87.630931,"Clark St & Elm St",41.903233,-87.631253,3425,3060,365
"Dearborn St & Monroe St",41.881319815,-87.6295209193,"Michigan Ave & 14th St",41.864059,-87.623727,3424,3199,225
"Blue Island Ave & 18th St",41.857556,-87.661535,"Morgan St & Polk St",41.871737,-87.65103,3421,3215,206
"Broadway & Thorndale Ave",41.9897425114,-87.6601406209,"Clark St & Berwyn Ave",41.9780306225,-87.6685649157,3419,2789,630
"Morgan Ave & 14th Pl",41.862378,-87.651062,"900 W Harrison St",41.874754,-87.649807,3419,3154,265
"Racine Ave & Congress Pkwy",41.87464,-87.65703,"May St & Taylor St",41.8694821,-87.6554864,3418,3160,258
"Sedgwick St & Webster Ave",41.922167,-87.638888,"Sheffield Ave & Fullerton Ave",41.9256018819,-87.6537080423,3418,2891,527
"Clinton St & Washington Blvd",41.88338,-87.64117,"Michigan Ave & Oak St",41.90096039,-87.62377664,3415,3088,327
"Kingsbury St & Kinzie St",41.8891768326,-87.6385057718,"Aberdeen St & Monroe St",41.880419,-87.655519,3413,3202,211
"Damen Ave & Chicago Ave",41.895769,-87.67722,"Ashland Ave & Chicago Ave",41.895966,-87.667747,3412,3162,250
"Logan Blvd & Elston Ave",41.930584,-87.685126,"Kedzie Ave & Milwaukee Ave",41.929567,-87.707857,3412,2945,467
"Indiana Ave & Roosevelt Rd",41.867888,-87.623041,"Franklin St & Jackson Blvd",41.8777079559,-87.6353211408,3411,2273,1138
"Southport Ave & Waveland Ave",41.94815,-87.66394,"Southport Ave & Wellington Ave",41.935733,-87.663576,3409,2932,477
"State St & 35th St",41.831036314,-87.6267975569,"Calumet Ave & 33rd St",41.8349,-87.61793,3406,3184,222
"Daley Center Plaza",41.884241,-87.629634,"LaSalle St & Jackson Blvd",41.878166,-87.631929,3406,3063,343
"Michigan Ave & Lake St",41.886024,-87.624117,"Clark St & Randolph St",41.884576228,-87.63188991,3406,2895,511
"Clinton St & Washington Blvd",41.88338,-87.64117,"Clinton St & Tilden St",41.875885,-87.640795,3405,3204,201
"Clark St & Elm St",41.903233,-87.631253,"Clybourn Ave & Division St",41.904613,-87.640552,3400,3072,328
"Wabash Ave & Grand Ave",41.891466,-87.626761,"Canal St & Adams St",41.879255,-87.639904,3398,2977,421
"Clinton St & Tilden St",41.875885,-87.640795,"Canal St & Taylor St",41.870257,-87.639474,3396,3065,331
"Clark St & Lake St",41.8860208277,-87.6308760584,"Michigan Ave & Lake St",41.886024,-87.624117,3396,3173,223
"Indiana Ave & Roosevelt Rd",41.867888,-87.623041,"State St & Van Buren St",41.877181,-87.627844,3393,2439,954
"McClurg Ct & Illinois St",41.89102,-87.6173,"Fairbanks Ct & Grand Ave",41.89186,-87.62062,3392,1711,1681
"Larrabee St & Armitage Ave",41.918084,-87.643749,"Sedgwick St & North Ave",41.910983,-87.638525,3388,3084,304
"Dearborn St & Erie St",41.893992,-87.629318,"St. Clair St & Erie St",41.8943451374,-87.6227983832,3388,2818,570
"Lake Shore Dr & Ohio St",41.89257,-87.614492,"Wabash Ave & Grand Ave",41.891738,-87.626937,3388,2288,1100
"Lincoln Ave & Roscoe St",41.94334,-87.67097,"Wilton Ave & Belmont Ave",41.94018,-87.65304,3387,3104,283
"Fort Dearborn Dr & 31st St",41.838556,-87.608218,"Rhodes Ave & 32nd St",41.836208,-87.613533,3386,2267,1119
"Clinton St & Washington Blvd",41.88338,-87.64117,"Ogden Ave & Race Ave",41.891795,-87.658751,3385,3204,181
"Chicago Ave & Sheridan Rd",42.050491,-87.677821,"University Library (NU)",42.052939,-87.673447,3384,2529,855
"Michigan Ave & Jackson Blvd",41.87785,-87.62408,"Wabash Ave & Roosevelt Rd",41.867227,-87.625961,3384,2249,1135
"St. Clair St & Erie St",41.8943451374,-87.6227983832,"Clark St & Lake St",41.8860208277,-87.6308760584,3381,2951,430
"Franklin St & Jackson Blvd",41.8777079559,-87.6353211408,"Federal St & Polk St",41.8720776329,-87.6295437729,3378,2950,428
"Lakeview Ave & Fullerton Pkwy",41.925858,-87.638973,"Hampden Ct & Diversey Pkwy",41.93262,-87.642385,3377,2983,394
"Clinton St & Lake St",41.885637,-87.641823,"Desplaines St & Kinzie St",41.888716036,-87.6444478533,3375,3105,270
"Wentworth Ave & 35th St",41.830777,-87.632504,"Wallace St & 35th St",41.8307070514,-87.641255334,3374,2995,379
"Clinton St & Madison St",41.8827519657,-87.6411902905,"Wabash Ave & Roosevelt Rd",41.867227,-87.625961,3368,3053,315
"Western Ave & Leland Ave",41.966555,-87.688487,"Lincoln Ave & Winona St",41.9749112968,-87.6925025594,3368,2898,470
"Indiana Ave & Roosevelt Rd",41.867888,-87.623041,"Museum Campus",41.865212,-87.617759,3364,1046,2318
"Theater on the Lake",41.926277,-87.630834,"Sheffield Ave & Webster Ave",41.92154,-87.653818,3363,1594,1769
"Sheffield Ave & Willow St",41.913688,-87.652855,"Wells St & Concord Ln",41.912133,-87.634656,3363,2762,601
"Larrabee St & Kingsbury St",41.897764,-87.642884,"Wells St & Elm St",41.903222,-87.634324,3361,3058,303
"Indiana Ave & Roosevelt Rd",41.867888,-87.623041,"Michigan Ave & Oak St",41.90096039,-87.62377664,3360,1260,2100
"Clark St & Lunt Ave",42.0090111806,-87.6741117239,"Western Ave & Lunt Ave",42.0085943972,-87.6904922389,3358,2908,450
"Wells St & Erie St",41.893832,-87.634195,"Canal St & Madison St",41.882091,-87.639833,3358,3183,175
"Halsted St & Dickens Ave",41.919936,-87.64883,"Sheffield Ave & Webster Ave",41.92154,-87.653818,3357,3063,294
"Broadway & Barry Ave",41.937725,-87.644095,"Lakeview Ave & Fullerton Pkwy",41.925858,-87.638973,3357,2820,537
"Wabash Ave & Adams St",41.8794723523,-87.6256886059,"Wabash Ave & Roosevelt Rd",41.867227,-87.625961,3352,2895,457
"Wells St & Concord Ln",41.912133,-87.634656,"Stockton Dr & Wrightwood Ave",41.93132,-87.638742,3352,2411,941
"Pine Grove Ave & Waveland Ave",41.949275,-87.646303,"Michigan Ave & Oak St",41.90096039,-87.62377664,3347,1895,1452
"Wood St & Milwaukee Ave",41.907655,-87.672552,"Ashland Ave & Division St",41.90345,-87.667747,3346,2933,413
"Wells St & Concord Ln",41.912133,-87.634656,"Larrabee St & Armitage Ave",41.918084,-87.643749,3345,2691,654
"Wells St & Hubbard St",41.889906,-87.634266,"Desplaines St & Kinzie St",41.888716036,-87.6444478533,3344,2611,733
"Clark St & Schiller St",41.907993,-87.631501,"Clark St & Armitage Ave",41.918306,-87.636282,3338,2233,1105
"Shedd Aquarium",41.8672259568,-87.6153553902,"McClurg Ct & Illinois St",41.89102,-87.6173,3335,637,2698
"Dearborn St & Monroe St",41.881319815,-87.6295209193,"Clark St & Elm St",41.903233,-87.631253,3332,2907,425
"Michigan Ave & Jackson Blvd",41.87785,-87.62408,"Michigan Ave & 18th St",41.857926,-87.624336,3332,2630,702
"Fairbanks Ct & Grand Ave",41.89186,-87.62062,"Lake Shore Dr & Ohio St",41.89257,-87.614492,3326,1830,1496
"Ashland Ave & Division St",41.90345,-87.667747,"Ashland Ave & Chicago Ave",41.895966,-87.667747,3326,3098,228
"State St & 33rd St",41.834734,-87.625813,"State St & 35th St",41.83104,-87.62688,3317,3097,220
"Wabash Ave & Roosevelt Rd",41.867227,-87.625961,"Wabash Ave & Cermak Rd",41.852619,-87.626488,3316,2310,1006
"Canal St & Madison St",41.882091,-87.639833,"Green St & Madison St",41.881859328,-87.6492637396,3316,3218,98
"Loomis St & Jackson Blvd",41.877945,-87.662007,"Aberdeen St & Jackson Blvd",41.87772613,-87.65478743,3315,2783,532
"Lincoln Ave & Roscoe St",41.94334,-87.67097,"Southport Ave & Waveland Ave",41.94815,-87.66394,3315,3087,228
"Fairbanks Ct & Grand Ave",41.89186,-87.62062,"Wabash Ave & Grand Ave",41.891466,-87.626761,3313,2827,486
"Streeter Dr & Grand Ave",41.892278,-87.612043,"Rush St & Hubbard St",41.890173,-87.626185,3309,705,2604
"Columbus Dr & Randolph St",41.884728,-87.619521,"Adler Planetarium",41.866095,-87.607267,3308,971,2337
"Ashland Ave & Division St",41.90345,-87.667747,"Damen Ave & Chicago Ave",41.895769,-87.67722,3306,2727,579
"Wood St & Taylor St",41.869154,-87.671045,"Canal St & Jackson Blvd",41.877988,-87.640769,3300,3252,48
"Dearborn St & Adams St",41.8793563587,-87.6297910363,"Daley Center Plaza",41.884241,-87.629634,3296,2998,298
"Prairie Ave & Garfield Blvd",41.794853,-87.618691,"DuSable Museum",41.7915680106,-87.6078521774,3293,3015,278
"Clark St & Wellington Ave",41.9364968219,-87.6475386582,"Broadway & Waveland Ave",41.949074,-87.648636,3291,2893,398
"LaSalle St & Jackson Blvd",41.87817,-87.631985,"Dearborn Pkwy & Delaware Pl",41.898969,-87.629912,3289,3160,129
"Southport Ave & Wellington Ave",41.935733,-87.663576,"Clark St & Wellington Ave",41.9364968219,-87.6475386582,3288,3023,265
"Blackstone Ave & 59th St",41.787877,-87.590461,"University Ave & 59th St",41.787878,-87.598906,3287,2589,698
"Fort Dearborn Dr & 31st St",41.838556,-87.608218,"Adler Planetarium",41.866095,-87.607267,3287,974,2313
"Field Blvd & South Water St",41.8863490627,-87.6175165471,"Shedd Aquarium",41.8672259568,-87.6153553902,3287,1454,1833
"Clarendon Ave & Gordon Ter",41.9578665242,-87.6495051384,"Broadway & Waveland Ave",41.949074,-87.648636,3286,2818,468
"Lake Park Ave & 47th St",41.809443,-87.591875,"Fort Dearborn Dr & 31st St",41.838556,-87.608218,3284,1061,2223
"Clinton St & Washington Blvd",41.88338,-87.64117,"Daley Center Plaza",41.884451,-87.629892,3284,3114,170
"Clinton St & Madison St",41.8827519657,-87.6411902905,"Wells St & Huron St",41.8947953,-87.6343743,3283,2799,484
"Daley Center Plaza",41.884241,-87.629634,"Clark St & Elm St",41.903233,-87.631253,3281,2992,289
"Fairbanks Ct & Grand Ave",41.89186,-87.62062,"Theater on the Lake",41.926277,-87.630834,3280,1479,1801
"Federal St & Polk St",41.8720776329,-87.6295437729,"Indiana Ave & Roosevelt Rd",41.867888,-87.623041,3278,2530,748
"Clinton St & Madison St",41.8827519657,-87.6411902905,"Fairbanks Ct & Grand Ave",41.89186,-87.62062,3278,3001,277
"Clinton St & Washington Blvd",41.88338,-87.64117,"Michigan Ave & Madison St",41.882134,-87.625125,3277,2905,372
"Shedd Aquarium",41.8672259568,-87.6153553902,"Michigan Ave & Washington St",41.8838927658,-87.6246491409,3277,273,3004
"MLK Jr Dr & 29th St",41.842052,-87.617,"State St & 35th St",41.83104,-87.62688,3276,3200,76
"Kingsbury St & Kinzie St",41.8891768326,-87.6385057718,"St. Clair St & Erie St",41.8943451374,-87.6227983832,3275,2904,371
"Woodlawn Ave & 55th St",41.795264,-87.596471,"Cornell Ave & Hyde Park Blvd",41.802406,-87.586924,3273,2744,529
"Streeter Dr & Grand Ave",41.892278,-87.612043,"Clark St & Elm St",41.903233,-87.631253,3273,1522,1751
"Kedzie Ave & Milwaukee Ave",41.929567,-87.707857,"Damen Ave & Pierce Ave",41.9093960065,-87.6776919292,3270,1865,1405
"Streeter Dr & Illinois St",41.891071,-87.6122,"Clark St & North Ave",41.911974,-87.631942,3269,406,2863
"State St & Randolph St",41.8847302006,-87.6277335692,"Dearborn St & Erie St",41.893992,-87.629318,3269,2810,459
"Theater on the Lake",41.926277,-87.630834,"Dusable Harbor",41.886976,-87.612813,3262,1213,2049
"Michigan Ave & Congress Pkwy",41.8760656,-87.62443336,"Wabash Ave & Roosevelt Rd",41.867227,-87.625961,3260,2369,891
"Clinton St & Roosevelt Rd",41.8671177825,-87.6410879593,"Halsted St & Maxwell St",41.864883,-87.647071,3257,2594,663
"Canal St & Monroe St",41.8807,-87.63947,"Green St & Madison St",41.881859328,-87.6492637396,3255,3108,147
"Millennium Park",41.8810317,-87.62408432,"State St & Kinzie St",41.88918,-87.6277,3255,911,2344
"McClurg Ct & Illinois St",41.89102,-87.6173,"Kingsbury St & Kinzie St",41.8891768326,-87.6385057718,3254,2926,328
"Broadway & Barry Ave",41.937725,-87.644095,"Sheffield Ave & Wellington Ave",41.936253,-87.653566,3252,3057,195
"Broadway & Belmont Ave",41.940106,-87.645451,"Wilton Ave & Belmont Ave",41.9402319181,-87.6529437304,3251,2601,650
"Fairbanks Ct & Grand Ave",41.89186,-87.62062,"Clark St & Lake St",41.8860208277,-87.6308760584,3251,2990,261
"Clark St & Elm St",41.903233,-87.631253,"Theater on the Lake",41.926277,-87.630834,3250,1544,1706
"Clark St & Lake St",41.8860208277,-87.6308760584,"Dearborn St & Erie St",41.893992,-87.629318,3248,2663,585
"Wolcott Ave & Polk St",41.871262,-87.673688,"May St & Taylor St",41.8694821,-87.6554864,3247,3045,202
"LaSalle St & Adams St",41.8793443735,-87.6319852213,"Canal St & Madison St",41.882091,-87.639833,3246,3154,92
"Lincoln Ave & Leavitt St",41.962391,-87.684146,"Ravenswood Ave & Lawrence Ave",41.96909,-87.674237,3245,3125,120
"Wabash Ave & 16th St",41.860384,-87.625813,"Daley Center Plaza",41.884241,-87.629634,3243,3104,139
"Canal St & Madison St",41.882091,-87.639833,"Dearborn Pkwy & Delaware Pl",41.898969,-87.629912,3242,2919,323
"Streeter Dr & Grand Ave",41.892278,-87.612043,"LaSalle St & Illinois St",41.890762,-87.631697,3241,702,2539
"Racine Ave & Congress Pkwy",41.87464,-87.65703,"Wolcott Ave & Polk St",41.871262,-87.673688,3240,2971,269
"McClurg Ct & Illinois St",41.89102,-87.6173,"Daley Center Plaza",41.884241,-87.629634,3240,3017,223
"Marshfield Ave & Cortland St",41.916017,-87.668879,"Dayton St & North Ave",41.9105780349,-87.6494219288,3238,2899,339
"Shore Dr & 55th St",41.795212,-87.580715,"Kimbark Ave & 53rd St",41.799568,-87.594747,3233,2366,867
"Sheridan Rd & Loyola Ave",42.0010437798,-87.6611982433,"Broadway & Granville Ave",41.9947796884,-87.6602845349,3233,2506,727
"Broadway & Belmont Ave",41.940106,-87.645451,"Michigan Ave & Oak St",41.90096039,-87.62377664,3231,1508,1723
"Green St & Randolph St*",41.8836016573,-87.6486267149,"Clinton St & Madison St",41.8827519657,-87.6411902905,3229,3003,226
"State St & Randolph St",41.8847302006,-87.6277335692,"Millennium Park",41.8810317,-87.62408432,3229,1035,2194
"Sedgwick St & North Ave",41.910983,-87.638525,"Kingsbury St & Kinzie St",41.8891768326,-87.6385057718,3225,3054,171
"Wells St & Elm St",41.903222,-87.634324,"Franklin St & Monroe St",41.880317,-87.635185,3225,2780,445
"Lake Shore Dr & Ohio St",41.89257,-87.614492,"Streeter Dr & Illinois St",41.891071,-87.6122,3221,230,2991
"Sedgwick St & Webster Ave",41.922167,-87.638888,"Clark St & Wrightwood Ave",41.929546,-87.643118,3218,2665,553
"Ashland Ave & Division St",41.90345,-87.667747,"Wood St & Division St",41.90332,-87.67273,3217,3012,205
"Clark St & Congress Pkwy",41.8759326655,-87.6305845355,"Michigan Ave & Lake St",41.886024,-87.624117,3217,3052,165
"Kimbark Ave & 53rd St",41.7994549,-87.5947779,"Ellis Ave & 55th St",41.7943006205,-87.6014497734,3214,2531,683
"LaSalle St & Illinois St",41.890749,-87.63206,"Canal St & Madison St",41.882091,-87.639833,3211,2932,279
"Pine Grove Ave & Irving Park Rd",41.954383,-87.648043,"Broadway & Belmont Ave",41.940106,-87.645451,3210,2740,470
"Desplaines St & Kinzie St",41.888716036,-87.6444478533,"Franklin St & Lake St",41.885837,-87.6355,3207,2827,380
"Throop St & Taylor St",41.868968,-87.659141,"Morgan St & Polk St",41.871737,-87.65103,3206,2799,407
"Cornell Ave & Hyde Park Blvd",41.802406,-87.586924,"Ellis Ave & 60th St",41.7850971464,-87.6010727606,3206,2916,290
"Sheffield Ave & Waveland Ave",41.949399,-87.654529,"Sheridan Rd & Montrose Ave",41.96167,-87.65464,3203,1884,1319
"Racine Ave & Belmont Ave",41.939743,-87.658865,"Broadway & Belmont Ave",41.940106,-87.645451,3200,2656,544
"Streeter Dr & Illinois St",41.891071,-87.6122,"Michigan Ave & Lake St",41.886024,-87.624117,3200,366,2834
"Wilton Ave & Belmont Ave",41.94018,-87.65304,"Damen Ave & Melrose Ave",41.9406,-87.6785,3197,2905,292
"Clark St & Lake St",41.8860208277,-87.6308760584,"Clinton St & Madison St",41.8827519657,-87.6411902905,3196,2973,223
"Canal St & Adams St",41.879255,-87.639904,"Wabash Ave & Grand Ave",41.891738,-87.626937,3194,2938,256
"Sedgwick St & Webster Ave",41.922167,-87.638888,"Larrabee St & Webster Ave",41.921822,-87.64414,3192,2368,824
"Calumet Ave & 18th St",41.857611,-87.619407,"Adler Planetarium",41.866095,-87.607267,3191,1815,1376
"Broadway & Waveland Ave",41.949074,-87.648636,"Sheridan Rd & Buena Ave",41.958494,-87.654966,3185,2664,521
"Prairie Ave & Garfield Blvd",41.794853,-87.618691,"Ellis Ave & 58th St",41.788746,-87.601334,3180,2826,354
"State St & Van Buren St",41.877181,-87.627844,"Canal St & Adams St",41.879255,-87.639904,3180,2697,483
"Larrabee St & Kingsbury St",41.897764,-87.642884,"Larrabee St & Oak St",41.9002194932,-87.6429854676,3180,2965,215
"Clinton St & Madison St",41.8827519657,-87.6411902905,"Dearborn St & Adams St",41.8793563587,-87.6297910363,3177,2925,252
"DuSable Lake Shore Dr & Monroe St",41.880958,-87.616743,"Indiana Ave & Roosevelt Rd",41.867888,-87.623041,3177,1431,1746
"Ellis Ave & 60th St",41.7850971464,-87.6010727606,"University Ave & 59th St",41.787878,-87.598906,3177,2942,235
"Sedgwick St & Webster Ave",41.922167,-87.638888,"Clark St & Elm St",41.903233,-87.631253,3175,2448,727
"McCormick Place",41.8513751729,-87.6188346489,"Lake Shore Dr & Monroe St",41.880958,-87.616743,3175,324,2851
"Clinton St & Madison St",41.8827519657,-87.6411902905,"Aberdeen St & Monroe St",41.880419,-87.655519,3170,2973,197
"Streeter Dr & Illinois St",41.891071,-87.6122,"Mies van der Rohe Way & Chicago Ave",41.89691,-87.621743,3169,248,2921
"Clark St & North Ave",41.911974,-87.631942,"Theater on the Lake",41.926277,-87.630834,3168,964,2204
"McClurg Ct & Illinois St",41.89102,-87.6173,"Michigan Ave & Pearson St",41.89766,-87.62351,3166,1543,1623
"Theater on the Lake",41.926277,-87.630834,"Broadway & Cornelia Ave",41.945512,-87.64598,3164,1235,1929
"Stetson Ave & South Water St",41.886835,-87.62232,"Millennium Park",41.8810317,-87.62408432,3164,1035,2129
"Columbus Dr & Randolph St",41.884728,-87.619521,"Field Blvd & South Water St",41.8863490627,-87.6175165471,3164,1791,1373
"Ashland Ave & Division St",41.90345,-87.667747,"Clark St & Elm St",41.903233,-87.631253,3160,2386,774
"Fairbanks Ct & Grand Ave",41.89186,-87.62062,"Michigan Ave & Pearson St",41.89766,-87.62351,3159,1822,1337
"Damen Ave & Grand Ave",41.89122,-87.67686,"Damen Ave & Pierce Ave",41.9093960065,-87.6776919292,3158,2573,585
"Clark St & North Ave",41.911974,-87.631942,"Clark St & Armitage Ave",41.918306,-87.636282,3157,1778,1379
"Marshfield Ave & Cortland St",41.916017,-87.668879,"Clark St & Armitage Ave",41.918306,-87.636282,3157,2213,944
"Broadway & Cornelia Ave",41.945529,-87.646439,"Wilton Ave & Belmont Ave",41.9402319181,-87.6529437304,3155,2572,583
"Noble St & Milwaukee Ave",41.90068,-87.6626,"Clinton St & Washington Blvd",41.88338,-87.64117,3155,3007,148
"Canal St & Adams St",41.879255,-87.639904,"Sangamon St & Washington Blvd",41.883004,-87.651148,3150,3055,95
"Canal St & Madison St",41.882091,-87.639833,"Dearborn St & Erie St",41.893992,-87.629318,3150,2941,209
"Clark St & Lake St",41.8860208277,-87.6308760584,"McClurg Ct & Illinois St",41.89102,-87.6173,3149,2783,366
"Pine Grove Ave & Waveland Ave",41.949275,-87.646303,"Broadway & Belmont Ave",41.940106,-87.645451,3149,2864,285
"Clark St & Randolph St",41.884576228,-87.63188991,"Stetson Ave & South Water St",41.886835,-87.62232,3148,2889,259
"McClurg Ct & Illinois St",41.89102,-87.6173,"Michigan Ave & Washington St",41.8838927658,-87.6246491409,3148,1207,1941
"Orleans St & Merchandise Mart Plaza",41.888243,-87.63639,"LaSalle St & Jackson Blvd",41.87817,-87.631985,3146,3041,105
"Columbus Dr & Randolph St",41.884728,-87.619521,"Stetson Ave & South Water St",41.886835,-87.62232,3146,2247,899
"Franklin St & Monroe St",41.880317,-87.635185,"Green St & Madison St",41.881859328,-87.6492637396,3146,2831,315
"Rush St & Cedar St",41.9023087012,-87.627690528,"Dearborn St & Erie St",41.893992,-87.629318,3145,2544,601
"Wells St & Concord Ln",41.912133,-87.634656,"Halsted St & Wrightwood Ave",41.929143,-87.649077,3141,2139,1002
"Clark St & Schiller St",41.907993,-87.631501,"Lake Shore Dr & North Blvd",41.911722,-87.626804,3140,1876,1264
"State St & Randolph St",41.8847302006,-87.6277335692,"Wacker Dr & Washington St Corral",41.88316,-87.63736,3132,2986,146
"Clark St & Columbia Ave",42.0044506293,-87.6724024047,"Clark St & Lunt Ave",42.0090111806,-87.6741117239,3130,2674,456
"Milwaukee Ave & Wabansia Ave",41.912616,-87.681391,"Ashland Ave & Division St",41.90345,-87.667747,3129,2585,544
"Lake Shore Dr & North Blvd",41.911722,-87.626804,"Dearborn Pkwy & Delaware Pl",41.898969,-87.629912,3128,1810,1318
"Dearborn Pkwy & Delaware Pl",41.898969,-87.629912,"Wells St & Huron St",41.8947953,-87.6343743,3127,2753,374
"Dearborn Pkwy & Delaware Pl",41.898969,-87.629912,"Wells St & Evergreen Ave",41.906724,-87.63483,3126,2462,664
"McClurg Ct & Erie St",41.894503,-87.617854,"Michigan Ave & Oak St",41.90096039,-87.62377664,3125,1945,1180
"Wells St & Walton St",41.89993001,-87.63443007,"Clinton St & Washington Blvd",41.88338,-87.64117,3125,2956,169
"Lake Shore Dr & Wellington Ave",41.936669,-87.636794,"Lakefront Trail & Bryn Mawr Ave",41.9840441152,-87.6522812247,3125,1989,1136
"Mies van der Rohe Way & Chicago Ave",41.89691,-87.621743,"Lake Shore Dr & North Blvd",41.911722,-87.626804,3123,1076,2047
"Michigan Ave & Jackson Blvd",41.87785,-87.62408,"Michigan Ave & Lake St",41.886024,-87.624117,3120,1270,1850
"Bissell St & Armitage Ave",41.91844,-87.65222,"Marshfield Ave & Cortland St",41.916017,-87.668879,3119,2722,397
"Dearborn St & Monroe St",41.881319815,-87.6295209193,"Indiana Ave & Roosevelt Rd",41.867888,-87.623041,3118,2635,483
"Adler Planetarium",41.866095,-87.607267,"Michigan Ave & 8th St",41.872773,-87.623981,3118,625,2493
"Theater on the Lake",41.926277,-87.630834,"Sheridan Rd & Montrose Ave",41.96167,-87.65464,3117,1709,1408
"Larrabee St & Kingsbury St",41.897764,-87.642884,"Wells St & Huron St",41.8947953,-87.6343743,3116,2775,341
"McCormick Place",41.8513751729,-87.6188346489,"Wabash Ave & Cermak Rd",41.852619,-87.626488,3114,1787,1327
"Damen Ave & Pierce Ave",41.9093960065,-87.6776919292,"Wood St & Milwaukee Ave",41.907655,-87.672552,3114,2589,525
"Aberdeen St & Jackson Blvd",41.87772613,-87.65478743,"Canal St & Jackson Blvd",41.877988,-87.640769,3113,2908,205
"Wilton Ave & Belmont Ave",41.94018,-87.65304,"Southport Ave & Waveland Ave",41.94815,-87.66394,3112,2660,452
"Theater on the Lake",41.926277,-87.630834,"DuSable Lake Shore Dr & Monroe St",41.880958,-87.616743,3108,1021,2087
"Clark St & Lincoln Ave",41.915689,-87.6346,"Halsted St & Wrightwood Ave",41.929143,-87.649077,3107,2087,1020
"Larrabee St & Menomonee St",41.91468,-87.64332,"Wells St & Concord Ln",41.912133,-87.634656,3105,2872,233
"Franklin St & Monroe St",41.880317,-87.635185,"Clinton St & Lake St",41.885637,-87.641823,3105,2926,179
"Aberdeen St & Monroe St",41.880419,-87.655519,"Franklin St & Monroe St",41.880317,-87.635185,3104,2916,188
"Michigan Ave & Oak St",41.90096039,-87.62377664,"DuSable Lake Shore Dr & Belmont Ave",41.940775,-87.639192,3103,1359,1744
"Lake Shore Dr & Diversey Pkwy",41.932684,-87.63625,"Montrose Harbor",41.963982,-87.638181,3102,1342,1760
"Cannon Dr & Fullerton Ave",41.9267559875,-87.6344287848,"Streeter Dr & Illinois St",41.891071,-87.6122,3101,335,2766
"Canal St & Madison St",41.882091,-87.639833,"McClurg Ct & Illinois St",41.89102,-87.6173,3098,2605,493
"Wabash Ave & Roosevelt Rd",41.867227,-87.625961,"State St & 19th St",41.856594,-87.627542,3094,2438,656
"Wentworth Ave & 33rd St",41.8345298856,-87.6318229814,"Emerald Ave & 31st St",41.838198,-87.645143,3094,2748,346
"Clark St & Montrose Ave",41.961588,-87.666036,"Clark St & Grace St",41.95078,-87.659172,3093,2174,919
"Sheffield Ave & Addison St",41.94688,-87.65445,"Southport Ave & Waveland Ave",41.94815,-87.66394,3093,2823,270
"Franklin St & Jackson Blvd",41.8777079559,-87.6353211408,"Columbus Dr & Randolph St",41.884728,-87.619521,3092,2478,614
"California Ave & North Ave",41.91044,-87.6972,"California Ave & Milwaukee Ave",41.922695,-87.697153,3090,2567,523
"Lake Shore Dr & North Blvd",41.911722,-87.626804,"Rush St & Cedar St",41.9023087012,-87.627690528,3090,1541,1549
"Wells St & Concord Ln",41.912133,-87.634656,"Dearborn St & Erie St",41.893992,-87.629318,3088,2423,665
"Clark St & Lincoln Ave",41.915689,-87.6346,"Lincoln Ave & Fullerton Ave",41.925905,-87.64926,3087,2349,738
"Michigan Ave & Lake St",41.886024,-87.624117,"Canal St & Jackson Blvd",41.877988,-87.640769,3087,2828,259
"Broadway & Thorndale Ave",41.9897425114,-87.6601406209,"Broadway & Ridge Ave",41.9840446107,-87.6602738295,3086,2594,492
"Wells St & Evergreen Ave",41.906724,-87.63483,"Lake Shore Dr & North Blvd",41.911722,-87.626804,3083,1549,1534
"Michigan Ave & Oak St",41.90096039,-87.62377664,"Dusable Harbor",41.886976,-87.612813,3077,826,2251
"Dearborn St & Adams St",41.8793563587,-87.6297910363,"Michigan Ave & Lake St",41.886024,-87.624117,3076,2432,644
"Larrabee St & Armitage Ave",41.918084,-87.643749,"Clark St & Armitage Ave",41.918306,-87.636282,3076,2290,786
"Wells St & Elm St",41.903222,-87.634324,"State St & Chicago Ave",41.8966172004,-87.6285785437,3075,2342,733
"Dearborn Pkwy & Delaware Pl",41.898969,-87.629912,"Clinton St & Madison St",41.8827519657,-87.6411902905,3074,2741,333
"Orleans St & Merchandise Mart Plaza",41.888243,-87.63639,"Wells St & Evergreen Ave",41.906724,-87.63483,3071,2728,343
"Clinton St & Madison St",41.8827519657,-87.6411902905,"Loomis St & Jackson Blvd",41.877945,-87.662007,3070,2894,176
"LaSalle St & Washington St",41.882664,-87.63253,"Kingsbury St & Kinzie St",41.8891768326,-87.6385057718,3068,2976,92
"Michigan Ave & Oak St",41.90096039,-87.62377664,"Mies van der Rohe Way & Chicago Ave",41.89691,-87.621743,3068,1151,1917
"Larrabee St & Armitage Ave",41.918084,-87.643749,"Clark St & Lincoln Ave",41.915689,-87.6346,3066,2422,644
"Halsted St & Polk St",41.87184,-87.64664,"900 W Harrison St",41.874754,-87.649807,3065,2781,284
"Clinton St & Washington Blvd",41.88338,-87.64117,"May St & Randolph St",41.88397,-87.655688,3065,2926,139
"Dearborn St & Monroe St",41.881319815,-87.6295209193,"State St & Harrison St",41.874053,-87.627716,3062,2635,427
"Ashland Ave & Augusta Blvd",41.899643,-87.6677,"Ashland Ave & Division St",41.90345,-87.667747,3061,2848,213
"Indiana Ave & Roosevelt Rd",41.867888,-87.623041,"Calumet Ave & 18th St",41.857611,-87.619407,3055,2225,830
"Michigan Ave & 14th St",41.864059,-87.623727,"Dearborn St & Adams St",41.8793563587,-87.6297910363,3052,2747,305
"Clark St & Elm St",41.903233,-87.631253,"State St & Pearson St",41.897448,-87.628722,3048,2649,399
"MLK Jr Dr & 29th St",41.842052,-87.617,"Calumet Ave & 35th St",41.831379,-87.618034,3046,2850,196
"Desplaines St & Randolph St",41.883703,-87.644238,"Desplaines St & Kinzie St",41.888716036,-87.6444478533,3045,2732,313
"Chicago Ave & Washington St",42.032562,-87.679101,"Elmwood Ave & Austin St",42.025784,-87.684107,3045,2607,438
"Southport Ave & Clark St",41.957081,-87.664199,"Southport Ave & Roscoe St",41.943739,-87.66402,3045,2788,257
"Clark St & Chicago Ave",41.896544,-87.630931,"Larrabee St & Kingsbury St",41.897764,-87.642884,3045,2901,144
"Wabash Ave & Roosevelt Rd",41.867227,-87.625961,"McCormick Place",41.8513751729,-87.6188346489,3044,1150,1894
"Orleans St & Merchandise Mart Plaza",41.888243,-87.63639,"McClurg Ct & Illinois St",41.89102,-87.6173,3040,2625,415
"Millennium Park",41.8810317,-87.62408432,"Franklin St & Quincy St",41.878724,-87.634793,3039,1405,1634
"Lake Shore Dr & North Blvd",41.911722,-87.626804,"Clark St & Wrightwood Ave",41.929546,-87.643118,3039,1483,1556
"Canal St & Madison St",41.882091,-87.639833,"Wabash Ave & Grand Ave",41.891738,-87.626937,3038,2732,306
"Clark St & Columbia Ave",42.0044506293,-87.6724024047,"Glenwood Ave & Morse Ave",42.0079719229,-87.6655023944,3036,2873,163
"Wells St & Elm St",41.903222,-87.634324,"Wells St & Walton St",41.89993001,-87.63443007,3035,2622,413
"Streeter Dr & Illinois St",41.891071,-87.6122,"Clark St & Lincoln Ave",41.915689,-87.6346,3032,395,2637
"Southport Ave & Roscoe St",41.943739,-87.66402,"Lincoln Ave & Roscoe St",41.94334,-87.67097,3031,2713,318
"Woodlawn Ave & Lake Park Ave",41.8140927105,-87.5970051479,"Lake Park Ave & 47th St",41.809443,-87.591875,3027,2534,493
"Clark St & Montrose Ave",41.961588,-87.666036,"Ravenswood Ave & Montrose Ave",41.961615,-87.674365,3026,2896,130
"Wells St & Erie St",41.893832,-87.634195,"Clinton St & Washington Blvd",41.88338,-87.64117,3023,2850,173
"Ashland Ave & Division St",41.90345,-87.667747,"California Ave & Division St",41.903029,-87.697474,3022,2239,783
"Jefferson St & Monroe St",41.880422,-87.642746,"Aberdeen St & Jackson Blvd",41.87772613,-87.65478743,3021,2830,191
"Southport Ave & Wellington Ave",41.935733,-87.663576,"Ashland Ave & Wellington Ave",41.936083,-87.669807,3020,2915,105
"Ogden Ave & Chicago Ave",41.896362458,-87.6540612729,"Damen Ave & Chicago Ave",41.895769,-87.67722,3019,2622,397
"Blue Island Ave & 18th St",41.857556,-87.661535,"Morgan St & 18th St",41.858086,-87.651073,3018,2502,516
"DuSable Lake Shore Dr & North Blvd",41.911722,-87.626804,"DuSable Lake Shore Dr & Belmont Ave",41.940775,-87.639192,3017,1118,1899
"Michigan Ave & Washington St",41.8838927658,-87.6246491409,"Franklin St & Arcade Pl",41.881131,-87.635185,3011,2799,212
"Canal St & Taylor St",41.870257,-87.639474,"Canal St & Jackson Blvd",41.87811421,-87.63997112,3010,2697,313
"Clark St & Grace St",41.95078,-87.659172,"Halsted St & Waveland Ave",41.949375,-87.649626,3009,1950,1059
"Desplaines St & Jackson Blvd",41.8781189009,-87.6439476013,"Franklin St & Jackson Blvd",41.8777079559,-87.6353211408,3008,2765,243
"Sedgwick St & Huron St",41.894666,-87.638437,"St. Clair St & Erie St",41.8943451374,-87.6227983832,3005,2645,360
"Western Ave & Leland Ave",41.966555,-87.688487,"Campbell Ave & Montrose Ave",41.961524,-87.691177,3003,2823,180
"State St & Harrison St",41.874053,-87.627716,"Clinton St & Madison St",41.8827519657,-87.6411902905,3002,2763,239
"Orleans St & Merchandise Mart Plaza",41.888243,-87.63639,"Michigan Ave & Washington St",41.8838927658,-87.6246491409,3002,2479,523
"Wabash Ave & Roosevelt Rd",41.867227,-87.625961,"Daley Center Plaza",41.884241,-87.629634,3001,2790,211
"State St & Van Buren St",41.877181,-87.627844,"Canal St & Jackson Blvd",41.87811421,-87.63997112,3001,2779,222
"Ravenswood Ave & Lawrence Ave",41.96909,-87.674237,"Ravenswood Ave & Montrose Ave",41.961615,-87.674365,3001,2922,79
"Sheffield Ave & Wrightwood Ave",41.928712,-87.653833,"Halsted St & Wrightwood Ave",41.929143,-87.649077,3000,2533,467
"Clinton St & Madison St",41.8827519657,-87.6411902905,"Wabash Ave & Adams St",41.8794723523,-87.6256886059,2999,2827,172
"Racine Ave & Congress Pkwy",41.87464,-87.65703,"900 W Harrison St",41.874754,-87.649807,2997,2691,306
"Larrabee St & Kingsbury St",41.897764,-87.642884,"Sedgwick St & Huron St",41.894666,-87.638437,2997,2832,165
"Franklin St & Monroe St",41.880317,-87.635185,"Michigan Ave & Lake St",41.886024,-87.624117,2994,2534,460
"Morgan St & Lake St",41.8854833079,-87.6523048564,"Clinton St & Lake St",41.885637,-87.641823,2992,2863,129
"Southport Ave & Clybourn Ave",41.921004,-87.663257,"Bissell St & Armitage Ave",41.91844,-87.65222,2991,2814,177
"Michigan Ave & Lake St",41.886024,-87.624117,"Fairbanks Ct & Grand Ave",41.89186,-87.62062,2987,1893,1094
"Mies van der Rohe Way & Chicago Ave",41.89691,-87.621743,"Lake Shore Dr & Monroe St",41.880958,-87.616743,2986,723,2263
"Clinton St & Washington Blvd",41.88338,-87.64117,"LaSalle St & Illinois St",41.890762,-87.631697,2984,2654,330
"Clark St & Lincoln Ave",41.915689,-87.6346,"Halsted St & Dickens Ave",41.919936,-87.64883,2982,2086,896
"Columbus Dr & Randolph St",41.884728,-87.619521,"Dearborn St & Adams St",41.8793563587,-87.6297910363,2980,2620,360
"Field Blvd & South Water St",41.8863490627,-87.6175165471,"Michigan Ave & Oak St",41.90096039,-87.62377664,2979,1791,1188
"Dearborn Pkwy & Delaware Pl",41.898969,-87.629912,"Kingsbury St & Erie St",41.8939139,-87.6417358,2977,2511,466
"Southport Ave & Roscoe St",41.943739,-87.66402,"Racine Ave & Belmont Ave",41.939743,-87.658865,2975,2470,505
"Stetson Ave & South Water St",41.886835,-87.62232,"Daley Center Plaza",41.884241,-87.629634,2974,2810,164
"Clark St & Lake St",41.8860208277,-87.6308760584,"Clark St & Elm St",41.903233,-87.631253,2973,2474,499
"Clinton St & Madison St",41.8827519657,-87.6411902905,"Canal St & Jackson Blvd",41.877988,-87.640769,2972,2855,117
"Franklin St & Monroe St",41.880317,-87.635185,"Wells St & Polk St",41.8727315423,-87.6335164905,2967,2593,374
"Damen Ave & Pierce Ave",41.9093960065,-87.6776919292,"Milwaukee Ave & Wabansia Ave",41.912616,-87.681391,2967,2389,578
"Kingsbury St & Kinzie St",41.8891768326,-87.6385057718,"Desplaines St & Randolph St",41.883703,-87.644238,2966,2688,278
"Theater on the Lake",41.926277,-87.630834,"Sheffield Ave & Addison St",41.94688,-87.65445,2966,710,2256
"Ashland Ave & Division St",41.90345,-87.667747,"Western Ave & Walton St",41.8984176894,-87.6865960164,2960,2507,453
"Franklin St & Lake St",41.885837,-87.6355,"Columbus Dr & Randolph St",41.884728,-87.619521,2959,2636,323
"Kingsbury St & Kinzie St",41.8891768326,-87.6385057718,"Wells St & Evergreen Ave",41.906724,-87.63483,2957,2352,605
"Rush St & Superior St",41.8957647456,-87.6259080327,"Streeter Dr & Grand Ave",41.892278,-87.612043,2957,488,2469
"Theater on the Lake",41.926277,-87.630834,"Broadway & Berwyn Ave",41.978353,-87.659753,2957,1979,978
"Halsted St & Waveland Ave",41.949375,-87.649626,"DuSable Lake Shore Dr & Belmont Ave",41.940775,-87.639192,2957,1915,1042
"Wells St & Walton St",41.89993001,-87.63443007,"Wells St & Evergreen Ave",41.906724,-87.63483,2954,2377,577
"Clark St & Armitage Ave",41.918306,-87.636282,"Halsted St & Dickens Ave",41.919936,-87.64883,2951,2160,791
"Clinton St & Madison St",41.8827519657,-87.6411902905,"LaSalle St & Washington St",41.882664,-87.63253,2947,2753,194
"McClurg Ct & Erie St",41.894503,-87.617854,"Canal St & Madison St",41.882091,-87.639833,2945,2818,127
"Broadway & Cornelia Ave",41.945512,-87.64598,"Broadway & Barry Ave",41.937725,-87.644095,2943,2655,288
"Michigan Ave & Oak St",41.90096039,-87.62377664,"Lakefront Trail & Bryn Mawr Ave",41.9840441152,-87.6522812247,2941,1173,1768
"Blackstone Ave & Hyde Park Blvd",41.802562,-87.590368,"Woodlawn Ave & 55th St",41.795264,-87.596471,2939,2376,563
"Southport Ave & Roscoe St",41.943739,-87.66402,"Clark St & Wellington Ave",41.9364968219,-87.6475386582,2936,2373,563
"Aberdeen St & Monroe St",41.880419,-87.655519,"Jefferson St & Monroe St",41.880422,-87.642746,2935,2819,116
"Ellis Ave & 53rd St",41.7993362626,-87.6009581145,"Lake Park Ave & 53rd St",41.7994942937,-87.5864498959,2932,2364,568
"McClurg Ct & Illinois St",41.89102,-87.6173,"State St & Randolph St",41.8847302006,-87.6277335692,2931,2061,870
"Clinton St & Washington Blvd",41.88338,-87.64117,"Clinton St & Jackson Blvd",41.8783166118,-87.6409810781,2928,2613,315
"Southport Ave & Waveland Ave",41.94815,-87.66394,"Clark St & Grace St",41.95078,-87.659172,2928,2348,580
"Sheridan Rd & Montrose Ave",41.96167,-87.65464,"Sheridan Rd & Lawrence Ave",41.969517,-87.654691,2927,2596,331
"Milwaukee Ave & Wabansia Ave",41.912616,-87.681391,"Kedzie Ave & Milwaukee Ave",41.929567,-87.707857,2926,2051,875
"Sheffield Ave & Willow St",41.913688,-87.652855,"Larrabee St & Menomonee St",41.91468,-87.64332,2925,2696,229
"Columbus Dr & Randolph St",41.884728,-87.619521,"LaSalle St & Jackson Blvd",41.878166,-87.631929,2925,2740,185
"Aberdeen St & Randolph St",41.884114,-87.654264,"Clinton St & Washington Blvd",41.88338,-87.64117,2924,2585,339
"Clark St & Elm St",41.903233,-87.631253,"Wells St & Hubbard St",41.889906,-87.634266,2924,2433,491
"Canal St & Madison St",41.882091,-87.639833,"Franklin St & Chicago Ave",41.89680204,-87.63563839,2924,2831,93
"Marshfield Ave & Cortland St",41.916017,-87.668879,"Ashland Ave & Blackhawk St",41.907066,-87.667252,2922,2739,183
"Kingsbury St & Kinzie St",41.8891768326,-87.6385057718,"Rush St & Superior St",41.8957647456,-87.6259080327,2921,2461,460
"State St & 33rd St",41.834734,-87.625813,"Fort Dearborn Dr & 31st St",41.838556,-87.608218,2920,1564,1356
"Bissell St & Armitage Ave",41.91844,-87.65222,"Sheffield Ave & Fullerton Ave",41.9256018819,-87.6537080423,2920,2677,243
"Lakeview Ave & Fullerton Pkwy",41.925858,-87.638973,"Clark St & North Ave",41.911974,-87.631942,2918,1664,1254
"Canal St & Adams St",41.879255,-87.639904,"Federal St & Polk St",41.8720776329,-87.6295437729,2917,2609,308
"Rush St & Superior St",41.8957647456,-87.6259080327,"Clark St & Elm St",41.903233,-87.631253,2917,2480,437
"Spaulding Ave & Armitage Ave",41.9171080348,-87.7102209628,"Kedzie Ave & Milwaukee Ave",41.929567,-87.707857,2912,2209,703
"LaSalle St & Jackson Blvd",41.87817,-87.631985,"Daley Center Plaza",41.884451,-87.629892,2908,2832,76
"Canal St & Madison St",41.882409,-87.639767,"Michigan Ave & Washington St",41.8839840647,-87.6246839762,2906,2190,716
"Clifton Ave & Lawrence Ave",41.968873,-87.658857,"Ravenswood Ave & Lawrence Ave",41.96909,-87.674237,2906,2788,118
"Broadway & Belmont Ave",41.940106,-87.645451,"Broadway & Cornelia Ave",41.945529,-87.646439,2903,2541,362
"Clinton St & Jackson Blvd",41.8783166118,-87.6409810781,"900 W Harrison St",41.874754,-87.649807,2902,2261,641
"Broadway & Ridge Ave",41.9840446107,-87.6602738295,"Clark St & Berwyn Ave",41.9780306225,-87.6685649157,2901,2509,392
"Shedd Aquarium",41.8672259568,-87.6153553902,"Field Museum",41.865312,-87.617867,2901,487,2414
"Streeter Dr & Grand Ave",41.892278,-87.612043,"McClurg Ct & Ohio St",41.8925921197,-87.6172891259,2900,1189,1711
"Desplaines St & Kinzie St",41.888716036,-87.6444478533,"Desplaines St & Jackson Blvd",41.8781189009,-87.6439476013,2899,2625,274
"Canal St & Adams St",41.879255,-87.639904,"LaSalle St & Illinois St",41.890762,-87.631697,2898,2442,456
"Franklin St & Jackson Blvd",41.8777079559,-87.6353211408,"Franklin St & Lake St",41.885837,-87.6355,2893,2321,572
"Eckhart Park",41.89637337,-87.66098386,"Ogden Ave & Chicago Ave",41.896362458,-87.6540612729,2889,2630,259
"May St & Taylor St",41.8694821,-87.6554864,"Hermitage Ave & Polk St",41.871514,-87.669886,2889,2756,133
"Southport Ave & Belmont Ave",41.93949,-87.66378,"Southport Ave & Waveland Ave",41.94815,-87.66394,2887,2528,359
"Wentworth Ave & 35th St",41.830777,-87.632504,"Halsted St & 35th St",41.830661,-87.647172,2885,2009,876
"Columbus Dr & Randolph St",41.884728,-87.619521,"Michigan Ave & Jackson Blvd",41.87785,-87.62408,2885,1879,1006
"McClurg Ct & Illinois St",41.89102,-87.6173,"Dearborn St & Erie St",41.893992,-87.629318,2884,2344,540
"Michigan Ave & Oak St",41.90096039,-87.62377664,"Rush St & Cedar St",41.9023087012,-87.627690528,2882,920,1962
"Ravenswood Ave & Lawrence Ave",41.96909,-87.674237,"Lincoln Ave & Belle Plaine Ave",41.955927,-87.679259,2882,2751,131
"Bissell St & Armitage Ave",41.91844,-87.65222,"Wells St & Concord Ln",41.912133,-87.634656,2881,2433,448
"Dearborn St & Erie St",41.893992,-87.629318,"Canal St & Monroe St",41.8807,-87.63947,2877,2755,122
"Clarendon Ave & Junior Ter",41.961004,-87.649603,"Sheridan Rd & Montrose Ave",41.96167,-87.65464,2875,2527,348
"Ellis Ave & 53rd St",41.7993362626,-87.6009581145,"Ellis Ave & 60th St",41.7850971464,-87.6010727606,2873,2403,470
"State St & Kinzie St",41.88918,-87.6277,"LaSalle St & Jackson Blvd",41.87817,-87.631985,2873,2670,203
"Dearborn St & Erie St",41.893992,-87.629318,"Clinton St & Lake St",41.885637,-87.641823,2872,2608,264
"Wabash Ave & Roosevelt Rd",41.867227,-87.625961,"Canal St & Taylor St",41.870257,-87.639474,2871,2367,504
"Michigan Ave & Oak St",41.90096039,-87.62377664,"Adler Planetarium",41.866095,-87.607267,2869,459,2410
"Orleans St & Merchandise Mart Plaza",41.888243,-87.63639,"Larrabee St & Division St",41.90348607,-87.6433534936,2865,2625,240
"Broadway & Waveland Ave",41.949074,-87.648636,"Broadway & Sheridan Rd",41.952833,-87.649993,2865,2541,324
"Fairbanks Ct & Grand Ave",41.89186,-87.62062,"Orleans St & Merchandise Mart Plaza",41.888243,-87.63639,2864,2598,266
"Indiana Ave & Roosevelt Rd",41.867888,-87.623041,"Fort Dearborn Dr & 31st St",41.838556,-87.608218,2862,1351,1511
"Franklin St & Jackson Blvd",41.8777079559,-87.6353211408,"Michigan Ave & Lake St",41.886024,-87.624117,2861,1802,1059
"Peoria St & Jackson Blvd",41.877749,-87.649633,"Morgan St & Lake St",41.8854833079,-87.6523048564,2860,2698,162
"Wells St & Elm St",41.903222,-87.634324,"Larrabee St & Division St",41.90348607,-87.6433534936,2859,2423,436
"Bissell St & Armitage Ave",41.91844,-87.65222,"Sheffield Ave & Kingsbury St",41.910522,-87.653106,2859,2743,116
"Halsted St & Maxwell St",41.864883,-87.647071,"May St & Taylor St",41.8694821,-87.6554864,2858,2549,309
"Michigan Ave & 18th St",41.857926,-87.624336,"Franklin St & Jackson Blvd",41.8777079559,-87.6353211408,2856,2720,136
"Theater on the Lake",41.926277,-87.630834,"Michigan Ave & Pearson St",41.89766,-87.62351,2856,753,2103
"Daley Center Plaza",41.884241,-87.629634,"Green St & Madison St",41.881859328,-87.6492637396,2855,2584,271
"Canal St & Madison St",41.882091,-87.639833,"Fairbanks Ct & Grand Ave",41.89186,-87.62062,2854,2548,306
"Larrabee St & Kingsbury St",41.897764,-87.642884,"Franklin St & Lake St",41.885837,-87.6355,2853,2650,203
"Broadway & Thorndale Ave",41.9897425114,-87.6601406209,"Clark St & Bryn Mawr Ave",41.983593,-87.669154,2852,2320,532
"Desplaines St & Randolph St",41.883703,-87.644238,"Michigan Ave & Washington St",41.8838927658,-87.6246491409,2852,2479,373
"Broadway & Granville Ave",41.9947796884,-87.6602845349,"Broadway & Thorndale Ave",41.9897425114,-87.6601406209,2851,2157,694
"Sheridan Rd & Loyola Ave",42.0010437798,-87.6611982433,"Glenwood Ave & Morse Ave",42.0079719229,-87.6655023944,2850,2429,421
"Indiana Ave & Roosevelt Rd",41.867888,-87.623041,"Michigan Ave & 14th St",41.864059,-87.623727,2850,1762,1088
"Broadway & Barry Ave",41.937725,-87.644095,"Lake Shore Dr & Wellington Ave",41.936669,-87.636794,2849,2183,666
"Michigan Ave & Oak St",41.90096039,-87.62377664,"St. Clair St & Erie St",41.8943451374,-87.6227983832,2848,1016,1832
"Halsted St & Wrightwood Ave",41.929143,-87.649077,"Sheffield Ave & Webster Ave",41.92154,-87.653818,2846,2268,578
"Wabash Ave & Grand Ave",41.891466,-87.626761,"McClurg Ct & Illinois St",41.89102,-87.6173,2845,2427,418
"Pine Grove Ave & Waveland Ave",41.949275,-87.646303,"Montrose Harbor",41.963982,-87.638181,2845,1456,1389
"Green St & Randolph St*",41.8836016573,-87.6486267149,"Clinton St & Washington Blvd",41.88338,-87.64117,2844,2612,232
"Sheridan Rd & Irving Park Rd",41.954245,-87.654406,"Montrose Harbor",41.963982,-87.638181,2842,1535,1307
"Ashland Ave & Wellington Ave",41.936083,-87.669807,"Lincoln Ave & Roscoe St",41.94334,-87.67097,2842,2739,103
"Clark St & Congress Pkwy",41.8759326655,-87.6305845355,"Canal St & Madison St",41.882091,-87.639833,2842,2707,135
"Halsted St & Dickens Ave",41.919936,-87.64883,"Dayton St & North Ave",41.9105780349,-87.6494219288,2840,2472,368
"Wood St & Milwaukee Ave",41.907655,-87.672552,"Paulina Ave & North Ave",41.9098546522,-87.66993016,2838,2247,591
"Theater on the Lake",41.926277,-87.630834,"Broadway & Waveland Ave",41.949074,-87.648636,2838,1291,1547
"Calumet Ave & 33rd St",41.8349,-87.61793,"Indiana Ave & 31st St",41.838842,-87.621857,2837,2732,105
"Millennium Park",41.8810317,-87.62408432,"Michigan Ave & 18th St",41.857926,-87.624336,2836,1788,1048
"Clark St & Elm St",41.903233,-87.631253,"McClurg Ct & Erie St",41.894503,-87.617854,2835,2463,372
"Wells St & Concord Ln",41.912133,-87.634656,"Streeter Dr & Grand Ave",41.892278,-87.612043,2833,952,1881
"Franklin St & Lake St",41.885837,-87.6355,"Dearborn St & Erie St",41.893992,-87.629318,2833,2526,307
"Delano Ct & Roosevelt Rd",41.867491,-87.63219,"Wabash Ave & Roosevelt Rd",41.867227,-87.625961,2830,2407,423
"Franklin St & Monroe St",41.880317,-87.635185,"Wells St & Concord Ln",41.912133,-87.634656,2828,2658,170
"Millennium Park",41.8810317,-87.62408432,"Wabash Ave & Grand Ave",41.891738,-87.626937,2828,467,2361
"Desplaines St & Jackson Blvd",41.8781189009,-87.6439476013,"Kingsbury St & Kinzie St",41.8891768326,-87.6385057718,2824,2553,271
"Canal St & Adams St",41.879255,-87.639904,"Michigan Ave & Oak St",41.90096039,-87.62377664,2824,2393,431
"Southport Ave & Wellington Ave",41.935733,-87.663576,"Sheffield Ave & Fullerton Ave",41.9256018819,-87.6537080423,2824,2570,254
"Franklin St & Jackson Blvd",41.8777079559,-87.6353211408,"Wells St & Polk St",41.8727315423,-87.6335164905,2820,2508,312
"Kingsbury St & Erie St",41.8939139,-87.6417358,"LaSalle St & Illinois St",41.890749,-87.63206,2820,2613,207
"Clark St & Elm St",41.903233,-87.631253,"Wabash Ave & Grand Ave",41.891466,-87.626761,2820,2240,580
"Streeter Dr & Grand Ave",41.892278,-87.612043,"Michigan Ave & Madison St",41.882134,-87.625125,2819,339,2480
"Kedzie Ave & Milwaukee Ave",41.929567,-87.707857,"Humboldt Blvd & Armitage Ave",41.917513394,-87.7018089555,2818,1896,922
"Woodlawn Ave & 55th St",41.795264,-87.596471,"Lake Park Ave & 53rd St",41.7994942937,-87.5864498959,2816,2280,536
"Clark St & Lincoln Ave",41.915689,-87.6346,"Dearborn Pkwy & Delaware Pl",41.898969,-87.629912,2813,1626,1187
"Michigan Ave & Pearson St",41.89766,-87.62351,"Lake Shore Dr & Ohio St",41.89257,-87.614492,2812,1181,1631
"Museum Campus",41.865212,-87.617759,"Michigan Ave & Congress Pkwy",41.8760656,-87.62443336,2811,366,2445
"Ellis Ave & 58th St",41.788746,-87.601334,"University Ave & 57th St",41.791478,-87.599861,2810,2346,464
"Clinton St & Lake St",41.88583274,-87.64138231,"Canal St & Jackson Blvd",41.877988,-87.640769,2810,2660,150
"Ashland Ave & Wrightwood Ave",41.92883,-87.668507,"Sheffield Ave & Wrightwood Ave",41.928712,-87.653833,2809,2414,395
"Lincoln Ave & Diversey Pkwy",41.932225,-87.658617,"Halsted St & Wrightwood Ave",41.929143,-87.649077,2809,2321,488
"Michigan Ave & Washington St",41.8839840647,-87.6246839762,"Clinton St & Madison St",41.8827519657,-87.6411902905,2808,2528,280
"Damen Ave & Pierce Ave",41.9093960065,-87.6776919292,"Honore St & Division St",41.903119,-87.673935,2807,2304,503
"Michigan Ave & 14th St",41.864059,-87.623727,"McCormick Place",41.8513751729,-87.6188346489,2805,1001,1804
"LaSalle St & Illinois St",41.890749,-87.63206,"Clinton St & Madison St",41.8827519657,-87.6411902905,2805,2579,226
"Michigan Ave & Oak St",41.90096039,-87.62377664,"Clark St & Wrightwood Ave",41.929546,-87.643118,2803,1480,1323
"Canal St & Jackson Blvd",41.877988,-87.640769,"Morgan St & Polk St",41.871737,-87.65103,2802,2689,113
"Loomis St & Lexington St",41.8722287322,-87.661363855,"Aberdeen St & Jackson Blvd",41.87772613,-87.65478743,2801,2326,475
"Indiana Ave & Roosevelt Rd",41.867888,-87.623041,"Canal St & Adams St",41.879255,-87.639904,2798,2419,379
"Indiana Ave & Roosevelt Rd",41.867888,-87.623041,"Wabash Ave & Adams St",41.8794723523,-87.6256886059,2797,2117,680
"Lakefront Trail & Bryn Mawr Ave",41.9840441152,-87.6522812247,"Streeter Dr & Grand Ave",41.892278,-87.612043,2797,694,2103
"Daley Center Plaza",41.884241,-87.629634,"Franklin St & Monroe St",41.880317,-87.635185,2795,2557,238
"Federal St & Polk St",41.8720776329,-87.6295437729,"LaSalle St & Adams St",41.8793443735,-87.6319852213,2794,2689,105
"Franklin St & Jackson Blvd",41.8777079559,-87.6353211408,"Canal St & Taylor St",41.870257,-87.639474,2793,2409,384
"Columbus Dr & Randolph St",41.884728,-87.619521,"Clark St & Lake St",41.8860208277,-87.6308760584,2792,2290,502
"Stetson Ave & South Water St",41.886835,-87.62232,"Dearborn St & Monroe St",41.881319815,-87.6295209193,2791,2505,286
"Clark St & Drummond Pl",41.931248,-87.644336,"Clark St & Armitage Ave",41.918306,-87.636282,2791,2015,776
"Sedgwick St & Webster Ave",41.922167,-87.638888,"Michigan Ave & Oak St",41.90096039,-87.62377664,2791,1099,1692
"Clark St & 9th St (AMLI)",41.870816,-87.631246,"Daley Center Plaza",41.884241,-87.629634,2789,2560,229
"Daley Center Plaza",41.884241,-87.629634,"Canal St & Monroe St",41.8807,-87.63947,2788,2681,107
"Lake Shore Dr & Wellington Ave",41.936669,-87.636794,"Lake Shore Dr & Diversey Pkwy",41.932684,-87.63625,2788,1379,1409
"Sheridan Rd & Irving Park Rd",41.954245,-87.654406,"Theater on the Lake",41.926277,-87.630834,2786,1238,1548
"Wabash Ave & 8th St",41.871962,-87.626106,"Millennium Park",41.8810317,-87.62408432,2784,1205,1579
"Dearborn St & Adams St",41.8793563587,-87.6297910363,"Millennium Park",41.8810317,-87.62408432,2783,611,2172
"Sheffield Ave & Addison St",41.94688,-87.65445,"Broadway & Cornelia Ave",41.945512,-87.64598,2783,2433,350
"Fairbanks Ct & Grand Ave",41.89186,-87.62062,"Clark St & Randolph St",41.884576228,-87.63188991,2782,2412,370
"Dearborn St & Monroe St",41.881319815,-87.6295209193,"Orleans St & Merchandise Mart Plaza",41.888243,-87.63639,2780,2397,383
"Clark St & Wellington Ave",41.9364968219,-87.6475386582,"Lake Shore Dr & Wellington Ave",41.936669,-87.636794,2776,2221,555
"Michigan Ave & Pearson St",41.89766,-87.62351,"Lake Shore Dr & North Blvd",41.911722,-87.626804,2776,599,2177
"Indiana Ave & Roosevelt Rd",41.867888,-87.623041,"Dusable Harbor",41.886976,-87.612813,2775,1221,1554
"Morgan St & Polk St",41.871737,-87.65103,"Clinton St & Jackson Blvd",41.8783166118,-87.6409810781,2774,2501,273
"Ellis Ave & 58th St",41.788746,-87.601334,"Lake Park Ave & 53rd St",41.7994942937,-87.5864498959,2774,2290,484
"Clark St & Elm St",41.903233,-87.631253,"Clinton St & Madison St",41.8827519657,-87.6411902905,2774,2445,329
"Franklin St & Monroe St",41.880317,-87.635185,"Wabash Ave & Adams St",41.8794723523,-87.6256886059,2773,2570,203
"Lincoln Ave & Fullerton Ave",41.925905,-87.64926,"Theater on the Lake",41.926277,-87.630834,2773,1296,1477
"Marshfield Ave & Cortland St",41.916017,-87.668879,"Clifton Ave & Armitage Ave",41.918216,-87.656936,2771,2471,300
"Southport Ave & Roscoe St",41.943739,-87.66402,"Broadway & Belmont Ave",41.940106,-87.645451,2771,2100,671
"Clinton St & Washington Blvd",41.88338,-87.64117,"Clinton St & Lake St",41.885637,-87.641823,2771,2612,159
"Larrabee St & Division St",41.90348607,-87.6433534936,"Kingsbury St & Erie St",41.8939139,-87.6417358,2771,2264,507
"Clark St & Wrightwood Ave",41.929546,-87.643118,"Broadway & Belmont Ave",41.940106,-87.645451,2771,2326,445
"Clark St & Wrightwood Ave",41.929546,-87.643118,"Halsted St & Dickens Ave",41.919936,-87.64883,2771,2117,654
"Ellis Ave & 58th St",41.788746,-87.601334,"Blackstone Ave & Hyde Park Blvd",41.802562,-87.590368,2770,2265,505
"Michigan Ave & Pearson St",41.89766,-87.62351,"Lake Shore Dr & Monroe St",41.880958,-87.616743,2770,330,2440
"Clark St & Wrightwood Ave",41.929546,-87.643118,"Clark St & Elm St",41.903233,-87.631253,2770,2098,672
"Broadway & Cornelia Ave",41.945512,-87.64598,"Pine Grove Ave & Irving Park Rd",41.954383,-87.648043,2770,2493,277
"Kimbark Ave & 53rd St",41.799568,-87.594747,"Blackstone Ave & Hyde Park Blvd",41.802562,-87.590368,2768,2296,472
"Clinton St & Madison St",41.8827519657,-87.6411902905,"Noble St & Milwaukee Ave",41.90068,-87.6626,2766,2580,186
"Michigan Ave & Oak St",41.90096039,-87.62377664,"DuSable Lake Shore Dr & Diversey Pkwy",41.932588,-87.636427,2763,1371,1392
"McClurg Ct & Illinois St",41.89102,-87.6173,"McClurg Ct & Erie St",41.894503,-87.617854,2763,2363,400
"Michigan Ave & Jackson Blvd",41.87785,-87.62408,"Calumet Ave & 18th St",41.857611,-87.619407,2763,2190,573
"Broadway & Barry Ave",41.937725,-87.644095,"Wilton Ave & Diversey Pkwy",41.932418,-87.652705,2762,2558,204
"Sheffield Ave & Webster Ave",41.92154,-87.653818,"Sheffield Ave & Kingsbury St",41.910522,-87.653106,2760,2374,386
"Canal St & Madison St",41.882091,-87.639833,"Franklin St & Lake St",41.885837,-87.6355,2760,2576,184
"Eckhart Park",41.89637337,-87.66098386,"Ashland Ave & Division St",41.90345,-87.667747,2759,2406,353
"Columbus Dr & Randolph St",41.884728,-87.619521,"St. Clair St & Erie St",41.8943451374,-87.6227983832,2759,2168,591
"Halsted St & Roosevelt Rd",41.867324,-87.648625,"900 W Harrison St",41.874754,-87.649807,2759,2220,539
"Dearborn Pkwy & Delaware Pl",41.898969,-87.629912,"Dearborn St & Adams St",41.8793563587,-87.6297910363,2758,2309,449
"Wells St & Walton St",41.89993001,-87.63443007,"Orleans St & Merchandise Mart Plaza",41.888243,-87.63639,2758,2365,393
"Clark St & Armitage Ave",41.918306,-87.636282,"Clark St & Wellington Ave",41.9364968219,-87.6475386582,2758,1975,783
"Mies van der Rohe Way & Chestnut St",41.8985866514,-87.6219152258,"Lake Shore Dr & North Blvd",41.911722,-87.626804,2758,1123,1635
"Wells St & Evergreen Ave",41.906724,-87.63483,"Sedgwick St & North Ave",41.910983,-87.638525,2752,2415,337
"Cityfront Plaza Dr & Pioneer Ct",41.890573,-87.622072,"Clinton St & Madison St",41.8827519657,-87.6411902905,2751,2452,299
"Clinton St & Washington Blvd",41.88338,-87.64117,"St Clair St & Erie St",41.894448,-87.622663,2747,2633,114
"Clark St & Elm St",41.903233,-87.631253,"Kingsbury St & Erie St",41.8939139,-87.6417358,2744,2354,390
"Sheffield Ave & Addison St",41.94688,-87.65445,"Pine Grove Ave & Waveland Ave",41.949275,-87.646303,2744,2550,194
"Michigan Ave & Oak St",41.90096039,-87.62377664,"Dearborn Pkwy & Delaware Pl",41.898969,-87.629912,2743,1174,1569
"DuSable Lake Shore Dr & North Blvd",41.911722,-87.626804,"Dusable Harbor",41.886976,-87.612813,2742,747,1995
"Broadway & Belmont Ave",41.940106,-87.645451,"Lake Shore Dr & North Blvd",41.911722,-87.626804,2741,1050,1691
"Western Ave & Winnebago Ave",41.91552,-87.687022,"Campbell Ave & North Ave",41.910535,-87.689556,2740,2460,280
"Lakeview Ave & Fullerton Pkwy",41.925858,-87.638973,"Clark St & Elm St",41.903233,-87.631253,2740,1936,804
"Sedgwick St & Huron St",41.894666,-87.638437,"Kingsbury St & Erie St",41.8939139,-87.6417358,2738,2451,287
"Wood St & Augusta Blvd",41.899181,-87.6722,"Ashland Ave & Division St",41.90345,-87.667747,2737,2536,201
"Clinton St & Madison St",41.8827519657,-87.6411902905,"Aberdeen St & Randolph St",41.884114,-87.654264,2735,2424,311
"Morgan St & Lake St",41.8854833079,-87.6523048564,"Desplaines St & Kinzie St",41.888716036,-87.6444478533,2733,2486,247
"Bissell St & Armitage Ave",41.91844,-87.65222,"Clifton Ave & Armitage Ave",41.918216,-87.656936,2733,2555,178
"Ashland Ave & Division St",41.90345,-87.667747,"Desplaines St & Kinzie St",41.888716036,-87.6444478533,2732,2102,630
"MLK Jr Dr & 29th St",41.842052,-87.617,"Wabash Ave & Cermak Rd",41.852619,-87.626488,2732,2400,332
"Rush St & Cedar St",41.9023087012,-87.627690528,"Clark St & Armitage Ave",41.918306,-87.636282,2732,1713,1019
"Clark St & Schiller St",41.907993,-87.631501,"Clark St & Lincoln Ave",41.915689,-87.6346,2728,1914,814
"LaSalle St & Jackson Blvd",41.87817,-87.631985,"Columbus Dr & Randolph St",41.884728,-87.619521,2728,2577,151
"Sheffield Ave & Wrightwood Ave",41.928712,-87.653833,"Clifton Ave & Armitage Ave",41.918216,-87.656936,2727,2374,353
"Franklin St & Lake St",41.885837,-87.6355,"Franklin St & Monroe St",41.880317,-87.635185,2727,2483,244
"Western Ave & Walton St",41.8984176894,-87.6865960164,"Damen Ave & Chicago Ave",41.895769,-87.67722,2725,2384,341
"Franklin St & Lake St",41.885837,-87.6355,"Dearborn Pkwy & Delaware Pl",41.898969,-87.629912,2724,2365,359
"Canal St & Adams St",41.879255,-87.639904,"Loomis St & Jackson Blvd",41.877945,-87.662007,2723,2533,190
"Mies van der Rohe Way & Chicago Ave",41.89691,-87.621743,"Lake Shore Dr & Ohio St",41.89257,-87.614492,2723,1652,1071
"Clybourn Ave & Division St",41.904613,-87.640552,"Wells St & Concord Ln",41.912133,-87.634656,2721,2561,160
"Michigan Ave & 14th St",41.864059,-87.623727,"Calumet Ave & 18th St",41.857611,-87.619407,2720,2208,512
"Broadway & Barry Ave",41.937725,-87.644095,"Lake Shore Dr & Belmont Ave",41.940775,-87.639192,2719,2311,408
"Lake Shore Dr & North Blvd",41.911722,-87.626804,"Dearborn St & Erie St",41.893992,-87.629318,2718,1598,1120
"Sheridan Rd & Buena Ave",41.958494,-87.654966,"Sheridan Rd & Montrose Ave",41.96167,-87.65464,2717,2344,373
"Broadway & Cornelia Ave",41.945529,-87.646439,"Broadway & Barry Ave",41.937582316,-87.644097805,2716,2194,522
"Wilton Ave & Belmont Ave",41.94018,-87.65304,"Sheridan Rd & Irving Park Rd",41.954245,-87.654406,2714,2337,377
"Canal St & Monroe St",41.8807,-87.63947,"Kingsbury St & Erie St",41.8939139,-87.6417358,2713,2529,184
"Fairbanks Ct & Grand Ave",41.89186,-87.62062,"State St & Kinzie St",41.88918,-87.6277,2713,2019,694
"Sheffield Ave & Waveland Ave",41.949399,-87.654529,"Ashland Ave & Grace St",41.950687,-87.6687,2712,2319,393
"Michigan Ave & 18th St",41.857926,-87.624336,"Michigan Ave & 14th St",41.864059,-87.623727,2711,2003,708
"Wabash Ave & Cermak Rd",41.852619,-87.626488,"Calumet Ave & 21st St",41.8541842495,-87.6191537415,2711,2540,171
"Larrabee St & Kingsbury St",41.897764,-87.642884,"Wells St & Concord Ln",41.912133,-87.634656,2709,2464,245
"Wilton Ave & Belmont Ave",41.94018,-87.65304,"Pine Grove Ave & Waveland Ave",41.949275,-87.646303,2709,2420,289
"Wells St & Huron St",41.8947953,-87.6343743,"Wells St & Hubbard St",41.889906,-87.634266,2708,2212,496
"Ogden Ave & Congress Pkwy",41.87501,-87.67328,"Wolcott Ave & Polk St",41.871262,-87.673688,2704,2617,87
"Kingsbury St & Kinzie St",41.8891768326,-87.6385057718,"Halsted St & Fulton St",41.886871,-87.648089,2703,1866,837
"Damen Ave & Chicago Ave",41.895769,-87.67722,"Wood St & Milwaukee Ave",41.907655,-87.672552,2701,2311,390
"Wells St & Concord Ln",41.912133,-87.634656,"Halsted St & Dickens Ave",41.919936,-87.64883,2700,2137,563
"Avondale Ave & Irving Park Rd",41.953393,-87.732002,"Kilbourn Ave & Irving Park Rd",41.953733,-87.740569,2698,2464,234
"Dearborn St & Erie St",41.893992,-87.629318,"Wells St & Evergreen Ave",41.906724,-87.63483,2698,1913,785
"Streeter Dr & Grand Ave",41.892278,-87.612043,"Canal St & Adams St",41.879255,-87.639904,2697,1788,909
"Wells St & Evergreen Ave",41.906724,-87.63483,"Larrabee St & Webster Ave",41.921822,-87.64414,2697,1777,920
"Canal St & Adams St",41.879255,-87.639904,"Wabash Ave & Roosevelt Rd",41.867227,-87.625961,2695,2344,351
"Wilton Ave & Belmont Ave",41.94018,-87.65304,"Clark St & Wrightwood Ave",41.929546,-87.643118,2695,2136,559
"Sheffield Ave & Waveland Ave",41.949399,-87.654529,"Broadway & Belmont Ave",41.940106,-87.645451,2692,2177,515
"Clark St & Wrightwood Ave",41.929546,-87.643118,"Sheffield Ave & Webster Ave",41.92154,-87.653818,2691,2149,542
"McClurg Ct & Illinois St",41.89102,-87.6173,"Mies van der Rohe Way & Chestnut St",41.8985866514,-87.6219152258,2689,1983,706
"Racine Ave & Fullerton Ave",41.92556258,-87.65840426,"Greenview Ave & Fullerton Ave",41.92533,-87.6658,2689,2534,155
"Sheridan Rd & Montrose Ave",41.96167,-87.65464,"Halsted St & Roscoe St",41.94367,-87.64895,2688,2080,608
"Milwaukee Ave & Rockwell St",41.920195,-87.693033,"Kedzie Ave & Milwaukee Ave",41.929567,-87.707857,2688,1974,714
"Wabash Ave & Wacker Pl",41.886875,-87.62603,"Dearborn St & Erie St",41.893992,-87.629318,2687,1910,777
"Ada St & Washington Blvd",41.88283,-87.661206,"Sangamon St & Washington Blvd",41.883004,-87.651148,2687,2583,104
"Marine Dr & Ainslie St",41.9716,-87.650154,"Montrose Harbor",41.963982,-87.638181,2686,1270,1416
"Sedgwick St & Huron St",41.894666,-87.638437,"Orleans St & Merchandise Mart Plaza",41.888243,-87.63639,2684,2348,336
"Kingsbury St & Erie St",41.8939139,-87.6417358,"Daley Center Plaza",41.884241,-87.629634,2684,2524,160
"Dearborn St & Adams St",41.8793563587,-87.6297910363,"Franklin St & Quincy St",41.878724,-87.634793,2683,2475,208
"Clark St & Lincoln Ave",41.915689,-87.6346,"Sheffield Ave & Wrightwood Ave",41.928712,-87.653833,2681,1659,1022
"Lincoln Ave & Diversey Pkwy",41.932225,-87.658617,"Racine Ave & Fullerton Ave",41.92556258,-87.65840426,2679,2396,283
"Adler Planetarium",41.866095,-87.607267,"Michigan Ave & Congress Pkwy",41.8760656,-87.62443336,2677,256,2421
"Streeter Dr & Grand Ave",41.892278,-87.612043,"Michigan Ave & Congress Pkwy",41.8760656,-87.62443336,2674,179,2495
"Clinton St & Jackson Blvd",41.8783166118,-87.6409810781,"Halsted St & Polk St",41.87184,-87.64664,2673,2232,441
"Broadway & Sheridan Rd",41.952833,-87.649993,"Clark St & Grace St",41.95078,-87.659172,2673,2069,604
"Broadway & Belmont Ave",41.940106,-87.645451,"Halsted St & Roscoe St",41.94367,-87.64895,2673,2247,426
"Leavitt St & Lawrence Ave",41.968885,-87.684001,"Damen Ave & Leland Ave",41.967094,-87.679028,2672,2479,193
"Wells St & Elm St",41.903222,-87.634324,"Larrabee St & Oak St",41.9002194932,-87.6429854676,2671,2410,261
"Clark St & Elm St",41.903233,-87.631253,"State St & Kinzie St",41.88918,-87.6277,2671,2173,498
"Federal St & Polk St",41.8720776329,-87.6295437729,"Michigan Ave & 14th St",41.864059,-87.623727,2670,2068,602
"Sheffield Ave & Willow St",41.913688,-87.652855,"Clark St & Lincoln Ave",41.915689,-87.6346,2667,2115,552
"Clark St & Randolph St",41.884576228,-87.63188991,"Clark St & Elm St",41.903233,-87.631253,2666,2344,322
"California Ave & Altgeld St",41.92669,-87.697668,"California Ave & Milwaukee Ave",41.922695,-87.697153,2665,2469,196
"Wood St & Division St",41.90332,-87.67273,"Damen Ave & Pierce Ave",41.9093960065,-87.6776919292,2665,2086,579
"Clark St & Armitage Ave",41.918306,-87.636282,"Dearborn Pkwy & Delaware Pl",41.898969,-87.629912,2664,1706,958
"Milwaukee Ave & Wabansia Ave",41.912616,-87.681391,"Western Ave & Winnebago Ave",41.91552,-87.687022,2664,2306,358
"Lake Park Ave & 56th St",41.793242,-87.587782,"Kimbark Ave & 53rd St",41.799568,-87.594747,2664,2188,476
"Morgan Ave & 14th Pl",41.862378,-87.651062,"Halsted St & Maxwell St",41.864883,-87.647071,2663,2447,216
"Racine Ave & Congress Pkwy",41.87464,-87.65703,"Aberdeen St & Jackson Blvd",41.87772613,-87.65478743,2660,2441,219
"Clifton Ave & Armitage Ave",41.918216,-87.656936,"Dayton St & North Ave",41.9105780349,-87.6494219288,2658,2390,268
"Wells St & Elm St",41.903222,-87.634324,"Clark St & Lincoln Ave",41.915689,-87.6346,2657,1858,799
"Franklin St & Lake St",41.885837,-87.6355,"Clark St & Elm St",41.903233,-87.631253,2656,2317,339
"Dayton St & North Ave",41.9105780349,-87.6494219288,"Clybourn Ave & Division St",41.904613,-87.640552,2653,2300,353
"Kingsbury St & Erie St",41.8939139,-87.6417358,"Wells St & Huron St",41.8947953,-87.6343743,2653,2369,284
"Wilton Ave & Diversey Pkwy",41.932418,-87.652705,"Theater on the Lake",41.926277,-87.630834,2648,1190,1458
"Clinton St & Washington Blvd",41.88338,-87.64117,"Ashland Ave & Division St",41.90345,-87.667747,2645,2407,238
"Morgan St & 18th St",41.858086,-87.651073,"Paulina St & 18th St",41.857901,-87.668745,2644,2000,644
"Clark St & Armitage Ave",41.918306,-87.636282,"Sheffield Ave & Willow St",41.913688,-87.652855,2644,2181,463
"Lincoln Ave & Diversey Pkwy",41.932225,-87.658617,"Racine Ave & Belmont Ave",41.939743,-87.658865,2642,2294,348
"Sheffield Ave & Wellington Ave",41.9362534831,-87.6526620984,"Ashland Ave & Wellington Ave",41.936083,-87.669807,2641,2288,353
"Sedgwick St & North Ave",41.910983,-87.638525,"Larrabee St & Division St",41.90348607,-87.6433534936,2636,2325,311
"Clinton St & Madison St",41.8827519657,-87.6411902905,"Clark St & Congress Pkwy",41.8759326655,-87.6305845355,2635,2550,85
"Sheridan Rd & Buena Ave",41.958494,-87.654966,"Sheffield Ave & Waveland Ave",41.949399,-87.654529,2633,1782,851
"Michigan Ave & Washington St",41.8838927658,-87.6246491409,"Wabash Ave & Roosevelt Rd",41.867227,-87.625961,2632,1939,693
"Sedgwick St & Webster Ave",41.922167,-87.638888,"Halsted St & Dickens Ave",41.919936,-87.64883,2632,2155,477
"New St & Illinois St",41.8908470406,-87.6186168194,"Streeter Dr & Grand Ave",41.892278,-87.612043,2632,814,1818
"Rush St & Cedar St",41.9023087012,-87.627690528,"St. Clair St & Erie St",41.8943451374,-87.6227983832,2631,2038,593
"Halsted St & Clybourn Ave",41.909668,-87.648128,"Larrabee St & Kingsbury St",41.897764,-87.642884,2631,2382,249
"May St & Fulton St",41.886773,-87.656001,"Morgan St & Lake St",41.8854833079,-87.6523048564,2630,2580,50
"Racine Ave & Belmont Ave",41.939743,-87.658865,"Southport Ave & Waveland Ave",41.94815,-87.66394,2628,2124,504
"Rush St & Cedar St",41.9023087012,-87.627690528,"Wells St & Concord Ln",41.912133,-87.634656,2624,2024,600
"Streeter Dr & Grand Ave",41.892278,-87.612043,"Lincoln Park Conservatory",41.9239313114,-87.6358245313,2621,322,2299
"State St & Randolph St",41.8847302006,-87.6277335692,"Michigan Ave & Lake St",41.886024,-87.624117,2619,1940,679
"Michigan Ave & Pearson St",41.89766,-87.62351,"Canal St & Adams St",41.879255,-87.639904,2618,2181,437
"Green St & Madison St",41.881859328,-87.6492637396,"Aberdeen St & Monroe St",41.880419,-87.655519,2618,2463,155
"Canal St & Monroe St",41.8807,-87.63947,"Orleans St & Merchandise Mart Plaza",41.888243,-87.63639,2618,2387,231
"Calumet Ave & 18th St",41.857611,-87.619407,"Michigan Ave & 18th St",41.857926,-87.624336,2617,2038,579
"Museum Campus",41.865212,-87.617759,"Wabash Ave & Roosevelt Rd",41.867227,-87.625961,2617,1087,1530
"Theater on the Lake",41.926277,-87.630834,"Southport Ave & Roscoe St",41.943739,-87.66402,2617,1197,1420
"Sedgwick St & North Ave",41.910983,-87.638525,"Clark St & Elm St",41.903233,-87.631253,2616,2068,548
"Ashland Ave & Division St",41.90345,-87.667747,"Marshfield Ave & Cortland St",41.916017,-87.668879,2616,2381,235
"Wells St & Evergreen Ave",41.906724,-87.63483,"Franklin St & Monroe St",41.880317,-87.635185,2615,2452,163
"Ashland Ave & Division St",41.90345,-87.667747,"Milwaukee Ave & Grand Ave",41.891578,-87.648384,2614,2133,481
"Clark St & Schiller St",41.907993,-87.631501,"Wells St & Huron St",41.8947953,-87.6343743,2613,2240,373
"Broadway & Barry Ave",41.937725,-87.644095,"Clark St & Wellington Ave",41.9364968219,-87.6475386582,2613,2295,318
"Dearborn St & Erie St",41.893992,-87.629318,"LaSalle St & Jackson Blvd",41.878166,-87.631929,2613,2408,205
"State St & Kinzie St",41.88918,-87.6277,"State St & Randolph St",41.8847302006,-87.6277335692,2613,1902,711
"Hampden Ct & Diversey Pkwy",41.93262,-87.642385,"Lake Shore Dr & North Blvd",41.911722,-87.626804,2612,1187,1425
"Field Museum",41.865312,-87.617867,"Wabash Ave & Roosevelt Rd",41.867227,-87.625961,2611,1336,1275
"Canal St & Harrison St",41.874255,-87.639573,"Canal St & Taylor St",41.870257,-87.639474,2610,2282,328
"Loomis St & Taylor St",41.869417,-87.660996,"Racine Ave & Congress Pkwy",41.87464,-87.65703,2609,2413,196
"Clark St & Armitage Ave",41.918306,-87.636282,"Halsted St & Wrightwood Ave",41.929143,-87.649077,2608,1866,742
"Clark St & Lincoln Ave",41.915689,-87.6346,"Clark St & Wellington Ave",41.9364968219,-87.6475386582,2607,1705,902
"Lake Shore Dr & Diversey Pkwy",41.932684,-87.63625,"Wilton Ave & Diversey Pkwy",41.932418,-87.652705,2606,2246,360
"Broadway & Sheridan Rd",41.952833,-87.649993,"Broadway & Cornelia Ave",41.945529,-87.646439,2606,2205,401
"Millennium Park",41.8810317,-87.62408432,"Mies van der Rohe Way & Chestnut St",41.8985866514,-87.6219152258,2606,526,2080
"Wilton Ave & Diversey Pkwy",41.932418,-87.652705,"Wilton Ave & Belmont Ave",41.94018,-87.65304,2599,2329,270
"Kingsbury St & Erie St",41.8939139,-87.6417358,"Clinton St & Lake St",41.88583274,-87.64138231,2597,2415,182
"DuSable Lake Shore Dr & Monroe St",41.880958,-87.616743,"Burnham Harbor",41.8574117871,-87.6137915254,2594,1074,1520
"Streeter Dr & Grand Ave",41.892278,-87.612043,"State St & Randolph St",41.8847302006,-87.6277335692,2593,646,1947
"Field Museum",41.865312,-87.617867,"DuSable Lake Shore Dr & Monroe St",41.880958,-87.616743,2592,273,2319
"Lake Shore Dr & Monroe St",41.880958,-87.616743,"State St & Kinzie St",41.88918,-87.6277,2591,509,2082
"Dearborn Pkwy & Delaware Pl",41.898969,-87.629912,"Clark St & Randolph St",41.884576228,-87.63188991,2589,2264,325
"Clark St & Lake St",41.8860208277,-87.6308760584,"Streeter Dr & Grand Ave",41.892278,-87.612043,2585,930,1655
"Southport Ave & Wellington Ave",41.9357746177,-87.6636001468,"Sheffield Ave & Wellington Ave",41.9362534831,-87.6526620984,2584,2036,548
"Broadway & Barry Ave",41.937725,-87.644095,"Pine Grove Ave & Irving Park Rd",41.954383,-87.648043,2584,2179,405
"Michigan Ave & Jackson Blvd",41.87785,-87.62408,"Field Museum",41.865312,-87.617867,2581,310,2271
"Mies van der Rohe Way & Chestnut St",41.8985866514,-87.6219152258,"Theater on the Lake",41.926277,-87.630834,2579,938,1641
"Lake Shore Dr & Diversey Pkwy",41.932684,-87.63625,"Cannon Dr & Fullerton Ave",41.9267559875,-87.6344287848,2578,1227,1351
"Clarendon Ave & Leland Ave",41.967968,-87.650001,"Montrose Harbor",41.963982,-87.638181,2576,1190,1386
"McClurg Ct & Illinois St",41.89102,-87.6173,"Indiana Ave & Roosevelt Rd",41.867888,-87.623041,2576,1478,1098
"McClurg Ct & Illinois St",41.89102,-87.6173,"St. Clair St & Erie St",41.8943451374,-87.6227983832,2576,1800,776
"Clinton St & Polk St",41.8714665178,-87.6409491327,"Clinton St & Madison St",41.8827519657,-87.6411902905,2575,2365,210
"Damen Ave & Chicago Ave",41.895769,-87.67722,"Eckhart Park",41.89637337,-87.66098386,2573,2257,316
"Larrabee St & Kingsbury St",41.897764,-87.642884,"State St & Pearson St",41.897448,-87.628722,2573,2274,299
"Lake Shore Dr & Monroe St",41.880958,-87.616743,"Buckingham Fountain",41.876368,-87.6205586,2573,330,2243
"Daley Center Plaza",41.884451,-87.629892,"Canal St & Adams St",41.879255,-87.639904,2571,2458,113
"Larrabee St & Webster Ave",41.921822,-87.64414,"Larrabee St & Kingsbury St",41.897764,-87.642884,2570,2274,296
"Wacker Dr & Washington St Corral",41.88316,-87.63736,"Ada St & Washington Blvd",41.88283,-87.661206,2570,2497,73
"Kingsbury St & Kinzie St",41.8891768326,-87.6385057718,"Clinton St & Lake St",41.88583274,-87.64138231,2568,2515,53
"Wabash Ave & Adams St",41.8794723523,-87.6256886059,"Franklin St & Jackson Blvd",41.8777079559,-87.6353211408,2567,2085,482
"Lakefront Trail & Bryn Mawr Ave",41.9840441152,-87.6522812247,"Sheridan Rd & Loyola Ave",42.0010437798,-87.6611982433,2567,1528,1039
"California Ave & North Ave",41.91044,-87.6972,"Damen Ave & Pierce Ave",41.9093960065,-87.6776919292,2567,2138,429
"Cannon Dr & Fullerton Ave",41.9267559875,-87.6344287848,"Lake Shore Dr & Belmont Ave",41.940775,-87.639192,2565,1181,1384
"MLK Jr Dr & 29th St",41.842052,-87.617,"Wabash Ave & Roosevelt Rd",41.867227,-87.625961,2563,2285,278
"Daley Center Plaza",41.884241,-87.629634,"Dearborn St & Monroe St",41.881319815,-87.6295209193,2562,2227,335
"Wells St & Concord Ln",41.912133,-87.634656,"Kingsbury St & Kinzie St",41.8891768326,-87.6385057718,2561,2192,369
"Broadway & Barry Ave",41.937582316,-87.644097805,"Broadway & Waveland Ave",41.949074,-87.648636,2559,1861,698
"Dayton St & North Ave",41.9105780349,-87.6494219288,"Larrabee St & Kingsbury St",41.897764,-87.642884,2558,2287,271
"Larrabee St & North Ave",41.91021,-87.6435,"Kingsbury St & Kinzie St",41.8891768326,-87.6385057718,2556,2391,165
"Clinton St & Madison St",41.8827519657,-87.6411902905,"Carpenter St & Huron St",41.894556,-87.653449,2553,2306,247
"Clarendon Ave & Junior Ter",41.961004,-87.649603,"Broadway & Sheridan Rd",41.952833,-87.649993,2553,2066,487
"Milwaukee Ave & Rockwell St",41.920195,-87.693033,"California Ave & Milwaukee Ave",41.922695,-87.697153,2553,2043,510
"Clinton St & Madison St",41.8827519657,-87.6411902905,"Canal St & Taylor St",41.870257,-87.639474,2550,2251,299
"Clinton St & Madison St",41.8827519657,-87.6411902905,"Financial Pl & Ida B Wells Dr",41.875023628,-87.6330940425,2550,2387,163
"Racine Ave & 18th St",41.8581806068,-87.6564866473,"Morgan St & Polk St",41.871737,-87.65103,2550,2381,169
"Mies van der Rohe Way & Chestnut St",41.8985866514,-87.6219152258,"St. Clair St & Erie St",41.8943451374,-87.6227983832,2549,1745,804
"Michigan Ave & Oak St",41.90096039,-87.62377664,"Dearborn St & Erie St",41.893992,-87.629318,2548,1270,1278
"Michigan Ave & Pearson St",41.89766,-87.62351,"Clark St & Elm St",41.903233,-87.631253,2548,1845,703
"Michigan Ave & Congress Pkwy",41.8760656,-87.62443336,"Michigan Ave & Washington St",41.8838927658,-87.6246491409,2548,777,1771
"Lake Park Ave & 47th St",41.809443,-87.591875,"Greenwood Ave & 47th St",41.809835,-87.599383,2547,2144,403
"Ashland Ave & Blackhawk St",41.907066,-87.667252,"Ashland Ave & Division St",41.90345,-87.667747,2547,2289,258
"Wells St & Hubbard St",41.889906,-87.634266,"Canal St & Adams St",41.879255,-87.639904,2545,2203,342
"Sheridan Rd & Montrose Ave",41.96167,-87.65464,"Clark St & Montrose Ave",41.961588,-87.666036,2543,2008,535
"Manor Ave & Leland Ave",41.965875,-87.700825,"Francisco Ave & Foster Ave",41.9756327252,-87.7014194389,2541,2409,132
"Stetson Ave & South Water St",41.886835,-87.62232,"Michigan Ave & Madison St",41.882134,-87.625125,2540,2162,378
"Montrose Harbor",41.963982,-87.638181,"Clarendon Ave & Gordon Ter",41.957879,-87.649519,2540,1612,928
"Franklin St & Jackson Blvd",41.8777079559,-87.6353211408,"Desplaines St & Kinzie St",41.888716036,-87.6444478533,2539,2272,267
"Clark St & Lake St",41.8860208277,-87.6308760584,"Clark St & Schiller St",41.907993,-87.631501,2536,2210,326
"Michigan Ave & Madison St",41.882134,-87.625125,"Wabash Ave & Roosevelt Rd",41.867227,-87.625961,2536,2018,518
"Theater on the Lake",41.926277,-87.630834,"Sheffield Ave & Waveland Ave",41.949399,-87.654529,2535,853,1682
"Wells St & Walton St",41.89993001,-87.63443007,"Wells St & Huron St",41.8947953,-87.6343743,2533,2106,427
"Southport Ave & Wellington Ave",41.935733,-87.663576,"Racine Ave & Belmont Ave",41.939743,-87.658865,2533,2359,174
"Lake Shore Dr & North Blvd",41.911722,-87.626804,"Pine Grove Ave & Irving Park Rd",41.954383,-87.648043,2533,1094,1439
"Indiana Ave & Roosevelt Rd",41.867888,-87.623041,"Lake Shore Dr & North Blvd",41.911722,-87.626804,2531,1227,1304
"Sheffield Ave & Webster Ave",41.92154,-87.653818,"Clifton Ave & Armitage Ave",41.918216,-87.656936,2530,2252,278
"Broadway & Waveland Ave",41.949074,-87.648636,"Broadway & Cornelia Ave",41.945529,-87.646439,2530,2224,306
"Dearborn Pkwy & Delaware Pl",41.898969,-87.629912,"Mies van der Rohe Way & Chicago Ave",41.89691,-87.621743,2528,2283,245
"Dearborn St & Adams St",41.8793563587,-87.6297910363,"LaSalle St & Washington St",41.882664,-87.63253,2525,1399,1126
"Clinton St & Washington Blvd",41.88338,-87.64117,"Wells St & Hubbard St",41.889933,-87.634262,2525,2406,119
"Millennium Park",41.8810317,-87.62408432,"Field Blvd & South Water St",41.8863490627,-87.6175165471,2525,1279,1246
"Indiana Ave & Roosevelt Rd",41.867888,-87.623041,"Franklin St & Monroe St",41.880317,-87.635185,2523,2314,209
"Rush St & Superior St",41.8957647456,-87.6259080327,"Wabash Ave & Grand Ave",41.891466,-87.626761,2523,1998,525
"Wells St & Huron St",41.8947953,-87.6343743,"Franklin St & Lake St",41.885837,-87.6355,2523,2093,430
"Broadway & Barry Ave",41.937725,-87.644095,"Lake Shore Dr & Diversey Pkwy",41.932684,-87.63625,2522,2085,437
"Dearborn St & Monroe St",41.881319815,-87.6295209193,"Streeter Dr & Grand Ave",41.892278,-87.612043,2521,1222,1299
"Franklin St & Lake St",41.885837,-87.6355,"Wells St & Elm St",41.903222,-87.634324,2520,2092,428
"Halsted St & Polk St",41.87184,-87.64664,"Halsted St & Roosevelt Rd",41.867324,-87.648625,2520,2264,256
"Canal St & Madison St",41.882091,-87.639833,"Ada St & Washington Blvd",41.88283,-87.661206,2520,2438,82
"Wabash Ave & Grand Ave",41.891738,-87.626937,"Streeter Dr & Grand Ave",41.892278,-87.612043,2518,657,1861
"Mies van der Rohe Way & Chestnut St",41.8985866514,-87.6219152258,"Canal St & Adams St",41.879255,-87.639904,2517,2229,288
"Jefferson St & Monroe St",41.880422,-87.642746,"Dearborn St & Monroe St",41.881319815,-87.6295209193,2517,2318,199
"Wells St & Elm St",41.903222,-87.634324,"Orleans St & Chestnut St (NEXT Apts)",41.898203,-87.637536,2517,1959,558
"Wells St & Evergreen Ave",41.906724,-87.63483,"Larrabee St & Kingsbury St",41.897764,-87.642884,2515,2185,330
"Clark St & Schiller St",41.907993,-87.631501,"State St & Pearson St",41.897448,-87.628722,2514,2271,243
"Ellis Ave & 60th St",41.7850971464,-87.6010727606,"Lake Park Ave & 53rd St",41.7994942937,-87.5864498959,2514,1914,600
"Clinton St & Madison St",41.8827519657,-87.6411902905,"Racine Ave & Congress Pkwy",41.87464,-87.65703,2513,2337,176
"Noble St & Milwaukee Ave",41.90068,-87.6626,"Ashland Ave & Division St",41.90345,-87.667747,2513,2258,255
"Clinton St & Washington Blvd",41.88338,-87.64117,"Desplaines St & Jackson Blvd",41.8781189009,-87.6439476013,2512,2390,122
"Franklin St & Monroe St",41.880317,-87.635185,"Clark St & Lake St",41.8860208277,-87.6308760584,2512,2226,286
"Desplaines St & Kinzie St",41.888716036,-87.6444478533,"May St & Fulton St",41.886773,-87.656001,2511,2408,103
"Ritchie Ct & Banks St",41.906866,-87.626217,"Streeter Dr & Grand Ave",41.892278,-87.612043,2511,835,1676
"Canal St & Monroe St",41.8807,-87.63947,"Dearborn St & Adams St",41.8793563587,-87.6297910363,2508,2363,145
"Paulina St & Howard St",42.019159,-87.673573,"Western Ave & Howard St",42.018901,-87.690048,2507,2028,479
"Millennium Park",41.8810317,-87.62408432,"State St & Van Buren St",41.877181,-87.627844,2507,729,1778
"Kingsbury St & Kinzie St",41.8891768326,-87.6385057718,"Ogden Ave & Race Ave",41.891795,-87.658751,2506,2028,478
"Green St & Randolph St*",41.8836016573,-87.6486267149,"Milwaukee Ave & Grand Ave",41.891578,-87.648384,2506,2266,240
"LaSalle St & Jackson Blvd",41.87817,-87.631985,"Clark St & Randolph St",41.884576228,-87.63188991,2506,2365,141
"Daley Center Plaza",41.884241,-87.629634,"Streeter Dr & Grand Ave",41.892278,-87.612043,2505,1118,1387
"Clark St & Berwyn Ave",41.9780306225,-87.6685649157,"Clark St & Bryn Mawr Ave",41.983593,-87.669154,2504,2230,274
"Broadway & Sheridan Rd",41.952833,-87.649993,"Sheffield Ave & Waveland Ave",41.949399,-87.654529,2503,1828,675
"Wood St & Milwaukee Ave",41.907655,-87.672552,"Ashland Ave & Blackhawk St",41.907066,-87.667252,2502,2226,276
"Indiana Ave & 31st St",41.838842,-87.621857,"Rhodes Ave & 32nd St",41.836208,-87.613533,2502,2413,89
"Racine Ave & Belmont Ave",41.939743,-87.658865,"Clark St & Wellington Ave",41.9364968219,-87.6475386582,2502,2194,308
"900 W Harrison St",41.874754,-87.649807,"May St & Taylor St",41.8694821,-87.6554864,2502,2275,227
"Hermitage Ave & Polk St",41.871514,-87.669886,"Loomis St & Taylor St",41.869417,-87.660996,2500,2359,141
"Broadway & Thorndale Ave",41.9897425114,-87.6601406209,"Broadway & Berwyn Ave",41.978353,-87.659753,2500,2170,330
"Kingsbury St & Erie St",41.8939139,-87.6417358,"McClurg Ct & Illinois St",41.89102,-87.6173,2500,2229,271
"Shedd Aquarium",41.8672259568,-87.6153553902,"Wabash Ave & Wacker Pl",41.886875,-87.62603,2500,234,2266
"Calumet Ave & 33rd St",41.8349,-87.61793,"State St & 35th St",41.83104,-87.62688,2499,2379,120
"Larrabee St & North Ave",41.91021,-87.6435,"Larrabee St & Kingsbury St",41.897764,-87.642884,2499,2152,347
"Sheridan Rd & Buena Ave",41.958494,-87.654966,"Theater on the Lake",41.926277,-87.630834,2497,1815,682
"Kingsbury St & Kinzie St",41.8891768326,-87.6385057718,"LaSalle St & Illinois St",41.890762,-87.631697,2497,2220,277
"Stockton Dr & Wrightwood Ave",41.93132,-87.638742,"Wilton Ave & Diversey Pkwy",41.932418,-87.652705,2497,2081,416
"Broadway & Barry Ave",41.937582316,-87.644097805,"Sheffield Ave & Wellington Ave",41.9362534831,-87.6526620984,2497,1889,608
"Franklin St & Monroe St",41.880317,-87.635185,"Michigan Ave & Madison St",41.882134,-87.625125,2496,2062,434
"McClurg Ct & Illinois St",41.89102,-87.6173,"Clark St & Randolph St",41.884576228,-87.63188991,2495,2020,475
"Streeter Dr & Grand Ave",41.892278,-87.612043,"Fairbanks Ct & Grand Ave",41.8918473721,-87.6205801964,2494,612,1882
"Michigan Ave & Madison St",41.882134,-87.625125,"Indiana Ave & Roosevelt Rd",41.867888,-87.623041,2493,1722,771
"Canal St & Madison St",41.882409,-87.639767,"LaSalle St & Jackson Blvd",41.878166,-87.631929,2491,2060,431
"Lakeview Ave & Fullerton Pkwy",41.925858,-87.638973,"Clark St & Drummond Pl",41.931248,-87.644336,2489,2129,360
"Clark St & Elm St",41.903233,-87.631253,"Franklin St & Chicago Ave",41.89679,-87.63564,2489,2191,298
"Mies van der Rohe Way & Chestnut St",41.8985866514,-87.6219152258,"Dearborn St & Erie St",41.893992,-87.629318,2487,1810,677
"State St & Randolph St",41.8847302006,-87.6277335692,"Fairbanks Ct & Grand Ave",41.89186,-87.62062,2487,1862,625
"Loomis St & Jackson Blvd",41.877945,-87.662007,"Peoria St & Jackson Blvd",41.877749,-87.649633,2484,2364,120
"Theater on the Lake",41.926277,-87.630834,"DuSable Lake Shore Dr & North Blvd",41.911722,-87.626804,2484,845,1639
"Franklin St & Jackson Blvd",41.8777079559,-87.6353211408,"Adler Planetarium",41.866095,-87.607267,2483,1462,1021
"Green St & Madison St",41.881859328,-87.6492637396,"Franklin St & Jackson Blvd",41.8777079559,-87.6353211408,2480,2108,372
"Millennium Park",41.8810317,-87.62408432,"State St & Harrison St",41.874053,-87.627716,2479,869,1610
"St. Clair St & Erie St",41.8943451374,-87.6227983832,"Wabash Ave & Grand Ave",41.891466,-87.626761,2479,2028,451
"Michigan Ave & Washington St",41.8838927658,-87.6246491409,"State St & Kinzie St",41.88918,-87.6277,2479,1220,1259
"Sedgwick St & North Ave",41.910983,-87.638525,"Franklin St & Monroe St",41.880317,-87.635185,2478,2416,62
"State St & Randolph St",41.8847302006,-87.6277335692,"Wabash Ave & Grand Ave",41.891738,-87.626937,2478,1696,782
"State St & Kinzie St",41.88918,-87.6277,"Clark St & Congress Pkwy",41.8759326655,-87.6305845355,2476,2254,222
"Clark St & Lincoln Ave",41.915689,-87.6346,"Lake Shore Dr & Monroe St",41.880958,-87.616743,2475,703,1772
"Montrose Harbor",41.963982,-87.638181,"Sheridan Rd & Buena Ave",41.958494,-87.654966,2474,1431,1043
"Calumet Ave & 33rd St",41.8349,-87.61793,"Wentworth Ave & 33rd St",41.8345298856,-87.6318229814,2474,2321,153
"Larrabee St & Webster Ave",41.921822,-87.64414,"Clark St & Wrightwood Ave",41.929546,-87.643118,2474,2028,446
"Millennium Park",41.8810317,-87.62408432,"Dearborn St & Monroe St",41.881319815,-87.6295209193,2473,943,1530
"Wabash Ave & Roosevelt Rd",41.867227,-87.625961,"Streeter Dr & Grand Ave",41.892278,-87.612043,2473,864,1609
"Clinton St & Madison St",41.8827519657,-87.6411902905,"Clinton St & Roosevelt Rd",41.8671177825,-87.6410879593,2471,2129,342
"Southport Ave & Roscoe St",41.943739,-87.66402,"Clark St & Grace St",41.95078,-87.659172,2471,1830,641
"LaSalle St & Jackson Blvd",41.87817,-87.631985,"Michigan Ave & Washington St",41.8838927658,-87.6246491409,2471,2130,341
"LaSalle St & Washington St",41.882664,-87.63253,"Dearborn Pkwy & Delaware Pl",41.898969,-87.629912,2470,2236,234
"Morgan St & Polk St",41.871737,-87.65103,"Clinton St & Washington Blvd",41.88338,-87.64117,2469,2363,106
"St. Clair St & Erie St",41.8943451374,-87.6227983832,"Larrabee St & Kingsbury St",41.897764,-87.642884,2469,2271,198
"Millennium Park",41.8810317,-87.62408432,"Wabash Ave & Grand Ave",41.891466,-87.626761,2468,502,1966
"Clark St & North Ave",41.911974,-87.631942,"Stockton Dr & Wrightwood Ave",41.93132,-87.638742,2468,1369,1099
"Clinton St & Madison St",41.8827519657,-87.6411902905,"Wells St & Hubbard St",41.889906,-87.634266,2467,2165,302
"Halsted St & Dickens Ave",41.919936,-87.64883,"Sheffield Ave & Kingsbury St",41.910522,-87.653106,2467,2257,210
"Clark St & Elm St",41.903233,-87.631253,"State St & Chicago Ave",41.8966172004,-87.6285785437,2465,2070,395
"Wells St & Elm St",41.903222,-87.634324,"Halsted St & Clybourn Ave",41.909668,-87.648128,2464,1836,628
"Columbus Dr & Randolph St",41.884728,-87.619521,"Orleans St & Merchandise Mart Plaza",41.888243,-87.63639,2464,2107,357
"Broadway & Barry Ave",41.937725,-87.644095,"Broadway & Sheridan Rd",41.952833,-87.649993,2464,2206,258
"Halsted St & Roscoe St",41.94367,-87.64895,"Halsted St & Diversey Pkwy",41.933341,-87.648747,2464,2182,282
"Clark St & Drummond Pl",41.931248,-87.644336,"Clark St & Lincoln Ave",41.915689,-87.6346,2462,1574,888
"McClurg Ct & Erie St",41.894503,-87.617854,"Clinton St & Madison St",41.8827519657,-87.6411902905,2462,2353,109
"Franklin St & Jackson Blvd",41.8777079559,-87.6353211408,"Streeter Dr & Grand Ave",41.892278,-87.612043,2462,507,1955
"Canal St & Jackson Blvd",41.877988,-87.640769,"State St & Van Buren St",41.877181,-87.627844,2459,2216,243
"Clinton St & Washington Blvd",41.88338,-87.64117,"Mies van der Rohe Way & Chestnut St",41.8985866514,-87.6219152258,2455,2260,195
"State St & Kinzie St",41.8893754666,-87.6270765066,"Clinton St & Washington Blvd",41.88338,-87.64117,2454,2120,334
"Stetson Ave & South Water St",41.886835,-87.62232,"Franklin St & Lake St",41.885837,-87.6355,2453,2181,272
"Clark St & Armitage Ave",41.918306,-87.636282,"St. Clair St & Erie St",41.8943451374,-87.6227983832,2453,1890,563
"Clinton St & Madison St",41.8827519657,-87.6411902905,"Wabash Ave & Grand Ave",41.891466,-87.626761,2453,2140,313
"Stetson Ave & South Water St",41.886835,-87.62232,"Cityfront Plaza Dr & Pioneer Ct",41.890573,-87.622072,2452,2015,437
"Pine Grove Ave & Waveland Ave",41.9494727409,-87.6464527845,"Pine Grove Ave & Irving Park Rd",41.954383,-87.648043,2452,2121,331
"State St & Kinzie St",41.88918,-87.6277,"Dearborn St & Adams St",41.8793563587,-87.6297910363,2451,1857,594
"Larrabee St & Kingsbury St",41.897764,-87.642884,"State St & Chicago Ave",41.8966172004,-87.6285785437,2451,1707,744
"Clinton St & Tilden St",41.875885,-87.640795,"Jefferson St & Monroe St",41.880422,-87.642746,2450,2370,80
"Broadway & Cornelia Ave",41.945529,-87.646439,"Theater on the Lake",41.926277,-87.630834,2450,1210,1240
"Franklin St & Quincy St",41.878724,-87.634793,"Michigan Ave & Jackson Blvd",41.87785,-87.62408,2450,2117,333
"Pine Grove Ave & Waveland Ave",41.949275,-87.646303,"Clarendon Ave & Gordon Ter",41.957879,-87.649519,2450,2293,157
"McClurg Ct & Illinois St",41.89102,-87.6173,"Clinton St & Madison St",41.8827519657,-87.6411902905,2449,2092,357
"Clinton St & Jackson Blvd",41.8783166118,-87.6409810781,"Larrabee St & Kingsbury St",41.897764,-87.642884,2448,2256,192
"Michigan Ave & Oak St",41.90096039,-87.62377664,"Clark St & Schiller St",41.907993,-87.631501,2448,1386,1062
"Streeter Dr & Grand Ave",41.892278,-87.612043,"Stetson Ave & South Water St",41.886835,-87.62232,2448,468,1980
"Wells St & Huron St",41.8947953,-87.6343743,"Franklin St & Monroe St",41.880317,-87.635185,2445,2216,229
"LaSalle St & Washington St",41.882664,-87.63253,"Fairbanks Ct & Grand Ave",41.89186,-87.62062,2445,2239,206
"Hermitage Ave & Polk St",41.871514,-87.669886,"Canal St & Jackson Blvd",41.877988,-87.640769,2443,2405,38
"Wood St & Taylor St",41.869154,-87.671045,"Morgan St & Polk St",41.871737,-87.65103,2443,2345,98
"Cityfront Plaza Dr & Pioneer Ct",41.890573,-87.622072,"Daley Center Plaza",41.884241,-87.629634,2443,2180,263
"Theater on the Lake",41.926277,-87.630834,"McClurg Ct & Erie St",41.894503,-87.617854,2442,1243,1199
"Michigan Ave & Lake St",41.886024,-87.624117,"Shedd Aquarium",41.8672259568,-87.6153553902,2442,248,2194
"Clark St & North Ave",41.911974,-87.631942,"Clark St & Schiller St",41.907993,-87.631501,2439,1804,635
"Marshfield Ave & Cortland St",41.916017,-87.668879,"Halsted St & Blackhawk St",41.90854,-87.648568,2439,2354,85
"Adler Planetarium",41.866095,-87.607267,"McClurg Ct & Illinois St",41.89102,-87.6173,2438,682,1756
"Dearborn St & Monroe St",41.881319815,-87.6295209193,"Franklin St & Lake St",41.885837,-87.6355,2434,2230,204
"Morgan St & Polk St",41.871737,-87.65103,"Clinton St & Roosevelt Rd",41.8671177825,-87.6410879593,2433,2214,219
"Wacker Dr & Washington St Corral",41.88316,-87.63736,"Michigan Ave & Madison St",41.882134,-87.625125,2433,2302,131
"Fairbanks Ct & Grand Ave",41.89186,-87.62062,"Dearborn St & Monroe St",41.881319815,-87.6295209193,2431,2085,346
"Canal St & Monroe St",41.8807,-87.63947,"State St & Van Buren St",41.877181,-87.627844,2430,2293,137
"Dearborn St & Adams St",41.8793563587,-87.6297910363,"Daley Center Plaza",41.884451,-87.629892,2429,2158,271
"Halsted St & Wrightwood Ave",41.929143,-87.649077,"Racine Ave & Wrightwood Ave",41.928887,-87.658971,2425,2019,406
"Larrabee St & Webster Ave",41.921822,-87.64414,"Sheffield Ave & Wrightwood Ave",41.928712,-87.653833,2425,1731,694
"Shedd Aquarium",41.8672259568,-87.6153553902,"Lake Shore Dr & Ohio St",41.89257,-87.614492,2425,442,1983
"Wabash Ave & Adams St",41.8794723523,-87.6256886059,"Wabash Ave & 9th St",41.870769,-87.625734,2424,2039,385
"Damen Ave & Pierce Ave",41.9093960065,-87.6776919292,"Leavitt St & Armitage Ave",41.917805,-87.682437,2423,1922,501
"Canal St & Monroe St",41.8807,-87.63947,"Desplaines St & Kinzie St",41.888716036,-87.6444478533,2421,2271,150
"Michigan Ave & Congress Pkwy",41.8760656,-87.62443336,"Shedd Aquarium",41.8672259568,-87.6153553902,2421,374,2047
"Streeter Dr & Illinois St",41.891071,-87.6122,"Lake Shore Dr & Belmont Ave",41.940775,-87.639192,2421,819,1602
"Broadway & Wilson Ave",41.965221,-87.658139,"Sheridan Rd & Lawrence Ave",41.969517,-87.654691,2420,2044,376
"Wells St & Concord Ln",41.912133,-87.634656,"Sheffield Ave & Webster Ave",41.92154,-87.653818,2419,1736,683
"Columbus Dr & Randolph St",41.884728,-87.619521,"Wabash Ave & Adams St",41.8794723523,-87.6256886059,2419,2065,354
"Canal St & Madison St",41.882091,-87.639833,"Michigan Ave & Washington St",41.8839840647,-87.6246839762,2419,2230,189
"Franklin St & Jackson Blvd",41.8777079559,-87.6353211408,"Michigan Ave & Madison St",41.882134,-87.625125,2419,1575,844
"Halsted St & Roscoe St",41.94367,-87.64895,"Halsted St & Wrightwood Ave",41.929143,-87.649077,2418,1723,695
"Columbus Dr & Randolph St",41.884728,-87.619521,"Dearborn St & Erie St",41.893992,-87.629318,2418,2038,380
"LaSalle St & Jackson Blvd",41.87817,-87.631985,"McClurg Ct & Illinois St",41.89102,-87.6173,2417,2242,175
"Dearborn St & Monroe St",41.881319815,-87.6295209193,"Wabash Ave & 8th St",41.871962,-87.626106,2415,2175,240
"Clinton St & Roosevelt Rd",41.8671177825,-87.6410879593,"Indiana Ave & Roosevelt Rd",41.867888,-87.623041,2414,1481,933
"Clark St & Randolph St",41.884576228,-87.63188991,"St. Clair St & Erie St",41.8943451374,-87.6227983832,2414,2145,269
"Franklin St & Quincy St",41.878724,-87.634793,"State St & Randolph St",41.8847302006,-87.6277335692,2414,2185,229
"Wood St & Milwaukee Ave",41.907655,-87.672552,"California Ave & Milwaukee Ave",41.922695,-87.697153,2412,1701,711
"Canal St & Adams St",41.879255,-87.639904,"Racine Ave & Congress Pkwy",41.87464,-87.65703,2411,2282,129
"Aberdeen St & Jackson Blvd",41.87772613,-87.65478743,"Peoria St & Jackson Blvd",41.8776415963,-87.6496177912,2411,1948,463
"Loomis St & Lexington St",41.8722287322,-87.661363855,"900 W Harrison St",41.874754,-87.649807,2410,1948,462
"Franklin St & Jackson Blvd",41.8777079559,-87.6353211408,"Daley Center Plaza",41.884241,-87.629634,2410,1963,447
"Desplaines St & Jackson Blvd",41.8781189009,-87.6439476013,"Franklin St & Monroe St",41.880317,-87.635185,2409,2301,108
"Desplaines St & Kinzie St",41.888716036,-87.6444478533,"Daley Center Plaza",41.884241,-87.629634,2409,2223,186
"Clinton St & Lake St",41.88583274,-87.64138231,"Larrabee St & Kingsbury St",41.897764,-87.642884,2408,2317,91
"Broadway & Waveland Ave",41.949074,-87.648636,"Clark St & Grace St",41.95078,-87.659172,2407,1954,453
"Morgan St & Polk St",41.871737,-87.65103,"Clinton St & 18th St",41.85795,-87.640826,2405,2391,14
"State St & Kinzie St",41.88918,-87.6277,"Dearborn Pkwy & Delaware Pl",41.898969,-87.629912,2405,1936,469
"Canal St & Monroe St",41.8807,-87.63947,"Michigan Ave & Lake St",41.886024,-87.624117,2405,2235,170
"Michigan Ave & Washington St",41.8838927658,-87.6246491409,"Michigan Ave & Jackson Blvd",41.87785,-87.62408,2405,982,1423
"University Ave & 57th St",41.791478,-87.599861,"Drexel Ave & 60th St",41.785861,-87.604553,2404,1850,554
"Morgan Ave & 14th Pl",41.862378,-87.651062,"Clinton St & Madison St",41.8827519657,-87.6411902905,2404,2330,74
"Southport Ave & Waveland Ave",41.94815,-87.66394,"Halsted St & Roscoe St",41.94367,-87.64895,2404,2032,372
"Morgan St & Lake St",41.8854833079,-87.6523048564,"Ada St & Washington Blvd",41.88283,-87.661206,2403,2253,150
"Sedgwick St & Webster Ave",41.922167,-87.638888,"Clark St & Armitage Ave",41.918306,-87.636282,2402,1807,595
"Marshfield Ave & Cortland St",41.916017,-87.668879,"Larrabee St & Kingsbury St",41.897764,-87.642884,2402,2374,28
"Michigan Ave & Congress Pkwy",41.8760656,-87.62443336,"Canal St & Madison St",41.882091,-87.639833,2402,2129,273
"MLK Jr Dr & 29th St",41.842052,-87.617,"Emerald Ave & 31st St",41.838198,-87.645143,2400,2320,80
"Halsted St & Wrightwood Ave",41.929143,-87.649077,"Southport Ave & Wrightwood Ave",41.928773,-87.663913,2400,1774,626
"Lincoln Ave & Fullerton Ave",41.925905,-87.64926,"Clark St & Wrightwood Ave",41.929546,-87.643118,2400,2187,213
"Milwaukee Ave & Grand Ave",41.891578,-87.648384,"Clinton St & Washington Blvd",41.88338,-87.64117,2399,2075,324
"Daley Center Plaza",41.884451,-87.629892,"Canal St & Madison St",41.882091,-87.639833,2397,2212,185
"McClurg Ct & Erie St",41.894503,-87.617854,"Daley Center Plaza",41.884241,-87.629634,2396,2233,163
"Clarendon Ave & Gordon Ter",41.957879,-87.649519,"Broadway & Sheridan Rd",41.952833,-87.649993,2395,2250,145
"Clark St & Lincoln Ave",41.915689,-87.6346,"Lake Shore Dr & Wellington Ave",41.936669,-87.636794,2395,1453,942
"Fairbanks Ct & Grand Ave",41.89186,-87.62062,"LaSalle St & Illinois St",41.890762,-87.631697,2395,2152,243
"Franklin St & Jackson Blvd",41.8777079559,-87.6353211408,"Canal St & Adams St",41.879255,-87.639904,2392,1977,415
"Cornell Ave & Hyde Park Blvd",41.802406,-87.586924,"Lake Park Ave & 56th St",41.793242,-87.587782,2392,1928,464
"Clark St & Wellington Ave",41.9364968219,-87.6475386582,"Clark St & Grace St",41.95078,-87.659172,2391,1756,635
"Michigan Ave & Madison St",41.882134,-87.625125,"Millennium Park",41.8810317,-87.62408432,2390,665,1725
"Rush St & Superior St",41.8957647456,-87.6259080327,"Rush St & Cedar St",41.9023087012,-87.627690528,2389,1928,461
"Clark St & Wrightwood Ave",41.929546,-87.643118,"Racine Ave & Wrightwood Ave",41.928887,-87.658971,2389,1891,498
"Franklin St & Lake St",41.885837,-87.6355,"Wells St & Concord Ln",41.912133,-87.634656,2388,2184,204
"Wolcott Ave & Polk St",41.871262,-87.673688,"900 W Harrison St",41.874754,-87.649807,2388,2034,354
"McClurg Ct & Illinois St",41.89102,-87.6173,"Columbus Dr & Randolph St",41.884728,-87.619521,2388,1213,1175
"Clark St & 9th St (AMLI)",41.870816,-87.631246,"Dearborn St & Monroe St",41.881319815,-87.6295209193,2387,1762,625
"Sedgwick St & Huron St",41.894666,-87.638437,"Desplaines St & Kinzie St",41.888716036,-87.6444478533,2387,2135,252
"Kingsbury St & Kinzie St",41.8891768326,-87.6385057718,"Fairbanks Ct & Grand Ave",41.89186,-87.62062,2385,2170,215
"Dayton St & North Ave",41.9105780349,-87.6494219288,"Clark St & Elm St",41.903233,-87.631253,2385,1851,534
"Sheffield Ave & Kingsbury St",41.910522,-87.653106,"Sedgwick St & North Ave",41.910983,-87.638525,2385,2085,300
"Canal St & Madison St",41.882091,-87.639833,"Wells St & Walton St",41.89993001,-87.63443007,2384,2296,88
"Canal St & Monroe St",41.8807,-87.63947,"Morgan St & Lake St",41.8854833079,-87.6523048564,2384,2341,43
"Lincoln Ave & Diversey Pkwy",41.932225,-87.658617,"Clark St & Lincoln Ave",41.915689,-87.6346,2383,1620,763
"Ravenswood Ave & Lawrence Ave",41.96909,-87.674237,"Sheridan Rd & Lawrence Ave",41.969517,-87.654691,2382,2191,191
"900 W Harrison St",41.874754,-87.649807,"Aberdeen St & Jackson Blvd",41.87772613,-87.65478743,2381,1802,579
"State St & Randolph St",41.8847302006,-87.6277335692,"Franklin St & Monroe St",41.880317,-87.635185,2380,2017,363
"Canal St & Monroe St",41.8807,-87.63947,"Canal St & Taylor St",41.870257,-87.639474,2379,2315,64
"Daley Center Plaza",41.884241,-87.629634,"State St & Van Buren St",41.877181,-87.627844,2379,2166,213
"Wilton Ave & Diversey Pkwy",41.932418,-87.652705,"Lakeview Ave & Fullerton Pkwy",41.925858,-87.638973,2377,1948,429
"Michigan Ave & 8th St",41.872773,-87.623981,"McCormick Place",41.8513751729,-87.6188346489,2377,416,1961
"Canal St & Monroe St",41.8807,-87.63947,"Wabash Ave & Adams St",41.8794723523,-87.6256886059,2376,2278,98
"Dayton St & North Ave",41.9105780349,-87.6494219288,"Bissell St & Armitage Ave",41.91844,-87.65222,2376,2183,193
"Michigan Ave & Oak St",41.90096039,-87.62377664,"Hampden Ct & Diversey Pkwy",41.93262,-87.642385,2376,1313,1063
"Clinton St & Washington Blvd",41.88338,-87.64117,"State St & Van Buren St",41.877181,-87.627844,2376,2172,204
"Sheffield Ave & Willow St",41.913688,-87.652855,"Clinton St & Washington Blvd",41.88338,-87.64117,2374,2327,47
"Christiana Ave & Lawrence Ave",41.9683544936,-87.7118306675,"St. Louis Ave & Balmoral Ave",41.9803942348,-87.7161149615,2372,2127,245
"Western Ave & Winnebago Ave",41.91552,-87.687022,"Spaulding Ave & Armitage Ave",41.9171080348,-87.7102209628,2372,2011,361
"Franklin St & Lake St",41.885837,-87.6355,"State St & Randolph St",41.8847302006,-87.6277335692,2372,2137,235
"DuSable Lake Shore Dr & North Blvd",41.911722,-87.626804,"DuSable Lake Shore Dr & Diversey Pkwy",41.932588,-87.636427,2371,853,1518
"St. Clair St & Erie St",41.8943451374,-87.6227983832,"Orleans St & Chestnut St (NEXT Apts)",41.898203,-87.637536,2371,2097,274
"Lincoln Ave & Fullerton Ave",41.925905,-87.64926,"Lakeview Ave & Fullerton Pkwy",41.925858,-87.638973,2371,1917,454
"Lake Shore Dr & Belmont Ave",41.940775,-87.639192,"Lake Shore Dr & Diversey Pkwy",41.932684,-87.63625,2371,1568,803
"Broadway & Argyle St",41.97423,-87.6597735,"Clark St & Berwyn Ave",41.9780306225,-87.6685649157,2370,1909,461
"Woodlawn Ave & 58th St",41.789381,-87.596479,"Blackstone Ave & 59th St",41.787877,-87.590461,2369,1989,380
"Artesian Ave & Hubbard St",41.8895,-87.688257,"Wolcott Ave & Polk St",41.871262,-87.673688,2369,2288,81
"Ellis Ave & 55th St",41.7943006205,-87.6014497734,"University Ave & 59th St",41.787878,-87.598906,2367,1868,499
"Lake Park Ave & 53rd St",41.7994942937,-87.5864498959,"Cornell Ave & Hyde Park Blvd",41.802406,-87.586924,2366,1814,552
"Lakeview Ave & Fullerton Pkwy",41.925858,-87.638973,"Cannon Dr & Fullerton Ave",41.9267559875,-87.6344287848,2365,1300,1065
"Lake Shore Dr & Wellington Ave",41.936669,-87.636794,"Clark St & North Ave",41.911974,-87.631942,2364,1370,994
"LaSalle St & Illinois St",41.890749,-87.63206,"Streeter Dr & Grand Ave",41.892278,-87.612043,2364,458,1906
"May St & Taylor St",41.8694821,-87.6554864,"Halsted St & Roosevelt Rd",41.867324,-87.648625,2363,2103,260
"Field Museum",41.865312,-87.617867,"Michigan Ave & 8th St",41.872773,-87.623981,2362,426,1936
"Southport Ave & Wellington Ave",41.935733,-87.663576,"Lincoln Ave & Belmont Ave",41.939365,-87.668385,2362,2235,127
"Clinton St & Madison St",41.8827519657,-87.6411902905,"Wells St & Elm St",41.903222,-87.634324,2361,2116,245
"Larrabee St & Division St",41.90348607,-87.6433534936,"Wells St & Evergreen Ave",41.906724,-87.63483,2361,1830,531
"California Ave & Milwaukee Ave",41.922695,-87.697153,"Campbell Ave & Fullerton Ave",41.9246324716,-87.6893070063,2360,2138,222
"Clark St & Lake St",41.8860208277,-87.6308760584,"Canal St & Madison St",41.882091,-87.639833,2358,2196,162
"Indiana Ave & Roosevelt Rd",41.867888,-87.623041,"Clark St & Ida B Wells Dr",41.8759326655,-87.6305845355,2357,2258,99
"Ashland Ave & Blackhawk St",41.907066,-87.667252,"Damen Ave & Pierce Ave",41.9093960065,-87.6776919292,2356,1968,388
"LaSalle St & Jackson Blvd",41.87817,-87.631985,"LaSalle St & Washington St",41.882664,-87.63253,2356,2192,164
"Sedgwick St & Webster Ave",41.922167,-87.638888,"Wells St & Evergreen Ave",41.906724,-87.63483,2355,1744,611
"Wells St & Concord Ln",41.912133,-87.634656,"Wells St & Hubbard St",41.889906,-87.634266,2354,1878,476
"Orleans St & Merchandise Mart Plaza",41.888243,-87.63639,"LaSalle St & Washington St",41.882664,-87.63253,2353,2176,177
"Kingsbury St & Kinzie St",41.8891768326,-87.6385057718,"Ashland Ave & Division St",41.90345,-87.667747,2352,1948,404
"Streeter Dr & Illinois St",41.891071,-87.6122,"LaSalle St & Illinois St",41.890749,-87.63206,2352,428,1924
"Canal St & Adams St",41.879255,-87.639904,"Wells St & Elm St",41.903222,-87.634324,2350,1952,398
"State St & Randolph St",41.8847302006,-87.6277335692,"Franklin St & Jackson Blvd",41.8777079559,-87.6353211408,2350,1594,756
"Marine Dr & Ainslie St",41.9716,-87.650154,"Lakefront Trail & Bryn Mawr Ave",41.9840441152,-87.6522812247,2348,1373,975
"Wells St & Evergreen Ave",41.906724,-87.63483,"LaSalle St & Illinois St",41.890749,-87.63206,2347,1905,442
"Wells St & Evergreen Ave",41.906724,-87.63483,"Wells St & Hubbard St",41.889906,-87.634266,2345,1718,627
"Clark St & Elm St",41.903233,-87.631253,"Larrabee St & Webster Ave",41.921822,-87.64414,2345,1581,764
"Fairbanks Ct & Grand Ave",41.89186,-87.62062,"Franklin St & Monroe St",41.880317,-87.635185,2345,2050,295
"Sedgwick St & North Ave",41.910983,-87.638525,"Sheffield Ave & Willow St",41.913688,-87.652855,2345,1958,387
"Rush St & Hubbard St",41.890173,-87.626185,"Dearborn St & Monroe St",41.881319815,-87.6295209193,2342,2117,225
"Clinton St & Madison St",41.8827519657,-87.6411902905,"Halsted St & Maxwell St",41.864883,-87.647071,2342,2162,180
"Daley Center Plaza",41.884241,-87.629634,"Clark St & Schiller St",41.907993,-87.631501,2341,2096,245
"Kingsbury St & Erie St",41.8939139,-87.6417358,"Michigan Ave & Lake St",41.886024,-87.624117,2341,2190,151
"Ogden Ave & Chicago Ave",41.896362458,-87.6540612729,"Ashland Ave & Division St",41.90345,-87.667747,2338,1842,496
"Sedgwick St & Huron St",41.894666,-87.638437,"Clinton St & Lake St",41.885637,-87.641823,2338,2165,173
"Canal St & Madison St",41.882091,-87.639833,"Sedgwick St & Huron St",41.894666,-87.638437,2334,2235,99
"Artesian Ave & Hubbard St",41.8895,-87.688257,"Damen Ave & Chicago Ave",41.895769,-87.67722,2331,2161,170
"Wells St & Huron St",41.8947953,-87.6343743,"Rush St & Superior St",41.8957647456,-87.6259080327,2331,2001,330
"Clark St & Lincoln Ave",41.915689,-87.6346,"Broadway & Barry Ave",41.937725,-87.644095,2331,1658,673
"Wells St & Hubbard St",41.889906,-87.634266,"Clinton St & Washington Blvd",41.88338,-87.64117,2331,2082,249
"Michigan Ave & Congress Pkwy",41.8760656,-87.62443336,"Franklin St & Jackson Blvd",41.8777079559,-87.6353211408,2331,1235,1096
"Halsted St & Dickens Ave",41.919936,-87.64883,"Larrabee St & Webster Ave",41.921822,-87.64414,2330,1944,386
"Halsted St & Roscoe St",41.94367,-87.64895,"Sheridan Rd & Irving Park Rd",41.954245,-87.654406,2329,1851,478
"Aberdeen St & Jackson Blvd",41.87772613,-87.65478743,"Clinton St & Jackson Blvd",41.8783166118,-87.6409810781,2328,1989,339
"Franklin St & Lake St",41.885837,-87.6355,"Clark St & Randolph St",41.884576228,-87.63188991,2327,2194,133
"Dearborn St & Erie St",41.893992,-87.629318,"Wells St & Huron St",41.8947953,-87.6343743,2325,2060,265
"Wood St & Division St",41.90332,-87.67273,"Damen Ave & Chicago Ave",41.895769,-87.67722,2325,2127,198
"Racine Ave & Congress Pkwy",41.87464,-87.65703,"Loomis St & Lexington St",41.872187,-87.661501,2324,2211,113
"Wood St & Hubbard St",41.889715,-87.671966,"Ashland Ave & Lake St",41.88592,-87.66717,2324,1863,461
"Wabash Ave & Grand Ave",41.891466,-87.626761,"Rush St & Cedar St",41.9023087012,-87.627690528,2322,1786,536
"Dearborn St & Adams St",41.8793563587,-87.6297910363,"Michigan Ave & 18th St",41.857926,-87.624336,2320,2140,180
"Wilton Ave & Belmont Ave",41.9402319181,-87.6529437304,"Halsted St & Roscoe St",41.94367,-87.64895,2320,1807,513
"Sheffield Ave & Wrightwood Ave",41.928712,-87.653833,"Southport Ave & Wrightwood Ave",41.928773,-87.663913,2320,1992,328
"Dearborn St & Erie St",41.893992,-87.629318,"LaSalle St & Jackson Blvd",41.87817,-87.631985,2320,2223,97
"Wells St & Elm St",41.903222,-87.634324,"Sedgwick St & Huron St",41.894666,-87.638437,2319,1929,390
"Halsted St & Maxwell St",41.864883,-87.647071,"Morgan St & 18th St",41.858086,-87.651073,2318,1952,366
"Wabash Ave & Grand Ave",41.891466,-87.626761,"Clinton St & Lake St",41.885637,-87.641823,2317,2010,307
"Wabash Ave & Wacker Pl",41.886875,-87.62603,"Wabash Ave & Grand Ave",41.891466,-87.626761,2317,1464,853
"LaSalle St & Illinois St",41.890749,-87.63206,"Desplaines St & Kinzie St",41.888716036,-87.6444478533,2316,2060,256
"Clinton St & Lake St",41.885637,-87.641823,"Green St & Madison St",41.881859328,-87.6492637396,2315,2145,170
"Michigan Ave & 18th St",41.857926,-87.624336,"Dearborn St & Monroe St",41.881319815,-87.6295209193,2314,2141,173
"Morgan St & Lake St",41.8854833079,-87.6523048564,"Franklin St & Monroe St",41.880317,-87.635185,2313,2238,75
"Larrabee St & Division St",41.90348607,-87.6433534936,"Ashland Ave & Division St",41.90345,-87.667747,2311,1780,531
"Dearborn Pkwy & Delaware Pl",41.898969,-87.629912,"Larrabee St & Oak St",41.9002194932,-87.6429854676,2310,2038,272
"Canal St & Adams St",41.879255,-87.639904,"Wolcott Ave & Polk St",41.871262,-87.673688,2309,2270,39
"Green St & Madison St",41.881859328,-87.6492637396,"Morgan St & Lake St",41.8854833079,-87.6523048564,2308,2196,112
"McClurg Ct & Erie St",41.894503,-87.617854,"Wells St & Huron St",41.8947953,-87.6343743,2308,2095,213
"Orleans St & Merchandise Mart Plaza",41.888243,-87.63639,"Orleans St & Elm St",41.902924,-87.637715,2306,2098,208
"Shedd Aquarium",41.8672259568,-87.6153553902,"Franklin St & Jackson Blvd",41.8777079559,-87.6353211408,2306,499,1807
"State St & Van Buren St",41.877181,-87.627844,"Clark St & Randolph St",41.884576228,-87.63188991,2304,2024,280
"Bissell St & Armitage Ave",41.91844,-87.65222,"Sedgwick St & Webster Ave",41.922167,-87.638888,2303,1872,431
"Streeter Dr & Illinois St",41.891071,-87.6122,"State St & Kinzie St",41.88918,-87.6277,2303,305,1998
"Lakeview Ave & Fullerton Pkwy",41.925858,-87.638973,"Streeter Dr & Illinois St",41.891071,-87.6122,2302,502,1800
"Canal St & Madison St",41.882091,-87.639833,"Noble St & Milwaukee Ave",41.90068,-87.6626,2302,2199,103
"Orleans St & Chestnut St (NEXT Apts)",41.898203,-87.637536,"Kingsbury St & Kinzie St",41.8891768326,-87.6385057718,2301,2062,239
"Clark St & Wellington Ave",41.9364968219,-87.6475386582,"Halsted St & Wrightwood Ave",41.929143,-87.649077,2300,1945,355
"Milwaukee Ave & Wabansia Ave",41.912616,-87.681391,"Leavitt St & Armitage Ave",41.917805,-87.682437,2299,2120,179
"Canal St & Adams St",41.879255,-87.639904,"Hermitage Ave & Polk St",41.871514,-87.669886,2298,2258,40
"Clark St & Elm St",41.903233,-87.631253,"Wabash Ave & Grand Ave",41.891738,-87.626937,2298,1868,430
"Halsted St & Wrightwood Ave",41.929143,-87.649077,"Clark St & Grace St",41.95078,-87.659172,2295,1447,848
"Clark St & Drummond Pl",41.931248,-87.644336,"Sedgwick St & Webster Ave",41.922167,-87.638888,2295,1948,347
"Pine Grove Ave & Waveland Ave",41.949275,-87.646303,"Halsted St & Roscoe St",41.94367,-87.64895,2293,2053,240
"Damen Ave & Chicago Ave",41.895769,-87.67722,"Honore St & Division St",41.903119,-87.673935,2292,1998,294
"Indiana Ave & Roosevelt Rd",41.867888,-87.623041,"Michigan Ave & 18th St",41.857926,-87.624336,2290,1392,898
"Wells St & Elm St",41.903222,-87.634324,"LaSalle St & Illinois St",41.890762,-87.631697,2290,1563,727
"McClurg Ct & Illinois St",41.89102,-87.6173,"Museum Campus",41.865212,-87.617759,2290,324,1966
"Halsted St & Polk St",41.87184,-87.64664,"Clinton St & Roosevelt Rd",41.8671177825,-87.6410879593,2289,1971,318
"LaSalle St & Adams St",41.8793443735,-87.6319852213,"McClurg Ct & Illinois St",41.89102,-87.6173,2289,2135,154
"Stetson Ave & South Water St",41.886835,-87.62232,"Clinton St & Madison St",41.8827519657,-87.6411902905,2289,2114,175
"Canal St & Monroe St",41.8807,-87.63947,"Millennium Park",41.8810317,-87.62408432,2289,1675,614
"Michigan Ave & Oak St",41.90096039,-87.62377664,"DuSable Lake Shore Dr & Wellington Ave",41.9366884495,-87.6368290186,2286,1129,1157
"Broadway & Belmont Ave",41.940106,-87.645451,"Broadway & Sheridan Rd",41.952833,-87.649993,2286,1851,435
"DuSable Lake Shore Dr & Belmont Ave",41.940775,-87.639192,"Streeter Dr & Grand Ave",41.892278,-87.612043,2282,645,1637
"Fairbanks Ct & Grand Ave",41.89186,-87.62062,"Michigan Ave & Washington St",41.8838927658,-87.6246491409,2282,936,1346
"State St & Van Buren St",41.877181,-87.627844,"Dearborn St & Monroe St",41.881319815,-87.6295209193,2281,1918,363
"Wells St & Polk St",41.8727315423,-87.6335164905,"Daley Center Plaza",41.884241,-87.629634,2281,2039,242
"Wood St & Grand Ave",41.89113,-87.67203,"Ashland Ave & Lake St",41.88541,-87.66732,2281,2240,41
"Green St & Madison St",41.881859328,-87.6492637396,"Milwaukee Ave & Grand Ave",41.891578,-87.648384,2280,1953,327
"Columbus Dr & Randolph St",41.884728,-87.619521,"Cityfront Plaza Dr & Pioneer Ct",41.890573,-87.622072,2280,1366,914
"Canal St & Adams St",41.879255,-87.639904,"Desplaines St & Jackson Blvd",41.8781189009,-87.6439476013,2279,2083,196
"Michigan Ave & Lake St",41.886024,-87.624117,"Orleans St & Merchandise Mart Plaza",41.888243,-87.63639,2279,1924,355
"Canal St & Jackson Blvd",41.877988,-87.640769,"Columbus Dr & Randolph St",41.884728,-87.619521,2278,2188,90
"State St & Kinzie St",41.88918,-87.6277,"Franklin St & Monroe St",41.880317,-87.635185,2278,1939,339
"Noble St & Milwaukee Ave",41.90068,-87.6626,"Canal St & Adams St",41.879255,-87.639904,2277,2209,68
"Broadway & Granville Ave",41.9947796884,-87.6602845349,"Glenwood Ave & Morse Ave",42.0079719229,-87.6655023944,2276,1867,409
"Dearborn St & Monroe St",41.881319815,-87.6295209193,"Franklin St & Quincy St",41.878724,-87.634793,2276,2073,203
"Campbell Ave & North Ave",41.910535,-87.689556,"Milwaukee Ave & Wabansia Ave",41.912616,-87.681391,2276,1914,362
"Theater on the Lake",41.926277,-87.630834,"Racine Ave & Fullerton Ave",41.92556258,-87.65840426,2276,1362,914
"Fairbanks Ct & Grand Ave",41.89186,-87.62062,"Dearborn St & Erie St",41.893992,-87.629318,2276,1867,409
"Clark St & Elm St",41.903233,-87.631253,"Canal St & Madison St",41.882091,-87.639833,2276,1981,295
"Franklin St & Arcade Pl",41.881131,-87.635185,"Orleans St & Merchandise Mart Plaza",41.888243,-87.63639,2275,2190,85
"Larrabee St & Oak St",41.9002194932,-87.6429854676,"Franklin St & Chicago Ave",41.89679,-87.63564,2275,2139,136
"Franklin St & Chicago Ave",41.89680204,-87.63563839,"Canal St & Adams St",41.879255,-87.639904,2274,2190,84
"St. Clair St & Erie St",41.8943451374,-87.6227983832,"Rush St & Superior St",41.8957647456,-87.6259080327,2274,1912,362
"Theater on the Lake",41.926277,-87.630834,"Broadway & Sheridan Rd",41.952833,-87.649993,2273,971,1302
"Millennium Park",41.8810317,-87.62408432,"Clark St & Armitage Ave",41.918306,-87.636282,2273,1119,1154
"Franklin St & Quincy St",41.878724,-87.634793,"Columbus Dr & Randolph St",41.884728,-87.619521,2271,2032,239
"LaSalle St & Jackson Blvd",41.87817,-87.631985,"Daley Center Plaza",41.884241,-87.629634,2271,2212,59
"Ada St & Washington Blvd",41.88283,-87.661206,"Green St & Randolph St*",41.8836016573,-87.6486267149,2267,1982,285
"Desplaines St & Randolph St",41.883703,-87.644238,"Clinton St & Madison St",41.8827519657,-87.6411902905,2266,2128,138
"Sheridan Rd & Loyola Ave",42.0010437798,-87.6611982433,"Clark St & Lunt Ave",42.0090111806,-87.6741117239,2264,1983,281
"Larrabee St & Armitage Ave",41.918084,-87.643749,"Sheffield Ave & Webster Ave",41.92154,-87.653818,2263,1990,273
"May St & Taylor St",41.8694821,-87.6554864,"Aberdeen St & Jackson Blvd",41.87772613,-87.65478743,2263,1999,264
"Wilton Ave & Belmont Ave",41.94018,-87.65304,"Lake Shore Dr & North Blvd",41.911722,-87.626804,2263,877,1386
"Clark St & Elm St",41.903233,-87.631253,"LaSalle St & Washington St",41.882664,-87.63253,2262,2005,257
"Orleans St & Merchandise Mart Plaza",41.888243,-87.63639,"Wells St & Huron St",41.8947953,-87.6343743,2261,1939,322
"LaSalle St & Washington St",41.882664,-87.63253,"State St & Van Buren St",41.877181,-87.627844,2261,1857,404
"Desplaines St & Kinzie St",41.888716036,-87.6444478533,"St. Clair St & Erie St",41.8943451374,-87.6227983832,2260,2050,210
"Aberdeen St & Jackson Blvd",41.87772613,-87.65478743,"Franklin St & Monroe St",41.880317,-87.635185,2260,2154,106
"Dearborn St & Adams St",41.8793563587,-87.6297910363,"Michigan Ave & Washington St",41.8838927658,-87.6246491409,2259,1585,674
"Kingsbury St & Kinzie St",41.8891768326,-87.6385057718,"Larrabee St & Division St",41.90348607,-87.6433534936,2259,1969,290
"Federal St & Polk St",41.8720776329,-87.6295437729,"Michigan Ave & 18th St",41.857926,-87.624336,2259,1825,434
"Clark St & 9th St (AMLI)",41.870816,-87.631246,"Franklin St & Monroe St",41.880317,-87.635185,2259,2158,101
"Wacker Dr & Washington St Corral",41.88316,-87.63736,"Dearborn St & Erie St",41.893992,-87.629318,2259,2125,134
"Dearborn St & Adams St",41.8793563587,-87.6297910363,"Canal St & Jackson Blvd",41.877988,-87.640769,2258,2063,195
"Wells St & Hubbard St",41.889933,-87.634262,"Canal St & Adams St",41.879255,-87.639904,2258,2103,155
"Dearborn Pkwy & Delaware Pl",41.898969,-87.629912,"Larrabee St & Kingsbury St",41.897764,-87.642884,2258,1939,319
"Broadway & Waveland Ave",41.949074,-87.648636,"Southport Ave & Waveland Ave",41.94815,-87.66394,2258,1773,485
"Sangamon St & Lake St",41.8857792524,-87.6510246098,"Clinton St & Jackson Blvd",41.8783166118,-87.6409810781,2257,2060,197
"Lake Shore Dr & Diversey Pkwy",41.932684,-87.63625,"Clark St & Lincoln Ave",41.915689,-87.6346,2257,1353,904
"Ellis Ave & 55th St",41.7943006205,-87.6014497734,"Blackstone Ave & 59th St",41.787877,-87.590461,2256,1648,608
"Morgan St & Polk St",41.871737,-87.65103,"Green St & Madison St",41.881859328,-87.6492637396,2256,1944,312
"Franklin St & Quincy St",41.878724,-87.634793,"Dearborn St & Erie St",41.893992,-87.629318,2256,2102,154
"Franklin St & Jackson Blvd",41.8777079559,-87.6353211408,"Jefferson St & Monroe St",41.880422,-87.642746,2256,2062,194
"Clinton St & Madison St",41.8827519657,-87.6411902905,"Ogden Ave & Race Ave",41.891795,-87.658751,2254,1971,283
"Michigan Ave & Oak St",41.90096039,-87.62377664,"Wabash Ave & Grand Ave",41.891738,-87.626937,2253,701,1552
"Clark St & Randolph St",41.884576228,-87.63188991,"Canal St & Monroe St",41.8807,-87.63947,2253,2120,133
"Indiana Ave & Roosevelt Rd",41.867888,-87.623041,"Cityfront Plaza Dr & Pioneer Ct",41.890573,-87.622072,2252,1598,654
"State St & Pearson St",41.897448,-87.628722,"Clinton St & Madison St",41.8827519657,-87.6411902905,2252,2085,167
"Larrabee St & Oak St",41.9002194932,-87.6429854676,"Larrabee St & Division St",41.90348607,-87.6433534936,2251,2076,175
"Broadway & Belmont Ave",41.940106,-87.645451,"Broadway & Cornelia Ave",41.945512,-87.64598,2251,2033,218
"Field Blvd & South Water St",41.8863490627,-87.6175165471,"Lake Shore Dr & Monroe St",41.880958,-87.616743,2247,1236,1011
"Dearborn St & Erie St",41.893992,-87.629318,"Clark St & Randolph St",41.884576228,-87.63188991,2247,1925,322
"Michigan Ave & Washington St",41.8838927658,-87.6246491409,"Adler Planetarium",41.866095,-87.607267,2246,280,1966
"Lake Shore Dr & North Blvd",41.911722,-87.626804,"Clark St & Wellington Ave",41.9364968219,-87.6475386582,2245,1120,1125
"Franklin St & Chicago Ave",41.89679,-87.63564,"Dearborn St & Erie St",41.893992,-87.629318,2245,2037,208
"Clark St & Lake St",41.8860208277,-87.6308760584,"Rush St & Hubbard St",41.890173,-87.626185,2244,2060,184
"Clinton St & Madison St",41.8827519657,-87.6411902905,"Clinton St & Washington Blvd",41.88338,-87.64117,2244,1827,417
"McClurg Ct & Erie St",41.894503,-87.617854,"Fairbanks Ct & Grand Ave",41.89186,-87.62062,2244,1955,289
"Dayton St & North Ave",41.9105780349,-87.6494219288,"Larrabee St & Webster Ave",41.921822,-87.64414,2243,1783,460
"Halsted St & Dickens Ave",41.919936,-87.64883,"Clifton Ave & Armitage Ave",41.918216,-87.656936,2243,1956,287
"Clark St & Randolph St",41.884576228,-87.63188991,"Kingsbury St & Erie St",41.8939139,-87.6417358,2240,2095,145
"Larrabee St & Webster Ave",41.921822,-87.64414,"Sheffield Ave & Willow St",41.913688,-87.652855,2240,1899,341
"Clark St & Randolph St",41.884576228,-87.63188991,"Cityfront Plaza Dr & Pioneer Ct",41.890573,-87.622072,2240,2046,194
"Damen Ave & Cortland St",41.915983,-87.677335,"Damen Ave & Pierce Ave",41.9093960065,-87.6776919292,2240,1810,430
"California Ave & Fletcher St",41.9384287915,-87.698007756,"California Ave & Milwaukee Ave",41.922695,-87.697153,2239,1638,601
"Mies van der Rohe Way & Chestnut St",41.8985866514,-87.6219152258,"Wabash Ave & Grand Ave",41.891466,-87.626761,2239,1522,717
"Canal St & Adams St",41.879255,-87.639904,"State St & Erie St",41.893975,-87.628623,2238,2134,104
"DuSable Lake Shore Dr & North Blvd",41.911722,-87.626804,"McClurg Ct & Ohio St",41.8925921197,-87.6172891259,2237,783,1454
"Sheffield Ave & Kingsbury St",41.910522,-87.653106,"Marshfield Ave & Cortland St",41.916017,-87.668879,2237,2126,111
"Clinton St & Washington Blvd",41.88338,-87.64117,"Wells St & Concord Ln",41.912133,-87.634656,2236,2083,153
"Clark St & Chicago Ave",41.896544,-87.630931,"Clark St & Schiller St",41.907993,-87.631501,2236,1901,335
"Orleans St & Merchandise Mart Plaza",41.888243,-87.63639,"Clinton St & Lake St",41.885637,-87.641823,2235,2056,179
"Michigan Ave & Jackson Blvd",41.87785,-87.62408,"Canal St & Madison St",41.882091,-87.639833,2235,1921,314
"Canal St & Adams St",41.879255,-87.639904,"Aberdeen St & Randolph St",41.884114,-87.654264,2234,1862,372
"DuSable Lake Shore Dr & Diversey Pkwy",41.932588,-87.636427,"Streeter Dr & Grand Ave",41.892278,-87.612043,2233,792,1441
"Cityfront Plaza Dr & Pioneer Ct",41.890573,-87.622072,"Michigan Ave & Washington St",41.8838927658,-87.6246491409,2233,1054,1179
"Wacker Dr & Washington St Corral",41.88316,-87.63736,"Stetson Ave & South Water St",41.886835,-87.62232,2232,2064,168
"Clark St & Schiller St",41.907993,-87.631501,"St. Clair St & Erie St",41.8943451374,-87.6227983832,2230,1931,299
"St. Clair St & Erie St",41.8943451374,-87.6227983832,"Clinton St & Lake St",41.885637,-87.641823,2229,2061,168
"McClurg Ct & Erie St",41.894503,-87.617854,"Clinton St & Lake St",41.885637,-87.641823,2228,2168,60
"Fairbanks Ct & Grand Ave",41.89186,-87.62062,"Daley Center Plaza",41.884241,-87.629634,2228,2039,189
"Clark St & Schiller St",41.907993,-87.631501,"Dearborn St & Monroe St",41.881319815,-87.6295209193,2227,1942,285
"Streeter Dr & Illinois St",41.891071,-87.6122,"Lake Shore Dr & Wellington Ave",41.936669,-87.636794,2227,845,1382
"Western Ave & Winnebago Ave",41.91552,-87.687022,"Western Ave & Walton St",41.8984176894,-87.6865960164,2226,1902,324
"Noble St & Milwaukee Ave",41.90068,-87.6626,"Damen Ave & Pierce Ave",41.9093960065,-87.6776919292,2226,1508,718
"Stetson Ave & South Water St",41.886835,-87.62232,"Franklin St & Monroe St",41.880317,-87.635185,2223,1993,230
"Bissell St & Armitage Ave",41.91844,-87.65222,"Sheffield Ave & Wrightwood Ave",41.928712,-87.653833,2222,1957,265
"Winchester Ave & Elston Ave",41.9240908504,-87.6764600747,"Damen Ave & Pierce Ave",41.9093960065,-87.6776919292,2222,1922,300
"Clark St & Wrightwood Ave",41.929546,-87.643118,"Lincoln Ave & Diversey Pkwy",41.932225,-87.658617,2221,1738,483
"State St & 35th St",41.831036314,-87.6267975569,"MLK Jr Dr & 29th St",41.842052,-87.617,2220,2105,115
"Orleans St & Merchandise Mart Plaza",41.888243,-87.63639,"Franklin St & Lake St",41.885837,-87.6355,2220,1924,296
"LaSalle St & Jackson Blvd",41.878166,-87.631929,"Orleans St & Merchandise Mart Plaza",41.888243,-87.63639,2220,1954,266
"Canal St & Jackson Blvd",41.877988,-87.640769,"LaSalle St & Jackson Blvd",41.87817,-87.631985,2220,2049,171
"Dearborn St & Erie St",41.893992,-87.629318,"Millennium Park",41.8810317,-87.62408432,2219,721,1498
"Damen Ave & Grand Ave",41.89122,-87.67686,"Ashland Ave & Lake St",41.88541,-87.66732,2218,2162,56
"Clark St & Armitage Ave",41.918306,-87.636282,"Lincoln Ave & Fullerton Ave",41.925905,-87.64926,2216,1757,459
"Halsted St & Dickens Ave",41.919936,-87.64883,"Sheffield Ave & Willow St",41.913688,-87.652855,2216,1902,314
"Clark St & Lake St",41.8860208277,-87.6308760584,"Dearborn St & Monroe St",41.881319815,-87.6295209193,2215,1956,259
"Clinton St & Lake St",41.885637,-87.641823,"State St & Randolph St",41.8847302006,-87.6277335692,2215,2091,124
"Lake Shore Dr & Ohio St",41.89257,-87.614492,"Mies van der Rohe Way & Chestnut St",41.8985866514,-87.6219152258,2214,1405,809
"Clark St & Lincoln Ave",41.915689,-87.6346,"Hampden Ct & Diversey Pkwy",41.93262,-87.642385,2212,1577,635
"Ogden Ave & Chicago Ave",41.896362458,-87.6540612729,"Ashland Ave & Chicago Ave",41.895966,-87.667747,2212,2042,170
"McClurg Ct & Illinois St",41.89102,-87.6173,"Larrabee St & Kingsbury St",41.897764,-87.642884,2212,2109,103
"Canal St & Monroe St",41.8807,-87.63947,"State St & Randolph St",41.8847302006,-87.6277335692,2212,2085,127
"Clark St & Schiller St",41.907993,-87.631501,"Lakeview Ave & Fullerton Pkwy",41.925858,-87.638973,2211,1504,707
"Clark St & Randolph St",41.884576228,-87.63188991,"Millennium Park",41.8810317,-87.62408432,2211,928,1283
"Clinton St & Madison St",41.8827519657,-87.6411902905,"Michigan Ave & 18th St",41.857926,-87.624336,2210,2116,94
"Clarendon Ave & Junior Ter",41.961004,-87.649603,"Halsted St & Roscoe St",41.94367,-87.64895,2208,1671,537
"Canal St & Madison St",41.882409,-87.639767,"Wabash Ave & Adams St",41.8794723523,-87.6256886059,2207,1911,296
"LaSalle St & Jackson Blvd",41.878166,-87.631929,"Dearborn St & Monroe St",41.881319815,-87.6295209193,2206,2120,86
"DuSable Lake Shore Dr & Belmont Ave",41.940775,-87.639192,"Wilton Ave & Belmont Ave",41.9402319181,-87.6529437304,2206,1454,752
"Theater on the Lake",41.926277,-87.630834,"DuSable Lake Shore Dr & Belmont Ave",41.940775,-87.639192,2205,863,1342
"Franklin St & Monroe St",41.880317,-87.635185,"Canal St & Madison St",41.882091,-87.639833,2205,2064,141
"Streeter Dr & Grand Ave",41.892278,-87.612043,"Broadway & Belmont Ave",41.940106,-87.645451,2204,650,1554
"Michigan Ave & Jackson Blvd",41.87785,-87.62408,"McCormick Place",41.8513751729,-87.6188346489,2203,596,1607
"Michigan Ave & Washington St",41.8838927658,-87.6246491409,"Dearborn St & Monroe St",41.881319815,-87.6295209193,2201,1752,449
"Clifton Ave & Armitage Ave",41.918216,-87.656936,"Clark St & Lincoln Ave",41.915689,-87.6346,2201,1501,700
"Wells St & Concord Ln",41.912133,-87.634656,"Halsted St & Clybourn Ave",41.909668,-87.648128,2199,1759,440
"Franklin St & Jackson Blvd",41.8777079559,-87.6353211408,"Dearborn St & Erie St",41.893992,-87.629318,2199,1641,558
"Clark St & Armitage Ave",41.918306,-87.636282,"Streeter Dr & Illinois St",41.891071,-87.6122,2199,394,1805
"Clark St & Montrose Ave",41.961588,-87.666036,"Ravenswood Ave & Lawrence Ave",41.96909,-87.674237,2197,2000,197
"DuSable Lake Shore Dr & Belmont Ave",41.940775,-87.639192,"Halsted St & Wrightwood Ave",41.929143,-87.649077,2196,1516,680
"Milwaukee Ave & Grand Ave",41.891578,-87.648384,"Canal St & Adams St",41.879255,-87.639904,2194,1921,273
"Lake Shore Dr & Belmont Ave",41.940775,-87.639192,"Lake Shore Dr & Wellington Ave",41.936669,-87.636794,2194,1419,775
"Clark St & Bryn Mawr Ave",41.983593,-87.669154,"Clark St & Elmdale Ave",41.9908604481,-87.66972363,2192,1899,293
"Clark St & Grace St",41.95078,-87.659172,"Ravenswood Ave & Irving Park Rd",41.95469,-87.67393,2189,1758,431
"Lakeview Ave & Fullerton Pkwy",41.925858,-87.638973,"Clark St & Wrightwood Ave",41.929546,-87.643118,2189,1605,584
"Clark St & Wellington Ave",41.9364968219,-87.6475386582,"Broadway & Sheridan Rd",41.952833,-87.649993,2188,1909,279
"Racine Ave & Randolph St",41.8840812248,-87.6569207293,"Clinton St & Washington Blvd",41.88338,-87.64117,2188,2028,160
"Michigan Ave & 14th St",41.864059,-87.623727,"Adler Planetarium",41.866095,-87.607267,2188,1027,1161
"Orleans St & Merchandise Mart Plaza",41.888243,-87.63639,"Clark St & Lincoln Ave",41.915689,-87.6346,2187,1824,363
"Clifton Ave & Armitage Ave",41.918216,-87.656936,"Sheffield Ave & Fullerton Ave",41.9256018819,-87.6537080423,2186,1858,328
"LaSalle St & Jackson Blvd",41.87817,-87.631985,"Clark St & Elm St",41.903233,-87.631253,2185,2091,94
"Clark St & Wellington Ave",41.9364968219,-87.6475386582,"Michigan Ave & Oak St",41.90096039,-87.62377664,2184,1419,765
"Western Ave & Winnebago Ave",41.91552,-87.687022,"Campbell Ave & Fullerton Ave",41.9246324716,-87.6893070063,2182,2088,94
"Lincoln Ave & Fullerton Ave",41.925905,-87.64926,"Wells St & Concord Ln",41.912133,-87.634656,2180,1789,391
"Peoria St & Jackson Blvd",41.877749,-87.649633,"Morgan St & Polk St",41.871737,-87.65103,2180,2068,112
"Michigan Ave & Oak St",41.90096039,-87.62377664,"Larrabee St & Webster Ave",41.921822,-87.64414,2179,1049,1130
"Montrose Harbor",41.963982,-87.638181,"DuSable Lake Shore Dr & Belmont Ave",41.940775,-87.639192,2179,870,1309
"Western Ave & Lunt Ave",42.0085943972,-87.6904922389,"Glenwood Ave & Morse Ave",42.0079719229,-87.6655023944,2177,1814,363
"Wabash Ave & Roosevelt Rd",41.867227,-87.625961,"Wentworth Ave & Archer Ave",41.854564,-87.631937,2177,1466,711
"Michigan Ave & Oak St",41.90096039,-87.62377664,"State St & Kinzie St",41.88918,-87.6277,2176,708,1468
"Michigan Ave & Lake St",41.886024,-87.624117,"Dearborn St & Monroe St",41.881319815,-87.6295209193,2175,1794,381
"Racine Ave & Belmont Ave",41.939743,-87.658865,"Clark St & Grace St",41.95078,-87.659172,2175,1561,614
"Clark St & Grace St",41.95078,-87.659172,"Pine Grove Ave & Irving Park Rd",41.954383,-87.648043,2175,1587,588
"Wells St & Polk St",41.8727315423,-87.6335164905,"Wabash Ave & Roosevelt Rd",41.867227,-87.625961,2175,1851,324
"Clifton Ave & Armitage Ave",41.918216,-87.656936,"Sheffield Ave & Kingsbury St",41.910522,-87.653106,2175,1955,220
"Cityfront Plaza Dr & Pioneer Ct",41.890573,-87.622072,"Clark St & Congress Pkwy",41.8759326655,-87.6305845355,2175,2121,54
"Racine Ave & Congress Pkwy",41.87464,-87.65703,"Hermitage Ave & Polk St",41.871514,-87.669886,2174,1999,175
"Desplaines St & Randolph St",41.883703,-87.644238,"Morgan St & Lake St",41.8854833079,-87.6523048564,2174,2050,124
"St. Clair St & Erie St",41.8943451374,-87.6227983832,"Wells St & Concord Ln",41.912133,-87.634656,2173,1857,316
"Sedgwick St & Huron St",41.894666,-87.638437,"Clark St & Elm St",41.903233,-87.631253,2173,1869,304
"Wabash Ave & 16th St",41.860384,-87.625813,"Dearborn St & Adams St",41.8793563587,-87.6297910363,2172,2056,116
"Field Blvd & South Water St",41.8863490627,-87.6175165471,"Adler Planetarium",41.866095,-87.607267,2171,1059,1112
"Greenview Ave & Jarvis Ave",42.015962,-87.66857,"Glenwood Ave & Morse Ave",42.0079719229,-87.6655023944,2170,1890,280
"Dearborn St & Adams St",41.8793563587,-87.6297910363,"State St & Harrison St",41.874053,-87.627716,2170,1784,386
"Orleans St & Merchandise Mart Plaza",41.888243,-87.63639,"Clinton St & Lake St",41.88583274,-87.64138231,2170,2080,90
"Desplaines St & Kinzie St",41.888716036,-87.6444478533,"Ogden Ave & Chicago Ave",41.896362458,-87.6540612729,2168,1840,328
"Lakefront Trail & Bryn Mawr Ave",41.9840441152,-87.6522812247,"Pine Grove Ave & Irving Park Rd",41.954383,-87.648043,2168,1165,1003
"Halsted St & Polk St",41.87184,-87.64664,"Morgan St & 18th St",41.858086,-87.651073,2167,1901,266
"Pine Grove Ave & Irving Park Rd",41.954383,-87.648043,"Halsted St & Waveland Ave",41.949375,-87.649626,2167,1774,393
"Ellis Ave & 53rd St",41.7993362626,-87.6009581145,"Woodlawn Ave & 55th St",41.795264,-87.596471,2166,1844,322
"Aberdeen St & Jackson Blvd",41.87772613,-87.65478743,"Morgan St & Lake St",41.8854833079,-87.6523048564,2165,1965,200
"Streeter Dr & Grand Ave",41.892278,-87.612043,"Pine Grove Ave & Waveland Ave",41.949275,-87.646303,2164,891,1273
"Lake Shore Dr & North Blvd",41.911722,-87.626804,"Shedd Aquarium",41.8672259568,-87.6153553902,2164,491,1673
"Kedzie Ave & Milwaukee Ave",41.929567,-87.707857,"Wood St & Milwaukee Ave",41.907655,-87.672552,2164,1703,461
"Clark St & Wellington Ave",41.9364968219,-87.6475386582,"Wilton Ave & Diversey Pkwy",41.932418,-87.652705,2162,1965,197
"Sheffield Ave & Fullerton Ave",41.9256018819,-87.6537080423,"Sheffield Ave & Willow St",41.913688,-87.652855,2162,1816,346
"Michigan Ave & Lake St",41.886024,-87.624117,"Michigan Ave & Congress Pkwy",41.8760656,-87.62443336,2162,648,1514
"Marshfield Ave & Cortland St",41.916017,-87.668879,"Racine Ave & Fullerton Ave",41.92556258,-87.65840426,2162,2090,72
"Lincoln Ave & Diversey Pkwy",41.932225,-87.658617,"Lincoln Ave & Fullerton Ave",41.925905,-87.64926,2161,1939,222
"Michigan Ave & Pearson St",41.89766,-87.62351,"State St & Randolph St",41.8847302006,-87.6277335692,2161,1042,1119
"Columbus Dr & Randolph St",41.884728,-87.619521,"Wabash Ave & Grand Ave",41.891466,-87.626761,2161,1661,500
"Franklin St & Quincy St",41.878724,-87.634793,"McClurg Ct & Illinois St",41.89102,-87.6173,2161,1901,260
"Drake Ave & Addison St",41.947326,-87.717582,"Monticello Ave & Irving Park Rd",41.9540048388,-87.7191281797,2160,1813,347
"Clinton St & Madison St",41.8827519657,-87.6411902905,"Franklin St & Monroe St",41.880317,-87.635185,2158,2042,116
"Franklin St & Quincy St",41.878724,-87.634793,"Kingsbury St & Kinzie St",41.8891768326,-87.6385057718,2157,2120,37
"State St & Van Buren St",41.877181,-87.627844,"Michigan Ave & 18th St",41.857926,-87.624336,2157,1958,199
"Wells St & Concord Ln",41.912133,-87.634656,"Sheffield Ave & Wrightwood Ave",41.928712,-87.653833,2156,1443,713
"Paulina Ave & North Ave",41.9098546522,-87.66993016,"Milwaukee Ave & Wabansia Ave",41.912616,-87.681391,2156,1814,342
"Broadway & Sheridan Rd",41.952833,-87.649993,"Pine Grove Ave & Irving Park Rd",41.954383,-87.648043,2156,1627,529
"Wabash Ave & Wacker Pl",41.886875,-87.62603,"Michigan Ave & Oak St",41.90096039,-87.62377664,2155,526,1629
"Halsted St & Maxwell St",41.864883,-87.647071,"Racine Ave & Congress Pkwy",41.87464,-87.65703,2155,1843,312
"Mies van der Rohe Way & Chestnut St",41.8985866514,-87.6219152258,"Rush St & Cedar St",41.9023087012,-87.627690528,2155,1678,477
"Stockton Dr & Wrightwood Ave",41.93132,-87.638742,"Cannon Dr & Fullerton Ave",41.9267559875,-87.6344287848,2154,1045,1109
"Drexel Ave & 60th St",41.785861,-87.604553,"Ellis Ave & 55th St",41.7943006205,-87.6014497734,2154,1707,447
"Southport Ave & Roscoe St",41.943739,-87.66402,"Seeley Ave & Roscoe St",41.943403,-87.679618,2154,1624,530
"Lake Shore Dr & Monroe St",41.880958,-87.616743,"Clark St & Armitage Ave",41.918306,-87.636282,2154,726,1428
"Dearborn Pkwy & Delaware Pl",41.898969,-87.629912,"Mies van der Rohe Way & Chestnut St",41.8985866514,-87.6219152258,2153,1758,395
"Sheffield Ave & Wrightwood Ave",41.928712,-87.653833,"Theater on the Lake",41.926277,-87.630834,2153,1001,1152
"McClurg Ct & Erie St",41.894503,-87.617854,"Lake Shore Dr & North Blvd",41.911722,-87.626804,2152,816,1336
"Columbus Dr & Randolph St",41.884728,-87.619521,"Wabash Ave & Wacker Pl",41.886875,-87.62603,2151,1312,839
"Lake Shore Dr & North Blvd",41.911722,-87.626804,"Clifton Ave & Armitage Ave",41.918216,-87.656936,2148,1461,687
"Lakeview Ave & Fullerton Pkwy",41.925858,-87.638973,"Lake Shore Dr & Diversey Pkwy",41.932684,-87.63625,2148,1592,556
"Millennium Park",41.8810317,-87.62408432,"Federal St & Polk St",41.8720776329,-87.6295437729,2147,1257,890
"Kedzie Ave & Milwaukee Ave",41.929567,-87.707857,"Central Park Ave & Elbridge Ave",41.9353372826,-87.7168892935,2147,1743,404
"Larrabee St & Kingsbury St",41.897764,-87.642884,"Desplaines St & Kinzie St",41.888716036,-87.6444478533,2146,1937,209
"Michigan Ave & Jackson Blvd",41.87785,-87.62408,"Michigan Ave & Oak St",41.90096039,-87.62377664,2146,558,1588
"Franklin St & Monroe St",41.880317,-87.635185,"Sedgwick St & Huron St",41.894666,-87.638437,2146,1993,153
"Broadway & Granville Ave",41.9947796884,-87.6602845349,"Clark St & Bryn Mawr Ave",41.983593,-87.669154,2145,1745,400
"Halsted St & Roscoe St",41.94367,-87.64895,"Broadway & Cornelia Ave",41.945529,-87.646439,2143,1715,428
"Daley Center Plaza",41.884241,-87.629634,"Clark St & Armitage Ave",41.918306,-87.636282,2143,1972,171
"Michigan Ave & 8th St",41.872773,-87.623981,"Lake Shore Dr & Monroe St",41.880958,-87.616743,2143,346,1797
"Aberdeen St & Jackson Blvd",41.87772613,-87.65478743,"Aberdeen St & Randolph St",41.884114,-87.654264,2142,1616,526
"Canal St & Madison St",41.882091,-87.639833,"Wells St & Huron St",41.8947953,-87.6343743,2141,2040,101
"Lake Shore Dr & North Blvd",41.911722,-87.626804,"Michigan Ave & Jackson Blvd",41.87785,-87.62408,2141,1039,1102
"Orleans St & Merchandise Mart Plaza",41.888243,-87.63639,"State St & Pearson St",41.897448,-87.628722,2140,1934,206
"Franklin St & Quincy St",41.878724,-87.634793,"Kingsbury St & Erie St",41.8939139,-87.6417358,2140,2088,52
"Desplaines St & Randolph St",41.883703,-87.644238,"Desplaines St & Jackson Blvd",41.8781189009,-87.6439476013,2139,1971,168
"Halsted St & Roosevelt Rd",41.867324,-87.648625,"Loomis St & Lexington St",41.872187,-87.661501,2138,2047,91
"Dearborn St & Monroe St",41.881319815,-87.6295209193,"Dearborn St & Adams St",41.8793563587,-87.6297910363,2137,1634,503
"Shedd Aquarium",41.8672259568,-87.6153553902,"Fairbanks Ct & Grand Ave",41.89186,-87.62062,2137,414,1723
"Kimball Ave & Belmont Ave",41.9393939534,-87.7120676637,"Avers Ave & Belmont Ave",41.939408,-87.723574,2136,1783,353
"Ellis Ave & 58th St",41.788746,-87.601334,"Blackstone Ave & 59th St",41.787877,-87.590461,2135,1638,497
"St. Clair St & Erie St",41.8943451374,-87.6227983832,"Dearborn Pkwy & Delaware Pl",41.898969,-87.629912,2135,1841,294
"Lake Shore Dr & Belmont Ave",41.940775,-87.639192,"Pine Grove Ave & Irving Park Rd",41.954383,-87.648043,2135,1341,794
"Clark St & Elm St",41.903233,-87.631253,"LaSalle Dr & Huron St",41.894877,-87.632326,2134,1653,481
"Clinton St & Madison St",41.8827519657,-87.6411902905,"Eckhart Park",41.89637337,-87.66098386,2134,1954,180
"Woodlawn Ave & 58th St",41.789381,-87.596479,"Ellis Ave & 60th St",41.7850971464,-87.6010727606,2134,1715,419
"Halsted St & Willow St",41.913865,-87.648755,"Wells St & Concord Ln",41.912133,-87.634656,2132,1603,529
"Daley Center Plaza",41.884241,-87.629634,"State St & Pearson St",41.897448,-87.628722,2132,1982,150
"Wabash Ave & 16th St",41.860384,-87.625813,"Franklin St & Monroe St",41.880317,-87.635185,2131,2081,50
"Broadway & Barry Ave",41.937725,-87.644095,"Sedgwick St & Webster Ave",41.922167,-87.638888,2130,1667,463
"Dearborn St & Adams St",41.8793563587,-87.6297910363,"McClurg Ct & Illinois St",41.89102,-87.6173,2128,1621,507
"Lake Shore Dr & North Blvd",41.911722,-87.626804,"Dayton St & North Ave",41.9105780349,-87.6494219288,2128,1058,1070
"Broadway & Waveland Ave",41.949074,-87.648636,"Wilton Ave & Belmont Ave",41.94018,-87.65304,2127,1877,250
"Blue Island Ave & 18th St",41.857556,-87.661535,"Damen Ave & Cullerton St",41.855048,-87.675726,2124,1873,251
"Halsted St & Wrightwood Ave",41.929143,-87.649077,"Larrabee St & Webster Ave",41.921822,-87.64414,2124,1665,459
"Hampden Ct & Diversey Pkwy",41.93262,-87.642385,"Clark St & Armitage Ave",41.918306,-87.636282,2121,1658,463
"Michigan Ave & Oak St",41.90096039,-87.62377664,"Halsted St & Roscoe St",41.94367,-87.64895,2120,1103,1017
"Millennium Park",41.8810317,-87.62408432,"LaSalle St & Jackson Blvd",41.87817,-87.631985,2120,773,1347
"Sedgwick St & North Ave",41.910983,-87.638525,"Halsted St & Clybourn Ave",41.909668,-87.648128,2120,1787,333
"Michigan Ave & Washington St",41.8838927658,-87.6246491409,"Wabash Ave & Grand Ave",41.891738,-87.626937,2120,682,1438
"Southport Ave & Wrightwood Ave",41.928773,-87.663913,"Southport Ave & Roscoe St",41.943739,-87.66402,2119,1368,751
"Desplaines St & Kinzie St",41.888716036,-87.6444478533,"Franklin St & Monroe St",41.880317,-87.635185,2118,1796,322
"Sedgwick St & Webster Ave",41.922167,-87.638888,"Clark St & Wellington Ave",41.9364968219,-87.6475386582,2118,1678,440
"Damen Ave & Pierce Ave",41.9093960065,-87.6776919292,"Troy St & North Ave",41.9097693017,-87.7052804871,2117,1684,433
"Eckhart Park",41.89637337,-87.66098386,"Desplaines St & Kinzie St",41.888716036,-87.6444478533,2113,1740,373
"Rush St & Hubbard St",41.890173,-87.626185,"Franklin St & Quincy St",41.878724,-87.634793,2112,1974,138
"Clark St & Drummond Pl",41.931248,-87.644336,"Wells St & Concord Ln",41.912133,-87.634656,2111,1551,560
"Clark St & North Ave",41.911974,-87.631942,"Rush St & Cedar St",41.9023087012,-87.627690528,2111,1563,548
"Clark St & Wrightwood Ave",41.929546,-87.643118,"Clark St & North Ave",41.911974,-87.631942,2111,1438,673
"Desplaines St & Jackson Blvd",41.8781189009,-87.6439476013,"Green St & Madison St",41.881859328,-87.6492637396,2110,1869,241
"Jefferson St & Monroe St",41.880422,-87.642746,"Green St & Madison St",41.881859328,-87.6492637396,2110,2043,67
"Clark St & Grace St",41.95078,-87.659172,"Sheridan Rd & Buena Ave",41.958494,-87.654966,2109,1453,656
"Mies van der Rohe Way & Chestnut St",41.8985866514,-87.6219152258,"State St & Pearson St",41.897448,-87.628722,2109,1852,257
"Clinton St & Lake St",41.885637,-87.641823,"Milwaukee Ave & Grand Ave",41.891578,-87.648384,2107,1864,243
"Paulina Ave & North Ave",41.9098546522,-87.66993016,"Damen Ave & Pierce Ave",41.9093960065,-87.6776919292,2107,1724,383
"Green St & Madison St",41.881859328,-87.6492637396,"Peoria St & Jackson Blvd",41.877749,-87.649633,2107,2043,64
"Marshfield Ave & Cortland St",41.916017,-87.668879,"Lincoln Ave & Diversey Pkwy",41.932225,-87.658617,2106,1991,115
"Canal St & Monroe St",41.8807,-87.63947,"Larrabee St & Kingsbury St",41.897764,-87.642884,2105,1976,129
"Elston Ave & Wabansia Ave",41.912919,-87.664169,"Dayton St & North Ave",41.9105780349,-87.6494219288,2104,1953,151
"Clark St & North Ave",41.911974,-87.631942,"Sedgwick St & Webster Ave",41.922167,-87.638888,2104,1281,823
"Dearborn St & Erie St",41.893992,-87.629318,"Clark St & Lincoln Ave",41.915689,-87.6346,2104,1446,658
"Wabash Ave & Grand Ave",41.891466,-87.626761,"McClurg Ct & Ohio St",41.8925921197,-87.6172891259,2104,1410,694
"Clark St & Elm St",41.903233,-87.631253,"Halsted St & Clybourn Ave",41.909668,-87.648128,2104,1623,481
"Michigan Ave & Oak St",41.90096039,-87.62377664,"Sedgwick St & North Ave",41.910983,-87.638525,2103,1241,862
"Kingsbury St & Erie St",41.8939139,-87.6417358,"State St & Kinzie St",41.88918,-87.6277,2103,1881,222
"Sheridan Rd & Loyola Ave",42.0010437798,-87.6611982433,"Clark St & Schreiber Ave",41.999245,-87.671249,2102,1830,272
"Cityfront Plaza Dr & Pioneer Ct",41.890573,-87.622072,"Michigan Ave & Oak St",41.90096039,-87.62377664,2102,674,1428
"Clark St & Armitage Ave",41.918306,-87.636282,"Sheffield Ave & Wrightwood Ave",41.928712,-87.653833,2102,1458,644
"Morgan St & Lake St",41.8854833079,-87.6523048564,"Racine Ave & Randolph St",41.8840812248,-87.6569207293,2101,2067,34
"Ogden Ave & Race Ave",41.891795,-87.658751,"Ogden Ave & Chicago Ave",41.896362458,-87.6540612729,2100,1890,210
"Broadway & Barry Ave",41.937725,-87.644095,"Streeter Dr & Grand Ave",41.892278,-87.612043,2100,855,1245
"State St & Randolph St",41.8847302006,-87.6277335692,"Orleans St & Merchandise Mart Plaza",41.888243,-87.63639,2099,1760,339
"Clinton St & Lake St",41.885637,-87.641823,"Daley Center Plaza",41.884241,-87.629634,2099,1951,148
"Ravenswood Ave & Lawrence Ave",41.96909,-87.674237,"Winthrop Ave & Lawrence Ave",41.968812,-87.657659,2099,1902,197
"Wells St & Hubbard St",41.889906,-87.634266,"Larrabee St & Kingsbury St",41.897764,-87.642884,2098,1831,267
"Wabash Ave & 8th St",41.871962,-87.626106,"Franklin St & Jackson Blvd",41.8777079559,-87.6353211408,2097,1570,527
"Fairbanks Ct & Grand Ave",41.89186,-87.62062,"Desplaines St & Kinzie St",41.888716036,-87.6444478533,2096,1823,273
"Canal St & Madison St",41.882091,-87.639833,"Wabash Ave & Wacker Pl",41.886875,-87.62603,2096,1802,294
"Sedgwick St & North Ave",41.910983,-87.638525,"Larrabee St & Kingsbury St",41.897764,-87.642884,2096,1921,175
"Wabash Ave & Grand Ave",41.891738,-87.626937,"Kingsbury St & Erie St",41.8939139,-87.6417358,2095,1890,205
"Wells St & Polk St",41.872373,-87.633523,"Franklin St & Jackson Blvd",41.8777079559,-87.6353211408,2095,1900,195
"Franklin St & Jackson Blvd",41.8777079559,-87.6353211408,"Clark St & Congress Pkwy",41.8759326655,-87.6305845355,2095,1743,352
"State St & Harrison St",41.874053,-87.627716,"Daley Center Plaza",41.884241,-87.629634,2094,1868,226
"Mies van der Rohe Way & Chicago Ave",41.89691,-87.621743,"McClurg Ct & Erie St",41.894503,-87.617854,2094,1800,294
"Lake Shore Dr & Monroe St",41.880958,-87.616743,"Lake Shore Dr & Belmont Ave",41.940775,-87.639192,2094,843,1251
"Peoria St & Jackson Blvd",41.877749,-87.649633,"Clinton St & Jackson Blvd",41.8783166118,-87.6409810781,2092,2066,26
"Franklin St & Jackson Blvd",41.8777079559,-87.6353211408,"Kingsbury St & Kinzie St",41.8891768326,-87.6385057718,2092,1912,180
"Clark St & Schiller St",41.907993,-87.631501,"Clark St & Wrightwood Ave",41.929546,-87.643118,2092,1486,606
"Canal St & Adams St",41.879255,-87.639904,"Wells St & Polk St",41.8727315423,-87.6335164905,2091,1883,208
"Clarendon Ave & Junior Ter",41.961004,-87.649603,"Broadway & Wilson Ave",41.965221,-87.658139,2090,1930,160
"Wacker Dr & Washington St Corral",41.88316,-87.63736,"Green St & Madison St",41.881859328,-87.6492637396,2090,2000,90
"Dearborn St & Erie St",41.893992,-87.629318,"Michigan Ave & Lake St",41.886024,-87.624117,2089,1615,474
"Southport Ave & Belmont Ave",41.9394777504,-87.6637476683,"Wilton Ave & Belmont Ave",41.9402319181,-87.6529437304,2088,1654,434
"Dearborn St & Adams St",41.8793563587,-87.6297910363,"Clark St & Elm St",41.903233,-87.631253,2087,1849,238
"Clinton St & Madison St",41.8827519657,-87.6411902905,"Racine Ave & Randolph St",41.8840812248,-87.6569207293,2087,1902,185
"Dearborn St & Monroe St",41.881319815,-87.6295209193,"Clark St & Randolph St",41.884576228,-87.63188991,2086,1810,276
"Wabash Ave & Wacker Pl",41.886875,-87.62603,"Michigan Ave & Pearson St",41.89766,-87.62351,2086,687,1399
"Clark St & Armitage Ave",41.918306,-87.636282,"Franklin St & Monroe St",41.880317,-87.635185,2086,1879,207
"Rush St & Cedar St",41.9023087012,-87.627690528,"Clark St & Lincoln Ave",41.915689,-87.6346,2085,1269,816
"Clark St & Grace St",41.95078,-87.659172,"Ashland Ave & Grace St",41.950687,-87.6687,2084,1479,605
"Broadway & Ridge Ave",41.9840446107,-87.6602738295,"Lakefront Trail & Bryn Mawr Ave",41.9840441152,-87.6522812247,2083,1223,860
"Ogden Ave & Chicago Ave",41.896362458,-87.6540612729,"Mies van der Rohe Way & Chicago Ave",41.89691,-87.621743,2083,1746,337
"St. Clair St & Erie St",41.8943451374,-87.6227983832,"Michigan Ave & Washington St",41.8838927658,-87.6246491409,2083,994,1089
"Bissell St & Armitage Ave",41.91844,-87.65222,"Sedgwick St & North Ave",41.910983,-87.638525,2083,1832,251
"Wabash Ave & Grand Ave",41.891738,-87.626937,"Michigan Ave & Lake St",41.886024,-87.624117,2083,1176,907
"Canal St & Adams St",41.879255,-87.639904,"Franklin St & Chicago Ave",41.89679,-87.63564,2082,1980,102
"Canal St & Adams St",41.879255,-87.639904,"Ashland Ave & Augusta Blvd",41.899643,-87.6677,2082,2032,50
"Green St & Madison St",41.881859328,-87.6492637396,"Dearborn St & Monroe St",41.881319815,-87.6295209193,2081,1727,354
"Broadway & Belmont Ave",41.940106,-87.645451,"Wilton Ave & Diversey Pkwy",41.932418,-87.652705,2081,1763,318
"Lake Shore Dr & Wellington Ave",41.936669,-87.636794,"Lake Shore Dr & Monroe St",41.880958,-87.616743,2081,1090,991
"Franklin St & Quincy St",41.878724,-87.634793,"Wabash Ave & Roosevelt Rd",41.867227,-87.625961,2080,1964,116
"Kingsbury St & Kinzie St",41.8891768326,-87.6385057718,"LaSalle St & Jackson Blvd",41.87817,-87.631985,2079,2053,26
"Milwaukee Ave & Wabansia Ave",41.912616,-87.681391,"Humboldt Blvd & Armitage Ave",41.917513394,-87.7018089555,2079,1511,568
"Dearborn St & Adams St",41.8793563587,-87.6297910363,"Dearborn St & Erie St",41.893992,-87.629318,2078,1737,341
"Canal St & Adams St",41.879255,-87.639904,"State St & Harrison St",41.874053,-87.627716,2078,1804,274
"Clinton St & Washington Blvd",41.88338,-87.64117,"Wells St & Evergreen Ave",41.906724,-87.63483,2078,1873,205
"Broadway & Sheridan Rd",41.952833,-87.649993,"Montrose Harbor",41.963982,-87.638181,2077,994,1083
"Franklin St & Jackson Blvd",41.8777079559,-87.6353211408,"Clinton St & Lake St",41.885637,-87.641823,2077,1893,184
"Kingsbury St & Kinzie St",41.8891768326,-87.6385057718,"Wood St & Milwaukee Ave",41.907655,-87.672552,2075,1750,325
"Field Blvd & South Water St",41.8863490627,-87.6175165471,"Indiana Ave & Roosevelt Rd",41.867888,-87.623041,2075,1524,551
"Lake Shore Dr & Monroe St",41.880958,-87.616743,"Clark St & North Ave",41.911974,-87.631942,2074,512,1562
"Lake Shore Dr & Ohio St",41.89257,-87.614492,"St. Clair St & Erie St",41.8943451374,-87.6227983832,2073,1109,964
"Damen Ave & Augusta Blvd",41.899714,-87.677234,"Damen Ave & Chicago Ave",41.895769,-87.67722,2073,1851,222
"Clinton St & Madison St",41.8827519657,-87.6411902905,"LaSalle St & Adams St",41.8793443735,-87.6319852213,2072,1980,92
"Wells St & Elm St",41.903222,-87.634324,"Dearborn Pkwy & Delaware Pl",41.898969,-87.629912,2072,1680,392
"Desplaines St & Jackson Blvd",41.8781189009,-87.6439476013,"Clinton St & Lake St",41.885637,-87.641823,2070,1938,132
"State St & 35th St",41.83104,-87.62688,"Indiana Ave & 31st St",41.838842,-87.621857,2069,1983,86
"Green St & Madison St",41.881859328,-87.6492637396,"Franklin St & Lake St",41.885837,-87.6355,2069,1767,302
"Honore St & Division St",41.903119,-87.673935,"Western Ave & Walton St",41.8984176894,-87.6865960164,2068,1683,385
"Broadway & Barry Ave",41.937582316,-87.644097805,"Wilton Ave & Belmont Ave",41.9402319181,-87.6529437304,2068,1636,432
"Clark St & Wellington Ave",41.9364968219,-87.6475386582,"Lakeview Ave & Fullerton Pkwy",41.925858,-87.638973,2068,1518,550
"Wells St & Evergreen Ave",41.906724,-87.63483,"Franklin St & Lake St",41.885837,-87.6355,2067,1846,221
"Albany Ave & Bloomingdale Ave",41.9140267127,-87.705126462,"Damen Ave & Pierce Ave",41.9093960065,-87.6776919292,2067,1143,924
"Clinton St & Madison St",41.8827519657,-87.6411902905,"Federal St & Polk St",41.8720776329,-87.6295437729,2065,1903,162
"Morgan Ave & 14th Pl",41.862378,-87.651062,"Franklin St & Jackson Blvd",41.8777079559,-87.6353211408,2065,1972,93
"Ritchie Ct & Banks St",41.906866,-87.626217,"Lake Shore Dr & North Blvd",41.911722,-87.626804,2064,1133,931
"Franklin St & Quincy St",41.878724,-87.634793,"Daley Center Plaza",41.884241,-87.629634,2064,1964,100
"Canal St & Jackson Blvd",41.877988,-87.640769,"Michigan Ave & Washington St",41.8838927658,-87.6246491409,2064,1827,237
"Franklin St & Chicago Ave",41.89679,-87.63564,"Wells St & Concord Ln",41.912133,-87.634656,2063,1795,268
"Wilton Ave & Belmont Ave",41.94018,-87.65304,"Lake Shore Dr & Wellington Ave",41.936669,-87.636794,2063,1697,366
"Western Ave & Leland Ave",41.966555,-87.688487,"Lincoln Ave & Leavitt St",41.962391,-87.684146,2063,1837,226
"LaSalle Dr & Huron St",41.894877,-87.632326,"Larrabee St & Kingsbury St",41.897764,-87.642884,2062,1895,167
"Canal St & Adams St",41.879255,-87.639904,"Sangamon St & Washington Blvd",41.883165,-87.6511,2062,1857,205
"Wabash Ave & 9th St",41.870769,-87.625734,"Wabash Ave & 16th St",41.860384,-87.625813,2062,1522,540
"State St & Randolph St",41.8847302006,-87.6277335692,"Lake Shore Dr & Monroe St",41.880958,-87.616743,2062,394,1668
"Canal St & Adams St",41.879255,-87.639904,"Canal St & Madison St",41.882091,-87.639833,2061,1845,216
"University Ave & 57th St",41.791478,-87.599861,"Greenwood Ave & 47th St",41.809835,-87.599383,2061,1911,150
"Larrabee St & Armitage Ave",41.918084,-87.643749,"Lake Shore Dr & North Blvd",41.911722,-87.626804,2061,1159,902
"Lake Shore Dr & Ohio St",41.89257,-87.614492,"McClurg Ct & Illinois St",41.89102,-87.6173,2061,677,1384
"Canal St & Monroe St",41.8807,-87.63947,"State St & Kinzie St",41.88918,-87.6277,2061,1904,157
"Sheridan Rd & Montrose Ave",41.96167,-87.65464,"Broadway & Cornelia Ave",41.945529,-87.646439,2059,1677,382
"Franklin St & Jackson Blvd",41.8777079559,-87.6353211408,"Dearborn St & Adams St",41.8793563587,-87.6297910363,2056,1496,560
"Morgan Ave & 14th Pl",41.862378,-87.651062,"Halsted St & Polk St",41.87184,-87.64664,2055,1813,242
"Streeter Dr & Grand Ave",41.892278,-87.612043,"Kingsbury St & Kinzie St",41.8891768326,-87.6385057718,2054,1077,977
"Dearborn St & Erie St",41.893992,-87.629318,"Clark St & North Ave",41.911974,-87.631942,2051,1448,603
"Clark St & Bryn Mawr Ave",41.983593,-87.669154,"Clark St & Winnemac Ave",41.9733476405,-87.6678554714,2050,1539,511
"Sheffield Ave & Wrightwood Ave",41.928712,-87.653833,"Lincoln Ave & Diversey Pkwy",41.932225,-87.658617,2050,1755,295
"LaSalle St & Illinois St",41.890762,-87.631697,"Wells St & Concord Ln",41.912133,-87.634656,2049,1545,504
"Wells St & Huron St",41.8947953,-87.6343743,"Sedgwick St & Huron St",41.894666,-87.638437,2049,1833,216
"Canal St & Adams St",41.879255,-87.639904,"Halsted St & Polk St",41.87184,-87.64664,2048,1727,321
"Pine Grove Ave & Waveland Ave",41.949275,-87.646303,"Clark St & Grace St",41.95078,-87.659172,2048,1854,194
"Wabash Ave & Grand Ave",41.891738,-87.626937,"LaSalle St & Jackson Blvd",41.87817,-87.631985,2047,1821,226
"Dearborn St & Adams St",41.8793563587,-87.6297910363,"Wabash Ave & 8th St",41.871962,-87.626106,2046,1766,280
"Halsted St & Roosevelt Rd",41.867324,-87.648625,"Racine Ave & Congress Pkwy",41.87464,-87.65703,2046,1727,319
"Milwaukee Ave & Rockwell St",41.920195,-87.693033,"Milwaukee Ave & Wabansia Ave",41.912616,-87.681391,2046,1584,462
"Franklin St & Monroe St",41.880317,-87.635185,"Desplaines St & Randolph St",41.883703,-87.644238,2045,1843,202
"Wells St & Concord Ln",41.912133,-87.634656,"Theater on the Lake",41.926277,-87.630834,2045,972,1073
"Clinton St & Washington Blvd",41.88338,-87.64117,"Sangamon St & Washington Blvd",41.883165,-87.6511,2044,1856,188
"Larrabee St & Webster Ave",41.921822,-87.64414,"Larrabee St & Menomonee St",41.91468,-87.64332,2044,1791,253
"Michigan Ave & 14th St",41.864059,-87.623727,"Columbus Dr & Randolph St",41.884728,-87.619521,2044,1817,227
"Dayton St & North Ave",41.9105780349,-87.6494219288,"Sheffield Ave & Kingsbury St",41.910522,-87.653106,2043,1891,152
"Clinton St & Madison St",41.8827519657,-87.6411902905,"LaSalle St & Illinois St",41.890762,-87.631697,2043,1731,312
"Wood St & Taylor St (Temp)",41.8692652184,-87.6737308502,"Western Ave & Fillmore St",41.868563,-87.686234,2042,1888,154
"Rush St & Hubbard St",41.890173,-87.626185,"LaSalle St & Jackson Blvd",41.87817,-87.631985,2041,1998,43
"Streeter Dr & Grand Ave",41.892278,-87.612043,"Sedgwick St & Webster Ave",41.922167,-87.638888,2041,426,1615
"Lincoln Ave & Roscoe St",41.94334,-87.67097,"Lincoln Ave & Waveland Ave",41.94911,-87.675112,2041,1930,111
"Delano Ct & Roosevelt Rd",41.867491,-87.63219,"Clinton St & Roosevelt Rd",41.8671177825,-87.6410879593,2040,1663,377
"Peoria St & Jackson Blvd",41.877749,-87.649633,"Kingsbury St & Kinzie St",41.8891768326,-87.6385057718,2039,1943,96
"LaSalle St & Washington St",41.882664,-87.63253,"Clark St & Schiller St",41.907993,-87.631501,2039,1931,108
"Michigan Ave & Madison St",41.882134,-87.625125,"Lake Shore Dr & Monroe St",41.880958,-87.616743,2039,398,1641
"Wilton Ave & Diversey Pkwy",41.932418,-87.652705,"Larrabee St & Webster Ave",41.921822,-87.64414,2038,1679,359
"Clark St & North Ave",41.911974,-87.631942,"Clark St & Lincoln Ave",41.915689,-87.6346,2036,996,1040
"Kedzie Ave & Milwaukee Ave",41.929567,-87.707857,"Albany Ave & Bloomingdale Ave",41.9140267127,-87.705126462,2036,1441,595
"Western Ave & Division St",41.902893,-87.687275,"Honore St & Division St",41.903119,-87.673935,2034,1603,431
"Franklin St & Jackson Blvd",41.8777079559,-87.6353211408,"Wabash Ave & Wacker Pl",41.886875,-87.62603,2034,959,1075
"Wabash Ave & 9th St",41.870769,-87.625734,"Millennium Park",41.8810317,-87.62408432,2033,1135,898
"Orleans St & Merchandise Mart Plaza",41.888243,-87.63639,"Stetson Ave & South Water St",41.886835,-87.62232,2033,1832,201
"Franklin St & Chicago Ave",41.89679,-87.63564,"Clinton St & Madison St",41.8827519657,-87.6411902905,2033,1899,134
"State St & Randolph St",41.8847302006,-87.6277335692,"State St & Van Buren St",41.877181,-87.627844,2033,1349,684
"Lake Shore Dr & Monroe St",41.880958,-87.616743,"Wabash Ave & Grand Ave",41.891738,-87.626937,2032,303,1729
"Ashland Ave & Blackhawk St",41.907066,-87.667252,"Milwaukee Ave & Wabansia Ave",41.912616,-87.681391,2031,1736,295
"Ogden Ave & Chicago Ave",41.896362458,-87.6540612729,"Kingsbury St & Erie St",41.8939139,-87.6417358,2031,1765,266
"Montrose Harbor",41.963982,-87.638181,"Broadway & Berwyn Ave",41.978353,-87.659753,2031,880,1151
"Wood St & Milwaukee Ave",41.907655,-87.672552,"Noble St & Milwaukee Ave",41.90068,-87.6626,2031,1592,439
"Mies van der Rohe Way & Chicago Ave",41.89691,-87.621743,"Michigan Ave & Lake St",41.886024,-87.624117,2030,1035,995
"Wabash Ave & 9th St",41.870769,-87.625734,"Daley Center Plaza",41.884241,-87.629634,2029,1741,288
"Clinton St & Madison St",41.8827519657,-87.6411902905,"Streeter Dr & Grand Ave",41.892278,-87.612043,2029,1230,799
"Halsted St & Wrightwood Ave",41.929143,-87.649077,"Lakeview Ave & Fullerton Pkwy",41.925858,-87.638973,2028,1598,430
"Racine Ave & 35th St",41.8306885647,-87.6562106609,"Wentworth Ave & 35th St",41.830777,-87.632504,2027,1612,415
"Wells St & Huron St",41.8947953,-87.6343743,"Desplaines St & Kinzie St",41.888716036,-87.6444478533,2025,1637,388
"Clark St & Lunt Ave",42.0090111806,-87.6741117239,"Sheridan Rd & Greenleaf Ave",42.0105865628,-87.6624120948,2025,1834,191
"Larrabee St & Kingsbury St",41.897764,-87.642884,"Canal St & Jackson Blvd",41.877988,-87.640769,2025,1970,55
"Montrose Harbor",41.963982,-87.638181,"Broadway & Cornelia Ave",41.945529,-87.646439,2025,987,1038
"State St & Kinzie St",41.88918,-87.6277,"Clinton St & Lake St",41.88583274,-87.64138231,2025,1832,193
"Orleans St & Merchandise Mart Plaza",41.888243,-87.63639,"State St & Kinzie St",41.88918,-87.6277,2024,1671,353
"Sheffield Ave & Waveland Ave",41.949399,-87.654529,"Streeter Dr & Grand Ave",41.892278,-87.612043,2022,353,1669
"Pine Grove Ave & Waveland Ave",41.9494727409,-87.6464527845,"Broadway & Barry Ave",41.937582316,-87.644097805,2022,1457,565
"Orleans St & Merchandise Mart Plaza",41.888243,-87.63639,"Carpenter St & Huron St",41.894556,-87.653449,2020,1762,258
"Wabash Ave & Roosevelt Rd",41.867227,-87.625961,"Columbus Dr & Randolph St",41.884728,-87.619521,2020,1611,409
"Halsted St & Polk St",41.87184,-87.64664,"Jefferson St & Monroe St",41.880422,-87.642746,2019,1932,87
"Clark St & Wellington Ave",41.9364968219,-87.6475386582,"Sheffield Ave & Waveland Ave",41.949399,-87.654529,2018,1446,572
"Winchester (Ravenswood) Ave & Balmoral Ave",41.979762,-87.67753,"Ravenswood Ave & Lawrence Ave",41.96909,-87.674237,2018,1922,96
"Rockwell St & Eastwood Ave",41.9659001398,-87.6936384935,"Francisco Ave & Foster Ave",41.9756327252,-87.7014194389,2018,1683,335
"Desplaines St & Kinzie St",41.888716036,-87.6444478533,"LaSalle St & Illinois St",41.890762,-87.631697,2017,1574,443
"Ravenswood Ave & Irving Park Rd",41.95469,-87.67393,"Ashland Ave & Grace St",41.950687,-87.6687,2016,1914,102
"Calumet Ave & 18th St",41.857611,-87.619407,"Dearborn St & Adams St",41.8793563587,-87.6297910363,2013,1894,119
"Desplaines St & Kinzie St",41.888716036,-87.6444478533,"Dearborn St & Erie St",41.893992,-87.629318,2013,1553,460
"Halsted St & Dickens Ave",41.919936,-87.64883,"Sheffield Ave & Fullerton Ave",41.9256018819,-87.6537080423,2013,1717,296
"Clark St & Grace St",41.95078,-87.659172,"DuSable Lake Shore Dr & Belmont Ave",41.940775,-87.639192,2012,1204,808
"Wabash Ave & Grand Ave",41.891738,-87.626937,"Clinton St & Madison St",41.8827519657,-87.6411902905,2011,1813,198
"Michigan Ave & Jackson Blvd",41.87785,-87.62408,"Fairbanks Ct & Grand Ave",41.89186,-87.62062,2011,1272,739
"Lake Shore Dr & North Blvd",41.911722,-87.626804,"Wabash Ave & Grand Ave",41.891738,-87.626937,2011,763,1248
"Lincoln Ave & Belmont Ave",41.939365,-87.668385,"Lincoln Ave & Diversey Pkwy",41.932225,-87.658617,2010,1892,118
"Daley Center Plaza",41.884241,-87.629634,"Desplaines St & Randolph St",41.883703,-87.644238,2009,1722,287
"State St & Randolph St",41.8846210726,-87.6278342307,"Columbus Dr & Randolph St",41.884728,-87.619521,2009,1576,433
"Theater on the Lake",41.926277,-87.630834,"St. Clair St & Erie St",41.8943451374,-87.6227983832,2008,893,1115
"Hampden Ct & Diversey Pkwy",41.93262,-87.642385,"Wilton Ave & Belmont Ave",41.94018,-87.65304,2007,1686,321
"McClurg Ct & Illinois St",41.89102,-87.6173,"Rush St & Hubbard St",41.890173,-87.626185,2006,1504,502
"Clinton St & Madison St",41.8827519657,-87.6411902905,"Canal St & Harrison St",41.874255,-87.639573,2005,1907,98
"Clark St & Wellington Ave",41.9364968219,-87.6475386582,"Southport Ave & Waveland Ave",41.94815,-87.66394,2005,1652,353
"Canal St & Harrison St",41.874337,-87.639566,"Clinton St & Madison St",41.8827519657,-87.6411902905,2005,1941,64
"Lakeview Ave & Fullerton Pkwy",41.925858,-87.638973,"Lake Shore Dr & Belmont Ave",41.940775,-87.639192,2005,1208,797
"Lake Shore Dr & North Blvd",41.911722,-87.626804,"Michigan Ave & Washington St",41.8838927658,-87.6246491409,2005,638,1367
"Clark St & Wellington Ave",41.9364968219,-87.6475386582,"Clark St & Newport St",41.94454,-87.654678,2004,1339,665
"Clark St & Armitage Ave",41.918306,-87.636282,"Broadway & Barry Ave",41.937725,-87.644095,2004,1365,639
"Lakefront Trail & Bryn Mawr Ave",41.9840441152,-87.6522812247,"Clark St & Bryn Mawr Ave",41.983593,-87.669154,2003,1230,773
"Clark St & Armitage Ave",41.918306,-87.636282,"Wells St & Elm St",41.903222,-87.634324,2002,1357,645
"Ashland Ave & Augusta Blvd",41.899643,-87.6677,"Damen Ave & Chicago Ave",41.895769,-87.67722,2002,1772,230
"Canal St & Madison St",41.882091,-87.639833,"Wells St & Elm St",41.903222,-87.634324,2001,1915,86
"Indiana Ave & Roosevelt Rd",41.867888,-87.623041,"State St & Harrison St",41.874053,-87.627716,2000,1244,756
"Orleans St & Chestnut St (NEXT Apts)",41.898203,-87.637536,"Clark St & Elm St",41.903233,-87.631253,1998,1789,209
"Racine Ave & Congress Pkwy",41.87464,-87.65703,"Green St & Madison St",41.881859328,-87.6492637396,1998,1870,128
"State St & Van Buren St",41.877181,-87.627844,"Wabash Ave & 16th St",41.860384,-87.625813,1998,1803,195
"Green St & Madison St",41.881859328,-87.6492637396,"Kingsbury St & Erie St",41.8939139,-87.6417358,1997,1828,169
"Southport Ave & Irving Park Rd",41.954177,-87.664358,"Clark St & Montrose Ave",41.961588,-87.666036,1996,1773,223
"Green St & Madison St",41.881859328,-87.6492637396,"Ogden Ave & Race Ave",41.891795,-87.658751,1996,1857,139
"Clark St & Schiller St",41.907993,-87.631501,"LaSalle St & Illinois St",41.890749,-87.63206,1996,1649,347
"Wilton Ave & Diversey Pkwy",41.932418,-87.652705,"Bissell St & Armitage Ave",41.91844,-87.65222,1996,1738,258
"Theater on the Lake",41.926277,-87.630834,"Southport Ave & Waveland Ave",41.94815,-87.66394,1996,892,1104
"LaSalle St & Illinois St",41.890749,-87.63206,"Millennium Park",41.8810317,-87.62408432,1996,442,1554
"Sheffield Ave & Webster Ave",41.92154,-87.653818,"Lake Shore Dr & North Blvd",41.911722,-87.626804,1995,1048,947
"Marshfield Ave & Cortland St",41.916017,-87.668879,"Sheffield Ave & Webster Ave",41.92154,-87.653818,1994,1800,194
"Michigan Ave & 14th St",41.864059,-87.623727,"Clark St & Congress Pkwy",41.8759326655,-87.6305845355,1994,1903,91
"Wells St & Elm St",41.903222,-87.634324,"Ashland Ave & Division St",41.90345,-87.667747,1993,1554,439
"State St & Randolph St",41.8847302006,-87.6277335692,"State St & Pearson St",41.897448,-87.628722,1992,1650,342
"Clark St & Lincoln Ave",41.915689,-87.6346,"Millennium Park",41.8810317,-87.62408432,1991,854,1137
"Clark St & Lincoln Ave",41.915689,-87.6346,"Franklin St & Monroe St",41.880317,-87.635185,1991,1856,135
"Clinton St & Washington Blvd",41.88338,-87.64117,"Wabash Ave & Roosevelt Rd",41.867227,-87.625961,1990,1828,162
"Marshfield Ave & Cortland St",41.916017,-87.668879,"Damen Ave & Charleston St",41.920082,-87.677855,1989,1870,119
"Clarendon Ave & Leland Ave",41.967968,-87.650001,"Clarendon Ave & Junior Ter",41.961004,-87.649603,1989,1643,346
"Green St & Madison St",41.881859328,-87.6492637396,"Orleans St & Merchandise Mart Plaza",41.888243,-87.63639,1989,1680,309
"Clark St & Randolph St",41.884576228,-87.63188991,"Orleans St & Merchandise Mart Plaza",41.888243,-87.63639,1989,1809,180
"Michigan Ave & 14th St",41.864059,-87.623727,"Michigan Ave & Madison St",41.882134,-87.625125,1989,1780,209
"Lake Shore Dr & Wellington Ave",41.936669,-87.636794,"Clark St & Armitage Ave",41.918306,-87.636282,1987,1212,775
"Sheffield Ave & Kingsbury St",41.910522,-87.653106,"Wells St & Concord Ln",41.912133,-87.634656,1986,1641,345
"Southport Ave & Roscoe St",41.943739,-87.66402,"Clark St & Wrightwood Ave",41.929546,-87.643118,1986,1459,527
"Broadway & Cornelia Ave",41.945529,-87.646439,"Michigan Ave & Oak St",41.90096039,-87.62377664,1986,1123,863
"Franklin St & Lake St",41.885837,-87.6355,"Kingsbury St & Kinzie St",41.8891768326,-87.6385057718,1985,1886,99
"Clark St & Drummond Pl",41.931248,-87.644336,"Clark St & Newport St",41.94454,-87.654678,1984,1161,823
"Green St & Randolph St*",41.8836016573,-87.6486267149,"Michigan Ave & Washington St",41.8838927658,-87.6246491409,1984,1473,511
"Clybourn Ave & Division St",41.904613,-87.640552,"Larrabee St & Kingsbury St",41.897764,-87.642884,1983,1764,219
"Stockton Dr & Wrightwood Ave",41.93132,-87.638742,"Montrose Harbor",41.963982,-87.638181,1983,979,1004
"Ravenswood Ave & Irving Park Rd",41.95469,-87.67393,"Sheridan Rd & Irving Park Rd",41.954245,-87.654406,1982,1685,297
"Canal St & Adams St",41.879255,-87.639904,"Wabash Ave & 8th St",41.871962,-87.626106,1982,1843,139
"State St & Kinzie St",41.88918,-87.6277,"Michigan Ave & Pearson St",41.89766,-87.62351,1982,939,1043
"Wells St & Evergreen Ave",41.906724,-87.63483,"Larrabee St & Oak St",41.9002194932,-87.6429854676,1982,1769,213
"Michigan Ave & 8th St",41.872773,-87.623981,"Michigan Ave & 14th St",41.864059,-87.623727,1982,1354,628
"Franklin St & Jackson Blvd",41.8777079559,-87.6353211408,"Lake Shore Dr & Monroe St",41.880958,-87.616743,1982,488,1494
"Canal St & Adams St",41.879255,-87.639904,"Wood St & Taylor St",41.869154,-87.671045,1981,1961,20
"Sheffield Ave & Addison St",41.94688,-87.65445,"Ashland Ave & Grace St",41.950687,-87.6687,1980,1849,131
"Columbus Dr & Randolph St",41.884728,-87.619521,"Michigan Ave & Pearson St",41.89766,-87.62351,1979,1043,936
"Sheffield Ave & Fullerton Ave",41.9256018819,-87.6537080423,"Clark St & Armitage Ave",41.918306,-87.636282,1979,1400,579
"Wabash Ave & Grand Ave",41.891466,-87.626761,"Dearborn St & Erie St",41.893992,-87.629318,1977,1421,556
"Franklin St & Chicago Ave",41.89679,-87.63564,"Ogden Ave & Chicago Ave",41.896362458,-87.6540612729,1976,1642,334
"Dayton St & North Ave",41.9105780349,-87.6494219288,"Damen Ave & Pierce Ave",41.9093960065,-87.6776919292,1975,1288,687
"Orleans St & Merchandise Mart Plaza",41.888243,-87.63639,"Streeter Dr & Grand Ave",41.892278,-87.612043,1975,954,1021
"Larrabee St & Kingsbury St",41.897764,-87.642884,"LaSalle St & Illinois St",41.890749,-87.63206,1975,1807,168
"Clark St & Elm St",41.903233,-87.631253,"Michigan Ave & Lake St",41.886024,-87.624117,1974,1595,379
"Damen Ave & Leland Ave",41.967094,-87.679028,"Clark St & Leland Ave",41.967096,-87.667429,1974,1845,129
"Aberdeen St & Jackson Blvd",41.87772613,-87.65478743,"LaSalle St & Jackson Blvd",41.87817,-87.631985,1973,1888,85
"Sheridan Rd & Buena Ave",41.958494,-87.654966,"Broadway & Sheridan Rd",41.952833,-87.649993,1972,1705,267
"Cannon Dr & Fullerton Ave",41.9267559875,-87.6344287848,"Lake Shore Dr & Monroe St",41.880958,-87.616743,1971,427,1544
"Michigan Ave & 18th St",41.857926,-87.624336,"Daley Center Plaza",41.884241,-87.629634,1971,1870,101
"Blue Island Ave & 18th St",41.857556,-87.661535,"May St & Cullerton St",41.855136,-87.654127,1969,1772,197
"Fairbanks Ct & Grand Ave",41.89186,-87.62062,"Clark St & Elm St",41.903233,-87.631253,1969,1511,458
"Clark St & Congress Pkwy",41.8759326655,-87.6305845355,"Daley Center Plaza",41.884451,-87.629892,1969,1848,121
"Desplaines St & Jackson Blvd",41.8781189009,-87.6439476013,"Aberdeen St & Monroe St",41.880419,-87.655519,1968,1855,113
"Halsted St & Wrightwood Ave",41.929143,-87.649077,"Clark St & Newport St",41.94454,-87.654678,1968,1160,808
"Wells St & Evergreen Ave",41.906724,-87.63483,"Franklin St & Chicago Ave",41.89680204,-87.63563839,1968,1762,206
"Southport Ave & Clybourn Ave",41.921004,-87.663257,"Sheffield Ave & Fullerton Ave",41.9256018819,-87.6537080423,1968,1665,303
"Michigan Ave & Lake St",41.886024,-87.624117,"Lake Shore Dr & Ohio St",41.89257,-87.614492,1967,1038,929
"Wells St & Huron St",41.8947953,-87.6343743,"Clinton St & Lake St",41.885637,-87.641823,1966,1598,368
"Franklin St & Quincy St",41.878724,-87.634793,"Franklin St & Lake St",41.885837,-87.6355,1966,1823,143
"Noble St & Milwaukee Ave",41.90068,-87.6626,"Desplaines St & Kinzie St",41.888716036,-87.6444478533,1965,1550,415
"State St & Pearson St",41.897448,-87.628722,"Franklin St & Monroe St",41.880317,-87.635185,1965,1839,126
"Wabash Ave & Adams St",41.8794723523,-87.6256886059,"Franklin St & Quincy St",41.878724,-87.634793,1964,1804,160
"Federal St & Polk St",41.8720776329,-87.6295437729,"LaSalle St & Washington St",41.882664,-87.63253,1964,1867,97
"Michigan Ave & Congress Pkwy",41.8760656,-87.62443336,"Clark St & Congress Pkwy",41.8759326655,-87.6305845355,1964,1694,270
"Columbus Dr & Randolph St",41.884728,-87.619521,"Daley Center Plaza",41.884451,-87.629892,1963,1790,173
"Halsted St & Dickens Ave",41.919936,-87.64883,"Lake Shore Dr & North Blvd",41.911722,-87.626804,1962,1115,847
"Desplaines St & Kinzie St",41.888716036,-87.6444478533,"Jefferson St & Monroe St",41.880422,-87.642746,1961,1820,141
"Western Ave & Winnebago Ave",41.915533,-87.687051,"Leavitt St & North Ave",41.910153,-87.68229,1961,1872,89
"Sheffield Ave & Fullerton Ave",41.9256018819,-87.6537080423,"Hampden Ct & Diversey Pkwy",41.93262,-87.642385,1961,1759,202
"Broadway & Wilson Ave",41.965221,-87.658139,"Clark St & Leland Ave",41.967096,-87.667429,1959,1821,138
"Wabash Ave & Grand Ave",41.891738,-87.626937,"Michigan Ave & Pearson St",41.89766,-87.62351,1959,795,1164
"Wolcott Ave & Polk St",41.871262,-87.673688,"Halsted St & Polk St",41.87184,-87.64664,1958,1684,274
"Lake Park Ave & 56th St",41.793242,-87.587782,"Lake Park Ave & 53rd St",41.7994942937,-87.5864498959,1958,1598,360
"Wells St & Walton St",41.89993001,-87.63443007,"Kingsbury St & Kinzie St",41.8891768326,-87.6385057718,1957,1552,405
"Kingsbury St & Kinzie St",41.8891768326,-87.6385057718,"Wabash Ave & Wacker Pl",41.886875,-87.62603,1956,1707,249
"Kingsbury St & Kinzie St",41.8891768326,-87.6385057718,"LaSalle St & Illinois St",41.890749,-87.63206,1954,1810,144
"Clinton St & Madison St",41.8827519657,-87.6411902905,"Wells St & Polk St",41.8727315423,-87.6335164905,1954,1628,326
"Sheffield Ave & Wellington Ave",41.936253,-87.653566,"Ashland Ave & Wellington Ave",41.936083,-87.669807,1953,1817,136
"State St & Randolph St",41.8847302006,-87.6277335692,"Dearborn St & Monroe St",41.881319815,-87.6295209193,1952,1693,259
"Wabash Ave & 8th St",41.871962,-87.626106,"State St & Van Buren St",41.877181,-87.627844,1952,1654,298
"Franklin St & Jackson Blvd",41.8777079559,-87.6353211408,"Canal St & Monroe St",41.8807,-87.63947,1952,1778,174
"Lincoln Ave & Belle Plaine Ave",41.955927,-87.679259,"Western Ave & Leland Ave",41.966555,-87.688487,1951,1729,222
"Wabash Ave & 9th St",41.870769,-87.625734,"Dearborn St & Monroe St",41.881319815,-87.6295209193,1949,1674,275
"Peoria St & Jackson Blvd",41.877749,-87.649633,"Loomis St & Lexington St",41.872187,-87.661501,1949,1806,143
"Rush St & Cedar St",41.9023087012,-87.627690528,"Kingsbury St & Kinzie St",41.8891768326,-87.6385057718,1948,1601,347
"Clark St & Schiller St",41.907993,-87.631501,"Larrabee St & Kingsbury St",41.897764,-87.642884,1948,1739,209
"Larrabee St & Menomonee St",41.91468,-87.64332,"Sheffield Ave & Kingsbury St",41.910522,-87.653106,1948,1830,118
"Dearborn St & Monroe St",41.881319815,-87.6295209193,"LaSalle St & Illinois St",41.890749,-87.63206,1947,1577,370
"Kingsbury St & Kinzie St",41.8891768326,-87.6385057718,"Canal St & Jackson Blvd",41.877988,-87.640769,1947,1880,67
"Sedgwick St & Huron St",41.894666,-87.638437,"Dearborn Pkwy & Delaware Pl",41.898969,-87.629912,1947,1647,300
"Lincoln Ave & Fullerton Ave",41.9241610291,-87.6463803649,"Clark St & Lincoln Ave",41.915689,-87.6346,1947,1094,853
"Peoria St & Jackson Blvd",41.877749,-87.649633,"LaSalle St & Jackson Blvd",41.87817,-87.631985,1947,1757,190
"Pine Grove Ave & Waveland Ave",41.949275,-87.646303,"Southport Ave & Waveland Ave",41.94815,-87.66394,1947,1609,338
"Wabash Ave & Grand Ave",41.891738,-87.626937,"Dearborn St & Monroe St",41.881319815,-87.6295209193,1944,1520,424
"Prairie Ave & Garfield Blvd",41.794853,-87.618691,"Ellis Ave & 55th St",41.7943006205,-87.6014497734,1944,1610,334
"Sheridan Rd & Irving Park Rd",41.954245,-87.654406,"Southport Ave & Roscoe St",41.943739,-87.66402,1943,1303,640
"Clark St & Berwyn Ave",41.9780306225,-87.6685649157,"Lakefront Trail & Bryn Mawr Ave",41.9840441152,-87.6522812247,1943,1210,733
"Dearborn St & Erie St",41.893992,-87.629318,"Michigan Ave & Pearson St",41.89766,-87.62351,1942,1191,751
"Lake Shore Dr & Ohio St",41.89257,-87.614492,"Wabash Ave & Grand Ave",41.891466,-87.626761,1942,1609,333
"Clinton St & 18th St",41.85795,-87.640826,"Clinton St & Roosevelt Rd",41.8671177825,-87.6410879593,1940,1706,234
"Clinton St & Roosevelt Rd",41.8671177825,-87.6410879593,"Morgan Ave & 14th Pl",41.862378,-87.651062,1940,1675,265
"Ogden Ave & Chicago Ave",41.896362458,-87.6540612729,"Clinton St & Washington Blvd",41.88338,-87.64117,1939,1787,152
"Wilton Ave & Diversey Pkwy",41.932418,-87.652705,"Clark St & Lincoln Ave",41.915689,-87.6346,1938,1309,629
"Southport Ave & Roscoe St",41.943739,-87.66402,"Broadway & Cornelia Ave",41.945529,-87.646439,1936,1521,415
"Dearborn Pkwy & Delaware Pl",41.898969,-87.629912,"Wells St & Hubbard St",41.889906,-87.634266,1934,1545,389
"Sedgwick St & Webster Ave",41.922167,-87.638888,"Hampden Ct & Diversey Pkwy",41.93262,-87.642385,1934,1609,325
"Lincoln Ave & Fullerton Ave",41.925905,-87.64926,"Wilton Ave & Diversey Pkwy",41.932418,-87.652705,1933,1793,140
"Franklin St & Jackson Blvd",41.8777079559,-87.6353211408,"McClurg Ct & Illinois St",41.89102,-87.6173,1933,1293,640
"McClurg Ct & Illinois St",41.89102,-87.6173,"Michigan Ave & Jackson Blvd",41.87785,-87.62408,1933,888,1045
"Greenview Ave & Fullerton Ave",41.92533,-87.6658,"Theater on the Lake",41.926277,-87.630834,1931,893,1038
"McCormick Place",41.8513751729,-87.6188346489,"Calumet Ave & 18th St",41.857611,-87.619407,1931,629,1302
"Dearborn St & Monroe St",41.881319815,-87.6295209193,"Wells St & Polk St",41.872373,-87.633523,1929,1811,118
"Field Blvd & South Water St",41.8863490627,-87.6175165471,"Clark St & Lake St",41.8860208277,-87.6308760584,1929,1715,214
"Green St & Randolph St*",41.8836016573,-87.6486267149,"Aberdeen St & Jackson Blvd",41.87772613,-87.65478743,1929,1633,296
"Dearborn St & Monroe St",41.881319815,-87.6295209193,"St. Clair St & Erie St",41.8943451374,-87.6227983832,1928,1526,402
"Dayton St & North Ave",41.9105780349,-87.6494219288,"Clark St & Armitage Ave",41.918306,-87.636282,1928,1329,599
"Michigan Ave & 14th St",41.864059,-87.623727,"Lake Shore Dr & Monroe St",41.880958,-87.616743,1928,819,1109
"Wabash Ave & Roosevelt Rd",41.867227,-87.625961,"Calumet Ave & 21st St",41.8541842495,-87.6191537415,1927,1527,400
"Paulina Ave & North Ave",41.9098546522,-87.66993016,"Sheffield Ave & Kingsbury St",41.910522,-87.653106,1926,1571,355
"Michigan Ave & Oak St",41.90096039,-87.62377664,"Wells St & Evergreen Ave",41.906724,-87.63483,1926,905,1021
"Rush St & Cedar St",41.9023087012,-87.627690528,"Theater on the Lake",41.926277,-87.630834,1926,732,1194
"Stetson Ave & South Water St",41.886835,-87.62232,"Michigan Ave & Lake St",41.886024,-87.624117,1926,1246,680
"Clark St & Lincoln Ave",41.915689,-87.6346,"Sheffield Ave & Fullerton Ave",41.9256018819,-87.6537080423,1926,1158,768
"Lake Shore Dr & North Blvd",41.911722,-87.626804,"Lakefront Trail & Bryn Mawr Ave",41.9840441152,-87.6522812247,1926,1023,903
"Franklin St & Jackson Blvd",41.8777079559,-87.6353211408,"Loomis St & Jackson Blvd",41.877945,-87.662007,1925,1778,147
"LaSalle St & Illinois St",41.890749,-87.63206,"Sedgwick St & Huron St",41.894666,-87.638437,1925,1764,161
"Damen Ave & Pierce Ave",41.9093960065,-87.6776919292,"Ashland Ave & Augusta Blvd",41.899643,-87.6677,1925,1439,486
"Broadway & Wilson Ave",41.965221,-87.658139,"Montrose Harbor",41.963982,-87.638181,1924,1055,869
"Larrabee St & Kingsbury St",41.897764,-87.642884,"Rush St & Superior St",41.8957647456,-87.6259080327,1924,1757,167
"Clark St & Grace St",41.95078,-87.659172,"Broadway & Belmont Ave",41.940106,-87.645451,1923,1425,498
"Michigan Ave & Jackson Blvd",41.87785,-87.62408,"Theater on the Lake",41.926277,-87.630834,1923,1298,625
"Wells St & Walton St",41.89993001,-87.63443007,"Clark St & Elm St",41.903233,-87.631253,1923,1701,222
"Wabash Ave & Adams St",41.8794723523,-87.6256886059,"Streeter Dr & Grand Ave",41.892278,-87.612043,1922,303,1619
"State St & Pearson St",41.897448,-87.628722,"Clinton St & Lake St",41.885637,-87.641823,1922,1845,77
"Damen Ave & Pierce Ave",41.9093960065,-87.6776919292,"Milwaukee Ave & Rockwell St",41.920195,-87.693033,1922,1301,621
"Michigan Ave & Lake St",41.886024,-87.624117,"Wabash Ave & Adams St",41.8794723523,-87.6256886059,1921,1572,349
"Morgan St & 18th St",41.858086,-87.651073,"Clinton St & Roosevelt Rd",41.8671177825,-87.6410879593,1921,1582,339
"Canal St & Jackson Blvd",41.87811421,-87.63997112,"Wabash Ave & 9th St",41.870769,-87.625734,1921,1852,69
"Dearborn Pkwy & Delaware Pl",41.898969,-87.629912,"Clinton St & Lake St",41.885637,-87.641823,1921,1682,239
"Wells St & Walton St",41.89993001,-87.63443007,"Wells St & Hubbard St",41.889906,-87.634266,1921,1290,631
"Michigan Ave & Lake St",41.886022,-87.624398,"Columbus Dr & Randolph St",41.884728,-87.619521,1921,1642,279
"Emerald Ave & 31st St",41.838198,-87.645143,"Indiana Ave & 31st St",41.838842,-87.621857,1920,1771,149
"Orleans St & Merchandise Mart Plaza",41.888243,-87.63639,"Clark St & Armitage Ave",41.918306,-87.636282,1920,1693,227
"Michigan Ave & Oak St",41.90096039,-87.62377664,"State St & Pearson St",41.897448,-87.628722,1920,833,1087
"DuSable Lake Shore Dr & North Blvd",41.911722,-87.626804,"DuSable Lake Shore Dr & Wellington Ave",41.9366884495,-87.6368290186,1918,740,1178
"Lake Shore Dr & North Blvd",41.911722,-87.626804,"St. Clair St & Erie St",41.8943451374,-87.6227983832,1918,596,1322
"Western Ave & Leland Ave",41.966555,-87.688487,"Damen Ave & Sunnyside Ave",41.96325,-87.679258,1918,1624,294
"Streeter Dr & Grand Ave",41.892278,-87.612043,"Clark St & Schiller St",41.907993,-87.631501,1917,648,1269
"Green St & Randolph St*",41.8836016573,-87.6486267149,"Daley Center Plaza",41.884241,-87.629634,1917,1565,352
"Damen Ave & Pierce Ave",41.9093960065,-87.6776919292,"Damen Ave & Wellington Ave",41.93588,-87.67842,1916,1406,510
"LaSalle St & Washington St",41.882664,-87.63253,"Michigan Ave & Lake St",41.886024,-87.624117,1916,1674,242
"Theater on the Lake",41.926277,-87.630834,"Clark St & Schiller St",41.907993,-87.631501,1915,851,1064
"Clark St & Congress Pkwy",41.8759326655,-87.6305845355,"Columbus Dr & Randolph St",41.884728,-87.619521,1915,1813,102
"Lincoln Ave & Fullerton Ave",41.925905,-87.64926,"Larrabee St & Webster Ave",41.921822,-87.64414,1915,1576,339
"Franklin St & Monroe St",41.880317,-87.635185,"Mies van der Rohe Way & Chestnut St",41.8985866514,-87.6219152258,1914,1693,221
"Canal St & Adams St",41.879255,-87.639904,"Ada St & Washington Blvd",41.88283,-87.661206,1913,1756,157
"Lincoln Park Conservatory",41.9239313114,-87.6358245313,"Michigan Ave & Oak St",41.90096039,-87.62377664,1913,561,1352
"Canal St & Jackson Blvd",41.877988,-87.640769,"State St & Kinzie St",41.88918,-87.6277,1913,1695,218
"Kimbark Ave & 53rd St",41.7994549,-87.5947779,"Woodlawn Ave & 58th St",41.789381,-87.596479,1911,1370,541
"Lincoln Ave & Melrose St",41.9406,-87.669435,"Clark St & Grace St",41.95078,-87.659172,1911,1145,766
"Lake Park Ave & 56th St",41.793242,-87.587782,"Blackstone Ave & Hyde Park Blvd",41.802562,-87.590368,1910,1553,357
"Rush St & Hubbard St",41.890173,-87.626185,"Clinton St & Lake St",41.885637,-87.641823,1909,1785,124
"McClurg Ct & Erie St",41.894503,-87.617854,"Lake Shore Dr & Ohio St",41.89257,-87.614492,1908,1212,696
"Lake Shore Dr & Belmont Ave",41.940775,-87.639192,"Clark St & Lincoln Ave",41.915689,-87.6346,1907,1120,787
"Lake Shore Dr & Diversey Pkwy",41.932684,-87.63625,"Clark St & Armitage Ave",41.918306,-87.636282,1905,1122,783
"Cityfront Plaza Dr & Pioneer Ct",41.890573,-87.622072,"Michigan Ave & Jackson Blvd",41.87785,-87.62408,1905,1129,776
"McClurg Ct & Erie St",41.894503,-87.617854,"Indiana Ave & Roosevelt Rd",41.867888,-87.623041,1903,1673,230
"Green St & Randolph St*",41.8836016573,-87.6486267149,"Carpenter St & Huron St",41.894556,-87.653449,1902,1625,277
"State St & Pearson St",41.897448,-87.628722,"Canal St & Madison St",41.882091,-87.639833,1902,1745,157
"Dearborn St & Erie St",41.893992,-87.629318,"Michigan Ave & Washington St",41.8838927658,-87.6246491409,1901,1132,769
"Milwaukee Ave & Wabansia Ave",41.912616,-87.681391,"Damen Ave & Chicago Ave",41.895769,-87.67722,1901,1601,300
"Sheridan Rd & Lawrence Ave",41.969517,-87.654691,"Clarendon Ave & Leland Ave",41.967968,-87.650001,1900,1605,295
"Southport Ave & Waveland Ave",41.94815,-87.66394,"Clark St & Montrose Ave",41.961588,-87.666036,1899,1598,301
"Sedgwick St & Huron St",41.894666,-87.638437,"Ogden Ave & Chicago Ave",41.896362458,-87.6540612729,1899,1705,194
"Michigan Ave & 14th St",41.864059,-87.623727,"Wabash Ave & Adams St",41.8794723523,-87.6256886059,1898,1682,216
"Dearborn St & Adams St",41.8793563587,-87.6297910363,"Clark St & Congress Pkwy",41.8759326655,-87.6305845355,1897,1746,151
"Kingsbury St & Erie St",41.8939139,-87.6417358,"Larrabee St & Oak St",41.9002194932,-87.6429854676,1897,1731,166
"Wilton Ave & Belmont Ave",41.94018,-87.65304,"Sheffield Ave & Fullerton Ave",41.9256018819,-87.6537080423,1897,1574,323
"Dearborn St & Monroe St",41.881319815,-87.6295209193,"Clark St & Congress Pkwy",41.8759326655,-87.6305845355,1895,1712,183
"Wells St & Concord Ln",41.912133,-87.634656,"Lincoln Ave & Fullerton Ave",41.9241610291,-87.6463803649,1895,982,913
"Clinton St & Washington Blvd",41.88338,-87.64117,"Streeter Dr & Grand Ave",41.892278,-87.612043,1895,1122,773
"DuSable Lake Shore Dr & North Blvd",41.911722,-87.626804,"Clark St & Elm St",41.903233,-87.631253,1895,1087,808
"Clark St & Wellington Ave",41.9364968219,-87.6475386582,"Broadway & Cornelia Ave",41.945529,-87.646439,1893,1668,225
"Lake Shore Dr & Ohio St",41.89257,-87.614492,"Dearborn St & Erie St",41.893992,-87.629318,1893,1345,548
"Ada St & Washington Blvd",41.88283,-87.661206,"Peoria St & Jackson Blvd",41.877749,-87.649633,1893,1808,85
"Clark St & Elm St",41.903233,-87.631253,"State St & Randolph St",41.8847302006,-87.6277335692,1893,1560,333
"Streeter Dr & Grand Ave",41.892278,-87.612043,"Streeter Dr/Grand Ave",41.892401,-87.612388,1892,285,1607
"Montrose Harbor",41.963982,-87.638181,"Broadway & Thorndale Ave",41.9897425114,-87.6601406209,1891,1036,855
"Clark St & Grace St",41.95078,-87.659172,"Southport Ave & Irving Park Rd",41.954177,-87.664358,1891,1363,528
"Franklin St & Quincy St",41.878724,-87.634793,"Clark St & Elm St",41.903233,-87.631253,1890,1817,73
"Wilton Ave & Belmont Ave",41.94018,-87.65304,"Pine Grove Ave & Irving Park Rd",41.954383,-87.648043,1890,1580,310
"Wabash Ave & Wacker Pl",41.886875,-87.62603,"Streeter Dr & Illinois St",41.891071,-87.6122,1889,253,1636
"Lakefront Trail & Bryn Mawr Ave",41.9840441152,-87.6522812247,"Pine Grove Ave & Waveland Ave",41.949275,-87.646303,1889,1137,752
"Sheffield Ave & Webster Ave",41.92154,-87.653818,"Lakeview Ave & Fullerton Pkwy",41.925858,-87.638973,1888,1386,502
"Sheffield Ave & Webster Ave",41.92154,-87.653818,"Dayton St & North Ave",41.9105780349,-87.6494219288,1887,1555,332
"Michigan Ave & Oak St",41.90096039,-87.62377664,"Wabash Ave & Grand Ave",41.891466,-87.626761,1887,640,1247
"Franklin St & Lake St",41.885837,-87.6355,"State St & Kinzie St",41.88918,-87.6277,1887,1679,208
"Canal St & Adams St",41.879255,-87.639904,"Wells St & Erie St",41.893832,-87.634195,1885,1796,89
"Wabash Ave & 9th St",41.870769,-87.625734,"Franklin St & Jackson Blvd",41.8777079559,-87.6353211408,1885,1502,383
"Wabash Ave & Roosevelt Rd",41.867227,-87.625961,"Halsted St & Roosevelt Rd",41.867324,-87.648625,1885,1607,278
"Rush St & Superior St",41.8957647456,-87.6259080327,"Clark St & Schiller St",41.907993,-87.631501,1884,1524,360
"McClurg Ct & Erie St",41.894503,-87.617854,"Michigan Ave & Pearson St",41.89766,-87.62351,1884,1459,425
"Aberdeen St & Jackson Blvd",41.87772613,-87.65478743,"Ada St & Washington Blvd",41.88283,-87.661206,1884,1688,196
"Clark St & Newport St",41.94454,-87.654678,"Southport Ave & Roscoe St",41.943739,-87.66402,1883,1364,519
"Wabash Ave & Grand Ave",41.891466,-87.626761,"McClurg Ct & Erie St",41.894503,-87.617854,1883,1607,276
"Lake Shore Dr & North Blvd",41.911722,-87.626804,"State St & Kinzie St",41.88918,-87.6277,1883,751,1132
"Canal St & Adams St",41.879255,-87.639904,"Wacker Dr & Washington St Corral",41.88316,-87.63736,1882,1803,79
"Shedd Aquarium",41.8672259568,-87.6153553902,"McCormick Place",41.8513751729,-87.6188346489,1882,124,1758
"Halsted St & Diversey Pkwy",41.933341,-87.648747,"Wilton Ave & Belmont Ave",41.94018,-87.65304,1882,1593,289
"Wilton Ave & Diversey Pkwy",41.932418,-87.652705,"Halsted St & Diversey Pkwy",41.933341,-87.648747,1881,1732,149
"Sheffield Ave & Wellington Ave",41.9362534831,-87.6526620984,"Sheffield Ave & Fullerton Ave",41.9256018819,-87.6537080423,1881,1462,419
"McClurg Ct & Erie St",41.894503,-87.617854,"Millennium Park",41.8810317,-87.62408432,1881,1044,837
"Franklin St & Monroe St",41.880317,-87.635185,"Streeter Dr & Grand Ave",41.892278,-87.612043,1881,636,1245
"Shedd Aquarium",41.8672259568,-87.6153553902,"Federal St & Polk St",41.8720776329,-87.6295437729,1880,955,925
"Clinton St & Madison St",41.8827519657,-87.6411902905,"Rush St & Superior St",41.8957647456,-87.6259080327,1880,1722,158
"Broadway & Berwyn Ave",41.978353,-87.659753,"Broadway & Granville Ave",41.9947796884,-87.6602845349,1880,1635,245
"Aberdeen St & Jackson Blvd",41.87772613,-87.65478743,"Halsted St & Polk St",41.87184,-87.64664,1879,1620,259
"Ashland Ave & Blackhawk St",41.907066,-87.667252,"Paulina Ave & North Ave",41.9098546522,-87.66993016,1878,1576,302
"Theater on the Lake",41.926277,-87.630834,"Halsted St & Dickens Ave",41.919936,-87.64883,1878,920,958
"Clark St & Wrightwood Ave",41.929546,-87.643118,"Clark St & Newport St",41.94454,-87.654678,1878,1217,661
"Pine Grove Ave & Waveland Ave",41.9494727409,-87.6464527845,"Sheridan Rd & Irving Park Rd",41.954245,-87.654406,1877,1716,161
"LaSalle St & Jackson Blvd",41.87817,-87.631985,"Lake Shore Dr & Ohio St",41.89257,-87.614492,1875,1769,106
"State St & Randolph St",41.8847302006,-87.6277335692,"St. Clair St & Erie St",41.8943451374,-87.6227983832,1874,1349,525
"Desplaines St & Kinzie St",41.888716036,-87.6444478533,"Rush St & Hubbard St",41.890173,-87.626185,1873,1674,199
"State St & Van Buren St",41.877181,-87.627844,"Federal St & Polk St",41.8720776329,-87.6295437729,1873,1676,197
"Theater on the Lake",41.926277,-87.630834,"Bissell St & Armitage Ave",41.91844,-87.65222,1873,985,888
"Loomis St & Lexington St",41.8722287322,-87.661363855,"Halsted St & Roosevelt Rd",41.867324,-87.648625,1873,1587,286
"Dearborn St & Erie St",41.893992,-87.629318,"Clark St & Armitage Ave",41.918306,-87.636282,1873,1221,652
"Western Ave & Winnebago Ave",41.915533,-87.687051,"Albany Ave & Bloomingdale Ave",41.9140267127,-87.705126462,1873,1527,346
"Orleans St & Merchandise Mart Plaza",41.888243,-87.63639,"Canal St & Jackson Blvd",41.877988,-87.640769,1872,1763,109
"Clark St & Montrose Ave",41.961588,-87.666036,"Broadway & Wilson Ave",41.965221,-87.658139,1871,1521,350
"Buckingham Fountain",41.876368,-87.6205586,"Michigan Ave & Jackson Blvd",41.87785,-87.62408,1871,747,1124
"Wells St & Concord Ln",41.912133,-87.634656,"Broadway & Barry Ave",41.937725,-87.644095,1870,1550,320
"Broadway & Cornelia Ave",41.945512,-87.64598,"Pine Grove Ave & Waveland Ave",41.949275,-87.646303,1870,1651,219
"Canal St & Adams St",41.879255,-87.639904,"Morgan Ave & 14th Pl",41.862378,-87.651062,1869,1793,76
"Montrose Harbor",41.963982,-87.638181,"Cannon Dr & Fullerton Ave",41.9267559875,-87.6344287848,1869,573,1296
"Clark St & Schiller St",41.907993,-87.631501,"Clinton St & Washington Blvd",41.88338,-87.64117,1869,1773,96
"Racine Ave & Congress Pkwy",41.87464,-87.65703,"Canal St & Jackson Blvd",41.877988,-87.640769,1869,1781,88
"Streeter Dr & Grand Ave",41.892278,-87.612043,"McCormick Place",41.8513751729,-87.6188346489,1869,102,1767
"Michigan Ave & Jackson Blvd",41.87785,-87.62408,"LaSalle St & Jackson Blvd",41.87817,-87.631985,1869,1458,411
"Kingsbury St & Kinzie St",41.8891768326,-87.6385057718,"Eckhart Park",41.89637337,-87.66098386,1868,1563,305
"Broadway & Ridge Ave",41.9840446107,-87.6602738295,"Broadway & Granville Ave",41.9947796884,-87.6602845349,1868,1516,352
"Wells St & Hubbard St",41.889906,-87.634266,"Kingsbury St & Erie St",41.8939139,-87.6417358,1868,1569,299
"Ravenswood Ave & Lawrence Ave",41.96909,-87.674237,"Washtenaw Ave & Lawrence Ave",41.9687297,-87.6962603,1868,1729,139
"Dearborn St & Adams St",41.8793563587,-87.6297910363,"Michigan Ave & Jackson Blvd",41.87785,-87.62408,1867,1333,534
"Clark St & Wellington Ave",41.9364968219,-87.6475386582,"Broadway & Belmont Ave",41.940106,-87.645451,1867,1678,189
"Rush St & Cedar St",41.9023087012,-87.627690528,"Clark St & Elm St",41.903233,-87.631253,1867,1409,458
"Cannon Dr & Fullerton Ave",41.9267559875,-87.6344287848,"Clark St & North Ave",41.911974,-87.631942,1866,571,1295
"Lincoln Ave & Belmont Ave",41.939365,-87.668385,"Racine Ave & Belmont Ave",41.939743,-87.658865,1866,1699,167
"Desplaines St & Randolph St",41.883703,-87.644238,"Ada St & Washington Blvd",41.88283,-87.661206,1865,1674,191
"Theater on the Lake",41.926277,-87.630834,"Racine Ave & Belmont Ave",41.939743,-87.658865,1865,811,1054
"Desplaines St & Jackson Blvd",41.8781189009,-87.6439476013,"900 W Harrison St",41.874754,-87.649807,1864,1773,91
"Sheffield Ave & Webster Ave",41.92154,-87.653818,"Greenview Ave & Fullerton Ave",41.92533,-87.6658,1864,1487,377
"Dearborn Pkwy & Delaware Pl",41.898969,-87.629912,"McClurg Ct & Erie St",41.894503,-87.617854,1863,1625,238
"Clark St & Elm St",41.903233,-87.631253,"Clark St & Chicago Ave",41.89675,-87.63089,1862,1459,403
"Woodlawn Ave & 58th St",41.789381,-87.596479,"Woodlawn Ave & 55th St",41.795264,-87.596471,1862,1425,437
"Dayton St & North Ave",41.9105780349,-87.6494219288,"Southport Ave & Clybourn Ave",41.921004,-87.663257,1861,1480,381
"Sheffield Ave & Fullerton Ave",41.9256018819,-87.6537080423,"Racine Ave & Fullerton Ave",41.925566,-87.658416,1860,1549,311
"Michigan Ave & 18th St",41.857926,-87.624336,"Wabash Ave & 8th St",41.871962,-87.626106,1859,1659,200
"LaSalle St & Washington St",41.882664,-87.63253,"Wabash Ave & Roosevelt Rd",41.867227,-87.625961,1859,1684,175
"Columbus Dr & Randolph St",41.884728,-87.619521,"Fairbanks Ct & Grand Ave",41.89186,-87.62062,1859,1302,557
"Ellis Ave & 53rd St",41.7993362626,-87.6009581145,"Blackstone Ave & Hyde Park Blvd",41.802562,-87.590368,1858,1563,295
"Clark St & Lake St",41.8860208277,-87.6308760584,"Wabash Ave & Grand Ave",41.891466,-87.626761,1857,1360,497
"Calumet Ave & 35th St",41.831379,-87.618034,"State St & 35th St",41.83104,-87.62688,1857,1777,80
"Pine Grove Ave & Waveland Ave",41.949275,-87.646303,"Sheridan Rd & Montrose Ave",41.96167,-87.65464,1857,1656,201
"Halsted St & Roscoe St",41.94367,-87.64895,"Montrose Harbor",41.963982,-87.638181,1857,889,968
"May St & Randolph St",41.88397,-87.655688,"Morgan St & Lake St",41.8854833079,-87.6523048564,1857,1780,77
"Broadway & Wilson Ave",41.965221,-87.658139,"Clark St & Winnemac Ave",41.9733476405,-87.6678554714,1856,1306,550
"Dearborn St & Van Buren St",41.876268,-87.629155,"Daley Center Plaza",41.884241,-87.629634,1856,1637,219
"Clark St & Armitage Ave",41.918306,-87.636282,"Wilton Ave & Belmont Ave",41.94018,-87.65304,1856,1260,596
"Michigan Ave & Lake St",41.886022,-87.624398,"Cityfront Plaza Dr & Pioneer Ct",41.890573,-87.622072,1856,1373,483
"Rush St & Hubbard St",41.890173,-87.626185,"Franklin St & Monroe St",41.880317,-87.635185,1855,1621,234
"Kingsbury St & Kinzie St",41.8891768326,-87.6385057718,"Franklin St & Chicago Ave",41.89679,-87.63564,1855,1567,288
"Clifton Ave & Armitage Ave",41.918216,-87.656936,"Larrabee St & Webster Ave",41.921822,-87.64414,1855,1480,375
"Shedd Aquarium",41.8672259568,-87.6153553902,"Theater on the Lake",41.926277,-87.630834,1855,611,1244
"LaSalle St & Illinois St",41.890749,-87.63206,"Michigan Ave & Washington St",41.8838927658,-87.6246491409,1855,869,986
"Clinton St & Roosevelt Rd",41.8671177825,-87.6410879593,"May St & Taylor St",41.8694821,-87.6554864,1854,1375,479
"Montrose Harbor",41.963982,-87.638181,"Broadway & Belmont Ave",41.940106,-87.645451,1853,811,1042
"Damen Ave & Cortland St",41.916027,-87.677411,"Wood St & Milwaukee Ave",41.907655,-87.672552,1853,1568,285
"Michigan Ave & Lake St",41.886024,-87.624117,"Wabash Ave & Roosevelt Rd",41.867227,-87.625961,1852,1227,625
"Theater on the Lake",41.926277,-87.630834,"Sheffield Ave & Wellington Ave",41.9362534831,-87.6526620984,1852,976,876
"Damen Ave & Division St",41.90331,-87.67695,"Wood St & Division St",41.90332,-87.67273,1852,1640,212
"Desplaines St & Kinzie St",41.888716036,-87.6444478533,"McClurg Ct & Illinois St",41.89102,-87.6173,1850,1445,405
"St. Clair St & Erie St",41.8943451374,-87.6227983832,"Fairbanks Ct & Grand Ave",41.89186,-87.62062,1850,1179,671
"Southport Ave & Wrightwood Ave",41.928773,-87.663913,"Clark St & Wrightwood Ave",41.929546,-87.643118,1850,1286,564
"Drake Ave & Addison St",41.947326,-87.717582,"Drake Ave & Montrose Ave",41.9611540757,-87.7165690733,1849,1644,205
"Michigan Ave & Oak St",41.90096039,-87.62377664,"Wells St & Huron St",41.8947953,-87.6343743,1849,1219,630
"Michigan Ave & Oak St",41.90096039,-87.62377664,"LaSalle St & Illinois St",41.890749,-87.63206,1849,946,903
"Broadway & Cornelia Ave",41.945529,-87.646439,"Streeter Dr & Grand Ave",41.892278,-87.612043,1849,647,1202
"Kingsbury St & Erie St",41.8939139,-87.6417358,"Wells St & Elm St",41.903222,-87.634324,1848,1520,328
"Halsted St & Roscoe St",41.94367,-87.64895,"Clark St & Wrightwood Ave",41.929546,-87.643118,1848,1358,490
"Desplaines St & Kinzie St",41.888716036,-87.6444478533,"Green St & Randolph St*",41.8836016573,-87.6486267149,1847,1618,229
"Campbell Ave & North Ave",41.910535,-87.689556,"Western Ave & Winnebago Ave",41.915533,-87.687051,1847,1691,156
"Streeter Dr & Illinois St",41.891071,-87.6122,"Wabash Ave & 8th St",41.871962,-87.626106,1847,398,1449
"Dearborn Pkwy & Delaware Pl",41.898969,-87.629912,"State St & Randolph St",41.8847302006,-87.6277335692,1846,1496,350
"Clinton St & Madison St",41.8827519657,-87.6411902905,"Wood St & Milwaukee Ave",41.907655,-87.672552,1846,1636,210
"Halsted St & Wrightwood Ave",41.929143,-87.649077,"Broadway & Cornelia Ave",41.945529,-87.646439,1844,1327,517
"Ravenswood Ave & Lawrence Ave",41.968445,-87.674226,"Clark St & Leland Ave",41.9670878392,-87.6672908664,1844,1658,186
"Halsted St & Willow St",41.913778,-87.64884,"Sheffield Ave & Willow St",41.913688,-87.652855,1844,1703,141
"Clark St & Lake St",41.8860208277,-87.6308760584,"Federal St & Polk St",41.8720776329,-87.6295437729,1843,1520,323
"Lincolnwood Dr & Central St",42.064854,-87.715297,"Central St Metra",42.063598,-87.69873,1843,1390,453
"Sheffield Ave & Wrightwood Ave",41.928712,-87.653833,"Sheffield Ave & Willow St",41.913688,-87.652855,1843,1489,354
"Damen Ave & Pierce Ave",41.9093960065,-87.6776919292,"California Ave & Division St",41.903029,-87.697474,1842,1118,724
"Wabash Ave & Roosevelt Rd",41.867227,-87.625961,"Wells St & Polk St",41.872373,-87.633523,1842,1653,189
"Clinton St & Madison St",41.8827519657,-87.6411902905,"Ashland Ave & Division St",41.90345,-87.667747,1842,1621,221
"Wells St & Concord Ln",41.912133,-87.634656,"Clifton Ave & Armitage Ave",41.918216,-87.656936,1841,1332,509
"Lincoln Ave & Fullerton Ave",41.925905,-87.64926,"Southport Ave & Wellington Ave",41.935733,-87.663576,1841,1590,251
"Shedd Aquarium",41.8672259568,-87.6153553902,"State St & Van Buren St",41.877181,-87.627844,1840,595,1245
"Dayton St & North Ave",41.9105780349,-87.6494219288,"Larrabee St & Division St",41.90348607,-87.6433534936,1839,1611,228
"Southport Ave & Waveland Ave",41.94815,-87.66394,"Broadway & Sheridan Rd",41.952833,-87.649993,1839,1480,359
"Larrabee St & Kingsbury St",41.897764,-87.642884,"Franklin St & Monroe St",41.880317,-87.635185,1839,1738,101
"Lake Shore Dr & Monroe St",41.880958,-87.616743,"Wabash Ave & 8th St",41.871962,-87.626106,1839,371,1468
"Michigan Ave & Oak St",41.90096039,-87.62377664,"Clifton Ave & Armitage Ave",41.918216,-87.656936,1837,1547,290
"Broadway & Barry Ave",41.937582316,-87.644097805,"DuSable Lake Shore Dr & Belmont Ave",41.940775,-87.639192,1837,1454,383
"Wells St & Evergreen Ave",41.906724,-87.63483,"Kingsbury St & Erie St",41.8939139,-87.6417358,1837,1422,415
"Noble St & Milwaukee Ave",41.90068,-87.6626,"Kedzie Ave & Milwaukee Ave",41.929567,-87.707857,1837,1508,329
"Halsted St & Roosevelt Rd",41.867324,-87.648625,"Loomis St & Taylor St",41.869417,-87.660996,1836,1688,148
"Pine Grove Ave & Irving Park Rd",41.954383,-87.648043,"Lake Shore Dr & Wellington Ave",41.936669,-87.636794,1836,1404,432
"Wells St & Hubbard St",41.889906,-87.634266,"Kingsbury St & Kinzie St",41.8891768326,-87.6385057718,1835,1593,242
"Loomis St & Lexington St",41.872187,-87.661501,"900 W Harrison St",41.874754,-87.649807,1835,1745,90
"Broadway & Cornelia Ave",41.945529,-87.646439,"Sheffield Ave & Waveland Ave",41.949399,-87.654529,1834,1370,464
"State St & Harrison St",41.874053,-87.627716,"Clinton St & Washington Blvd",41.88338,-87.64117,1834,1678,156
"Clark St & Schiller St",41.907993,-87.631501,"Orleans St & Merchandise Mart Plaza",41.888243,-87.63639,1832,1645,187
"Aberdeen St & Jackson Blvd",41.87772613,-87.65478743,"Paulina St & Flournoy St",41.8730610879,-87.6691348851,1832,1617,215
"Cityfront Plaza Dr & Pioneer Ct",41.890573,-87.622072,"Franklin St & Monroe St",41.880317,-87.635185,1832,1533,299
"McClurg Ct & Illinois St",41.89102,-87.6173,"Clark St & Elm St",41.903233,-87.631253,1832,1303,529
"Halsted St & Roosevelt Rd",41.867324,-87.648625,"Clinton St & Madison St",41.8827519657,-87.6411902905,1831,1627,204
"Streeter Dr & Grand Ave",41.892278,-87.612043,"State St & Harrison St",41.874053,-87.627716,1830,528,1302
"Southport Ave & Waveland Ave",41.94815,-87.66394,"Southport Ave & Clark St",41.957081,-87.664199,1830,1578,252
"Sedgwick St & Huron St",41.894666,-87.638437,"Rush St & Superior St",41.8957647456,-87.6259080327,1830,1511,319
"Ogden Ave & Chicago Ave",41.896362458,-87.6540612729,"Wood St & Milwaukee Ave",41.907655,-87.672552,1830,1460,370
"Clinton St & Lake St",41.88583274,-87.64138231,"Wabash Ave & Grand Ave",41.891738,-87.626937,1830,1625,205
"Dusable Harbor",41.886976,-87.612813,"Field Museum",41.865312,-87.617867,1829,232,1597
"Clark St & Lincoln Ave",41.915689,-87.6346,"Mies van der Rohe Way & Chestnut St",41.8985866514,-87.6219152258,1828,1187,641
"St. Clair St & Erie St",41.8943451374,-87.6227983832,"Franklin St & Monroe St",41.880317,-87.635185,1828,1431,397
"Wilton Ave & Diversey Pkwy",41.932418,-87.652705,"Halsted St & Dickens Ave",41.919936,-87.64883,1827,1371,456
"Clark St & Wellington Ave",41.9364968219,-87.6475386582,"Halsted St & Dickens Ave",41.919936,-87.64883,1827,1412,415
"Clark St & Lake St",41.8860208277,-87.6308760584,"Franklin St & Quincy St",41.878724,-87.634793,1827,1701,126
"Calumet Ave & 35th St",41.831379,-87.618034,"State St & 33rd St",41.834734,-87.625813,1826,1660,166
"Lake Shore Dr & Ohio St",41.89257,-87.614492,"Clark St & Lincoln Ave",41.915689,-87.6346,1826,641,1185
"Morgan St & Lake St*",41.8854917063,-87.6522892714,"Clinton St & Washington Blvd",41.88338,-87.64117,1826,1615,211
"Clinton St & Washington Blvd",41.88338,-87.64117,"Clark St & Congress Pkwy",41.8759326655,-87.6305845355,1826,1779,47
"Kingsbury St & Erie St",41.8939139,-87.6417358,"LaSalle St & Illinois St",41.890762,-87.631697,1826,1591,235
"Clinton St & Jackson Blvd",41.8783166118,-87.6409810781,"Wood St & Taylor St",41.869154,-87.671045,1825,1818,7
"Streeter Dr & Grand Ave",41.892278,-87.612043,"Michigan Ave & Ida B Wells Dr",41.876203,-87.624464,1825,117,1708
"Indiana Ave & Roosevelt Rd",41.867888,-87.623041,"Buckingham Fountain",41.876368,-87.6205586,1825,594,1231
"Canal St & Adams St",41.879255,-87.639904,"Clinton St & Roosevelt Rd",41.8671177825,-87.6410879593,1824,1436,388
"Wood St & Milwaukee Ave",41.907655,-87.672552,"Desplaines St & Kinzie St",41.888716036,-87.6444478533,1824,1331,493
"Kingsbury St & Erie St",41.8939139,-87.6417358,"LaSalle St & Washington St",41.882664,-87.63253,1824,1704,120
"Lake Shore Dr & Belmont Ave",41.940775,-87.639192,"Broadway & Belmont Ave",41.940106,-87.645451,1824,1160,664
"Desplaines St & Jackson Blvd",41.8781189009,-87.6439476013,"Dearborn St & Monroe St",41.881319815,-87.6295209193,1823,1661,162
"Clark St & Grace St",41.95078,-87.659172,"Wilton Ave & Belmont Ave",41.94018,-87.65304,1823,1471,352
"Lakeview Ave & Fullerton Pkwy",41.925858,-87.638973,"Montrose Harbor",41.963982,-87.638181,1823,931,892
"Clinton St & Madison St",41.8827519657,-87.6411902905,"Wood St & Taylor St",41.869154,-87.671045,1822,1763,59
"Kimball Ave & Belmont Ave",41.9393939534,-87.7120676637,"Troy St & Elston Ave",41.9452435685,-87.7066499009,1821,1663,158
"State St & Pearson St",41.897448,-87.628722,"Clark St & Randolph St",41.884576228,-87.63188991,1821,1659,162
"Clinton St & Lake St",41.885637,-87.641823,"LaSalle St & Washington St",41.882664,-87.63253,1821,1743,78
"Canal St & Monroe St",41.8807,-87.63947,"Michigan Ave & Madison St",41.882134,-87.625125,1821,1542,279
"Larrabee St & Webster Ave",41.921822,-87.64414,"Canal St & Adams St",41.879255,-87.639904,1820,1755,65
"Franklin St & Jackson Blvd",41.8777079559,-87.6353211408,"Clinton St & Tilden St",41.875885,-87.640795,1819,1621,198
"State St & Randolph St",41.8847302006,-87.6277335692,"Cityfront Plaza Dr & Pioneer Ct",41.890573,-87.622072,1819,1473,346
"MLK Jr Dr & 29th St",41.842052,-87.617,"Indiana Ave & Roosevelt Rd",41.867888,-87.623041,1818,1423,395
"Ashland Ave & Grand Ave",41.891072,-87.666611,"Ashland Ave & Lake St",41.88541,-87.66732,1818,1762,56
"State St & Kinzie St",41.88918,-87.6277,"Franklin St & Jackson Blvd",41.8777079559,-87.6353211408,1818,993,825
"State St & Van Buren St",41.877181,-87.627844,"Michigan Ave & 14th St",41.864059,-87.623727,1817,1619,198
"Glenwood Ave & Morse Ave",42.0079719229,-87.6655023944,"Sheridan Rd & Greenleaf Ave",42.0105865628,-87.6624120948,1816,1556,260
"Honore St & Division St",41.903119,-87.673935,"Milwaukee Ave & Wabansia Ave",41.912616,-87.681391,1816,1495,321
"Dearborn Pkwy & Delaware Pl",41.898969,-87.629912,"Theater on the Lake",41.926277,-87.630834,1816,884,932
"Daley Center Plaza",41.884241,-87.629634,"Michigan Ave & Lake St",41.886024,-87.624117,1816,1658,158
"Marshfield Ave & Cortland St",41.916017,-87.668879,"Western Ave & Winnebago Ave",41.915533,-87.687051,1816,1502,314
"Desplaines St & Jackson Blvd",41.8781189009,-87.6439476013,"Green St & Randolph St*",41.8836016573,-87.6486267149,1815,1557,258
"Clark St & Elmdale Ave",41.9908604481,-87.66972363,"Clark St & Berwyn Ave",41.9780306225,-87.6685649157,1815,1471,344
"Clinton St & Madison St",41.8827519657,-87.6411902905,"Michigan Ave & Jackson Blvd",41.87785,-87.62408,1815,1518,297
"Clark St & North Ave",41.911974,-87.631942,"Lake Shore Dr & Diversey Pkwy",41.932684,-87.63625,1815,1055,760
"Wabash Ave & Wacker Pl",41.886875,-87.62603,"St. Clair St & Erie St",41.8943451374,-87.6227983832,1814,1209,605
"LaSalle St & Washington St",41.882664,-87.63253,"Dearborn St & Erie St",41.893992,-87.629318,1814,1503,311
"Pine Grove Ave & Irving Park Rd",41.954383,-87.648043,"Streeter Dr & Grand Ave",41.892278,-87.612043,1814,660,1154
"Clark St & Lunt Ave",42.0090111806,-87.6741117239,"Clark St & Schreiber Ave",41.999245,-87.671249,1813,1579,234
"May St & Taylor St",41.8694821,-87.6554864,"Clinton St & Madison St",41.8827519657,-87.6411902905,1812,1633,179
"Ridge Blvd & Howard St",42.019276,-87.68452,"Paulina St & Howard St",42.019159,-87.673573,1811,1556,255
"Clark St & Armitage Ave",41.918306,-87.636282,"LaSalle St & Illinois St",41.890749,-87.63206,1811,1363,448
"LaSalle St & Jackson Blvd",41.87817,-87.631985,"Wells St & Polk St",41.872373,-87.633523,1811,1774,37
"Sheffield Ave & Webster Ave",41.92154,-87.653818,"Racine Ave & Fullerton Ave",41.92556258,-87.65840426,1810,1627,183
"Dearborn St & Erie St",41.893992,-87.629318,"Ritchie Ct & Banks St",41.906866,-87.626217,1810,1492,318
"Kingsbury St & Erie St",41.8939139,-87.6417358,"LaSalle St & Jackson Blvd",41.87817,-87.631985,1810,1768,42
"Lakeview Ave & Fullerton Pkwy",41.925858,-87.638973,"Larrabee St & Webster Ave",41.921822,-87.64414,1810,1283,527
"Desplaines St & Kinzie St",41.888716036,-87.6444478533,"Dearborn Pkwy & Delaware Pl",41.898969,-87.629912,1809,1386,423
"Mies van der Rohe Way & Chicago Ave",41.89691,-87.621743,"Clark St & Chicago Ave",41.896544,-87.630931,1809,1482,327
"Clark St & Wellington Ave",41.9364968219,-87.6475386582,"Hampden Ct & Diversey Pkwy",41.93262,-87.642385,1808,1558,250
"Columbus Dr & Randolph St",41.884728,-87.619521,"Clinton St & Lake St",41.885637,-87.641823,1808,1589,219
"St. Clair St & Erie St",41.8943451374,-87.6227983832,"Clark St & Congress Pkwy",41.8759326655,-87.6305845355,1808,1734,74
"Theater on the Lake",41.926277,-87.630834,"Indiana Ave & Roosevelt Rd",41.867888,-87.623041,1806,995,811
"Halsted St & Polk St",41.87184,-87.64664,"Racine Ave & 18th St",41.8581806068,-87.6564866473,1806,1662,144
"St. Clair St & Erie St",41.8943451374,-87.6227983832,"Wabash Ave & Grand Ave",41.891738,-87.626937,1806,1497,309
"Columbus Dr & Randolph St",41.884728,-87.619521,"State St & Van Buren St",41.877181,-87.627844,1806,1407,399
"Fort Dearborn Dr & 31st St",41.838556,-87.608218,"Indiana Ave & 31st St",41.838842,-87.621857,1805,1088,717
"Mies van der Rohe Way & Chicago Ave",41.89691,-87.621743,"Clark St & Lincoln Ave",41.915689,-87.6346,1805,1140,665
"Dearborn St & Monroe St",41.881319815,-87.6295209193,"Desplaines St & Kinzie St",41.888716036,-87.6444478533,1804,1540,264
"Michigan Ave & 14th St",41.864059,-87.623727,"Shedd Aquarium",41.8672259568,-87.6153553902,1804,653,1151
"Wells St & Concord Ln",41.912133,-87.634656,"Larrabee St & Division St",41.90348607,-87.6433534936,1803,1470,333
"Larrabee St & Kingsbury St",41.897764,-87.642884,"Orleans St & Chestnut St (NEXT Apts)",41.898203,-87.637536,1803,1710,93
"Wells St & Elm St",41.903222,-87.634324,"Wells St & Evergreen Ave",41.906724,-87.63483,1803,1383,420
"Orleans St & Merchandise Mart Plaza",41.888243,-87.63639,"Millennium Park",41.8810317,-87.62408432,1803,771,1032
"Lincoln Ave & Diversey Pkwy",41.932225,-87.658617,"Sheffield Ave & Webster Ave",41.92154,-87.653818,1802,1382,420
"Field Blvd & South Water St",41.8863490627,-87.6175165471,"Canal St & Adams St",41.879255,-87.639904,1802,1578,224
"Michigan Ave & Washington St",41.8838927658,-87.6246491409,"Field Blvd & South Water St",41.8863490627,-87.6175165471,1801,1359,442
"Halsted St & Roscoe St",41.94367,-87.64895,"Lake Shore Dr & North Blvd",41.911722,-87.626804,1801,777,1024
"LaSalle St & Washington St",41.882664,-87.63253,"Green St & Madison St",41.881859328,-87.6492637396,1800,1568,232
"Sedgwick St & Webster Ave",41.922167,-87.638888,"Wilton Ave & Diversey Pkwy",41.932418,-87.652705,1799,1497,302
"Morgan St & Lake St",41.8854833079,-87.6523048564,"Ogden Ave & Race Ave",41.891795,-87.658751,1798,1629,169
"Milwaukee Ave & Wabansia Ave",41.912616,-87.681391,"Kedzie Ave & Palmer Ct",41.921525,-87.707322,1798,1432,366
"Clark St & Randolph St",41.884576228,-87.63188991,"State St & Randolph St",41.8847302006,-87.6277335692,1798,1449,349
"Federal St & Polk St",41.8720776329,-87.6295437729,"Streeter Dr & Grand Ave",41.892278,-87.612043,1797,830,967
"Southport Ave & Roscoe St",41.943739,-87.66402,"Broadway & Sheridan Rd",41.952833,-87.649993,1797,1313,484
"Clark St & Lincoln Ave",41.915689,-87.6346,"Wells St & Walton St",41.89993001,-87.63443007,1797,1145,652
"Wood St & Taylor St",41.869154,-87.671045,"Halsted St & Maxwell St",41.864883,-87.647071,1797,1731,66
"Mies van der Rohe Way & Chicago Ave",41.89691,-87.621743,"Clinton St & Madison St",41.8827519657,-87.6411902905,1797,1663,134
"Larrabee St & Menomonee St",41.91468,-87.64332,"Dayton St & North Ave",41.9105780349,-87.6494219288,1796,1584,212
"Wabash Ave & 16th St",41.860384,-87.625813,"Franklin St & Jackson Blvd",41.8777079559,-87.6353211408,1796,1599,197
"Cityfront Plaza Dr & Pioneer Ct",41.890573,-87.622072,"McClurg Ct & Illinois St",41.89102,-87.6173,1795,744,1051
"Clark St & Congress Pkwy",41.8759326655,-87.6305845355,"Daley Center Plaza",41.884241,-87.629634,1795,1744,51
"Lake Shore Dr & North Blvd",41.911722,-87.626804,"Michigan Ave & Lake St",41.886024,-87.624117,1795,646,1149
"Broadway & Berwyn Ave",41.978361,-87.659789,"Clark St & Berwyn Ave",41.9780306225,-87.6685649157,1794,1389,405
"Indiana Ave & Roosevelt Rd",41.867888,-87.623041,"Fairbanks Ct & Grand Ave",41.89186,-87.62062,1794,1103,691
"Wells St & Elm St",41.903222,-87.634324,"Mies van der Rohe Way & Chestnut St",41.8985866514,-87.6219152258,1793,1499,294
"Clark St & Grace St",41.95078,-87.659172,"Sheridan Rd & Montrose Ave",41.96167,-87.65464,1792,1261,531
"Clark St & Lake St",41.8860208277,-87.6308760584,"Michigan Ave & Madison St",41.882134,-87.625125,1792,1508,284
"Mies van der Rohe Way & Chicago Ave",41.89691,-87.621743,"State St & Pearson St",41.897448,-87.628722,1792,1502,290
"Field Blvd & South Water St",41.8863490627,-87.6175165471,"McClurg Ct & Erie St",41.894503,-87.617854,1792,1658,134
"LaSalle St & Jackson Blvd",41.87817,-87.631985,"LaSalle St & Illinois St",41.890749,-87.63206,1792,1562,230
"Western Ave & Division St",41.902893,-87.687275,"Damen Ave & Division St",41.90331,-87.67695,1791,1521,270
"Lake Shore Dr & Ohio St",41.89257,-87.614492,"Michigan Ave & Washington St",41.8838927658,-87.6246491409,1791,788,1003
"Broadway & Waveland Ave",41.949074,-87.648636,"Montrose Harbor",41.963982,-87.638181,1790,884,906
"Sheridan Rd & Irving Park Rd",41.954245,-87.654406,"Ashland Ave & Belle Plaine Ave",41.956061,-87.668869,1789,1703,86
"LaSalle St & Jackson Blvd",41.87817,-87.631985,"Wabash Ave & Roosevelt Rd",41.867227,-87.625961,1789,1656,133
"Southport Ave & Irving Park Rd",41.954177,-87.664358,"Pine Grove Ave & Irving Park Rd",41.954383,-87.648043,1789,1475,314
"Theater on the Lake",41.926277,-87.630834,"Sheridan Rd & Lawrence Ave",41.969517,-87.654691,1788,1069,719
"Kingsbury St & Erie St",41.8939139,-87.6417358,"Milwaukee Ave & Grand Ave",41.891578,-87.648384,1787,1623,164
"State St & Van Buren St",41.877181,-87.627844,"State St & Harrison St",41.874053,-87.627716,1787,1241,546
"Sheridan Rd & Noyes St (NU)",42.058239,-87.677432,"Chicago Ave & Washington St",42.032562,-87.679101,1786,1346,440
"Broadway & Granville Ave",41.9947796884,-87.6602845349,"Clark St & Berwyn Ave",41.9780306225,-87.6685649157,1786,1291,495
"Pine Grove Ave & Waveland Ave",41.9494727409,-87.6464527845,"DuSable Lake Shore Dr & Belmont Ave",41.940775,-87.639192,1786,1205,581
"Desplaines St & Jackson Blvd",41.8781189009,-87.6439476013,"Daley Center Plaza",41.884241,-87.629634,1785,1600,185
"Desplaines St & Kinzie St",41.888716036,-87.6444478533,"Clinton St & Lake St",41.88583274,-87.64138231,1785,1632,153
"Lake Shore Dr & Belmont Ave",41.940775,-87.639192,"Lake Shore Dr & Ohio St",41.89257,-87.614492,1785,931,854
"Fairbanks Ct & Grand Ave",41.89186,-87.62062,"Franklin St & Lake St",41.885837,-87.6355,1784,1590,194
"Pine Grove Ave & Irving Park Rd",41.954383,-87.648043,"Southport Ave & Waveland Ave",41.94815,-87.66394,1784,1403,381
"Lakeview Ave & Fullerton Pkwy",41.925858,-87.638973,"Lake Shore Dr & Monroe St",41.880958,-87.616743,1783,673,1110
"State St & Pearson St",41.897448,-87.628722,"Kingsbury St & Kinzie St",41.8891768326,-87.6385057718,1782,1592,190
"Daley Center Plaza",41.884241,-87.629634,"Indiana Ave & Roosevelt Rd",41.867888,-87.623041,1782,1510,272
"Kimbark Ave & 53rd St",41.7994549,-87.5947779,"Ellis Ave & 60th St",41.7850971464,-87.6010727606,1781,1097,684
"Desplaines St & Kinzie St",41.888716036,-87.6444478533,"Damen Ave & Pierce Ave",41.9093960065,-87.6776919292,1781,1139,642
"Ellis Ave & 58th St",41.788746,-87.601334,"Shore Drive & 55th St",41.795212,-87.580715,1780,1419,361
"Michigan Ave & 18th St",41.857926,-87.624336,"Adler Planetarium",41.866095,-87.607267,1780,905,875
"California Ave & Milwaukee Ave",41.922695,-87.697153,"Ashland Ave & Division St",41.90345,-87.667747,1779,1162,617
"Wacker Dr & Washington St Corral",41.88316,-87.63736,"Orleans St & Merchandise Mart Plaza",41.888243,-87.63639,1779,1712,67
"Lincoln Ave & Waveland Ave",41.948797,-87.675278,"Lincoln Ave & Roscoe St",41.94334,-87.67097,1777,1736,41
"LaSalle St & Illinois St",41.890749,-87.63206,"Wells St & Concord Ln",41.912133,-87.634656,1777,1493,284
"Green St & Randolph St*",41.8836016573,-87.6486267149,"Peoria St & Jackson Blvd",41.877749,-87.649633,1777,1668,109
"Southport Ave & Roscoe St",41.943739,-87.66402,"Sheffield Ave & Waveland Ave",41.949399,-87.654529,1776,1248,528
"Milwaukee Ave & Wabansia Ave",41.912616,-87.681391,"Western Ave & Winnebago Ave",41.915533,-87.687051,1775,1564,211
"Michigan Ave & 18th St",41.857926,-87.624336,"Clark St & Congress Pkwy",41.8759326655,-87.6305845355,1774,1693,81
"Damen Ave & Leland Ave",41.967094,-87.679028,"Winchester (Ravenswood) Ave & Balmoral Ave",41.979762,-87.67753,1774,1619,155
"Millennium Park",41.8810317,-87.62408432,"Rush St & Superior St",41.8957647456,-87.6259080327,1774,380,1394
"Bissell St & Armitage Ave",41.91844,-87.65222,"Larrabee St & Kingsbury St",41.897764,-87.642884,1774,1714,60
"Wells St & Hubbard St",41.889933,-87.634262,"Canal St & Madison St",41.882091,-87.639833,1774,1674,100
"Clark St & Leland Ave",41.967096,-87.667429,"Clark St & Berwyn Ave",41.9780306225,-87.6685649157,1773,1606,167
"Lake Shore Dr & Belmont Ave",41.940775,-87.639192,"Pine Grove Ave & Waveland Ave",41.949275,-87.646303,1771,1221,550
"Peoria St & Jackson Blvd",41.877749,-87.649633,"Halsted St & Polk St",41.87184,-87.64664,1770,1660,110
"Kingsbury St & Erie St",41.8939139,-87.6417358,"Rush St & Superior St",41.8957647456,-87.6259080327,1770,1444,326
"Michigan Ave & Washington St",41.8838927658,-87.6246491409,"Michigan Ave & Lake St",41.886024,-87.624117,1770,341,1429
"Halsted St & Waveland Ave",41.949375,-87.649626,"Halsted St & Wrightwood Ave",41.929143,-87.649077,1769,1122,647
"Lincoln Ave & Diversey Pkwy",41.932225,-87.658617,"Clifton Ave & Armitage Ave",41.918216,-87.656936,1768,1396,372
"Lincoln Ave & Roscoe St",41.94334,-87.67097,"Damen Ave & Leland Ave",41.967094,-87.679028,1767,1677,90
"Stockton Dr & Wrightwood Ave",41.93132,-87.638742,"DuSable Lake Shore Dr & North Blvd",41.911722,-87.626804,1766,726,1040
"Daley Center Plaza",41.884451,-87.629892,"Wells St & Polk St",41.872373,-87.633523,1766,1696,70
"Cannon Dr & Fullerton Ave",41.9267559875,-87.6344287848,"Clark St & Lincoln Ave",41.915689,-87.6346,1765,637,1128
"Broadway & Belmont Ave",41.940106,-87.645451,"Hampden Ct & Diversey Pkwy",41.93262,-87.642385,1765,1579,186
"Lincoln Ave & Roscoe St",41.94334,-87.67097,"Ashland Ave & Grace St",41.950687,-87.6687,1764,1708,56
"Spaulding Ave & Armitage Ave",41.9171080348,-87.7102209628,"Stave St & Armitage Ave",41.917741,-87.691392,1763,1366,397
"Franklin St & Jackson Blvd",41.8777079559,-87.6353211408,"Kingsbury St & Erie St",41.8939139,-87.6417358,1763,1616,147
"Cornell Ave & Hyde Park Blvd",41.802406,-87.586924,"Fort Dearborn Dr & 31st St",41.838556,-87.608218,1762,792,970
"Racine Ave & Randolph St",41.8840812248,-87.6569207293,"Desplaines St & Randolph St",41.883703,-87.644238,1762,1655,107
"Michigan Ave & 8th St",41.872773,-87.623981,"Wabash Ave & Roosevelt Rd",41.867227,-87.625961,1762,1035,727
"Lake Shore Dr & North Blvd",41.911722,-87.626804,"Cityfront Plaza Dr & Pioneer Ct",41.890573,-87.622072,1762,554,1208
"LaSalle St & Washington St",41.882664,-87.63253,"LaSalle St & Illinois St",41.890749,-87.63206,1762,1503,259
"Marshfield Ave & Cortland St",41.916017,-87.668879,"Sedgwick St & Webster Ave",41.922167,-87.638888,1761,1600,161
"Sheffield Ave & Wrightwood Ave",41.928712,-87.653833,"Wilton Ave & Belmont Ave",41.94018,-87.65304,1761,1356,405
"Halsted St & Roosevelt Rd",41.867324,-87.648625,"Clinton St & Jackson Blvd",41.8783166118,-87.6409810781,1760,1584,176
"Dearborn St & Monroe St",41.881319815,-87.6295209193,"Michigan Ave & Madison St",41.882134,-87.625125,1760,1508,252
"Sheffield Ave & Waveland Ave",41.949399,-87.654529,"Pine Grove Ave & Waveland Ave",41.9494727409,-87.6464527845,1760,1389,371
"Kingsbury St & Erie St",41.8939139,-87.6417358,"McClurg Ct & Erie St",41.894503,-87.617854,1760,1686,74
"Southport Ave & Waveland Ave",41.94815,-87.66394,"Broadway & Belmont Ave",41.940106,-87.645451,1760,1288,472
"Milwaukee Ave & Grand Ave",41.891578,-87.648384,"Carpenter St & Huron St",41.894556,-87.653449,1759,1452,307
"Greenwood Ave & 47th St",41.809835,-87.599383,"Kimbark Ave & 53rd St",41.799568,-87.594747,1759,1311,448
"Halsted St & Wrightwood Ave",41.929143,-87.649077,"Sheffield Ave & Wellington Ave",41.9362534831,-87.6526620984,1759,1308,451
"Lake Shore Dr & Ohio St",41.89257,-87.614492,"Dearborn St & Monroe St",41.881319815,-87.6295209193,1758,1576,182
"LaSalle St & Illinois St",41.890762,-87.631697,"Dearborn St & Erie St",41.893992,-87.629318,1757,1483,274
"Wood St & Milwaukee Ave",41.907655,-87.672552,"Damen Ave & Division St",41.90331,-87.67695,1756,1443,313
"Franklin St & Quincy St",41.878724,-87.634793,"Clark St & Randolph St",41.884576228,-87.63188991,1756,1563,193
"Sheridan Rd & Buena Ave",41.958494,-87.654966,"Ravenswood Ave & Lawrence Ave",41.96909,-87.674237,1754,1613,141
"Columbus Dr & Randolph St",41.884728,-87.619521,"Michigan Ave & 8th St",41.872773,-87.623981,1754,1062,692
"Canal St & Jackson Blvd",41.877988,-87.640769,"Michigan Ave & Jackson Blvd",41.87785,-87.62408,1754,1435,319
"Canal St & Jackson Blvd",41.877988,-87.640769,"Kingsbury St & Erie St",41.8939139,-87.6417358,1753,1675,78
"Michigan Ave & 18th St",41.857926,-87.624336,"Lake Shore Dr & Monroe St",41.880958,-87.616743,1752,768,984
"Damen Ave & Pierce Ave",41.9093960065,-87.6776919292,"Clifton Ave & Armitage Ave",41.918216,-87.656936,1751,1274,477
"Kedzie Ave & Milwaukee Ave",41.929567,-87.707857,"Troy St & Elston Ave",41.9452435685,-87.7066499009,1750,1555,195
"Michigan Ave & Congress Pkwy",41.8760656,-87.62443336,"Michigan Ave & 14th St",41.864059,-87.623727,1750,1383,367
"Marshfield Ave & Cortland St",41.916017,-87.668879,"Sheffield Ave & Willow St",41.913688,-87.652855,1750,1579,171
"Stockton Dr & Wrightwood Ave",41.93132,-87.638742,"Lake Shore Dr & Diversey Pkwy",41.932684,-87.63625,1750,974,776
"Damen Ave & Pierce Ave",41.9093960065,-87.6776919292,"Clinton St & Madison St",41.8827519657,-87.6411902905,1749,1628,121
"Franklin St & Quincy St",41.878724,-87.634793,"State St & Van Buren St",41.877181,-87.627844,1748,1557,191
"Lake Shore Dr & Wellington Ave",41.936669,-87.636794,"Lakeview Ave & Fullerton Pkwy",41.925858,-87.638973,1748,1194,554
"Lake Shore Dr & Monroe St",41.880958,-87.616743,"State St & Harrison St",41.874053,-87.627716,1747,423,1324
"Wolcott Ave & Polk St",41.871262,-87.673688,"Aberdeen St & Jackson Blvd",41.87772613,-87.65478743,1747,1561,186
"Green St & Madison St",41.881859328,-87.6492637396,"Michigan Ave & Washington St",41.8838927658,-87.6246491409,1747,1460,287
"Racine Ave & Fullerton Ave",41.92556258,-87.65840426,"Racine Ave & Belmont Ave",41.939743,-87.658865,1746,1440,306
"Clark St & Leland Ave",41.967096,-87.667429,"Clifton Ave & Lawrence Ave",41.968873,-87.658857,1746,1682,64
"Museum Campus",41.865212,-87.617759,"Michigan Ave & Oak St",41.90096039,-87.62377664,1745,210,1535
"Clark St & Congress Pkwy",41.8759326655,-87.6305845355,"Franklin St & Monroe St",41.880317,-87.635185,1745,1698,47
"St. Clair St & Erie St",41.8943451374,-87.6227983832,"Orleans St & Merchandise Mart Plaza",41.888243,-87.63639,1744,1427,317
"Racine Ave & Belmont Ave",41.939743,-87.658865,"Broadway & Barry Ave",41.937725,-87.644095,1743,1523,220
"Sedgwick St & Huron St",41.894666,-87.638437,"Franklin St & Lake St",41.885837,-87.6355,1742,1621,121
"Larrabee St & Kingsbury St",41.897764,-87.642884,"LaSalle St & Illinois St",41.890762,-87.631697,1742,1425,317
"Clark St & Schiller St",41.907993,-87.631501,"Sedgwick St & Webster Ave",41.922167,-87.638888,1741,1216,525
"Ashland Ave & Wrightwood Ave",41.92883,-87.668507,"Racine Ave & Fullerton Ave",41.92556258,-87.65840426,1739,1647,92
"State St & Harrison St",41.874053,-87.627716,"Canal St & Jackson Blvd",41.877988,-87.640769,1739,1619,120
"Franklin St & Monroe St",41.880317,-87.635185,"Clark St & Schiller St",41.907993,-87.631501,1739,1640,99
"Clinton St & Washington Blvd",41.88338,-87.64117,"Ashland Ave & Chicago Ave",41.895966,-87.667747,1739,1673,66
"Franklin St & Chicago Ave",41.89679,-87.63564,"Dearborn Pkwy & Delaware Pl",41.898969,-87.629912,1738,1615,123
"Canal St & Madison St",41.882091,-87.639833,"Michigan Ave & Pearson St",41.89766,-87.62351,1738,1356,382
"Marshfield Ave & Cortland St",41.916017,-87.668879,"Western Ave & Winnebago Ave",41.91552,-87.687022,1738,1492,246
"Indiana Ave & Roosevelt Rd",41.867888,-87.623041,"St. Clair St & Erie St",41.8943451374,-87.6227983832,1737,1270,467
"Sheridan Rd & Irving Park Rd",41.954245,-87.654406,"Ashland Ave & Grace St",41.950687,-87.6687,1736,1409,327
"Carpenter St & Huron St",41.894556,-87.653449,"Ashland Ave & Division St",41.90345,-87.667747,1736,1433,303
"Broadway & Cornelia Ave",41.945529,-87.646439,"DuSable Lake Shore Dr & Belmont Ave",41.940775,-87.639192,1736,1184,552
"Wells St & Evergreen Ave",41.906724,-87.63483,"Wells St & Erie St",41.893832,-87.634195,1736,1389,347
"Rush St & Cedar St",41.9023087012,-87.627690528,"Clark St & Schiller St",41.907993,-87.631501,1735,1413,322
"Halsted St & Wrightwood Ave",41.929143,-87.649077,"Broadway & Belmont Ave",41.940106,-87.645451,1734,1383,351
"California Ave & Division St",41.903029,-87.697474,"California Ave & Milwaukee Ave",41.922695,-87.697153,1733,1017,716
"Museum Campus",41.865212,-87.617759,"Michigan Ave & Washington St",41.8838927658,-87.6246491409,1733,155,1578
"Clark St & Randolph St",41.884576228,-87.63188991,"Dearborn St & Adams St",41.8793563587,-87.6297910363,1732,1432,300
"Milwaukee Ave & Grand Ave",41.891578,-87.648384,"Morgan St & Lake St",41.8854833079,-87.6523048564,1732,1637,95
"Western Ave & Leland Ave",41.966555,-87.688487,"Clark St & Leland Ave",41.967096,-87.667429,1732,1560,172
"Broadway & Barry Ave",41.937725,-87.644095,"Southport Ave & Wellington Ave",41.935733,-87.663576,1732,1434,298
"State St & Kinzie St",41.8893754666,-87.6270765066,"New St & Illinois St",41.8908470406,-87.6186168194,1731,1392,339
"Sheffield Ave & Willow St",41.913688,-87.652855,"Sheffield Ave & Kingsbury St",41.910522,-87.653106,1731,1635,96
"Wabash Ave & Grand Ave",41.891466,-87.626761,"Fairbanks Ct & Grand Ave",41.8918473721,-87.6205801964,1730,1246,484
"Canal St & Madison St",41.882091,-87.639833,"State St & Harrison St",41.874053,-87.627716,1729,1475,254
"Halsted St & Maxwell St",41.864883,-87.647071,"Wabash Ave & Roosevelt Rd",41.867227,-87.625961,1729,1240,489
"Canal St & Jackson Blvd",41.877988,-87.640769,"Wolcott Ave & Polk St",41.871262,-87.673688,1728,1702,26
"Southport Ave & Roscoe St",41.943739,-87.66402,"Sheffield Ave & Wellington Ave",41.9362534831,-87.6526620984,1728,1296,432
"Lake Shore Dr & North Blvd",41.911722,-87.626804,"State St & Pearson St",41.897448,-87.628722,1728,854,874
"Stetson Ave & South Water St",41.886835,-87.62232,"Michigan Ave & Washington St",41.8838927658,-87.6246491409,1728,1045,683
"Stockton Dr & Wrightwood Ave",41.93132,-87.638742,"Clark St & Wrightwood Ave",41.929546,-87.643118,1728,1265,463
"Franklin St & Jackson Blvd",41.8777079559,-87.6353211408,"Stetson Ave & South Water St",41.886835,-87.62232,1727,1277,450
"Sheffield Ave & Wrightwood Ave",41.928712,-87.653833,"Racine Ave & Wrightwood Ave",41.928887,-87.658971,1726,1523,203
"Lake Shore Dr & Ohio St",41.89257,-87.614492,"Lake Shore Dr & Diversey Pkwy",41.932684,-87.63625,1726,1072,654
"Wabash Ave & Grand Ave",41.891466,-87.626761,"Dearborn Pkwy & Delaware Pl",41.898969,-87.629912,1725,1310,415
"Michigan Ave & Washington St",41.8838927658,-87.6246491409,"Jefferson St & Monroe St",41.880422,-87.642746,1725,1572,153
"Dearborn St & Monroe St",41.881319815,-87.6295209193,"Lake Shore Dr & Monroe St",41.880958,-87.616743,1724,753,971
"Clarendon Ave & Junior Ter",41.961004,-87.649603,"Pine Grove Ave & Irving Park Rd",41.954383,-87.648043,1724,1352,372
"Fort Dearborn Dr & 31st St",41.838556,-87.608218,"Millennium Park",41.8810317,-87.62408432,1724,565,1159
"California Ave & Milwaukee Ave",41.922695,-87.697153,"Western Ave & Winnebago Ave",41.91552,-87.687022,1724,1240,484
"Rush St & Superior St",41.8957647456,-87.6259080327,"Michigan Ave & Oak St",41.90096039,-87.62377664,1724,667,1057
"State St & Van Buren St",41.877181,-87.627844,"Franklin St & Monroe St",41.880317,-87.635185,1724,1550,174
"Rush St & Superior St",41.8957647456,-87.6259080327,"Clark St & Lincoln Ave",41.915689,-87.6346,1723,1318,405
"Wabash Ave & 9th St",41.870769,-87.625734,"Michigan Ave & Madison St",41.882134,-87.625125,1722,1365,357
"Daley Center Plaza",41.884241,-87.629634,"State St & Kinzie St",41.88918,-87.6277,1722,1560,162
"Michigan Ave & Lake St",41.886024,-87.624117,"McClurg Ct & Erie St",41.894503,-87.617854,1722,1446,276
"Clark St & Chicago Ave",41.896544,-87.630931,"Canal St & Adams St",41.879255,-87.639904,1720,1605,115
"Sheffield Ave & Wrightwood Ave",41.928712,-87.653833,"Southport Ave & Roscoe St",41.943739,-87.66402,1720,1208,512
"Franklin St & Chicago Ave",41.89680204,-87.63563839,"Wells St & Concord Ln",41.912133,-87.634656,1719,1564,155
"Wells St & Evergreen Ave",41.906724,-87.63483,"Rush St & Cedar St",41.9023087012,-87.627690528,1719,1271,448
"Clark St & Elm St",41.903233,-87.631253,"Franklin St & Arcade Pl",41.881131,-87.635185,1719,1645,74
"Clark St & Bryn Mawr Ave",41.983593,-87.669154,"Broadway & Berwyn Ave",41.978353,-87.659753,1718,1542,176
"Clark St & Lincoln Ave",41.915689,-87.6346,"Wells St & Huron St",41.8947953,-87.6343743,1717,1146,571
"Lincoln Ave & Fullerton Ave",41.925905,-87.64926,"Lake Shore Dr & North Blvd",41.911722,-87.626804,1717,836,881
"Lake Shore Dr & Diversey Pkwy",41.932684,-87.63625,"Clark St & Elm St",41.903233,-87.631253,1717,1446,271
"Lincoln Ave & Belle Plaine Ave",41.955927,-87.679259,"Lincoln Ave & Leavitt St",41.962391,-87.684146,1717,1597,120
"Canal St & Adams St",41.879255,-87.639904,"Shedd Aquarium",41.8672259568,-87.6153553902,1716,1171,545
"Clark St & Winnemac Ave",41.973385,-87.668365,"Broadway & Berwyn Ave",41.978353,-87.659753,1716,1438,278
"Blue Island Ave & 18th St",41.857556,-87.661535,"Racine Ave & 18th St",41.8581806068,-87.6564866473,1715,1502,213
"Indiana Ave & Roosevelt Rd",41.867888,-87.623041,"Lake Shore Dr & Ohio St",41.89257,-87.614492,1715,1027,688
"DuSable Lake Shore Dr & Belmont Ave",41.940775,-87.639192,"Broadway & Waveland Ave",41.949074,-87.648636,1715,1211,504
"Clark St & Elm St",41.903233,-87.631253,"Clinton St & Lake St",41.885637,-87.641823,1714,1458,256
"LaSalle St & Jackson Blvd",41.87817,-87.631985,"St. Clair St & Erie St",41.8943451374,-87.6227983832,1714,1564,150
"Michigan Ave & Washington St",41.8838927658,-87.6246491409,"State St & Van Buren St",41.877181,-87.627844,1714,1130,584
"State St & Kinzie St",41.88918,-87.6277,"Wacker Dr & Washington St Corral",41.88316,-87.63736,1713,1552,161
"Ashland Ave & Belle Plaine Ave",41.956061,-87.668869,"Southport Ave & Waveland Ave",41.94815,-87.66394,1713,1606,107
"Lake Shore Dr & Monroe St",41.880958,-87.616743,"St. Clair St & Erie St",41.8943451374,-87.6227983832,1712,352,1360
"California Ave & Francis Pl",41.91855,-87.69723,"Kedzie Ave & Milwaukee Ave",41.929567,-87.707857,1711,1337,374
"University Library (NU)",42.052939,-87.673447,"Chicago Ave & Washington St",42.032562,-87.679101,1708,1298,410
"Lake Shore Dr & Ohio St",41.89257,-87.614492,"Adler Planetarium",41.866095,-87.607267,1708,393,1315
"Streeter Dr & Grand Ave",41.892278,-87.612043,"Dearborn St & Adams St",41.8793563587,-87.6297910363,1707,405,1302
"May St & Taylor St",41.8694821,-87.6554864,"Ashland Ave & 13th St",41.865234,-87.666507,1707,1635,72
"Clark St & Schiller St",41.907993,-87.631501,"LaSalle St & Illinois St",41.890762,-87.631697,1707,1315,392
"Clinton St & Washington Blvd",41.88338,-87.64117,"Wood St & Milwaukee Ave",41.907655,-87.672552,1707,1560,147
"State St & 33rd St",41.834734,-87.625813,"State St & 35th St",41.831036314,-87.6267975569,1707,1534,173
"Lake Shore Dr & Ohio St",41.89257,-87.614492,"Lakeview Ave & Fullerton Pkwy",41.925858,-87.638973,1706,1084,622
"Canal St & Adams St",41.879255,-87.639904,"LaSalle St & Adams St",41.8793443735,-87.6319852213,1705,1485,220
"Clark St & Grace St",41.95078,-87.659172,"Clark St & Berwyn Ave",41.9780306225,-87.6685649157,1705,1053,652
"Wells St & Elm St",41.903222,-87.634324,"Franklin St & Illinois St",41.8910233103,-87.6354798675,1705,1216,489
"Rhodes Ave & 32nd St",41.836208,-87.613533,"State St & 35th St",41.831036314,-87.6267975569,1705,1646,59
"Clark St & Randolph St",41.884576228,-87.63188991,"Franklin St & Jackson Blvd",41.8777079559,-87.6353211408,1705,1274,431
"Wabash Ave & 16th St",41.860384,-87.625813,"Millennium Park",41.8810317,-87.62408432,1704,1217,487
"Franklin St & Chicago Ave",41.89680204,-87.63563839,"Clinton St & Lake St",41.88583274,-87.64138231,1704,1598,106
"Wells St & Concord Ln",41.912133,-87.634656,"Clark St & Wellington Ave",41.9364968219,-87.6475386582,1703,1249,454
"Wells St & Institute Pl",41.8973798607,-87.6344203949,"Wells St & Elm St",41.903222,-87.634324,1703,1201,502
"State St & Kinzie St",41.88918,-87.6277,"Lake Shore Dr & Ohio St",41.89257,-87.614492,1703,1104,599
"LaSalle St & Jackson Blvd",41.87817,-87.631985,"Clinton St & Lake St",41.88583274,-87.64138231,1702,1645,57
"Theater on the Lake",41.926277,-87.630834,"Clark St & Drummond Pl",41.931248,-87.644336,1701,954,747
"Larrabee St & North Ave",41.91021,-87.6435,"Larrabee St & Webster Ave",41.921822,-87.64414,1701,1275,426
"Larrabee St & Kingsbury St",41.897764,-87.642884,"Halsted St & Blackhawk St",41.90854,-87.648568,1701,1610,91
"Lake Park Ave & 56th St",41.793242,-87.587782,"Shore Drive & 55th St",41.795212,-87.580715,1701,1330,371
"Wilton Ave & Diversey Pkwy",41.932418,-87.652705,"Wells St & Concord Ln",41.912133,-87.634656,1699,1298,401
"Clinton St & Washington Blvd",41.88338,-87.64117,"Michigan Ave & Jackson Blvd",41.87785,-87.62408,1699,1518,181
"Michigan Ave & Oak St",41.90096039,-87.62377664,"Sheffield Ave & Waveland Ave",41.949399,-87.654529,1697,415,1282
"Racine Ave & Belmont Ave",41.939743,-87.658865,"Sheffield Ave & Wrightwood Ave",41.928712,-87.653833,1697,1344,353
"Wood St & Division St",41.90332,-87.67273,"Wood St & Milwaukee Ave",41.907655,-87.672552,1697,1539,158
"Orleans St & Merchandise Mart Plaza",41.888243,-87.63639,"Franklin St & Chicago Ave",41.89679,-87.63564,1696,1477,219
"Clark St & Wrightwood Ave",41.929546,-87.643118,"Sheffield Ave & Wellington Ave",41.9362534831,-87.6526620984,1696,1264,432
"McClurg Ct & Illinois St",41.89102,-87.6173,"Franklin St & Lake St",41.885837,-87.6355,1696,1418,278
"Streeter Dr & Grand Ave",41.892278,-87.612043,"Clark St & Wrightwood Ave",41.929546,-87.643118,1696,596,1100
"Kingsbury St & Kinzie St",41.8891768326,-87.6385057718,"Aberdeen St & Jackson Blvd",41.87772613,-87.65478743,1695,1518,177
"Broadway & Granville Ave",41.9947796884,-87.6602845349,"Clark St & Elmdale Ave",41.9908604481,-87.66972363,1695,1355,340
"Larrabee St & Webster Ave",41.921822,-87.64414,"Lincoln Ave & Diversey Pkwy",41.932225,-87.658617,1694,1215,479
"Lake Shore Dr & Ohio St",41.89257,-87.614492,"Clark St & North Ave",41.911974,-87.631942,1694,571,1123
"Franklin St & Chicago Ave",41.89680204,-87.63563839,"Clark St & Elm St",41.903233,-87.631253,1694,1522,172
"Canal St & Adams St",41.879255,-87.639904,"LaSalle St & Jackson Blvd",41.878166,-87.631929,1693,1529,164
"Kingsbury St & Kinzie St",41.8891768326,-87.6385057718,"Michigan Ave & Lake St",41.886024,-87.624117,1693,1503,190
"Wells St & Evergreen Ave",41.906724,-87.63483,"Clybourn Ave & Division St",41.904613,-87.640552,1693,1540,153
"Sangamon St & Washington Blvd",41.883004,-87.651148,"Canal St & Madison St",41.882091,-87.639833,1693,1649,44
"Dearborn St & Monroe St",41.881319815,-87.6295209193,"Wells St & Polk St",41.8727315423,-87.6335164905,1692,1404,288
"MLK Jr Dr & 29th St",41.842052,-87.617,"Shields Ave & 31st St",41.838464,-87.635406,1692,1636,56
"McClurg Ct & Erie St",41.894503,-87.617854,"Kingsbury St & Kinzie St",41.8891768326,-87.6385057718,1691,1462,229
"Ashland Ave & 13th St",41.865234,-87.666507,"Loomis St & Lexington St",41.872187,-87.661501,1691,1657,34
"LaSalle St & Jackson Blvd",41.878166,-87.631929,"Kingsbury St & Erie St",41.8939139,-87.6417358,1691,1543,148
"Lake Shore Dr & North Blvd",41.911722,-87.626804,"Sheffield Ave & Willow St",41.913688,-87.652855,1691,1088,603
"DuSable Lake Shore Dr & Belmont Ave",41.940775,-87.639192,"DuSable Lake Shore Dr & Wellington Ave",41.9366884495,-87.6368290186,1690,1056,634
"Calumet Ave & 21st St",41.8541842495,-87.6191537415,"Millennium Park",41.8810317,-87.62408432,1690,704,986
"Green St & Madison St",41.881859328,-87.6492637396,"Michigan Ave & Madison St",41.882134,-87.625125,1690,1294,396
"Leavitt St & Armitage Ave",41.917805,-87.682437,"Western Ave & Winnebago Ave",41.91552,-87.687022,1689,1589,100
"Indiana Ave & 26th St",41.845687,-87.622481,"MLK Jr Dr & 29th St",41.842052,-87.617,1689,1517,172
"Michigan Ave & Oak St",41.90096039,-87.62377664,"Ritchie Ct & Banks St",41.906866,-87.626217,1689,859,830
"Clark St & Chicago Ave",41.896544,-87.630931,"Ogden Ave & Chicago Ave",41.896362458,-87.6540612729,1689,1420,269
"Clark St & Grace St",41.95078,-87.659172,"Theater on the Lake",41.926277,-87.630834,1688,773,915
"Glenwood Ave & Touhy Ave",42.012701,-87.666058,"Greenview Ave & Jarvis Ave",42.015962,-87.66857,1688,626,1062
"Lincoln Ave & Diversey Pkwy",41.932225,-87.658617,"Wilton Ave & Belmont Ave",41.94018,-87.65304,1687,1466,221
"Ellis Ave & 53rd St",41.7993362626,-87.6009581145,"Shore Dr & 55th St",41.795212,-87.580715,1687,1075,612
"Sheridan Rd & Montrose Ave",41.96167,-87.65464,"Ravenswood Ave & Lawrence Ave",41.96909,-87.674237,1687,1436,251
"Western Ave & Leland Ave",41.966555,-87.688487,"Washtenaw Ave & Lawrence Ave",41.9687297,-87.6962603,1687,1521,166
"Ogden Ave & Race Ave",41.891795,-87.658751,"Canal St & Madison St",41.882091,-87.639833,1686,1644,42
"Rush St & Superior St",41.8957647456,-87.6259080327,"Clinton St & Lake St",41.885637,-87.641823,1686,1548,138
"Michigan Ave & Pearson St",41.89766,-87.62351,"Clark St & Lincoln Ave",41.915689,-87.6346,1686,785,901
"Canal St & Jackson Blvd",41.877988,-87.640769,"Morgan St & Lake St",41.8854833079,-87.6523048564,1686,1618,68
"Racine Ave & 15th St",41.861267,-87.656625,"Morgan St & Polk St",41.871737,-87.65103,1685,1551,134
"Dearborn St & Adams St",41.8793563587,-87.6297910363,"Wells St & Polk St",41.872373,-87.633523,1685,1600,85
"University Ave & 57th St",41.791478,-87.599861,"University Ave & 59th St",41.787878,-87.598906,1685,1423,262
"Orleans St & Merchandise Mart Plaza",41.888243,-87.63639,"Wabash Ave & Wacker Pl",41.886875,-87.62603,1685,1247,438
"Canal St & Adams St",41.879255,-87.639904,"Ogden Ave & Race Ave",41.891795,-87.658751,1684,1485,199
"Michigan Ave & Lake St",41.886024,-87.624117,"Clark St & Armitage Ave",41.918306,-87.636282,1684,1430,254
"Franklin St & Quincy St",41.878724,-87.634793,"Michigan Ave & Madison St",41.882134,-87.625125,1684,1355,329
"Rush St & Cedar St",41.9023087012,-87.627690528,"McClurg Ct & Erie St",41.894503,-87.617854,1683,1215,468
"Daley Center Plaza",41.884241,-87.629634,"Wabash Ave & Grand Ave",41.891466,-87.626761,1683,1274,409
"Humboldt Blvd & Armitage Ave",41.917513394,-87.7018089555,"Marshfield Ave & Cortland St",41.916017,-87.668879,1682,1129,553
"Kingsbury St & Kinzie St",41.8891768326,-87.6385057718,"Aberdeen St & Randolph St",41.884114,-87.654264,1681,1256,425
"DuSable Lake Shore Dr & Wellington Ave",41.9366884495,-87.6368290186,"Streeter Dr & Grand Ave",41.892278,-87.612043,1681,560,1121
"Lake Shore Dr & North Blvd",41.911722,-87.626804,"Clark St & Chicago Ave",41.896544,-87.630931,1681,835,846
"Larrabee St & Menomonee St",41.91468,-87.64332,"Bissell St & Armitage Ave",41.91844,-87.65222,1680,1571,109
"Michigan Ave & Washington St",41.8838927658,-87.6246491409,"State St & Randolph St",41.8847302006,-87.6277335692,1680,698,982
"Clinton St & Jackson Blvd",41.8783166118,-87.6409810781,"St. Clair St & Erie St",41.8943451374,-87.6227983832,1679,1535,144
"Southport Ave & Wellington Ave",41.935733,-87.663576,"Lake Shore Dr & Wellington Ave",41.936669,-87.636794,1679,1380,299
"LaSalle St & Jackson Blvd",41.87817,-87.631985,"Clark St & Schiller St",41.907993,-87.631501,1678,1619,59
"Greenview Ave & Diversey Pkwy",41.9325896343,-87.6659363508,"Wilton Ave & Diversey Pkwy",41.932418,-87.652705,1677,1419,258
"State St & Randolph St",41.8847302006,-87.6277335692,"Desplaines St & Randolph St",41.883703,-87.644238,1677,1486,191
"Clinton St & Madison St",41.8827519657,-87.6411902905,"Sangamon St & Washington Blvd",41.883165,-87.6511,1676,1510,166
"Paulina Ave & North Ave",41.9098546522,-87.66993016,"Kingsbury St & Kinzie St",41.8891768326,-87.6385057718,1676,1390,286
"LaSalle St & Illinois St",41.890749,-87.63206,"Michigan Ave & Pearson St",41.89766,-87.62351,1675,857,818
"Sheffield Ave & Willow St",41.913688,-87.652855,"Larrabee St & Kingsbury St",41.897764,-87.642884,1675,1481,194
"Morgan St & Lake St",41.8854833079,-87.6523048564,"LaSalle St & Washington St",41.882664,-87.63253,1675,1597,78
"Shedd Aquarium",41.8672259568,-87.6153553902,"Wabash Ave & Adams St",41.8794723523,-87.6256886059,1674,241,1433
"Clinton St & Madison St",41.8827519657,-87.6411902905,"Wells St & Evergreen Ave",41.906724,-87.63483,1674,1504,170
"Marshfield Ave & Cortland St",41.916017,-87.668879,"Halsted St & Dickens Ave",41.919936,-87.64883,1674,1474,200
"Canal St & Taylor St",41.870257,-87.639474,"Wells St & Polk St",41.8727315423,-87.6335164905,1673,1380,293
"Clark St & Wellington Ave",41.9364968219,-87.6475386582,"Sheffield Ave & Addison St",41.94688,-87.65445,1673,1151,522
"Columbus Dr & Randolph St",41.884728,-87.619521,"Michigan Ave & Washington St",41.8839840647,-87.6246839762,1673,1205,468
"Sedgwick St & Webster Ave",41.922167,-87.638888,"Franklin St & Monroe St",41.880317,-87.635185,1672,1606,66
"Broadway & Belmont Ave",41.940106,-87.645451,"Sheridan Rd & Montrose Ave",41.96167,-87.65464,1672,1302,370
"Rockwell St & Eastwood Ave",41.9659001398,-87.6936384935,"Washtenaw Ave & Lawrence Ave",41.9687297,-87.6962603,1672,1580,92
"Franklin St & Quincy St",41.878724,-87.634793,"Clinton St & Washington Blvd",41.88338,-87.64117,1671,1605,66
"Michigan Ave & 14th St",41.864059,-87.623727,"Daley Center Plaza",41.884241,-87.629634,1671,1583,88
"Wood St & Taylor St",41.869154,-87.671045,"Wabash Ave & Roosevelt Rd",41.867227,-87.625961,1670,1604,66
"Kingsbury St & Erie St",41.8939139,-87.6417358,"Clark St & Lake St",41.8860208277,-87.6308760584,1670,1542,128
"State St & Harrison St",41.874053,-87.627716,"Canal St & Harrison St",41.874337,-87.639566,1669,1560,109
"Franklin St & Jackson Blvd",41.8777079559,-87.6353211408,"Dearborn Pkwy & Delaware Pl",41.898969,-87.629912,1669,1357,312
"Shedd Aquarium",41.8672259568,-87.6153553902,"St. Clair St & Erie St",41.8943451374,-87.6227983832,1669,170,1499
"Damen Ave & Pierce Ave",41.9093960065,-87.6776919292,"Wolcott Ave & Polk St",41.871262,-87.673688,1668,1595,73
"Cityfront Plaza Dr & Pioneer Ct",41.890573,-87.622072,"Michigan Ave & Pearson St",41.89766,-87.62351,1668,782,886
"Kingsbury St & Kinzie St",41.8891768326,-87.6385057718,"Clark St & Lake St",41.8860208277,-87.6308760584,1667,1480,187
"Clybourn Ave & Division St",41.904613,-87.640552,"Sheffield Ave & Kingsbury St",41.910522,-87.653106,1667,1559,108
"Halsted St & Dickens Ave",41.919936,-87.64883,"Halsted St & Roscoe St",41.94367,-87.64895,1667,1147,520
"Clark St & Montrose Ave",41.961588,-87.666036,"Montrose Harbor",41.963982,-87.638181,1666,839,827
"Wells St & Concord Ln",41.912133,-87.634656,"Lincoln Ave & Diversey Pkwy",41.932225,-87.658617,1666,1277,389
"Federal St & Polk St",41.8720776329,-87.6295437729,"Adler Planetarium",41.866095,-87.607267,1665,961,704
"Lincoln Ave & Diversey Pkwy",41.932225,-87.658617,"Southport Ave & Roscoe St",41.943739,-87.66402,1665,1314,351
"Clark St & Schiller St",41.907993,-87.631501,"Clark St & Randolph St",41.884576228,-87.63188991,1665,1505,160
"Lake Shore Dr & Monroe St",41.880958,-87.616743,"Mies van der Rohe Way & Chestnut St",41.8985866514,-87.6219152258,1665,330,1335
"Morgan St & Lake St",41.8854833079,-87.6523048564,"Clinton St & Lake St",41.88583274,-87.64138231,1665,1566,99
"Michigan Ave & Washington St",41.8839840647,-87.6246839762,"Millennium Park",41.8810317,-87.62408432,1664,354,1310
"Wells St & Huron St",41.8947953,-87.6343743,"Wabash Ave & Grand Ave",41.891466,-87.626761,1664,1346,318
"Mies van der Rohe Way & Chicago Ave",41.89691,-87.621743,"Lakeview Ave & Fullerton Pkwy",41.925858,-87.638973,1664,1270,394
"Stockton Dr & Wrightwood Ave",41.93132,-87.638742,"Clark St & Elm St",41.903233,-87.631253,1664,1124,540
"Wentworth Ave & Archer Ave",41.854564,-87.631937,"McCormick Place",41.8513751729,-87.6188346489,1663,629,1034
"Morgan St & Lake St",41.8854833079,-87.6523048564,"Franklin St & Lake St",41.885837,-87.6355,1663,1448,215
"Dearborn St & Monroe St",41.881319815,-87.6295209193,"Morgan St & Lake St",41.8854833079,-87.6523048564,1662,1544,118
"Wells St & Huron St",41.8947953,-87.6343743,"State St & Chicago Ave",41.8966172004,-87.6285785437,1662,1286,376
"Larrabee St & Armitage Ave",41.918084,-87.643749,"Michigan Ave & Oak St",41.90096039,-87.62377664,1662,1020,642
"Wells St & Walton St",41.89993001,-87.63443007,"Franklin St & Monroe St",41.880317,-87.635185,1662,1512,150
"Wilton Ave & Belmont Ave",41.94018,-87.65304,"Sheffield Ave & Addison St",41.94688,-87.65445,1662,1170,492
"Dearborn St & Adams St",41.8793563587,-87.6297910363,"State St & Randolph St",41.8847302006,-87.6277335692,1661,1234,427
"Lincoln Ave & Melrose St",41.9406,-87.669435,"Wilton Ave & Belmont Ave",41.9402319181,-87.6529437304,1661,1258,403
"Dusable Harbor",41.886976,-87.612813,"Lake Shore Dr & North Blvd",41.911722,-87.626804,1661,609,1052
"Orleans St & Hubbard St",41.890028,-87.636618,"Clinton St & Washington Blvd",41.88338,-87.64117,1661,1574,87
"Larrabee St & Division St",41.90348607,-87.6433534936,"Halsted St & Clybourn Ave",41.909668,-87.648128,1660,1346,314
"Wabash Ave & Grand Ave",41.891738,-87.626937,"Stetson Ave & South Water St",41.886835,-87.62232,1659,1336,323
"Clark St & Armitage Ave",41.918306,-87.636282,"Mies van der Rohe Way & Chicago Ave",41.89691,-87.621743,1659,1092,567
"Halsted St & Diversey Pkwy",41.933341,-87.648747,"Sheffield Ave & Fullerton Ave",41.9256018819,-87.6537080423,1659,1573,86
"Kingsbury St & Kinzie St",41.8891768326,-87.6385057718,"Wabash Ave & 16th St",41.860384,-87.625813,1658,1637,21
"Larrabee St & Armitage Ave",41.918084,-87.643749,"Clifton Ave & Armitage Ave",41.918216,-87.656936,1658,1377,281
"Ashland Ave & 13th St",41.865234,-87.666507,"Paulina St & 18th St",41.857901,-87.668745,1657,1470,187
"Broadway & Berwyn Ave",41.978353,-87.659753,"Broadway & Ridge Ave",41.9840446107,-87.6602738295,1657,1470,187
"Larrabee St & Kingsbury St",41.897764,-87.642884,"Franklin St & Quincy St",41.878724,-87.634793,1657,1634,23
"State St & Kinzie St",41.88918,-87.6277,"Clark St & Armitage Ave",41.918306,-87.636282,1657,1328,329
"Wilton Ave & Diversey Pkwy",41.932418,-87.652705,"Ashland Ave & Wrightwood Ave",41.92883,-87.668507,1655,1455,200
"Wabash Ave & Grand Ave",41.891466,-87.626761,"Michigan Ave & Pearson St",41.89766,-87.62351,1655,845,810
"Franklin St & Chicago Ave",41.89679,-87.63564,"Wells St & Walton St",41.89993001,-87.63443007,1655,1505,150
"Clark St & Chicago Ave",41.896544,-87.630931,"Wells St & Evergreen Ave",41.906724,-87.63483,1654,1393,261
"Wacker Dr & Washington St Corral",41.88316,-87.63736,"Rush St & Hubbard St",41.890173,-87.626185,1653,1581,72
"Wabash Ave & 16th St",41.860384,-87.625813,"Michigan Ave & 18th St",41.857926,-87.624336,1653,1314,339
"Wells St & Concord Ln",41.912133,-87.634656,"Canal St & Adams St",41.879255,-87.639904,1652,1412,240
"Clinton St & Madison St",41.8827519657,-87.6411902905,"Ashland Ave & Grand Ave",41.891072,-87.666611,1652,1523,129
"Sheffield Ave & Wrightwood Ave",41.928712,-87.653833,"Southport Ave & Wellington Ave",41.935733,-87.663576,1651,1408,243
"Cityfront Plaza Dr & Pioneer Ct",41.890573,-87.622072,"Streeter Dr & Illinois St",41.891071,-87.6122,1651,159,1492
"Clark St & Drummond Pl",41.931248,-87.644336,"Sheffield Ave & Fullerton Ave",41.9256018819,-87.6537080423,1650,1278,372
"Clark St & Elm St",41.903233,-87.631253,"Orleans St & Elm St",41.902924,-87.637715,1650,1545,105
"Fairbanks Ct & Grand Ave",41.89186,-87.62062,"Dearborn Pkwy & Delaware Pl",41.898969,-87.629912,1649,1339,310
"Sheffield Ave & Wellington Ave",41.9362534831,-87.6526620984,"DuSable Lake Shore Dr & Wellington Ave",41.9366884495,-87.6368290186,1649,937,712
"Streeter Dr & Illinois St",41.891071,-87.6122,"St Clair St & Erie St",41.894448,-87.622663,1647,135,1512
"Wells St & Concord Ln",41.912133,-87.634656,"Marshfield Ave & Cortland St",41.916017,-87.668879,1645,1440,205
"Racine Ave & Wrightwood Ave",41.928887,-87.658971,"Theater on the Lake",41.926277,-87.630834,1645,1000,645
"Clinton St & Madison St",41.8827519657,-87.6411902905,"Wabash Ave & Wacker Pl",41.886875,-87.62603,1645,1372,273
"May St & Fulton St",41.886773,-87.656001,"Clinton St & Madison St",41.8827519657,-87.6411902905,1645,1615,30
"Franklin St & Lake St",41.885837,-87.6355,"Orleans St & Elm St",41.902924,-87.637715,1644,1517,127
"Broadway & Ridge Ave",41.9840446107,-87.6602738295,"Ravenswood Ave & Lawrence Ave",41.96909,-87.674237,1643,1560,83
"Damen Ave & Chicago Ave",41.895769,-87.67722,"Wolcott Ave & Polk St",41.871262,-87.673688,1643,1555,88
"Clarendon Ave & Junior Ter",41.961004,-87.649603,"Lakefront Trail & Bryn Mawr Ave",41.9840441152,-87.6522812247,1641,861,780
"Clark St & Wrightwood Ave",41.929546,-87.643118,"Clifton Ave & Armitage Ave",41.918216,-87.656936,1640,1345,295
"Orleans St & Merchandise Mart Plaza",41.888243,-87.63639,"Lake Shore Dr & North Blvd",41.911722,-87.626804,1640,1287,353
"Canal St & Madison St",41.882091,-87.639833,"Franklin St & Chicago Ave",41.89679,-87.63564,1640,1534,106
"Halsted St & Dickens Ave",41.919936,-87.64883,"Lakeview Ave & Fullerton Pkwy",41.925858,-87.638973,1640,1142,498
"Halsted St & Blackhawk St",41.90854,-87.648568,"Bissell St & Armitage Ave",41.91844,-87.65222,1640,1570,70
"Wells St & Polk St",41.8727315423,-87.6335164905,"Federal St & Polk St",41.8720776329,-87.6295437729,1639,1387,252
"Ashland Ave & Blackhawk St",41.907066,-87.667252,"Sheffield Ave & Kingsbury St",41.910522,-87.653106,1639,1393,246
"Indiana Ave & Roosevelt Rd",41.867888,-87.623041,"Delano Ct & Roosevelt Rd",41.867491,-87.63219,1639,1111,528
"Wacker Dr & Washington St Corral",41.88316,-87.63736,"Orleans St & Elm St",41.902924,-87.637715,1639,1615,24
"Broadway & Belmont Ave",41.940106,-87.645451,"Lakeview Ave & Fullerton Pkwy",41.925858,-87.638973,1639,1184,455
"Clark St & Wrightwood Ave",41.929546,-87.643118,"Bissell St & Armitage Ave",41.91844,-87.65222,1639,1400,239
"Wells St & Concord Ln",41.912133,-87.634656,"Clinton St & Madison St",41.8827519657,-87.6411902905,1638,1472,166
"Clifton Ave & Armitage Ave",41.918216,-87.656936,"Damen Ave & Cortland St",41.916027,-87.677411,1638,1374,264
"Dearborn Pkwy & Delaware Pl",41.898969,-87.629912,"Clark St & Wrightwood Ave",41.929546,-87.643118,1638,1258,380
"Wells St & Hubbard St",41.889906,-87.634266,"Wabash Ave & Grand Ave",41.891466,-87.626761,1638,1332,306
"Clark St & Wrightwood Ave",41.929546,-87.643118,"Wells St & Evergreen Ave",41.906724,-87.63483,1638,1193,445
"Clinton St & Jackson Blvd",41.8783166118,-87.6409810781,"Canal St & Taylor St",41.870257,-87.639474,1637,1363,274
"Clinton St & Roosevelt Rd",41.8671177825,-87.6410879593,"Halsted St & Roosevelt Rd",41.867324,-87.648625,1637,1445,192
"Cannon Dr & Fullerton Ave",41.9267559875,-87.6344287848,"Lake Shore Dr & Ohio St",41.89257,-87.614492,1637,438,1199
"Wabash Ave & Adams St",41.8794723523,-87.6256886059,"Millennium Park",41.8810317,-87.62408432,1636,447,1189
"Wabash Ave & Grand Ave",41.891466,-87.626761,"Milwaukee Ave & Grand Ave",41.891578,-87.648384,1636,1301,335
"Broadway & Cornelia Ave",41.945529,-87.646439,"Clark St & Drummond Pl",41.931248,-87.644336,1636,1213,423
"Dearborn St & Adams St Corral",41.87939,-87.62988,"Canal St & Madison St",41.882409,-87.639767,1636,1215,421
"Hampden Ct & Diversey Pkwy",41.93262,-87.642385,"Broadway & Barry Ave",41.937725,-87.644095,1636,1463,173
"Sheffield Ave & Waveland Ave",41.949399,-87.654529,"Wilton Ave & Belmont Ave",41.94018,-87.65304,1635,1214,421
"Racine Ave & Belmont Ave",41.939743,-87.658865,"Southport Ave & Belmont Ave",41.93949,-87.66378,1635,1392,243
"Michigan Ave & Jackson Blvd",41.87785,-87.62408,"State St & Kinzie St",41.88918,-87.6277,1635,1186,449
"Indiana Ave & Roosevelt Rd",41.867888,-87.623041,"Michigan Ave & Washington St",41.8839840647,-87.6246839762,1634,1014,620
"Lake Shore Dr & Monroe St",41.880958,-87.616743,"State St & Van Buren St",41.877181,-87.627844,1634,394,1240
"Sangamon St & Lake St",41.8857792524,-87.6510246098,"Clinton St & Washington Blvd",41.88338,-87.64117,1633,1367,266
"Columbus Dr & Randolph St",41.884728,-87.619521,"LaSalle St & Illinois St",41.890749,-87.63206,1633,1321,312
"Clark St & Wellington Ave",41.9364968219,-87.6475386582,"Sheridan Rd & Irving Park Rd",41.954245,-87.654406,1632,1281,351
"Daley Center Plaza",41.884241,-87.629634,"Rush St & Cedar St",41.9023087012,-87.627690528,1632,1292,340
"Clinton St & Lake St",41.88583274,-87.64138231,"May St & Fulton St",41.886773,-87.656001,1632,1598,34
"Emerald Ave & 28th St",41.84358,-87.645368,"Emerald Ave & 31st St",41.838198,-87.645143,1631,1434,197
"Lake Shore Dr & Diversey Pkwy",41.932684,-87.63625,"Pine Grove Ave & Waveland Ave",41.949275,-87.646303,1631,1207,424
"Clark St & Randolph St",41.884576228,-87.63188991,"State St & Kinzie St",41.88918,-87.6277,1630,1321,309
"Broadway & Barry Ave",41.937725,-87.644095,"Sheffield Ave & Waveland Ave",41.949399,-87.654529,1629,1278,351
"Halsted St & Dickens Ave",41.919936,-87.64883,"Sheffield Ave & Wrightwood Ave",41.928712,-87.653833,1629,1221,408
"Loomis St & Lexington St",41.872187,-87.661501,"Halsted St & Maxwell St",41.864883,-87.647071,1629,1545,84
"Clark St & North Ave",41.911974,-87.631942,"Larrabee St & Webster Ave",41.921822,-87.64414,1629,923,706
"Wells St & Evergreen Ave",41.906724,-87.63483,"Bissell St & Armitage Ave",41.91844,-87.65222,1629,1337,292
"State St & Van Buren St",41.877181,-87.627844,"Wabash Ave & 9th St",41.870769,-87.625734,1628,1362,266
"Lakefront Trail & Bryn Mawr Ave",41.9840441152,-87.6522812247,"Glenwood Ave & Morse Ave",42.0079719229,-87.6655023944,1627,1188,439
"Greenview Ave & Jarvis Ave",42.015962,-87.66857,"Clark St & Lunt Ave",42.0090111806,-87.6741117239,1627,1337,290
"900 W Harrison St",41.874754,-87.649807,"Morgan St & 18th St",41.858086,-87.651073,1627,1497,130
"Wells St & Evergreen Ave",41.906724,-87.63483,"Franklin St & Chicago Ave",41.89679,-87.63564,1627,1330,297
"Western Ave & Roscoe St",41.943034,-87.687288,"Rockwell St & Eastwood Ave",41.9659001398,-87.6936384935,1626,1620,6
"Franklin St & Jackson Blvd",41.8777079559,-87.6353211408,"Larrabee St & Kingsbury St",41.897764,-87.642884,1626,1534,92
"State St & Van Buren St",41.877181,-87.627844,"Peoria St & Jackson Blvd",41.877749,-87.649633,1626,1421,205
"Shedd Aquarium",41.8672259568,-87.6153553902,"Michigan Ave & Madison St",41.882134,-87.625125,1626,327,1299
"900 W Harrison St",41.874754,-87.649807,"Peoria St & Jackson Blvd",41.8776415963,-87.6496177912,1625,1352,273
"Loomis St & Lexington St",41.8722287322,-87.661363855,"Peoria St & Jackson Blvd",41.8776415963,-87.6496177912,1624,1284,340
"Clark St & Armitage Ave",41.918306,-87.636282,"Lake Shore Dr & Belmont Ave",41.940775,-87.639192,1624,929,695
"Ravenswood Ave & Lawrence Ave",41.96909,-87.674237,"Broadway & Berwyn Ave",41.978353,-87.659753,1624,1489,135
"Clinton St & Lake St",41.885637,-87.641823,"Michigan Ave & Washington St",41.8838927658,-87.6246491409,1623,1515,108
"Kingsbury St & Kinzie St",41.8891768326,-87.6385057718,"Morgan St & Lake St*",41.8854917063,-87.6522892714,1622,1300,322
"Daley Center Plaza",41.884241,-87.629634,"Rush St & Superior St",41.8957647456,-87.6259080327,1622,1423,199
"Blue Island Ave & 18th St",41.857556,-87.661535,"Halsted St & Roosevelt Rd",41.867324,-87.648625,1621,1484,137
"Theater on the Lake",41.926277,-87.630834,"Sheffield Ave & Wellington Ave",41.936253,-87.653566,1621,792,829
"Fort Dearborn Dr & 31st St",41.838556,-87.608218,"Streeter Dr & Grand Ave",41.892278,-87.612043,1620,401,1219
"Wells St & Concord Ln",41.912133,-87.634656,"Sedgwick St & Huron St",41.894666,-87.638437,1620,1293,327
"Rush St & Superior St",41.8957647456,-87.6259080327,"Lake Shore Dr & North Blvd",41.911722,-87.626804,1620,785,835
"Clark St & Lincoln Ave",41.915689,-87.6346,"Halsted St & Willow St",41.913778,-87.64884,1620,1345,275
"Clark St & Wrightwood Ave",41.929546,-87.643118,"Larrabee St & Kingsbury St",41.897764,-87.642884,1620,1517,103
"Wabash Ave & Roosevelt Rd",41.867227,-87.625961,"Dearborn St & Van Buren St",41.876268,-87.629155,1619,1348,271
"Streeter Dr & Grand Ave",41.892278,-87.612043,"State St & Van Buren St",41.877181,-87.627844,1619,295,1324
"Wells St & Evergreen Ave",41.906724,-87.63483,"LaSalle St & Illinois St",41.890762,-87.631697,1619,1148,471
"LaSalle St & Illinois St",41.890749,-87.63206,"Lake Shore Dr & North Blvd",41.911722,-87.626804,1619,638,981
"Dearborn Pkwy & Delaware Pl",41.898969,-87.629912,"Wabash Ave & Grand Ave",41.891738,-87.626937,1618,1244,374
"Greenview Ave & Fullerton Ave",41.92533,-87.6658,"Clark St & Wrightwood Ave",41.929546,-87.643118,1618,1301,317
"Franklin St & Jackson Blvd",41.8777079559,-87.6353211408,"LaSalle St & Illinois St",41.890749,-87.63206,1618,853,765
"Emerald Ave & 31st St",41.838198,-87.645143,"Halsted St & 35th St",41.830661,-87.647172,1617,1434,183
"Clark St & Winnemac Ave",41.9733476405,-87.6678554714,"Clark St & Grace St",41.95078,-87.659172,1617,904,713
"Orleans St & Merchandise Mart Plaza",41.888243,-87.63639,"Milwaukee Ave & Grand Ave",41.891578,-87.648384,1617,1375,242
"Fairbanks Ct & Grand Ave",41.89186,-87.62062,"Rush St & Superior St",41.8957647456,-87.6259080327,1617,1279,338
"Leavitt St & Division St",41.902997,-87.683825,"Damen Ave & Pierce Ave",41.9093960065,-87.6776919292,1617,1259,358
"Fairbanks Ct & Grand Ave",41.89186,-87.62062,"Rush St & Cedar St",41.9023087012,-87.627690528,1615,1230,385
"Damen Ave & Chicago Ave",41.895769,-87.67722,"Ashland Ave & Lake St",41.88541,-87.66732,1615,1476,139
"Loomis St & Lexington St",41.872187,-87.661501,"Wood St & Taylor St",41.869154,-87.671045,1615,1579,36
"Clarendon Ave & Gordon Ter",41.957879,-87.649519,"Halsted St & Roscoe St",41.94367,-87.64895,1614,1355,259
"Sheridan Rd & Buena Ave",41.958494,-87.654966,"Broadway & Wilson Ave",41.965221,-87.658139,1613,1498,115
"Clark St & Lake St",41.8860208277,-87.6308760584,"Green St & Madison St",41.881859328,-87.6492637396,1613,1389,224
"DuSable Lake Shore Dr & North Blvd",41.911722,-87.626804,"Clark St & Armitage Ave",41.918306,-87.636282,1613,720,893
"Ashland Ave & Division St",41.90345,-87.667747,"California Ave & Cortez St",41.900363,-87.696704,1612,1354,258
"Southport Ave & Wrightwood Ave",41.928773,-87.663913,"Sheffield Ave & Webster Ave",41.92154,-87.653818,1612,1257,355
"Daley Center Plaza",41.884241,-87.629634,"Orleans St & Merchandise Mart Plaza",41.888243,-87.63639,1612,1443,169
"Franklin St & Quincy St",41.878724,-87.634793,"State St & Kinzie St",41.88918,-87.6277,1612,1287,325
"Ravenswood Ave & Montrose Ave",41.961615,-87.674365,"Lincoln Ave & Leavitt St",41.962391,-87.684146,1612,1501,111
"Clark St & Chicago Ave",41.896544,-87.630931,"Wells St & Concord Ln",41.912133,-87.634656,1611,1404,207
"Damen Ave & Pierce Ave",41.9093960065,-87.6776919292,"Humboldt Blvd & Armitage Ave",41.917513394,-87.7018089555,1611,852,759
"Clark St & Elm St",41.903233,-87.631253,"Wabash Ave & Wacker Pl",41.886875,-87.62603,1611,1169,442
"Leavitt St & Division St",41.902997,-87.683825,"Ashland Ave & Division St",41.90345,-87.667747,1611,1226,385
"Canal St & Adams St",41.879255,-87.639904,"Michigan Ave & 14th St",41.864059,-87.623727,1610,1417,193
"Broadway & Thorndale Ave",41.9897425114,-87.6601406209,"Clark St & Winnemac Ave",41.9733476405,-87.6678554714,1610,1073,537
"Dearborn Pkwy & Delaware Pl",41.899007,-87.629928,"State St & Chicago Ave",41.8966172004,-87.6285785437,1610,1235,375
"Damen Ave & Chicago Ave",41.895769,-87.67722,"Damen Ave & Thomas St (Augusta Blvd)",41.901315,-87.677409,1610,1391,219
"Clarendon Ave & Gordon Ter",41.9578665242,-87.6495051384,"Sheridan Rd & Montrose Ave",41.96167,-87.65464,1609,1360,249
"Wilton Ave & Diversey Pkwy",41.932418,-87.652705,"Sheffield Ave & Wrightwood Ave",41.928712,-87.653833,1609,1402,207
"Franklin St & Lake St",41.885837,-87.6355,"St. Clair St & Erie St",41.8943451374,-87.6227983832,1609,1323,286
"Kingsbury St & Erie St",41.8939139,-87.6417358,"Morgan St & Lake St",41.8854833079,-87.6523048564,1609,1481,128
"Larrabee St & Kingsbury St",41.897764,-87.642884,"State St & Kinzie St",41.88918,-87.6277,1609,1414,195
"Clark St & Armitage Ave",41.918306,-87.636282,"Sheffield Ave & Kingsbury St",41.910522,-87.653106,1609,1310,299
"Mies van der Rohe Way & Chestnut St",41.8985866514,-87.6219152258,"Michigan Ave & Lake St",41.886024,-87.624117,1609,883,726
"Shedd Aquarium",41.8672259568,-87.6153553902,"Calumet Ave & 18th St",41.857611,-87.619407,1609,622,987
"Daley Center Plaza",41.884241,-87.629634,"Rush St & Hubbard St",41.890173,-87.626185,1608,1475,133
"Green St & Madison St",41.881859328,-87.6492637396,"Aberdeen St & Randolph St",41.884114,-87.654264,1608,1349,259
"Broadway & Granville Ave",41.9947796884,-87.6602845349,"Montrose Harbor",41.963982,-87.638181,1608,748,860
"Michigan Ave & Jackson Blvd",41.87785,-87.62408,"Lake Shore Dr & Ohio St",41.89257,-87.614492,1608,976,632
"Marshfield Ave & Cortland St",41.916017,-87.668879,"Lake Shore Dr & North Blvd",41.911722,-87.626804,1608,1021,587
"Clinton St & Tilden St",41.875885,-87.640795,"Canal St & Madison St",41.882091,-87.639833,1607,1537,70
"Wilton Ave & Belmont Ave",41.9402319181,-87.6529437304,"Racine Ave & Belmont Ave",41.939743,-87.658865,1607,1268,339
"Michigan Ave & Jackson Blvd",41.87785,-87.62408,"Field Blvd & South Water St",41.8863490627,-87.6175165471,1607,1268,339
"Montrose Harbor",41.963982,-87.638181,"Broadway & Barry Ave",41.937725,-87.644095,1607,838,769
"Franklin St & Monroe St",41.880317,-87.635185,"Clark St & Randolph St",41.884576228,-87.63188991,1607,1403,204
"Desplaines St & Jackson Blvd",41.8781189009,-87.6439476013,"Morgan St & Lake St",41.8854833079,-87.6523048564,1606,1531,75
"Hermitage Ave & Polk St",41.871514,-87.669886,"Loomis St & Lexington St",41.8722287322,-87.661363855,1606,1454,152
"Franklin St & Quincy St",41.878724,-87.634793,"Stetson Ave & South Water St",41.886835,-87.62232,1606,1445,161
"Canal St & Adams St",41.879255,-87.639904,"Ogden Ave & Chicago Ave",41.896362458,-87.6540612729,1605,1484,121
"Orleans St & Merchandise Mart Plaza",41.888243,-87.63639,"Lake Shore Dr & Ohio St",41.89257,-87.614492,1604,1399,205
"Sheffield Ave & Wellington Ave",41.936253,-87.653566,"Lake Shore Dr & Wellington Ave",41.936669,-87.636794,1604,1201,403
"Emerald Ave & 31st St",41.838198,-87.645143,"Morgan St & 31st St",41.8378,-87.65114,1603,1437,166
"Orleans St & Merchandise Mart Plaza",41.888243,-87.63639,"Green St & Randolph St*",41.8836016573,-87.6486267149,1603,1312,291
"Morgan St & 31st St",41.8378,-87.65114,"State St & 33rd St",41.834734,-87.625813,1602,1453,149
"Michigan Ave & Washington St",41.8838927658,-87.6246491409,"Mies van der Rohe Way & Chicago Ave",41.89691,-87.621743,1602,546,1056
"Wolcott Ave & Polk St",41.871262,-87.673688,"Jefferson St & Monroe St",41.880422,-87.642746,1601,1583,18
"Cornell Ave & Hyde Park Blvd",41.802406,-87.586924,"Ellis Ave & 53rd St",41.7993362626,-87.6009581145,1601,1245,356
"Marshfield Ave & Cortland St",41.916017,-87.668879,"California Ave & Francis Pl",41.91855,-87.69723,1601,1348,253
"Sheffield Ave & Waveland Ave",41.949399,-87.654529,"Sheffield Ave & Fullerton Ave",41.9256018819,-87.6537080423,1600,1260,340
"Lake Shore Dr & Ohio St",41.89257,-87.614492,"Clark St & Armitage Ave",41.918306,-87.636282,1600,615,985
"Stetson Ave & South Water St",41.886835,-87.62232,"Wabash Ave & Adams St",41.8794723523,-87.6256886059,1599,1255,344
"Normal Ave & Archer Ave",41.849527,-87.640591,"Halsted St & Archer Ave",41.847203,-87.646795,1599,1453,146
"Lake Shore Dr & Belmont Ave",41.940775,-87.639192,"Broadway & Waveland Ave",41.949074,-87.648636,1599,1343,256
"Jefferson St & Monroe St",41.880422,-87.642746,"LaSalle St & Jackson Blvd",41.87817,-87.631985,1599,1523,76
"Clark St & Winnemac Ave",41.9733476405,-87.6678554714,"Clark St & Berwyn Ave",41.9780306225,-87.6685649157,1598,1322,276
"Dayton St & North Ave",41.9105780349,-87.6494219288,"Paulina Ave & North Ave",41.9098546522,-87.66993016,1598,1138,460
"Wabash Ave & Grand Ave",41.891466,-87.626761,"Clark St & Schiller St",41.907993,-87.631501,1598,1255,343
"Theater on the Lake",41.926277,-87.630834,"Broadway & Granville Ave",41.9947796884,-87.6602845349,1598,1020,578
"Clinton St & Madison St",41.8827519657,-87.6411902905,"Elizabeth St & Randolph St",41.884336,-87.658902,1598,1384,214
"Southport Ave & Roscoe St",41.943739,-87.66402,"Wilton Ave & Belmont Ave",41.9402319181,-87.6529437304,1597,1127,470
"Halsted St & Wrightwood Ave",41.929143,-87.649077,"Greenview Ave & Fullerton Ave",41.92533,-87.6658,1597,1191,406
"DuSable Lake Shore Dr & North Blvd",41.911722,-87.626804,"Lakeview Ave & Fullerton Pkwy",41.925858,-87.638973,1597,671,926
"Sheffield Ave & Waveland Ave",41.949399,-87.654529,"Clark St & Wrightwood Ave",41.929546,-87.643118,1596,977,619
"Lake Park Ave & 56th St",41.793242,-87.587782,"Woodlawn Ave & 58th St",41.789381,-87.596479,1596,1147,449
"Streeter Dr & Illinois St",41.891071,-87.6122,"Buckingham Fountain",41.876368,-87.6205586,1596,115,1481
"Columbus Dr & Randolph St",41.884728,-87.619521,"State St & Kinzie St",41.88918,-87.6277,1595,1107,488
"Michigan Ave & Madison St",41.882134,-87.625125,"Streeter Dr & Illinois St",41.891071,-87.6122,1595,208,1387
"Bissell St & Armitage Ave",41.91844,-87.65222,"Racine Ave & Fullerton Ave",41.92556258,-87.65840426,1595,1447,148
"Kingsbury St & Kinzie St",41.8891768326,-87.6385057718,"Wabash Ave & Grand Ave",41.891738,-87.626937,1594,1424,170
"Ogden Ave & Chicago Ave",41.896362458,-87.6540612729,"State St & Pearson St",41.897448,-87.628722,1594,1366,228
"Clinton St & Washington Blvd",41.88338,-87.64117,"Clark St & Chicago Ave",41.896544,-87.630931,1594,1520,74
"Canal St & Madison St",41.882091,-87.639833,"Streeter Dr & Grand Ave",41.892278,-87.612043,1594,769,825
"Halsted St & Clybourn Ave",41.909668,-87.648128,"Clybourn Ave & Division St",41.904613,-87.640552,1593,1333,260
"McCormick Place",41.8513751729,-87.6188346489,"Michigan Ave & 18th St",41.857926,-87.624336,1592,631,961
"Wells St & Elm St",41.903222,-87.634324,"Sedgwick St & North Ave",41.910983,-87.638525,1592,1246,346
"Dearborn St & Adams St",41.8793563587,-87.6297910363,"Wabash Ave & 9th St",41.870769,-87.625734,1591,1357,234
"Canal St & Adams St",41.879255,-87.639904,"Wells St & Polk St",41.872373,-87.633523,1591,1492,99
"Cityfront Plaza Dr & Pioneer Ct",41.890573,-87.622072,"Desplaines St & Kinzie St",41.888716036,-87.6444478533,1591,1456,135
"Michigan Ave & Washington St",41.8838927658,-87.6246491409,"Federal St & Polk St",41.8720776329,-87.6295437729,1590,1477,113
"Larrabee St & Webster Ave",41.921822,-87.64414,"Sheffield Ave & Kingsbury St",41.910522,-87.653106,1590,1284,306
"Kingsbury St & Kinzie St",41.8891768326,-87.6385057718,"Clark St & Lincoln Ave",41.915689,-87.6346,1589,1289,300
"Wells St & Hubbard St",41.889906,-87.634266,"Dearborn St & Erie St",41.893992,-87.629318,1589,1331,258
"Daley Center Plaza",41.884451,-87.629892,"McClurg Ct & Illinois St",41.89102,-87.6173,1589,1319,270
"Elizabeth St & Randolph St",41.884336,-87.658902,"Aberdeen St & Randolph St",41.884114,-87.654264,1588,1290,298
"Halsted St & Wrightwood Ave",41.929143,-87.649077,"Stockton Dr & Wrightwood Ave",41.93132,-87.638742,1588,1242,346
"Rush St & Hubbard St",41.890173,-87.626185,"Orleans St & Merchandise Mart Plaza",41.888243,-87.63639,1587,1340,247
"Racine Ave & Wrightwood Ave",41.928887,-87.658971,"Clark St & Lincoln Ave",41.915689,-87.6346,1586,1225,361
"Wells St & Evergreen Ave",41.906724,-87.63483,"Wacker Dr & Washington St Corral",41.88316,-87.63736,1586,1535,51
"Normal Ave & Archer Ave",41.849527,-87.640591,"Wentworth Ave & Archer Ave",41.854564,-87.631937,1584,1445,139
"Lake Shore Dr & Wellington Ave",41.936669,-87.636794,"Pine Grove Ave & Waveland Ave",41.949275,-87.646303,1584,1231,353
"Paulina St & 18th St",41.857901,-87.668745,"Wood St & Taylor St",41.869154,-87.671045,1583,1558,25
"Larrabee St & Kingsbury St",41.897764,-87.642884,"Michigan Ave & Washington St",41.8838927658,-87.6246491409,1583,1484,99
"Halsted St & Roscoe St",41.94367,-87.64895,"Lake Shore Dr & Belmont Ave",41.940775,-87.639192,1583,1104,479
"Fairbanks Ct & Grand Ave",41.89186,-87.62062,"Clark St & Congress Pkwy",41.8759326655,-87.6305845355,1583,1461,122
"Lincoln Ave & Sunnyside Ave",41.963004,-87.684781,"Ravenswood Ave & Lawrence Ave",41.96909,-87.674237,1582,1462,120
"LaSalle St & Washington St",41.882664,-87.63253,"Millennium Park",41.8810317,-87.62408432,1581,814,767
"LaSalle St & Jackson Blvd",41.87817,-87.631985,"Larrabee St & Kingsbury St",41.897764,-87.642884,1581,1564,17
"Mies van der Rohe Way & Chicago Ave",41.89691,-87.621743,"Canal St & Madison St",41.882091,-87.639833,1581,1370,211
"Clinton St & Washington Blvd",41.88338,-87.64117,"Aberdeen St & Monroe St",41.880419,-87.655519,1580,1470,110
"Clarendon Ave & Leland Ave",41.967968,-87.650001,"Lakefront Trail & Bryn Mawr Ave",41.9840441152,-87.6522812247,1580,821,759
"Wabash Ave & 16th St",41.860384,-87.625813,"State St & Harrison St",41.874053,-87.627716,1580,1359,221
"Cottage Grove Ave & 43rd St",41.816499,-87.606582,"Prairie Ave & 43rd St",41.816658893,-87.6194124619,1580,1392,188
"Mies van der Rohe Way & Chicago Ave",41.89691,-87.621743,"Rush St & Cedar St",41.9023087012,-87.627690528,1580,1350,230
"State St & Kinzie St",41.88918,-87.6277,"Michigan Ave & Lake St",41.886024,-87.624117,1580,956,624
"Clark St & 9th St (AMLI)",41.870816,-87.631246,"Federal St & Polk St",41.8720776329,-87.6295437729,1579,1331,248
"Loomis St & Lexington St",41.872187,-87.661501,"Clinton St & Madison St",41.8827519657,-87.6411902905,1579,1524,55
"Mies van der Rohe Way & Chestnut St",41.8985866514,-87.6219152258,"Daley Center Plaza",41.884241,-87.629634,1579,1378,201
"Damen Ave & Leland Ave",41.967094,-87.679028,"Lincoln Ave & Belle Plaine Ave",41.955927,-87.679259,1579,1428,151
"Desplaines St & Jackson Blvd",41.8781189009,-87.6439476013,"Peoria St & Jackson Blvd",41.877749,-87.649633,1578,1520,58
"McClurg Ct & Illinois St",41.89102,-87.6173,"Clark St & Lincoln Ave",41.915689,-87.6346,1578,632,946
"Michigan Ave & Madison St",41.882134,-87.625125,"LaSalle St & Washington St",41.882664,-87.63253,1578,1299,279
"Halsted St & Waveland Ave",41.949375,-87.649626,"Sheridan Rd & Montrose Ave",41.96167,-87.65464,1577,1132,445
"Lincoln Ave & Roscoe St",41.94334,-87.67097,"Southport Ave & Wellington Ave",41.935733,-87.663576,1577,1362,215
"Clinton St & Jackson Blvd",41.8783166118,-87.6409810781,"Columbus Dr & Randolph St",41.884728,-87.619521,1576,1417,159
"Dearborn St & Adams St",41.8793563587,-87.6297910363,"Lake Shore Dr & Monroe St",41.880958,-87.616743,1576,514,1062
"Dayton St & North Ave",41.9105780349,-87.6494219288,"Sheffield Ave & Kingsbury St",41.90959193,-87.65349723,1576,1461,115
"Ravenswood Ave & Lawrence Ave",41.96909,-87.674237,"Clarendon Ave & Leland Ave",41.967968,-87.650001,1576,1397,179
"Desplaines St & Randolph St",41.883703,-87.644238,"Franklin St & Jackson Blvd",41.8777079559,-87.6353211408,1576,1402,174
"Oakley Ave & Irving Park Rd",41.9543408522,-87.6860796243,"Ravenswood Ave & Irving Park Rd",41.95469,-87.67393,1576,1463,113
"State St & Pearson St",41.897448,-87.628722,"State St & Kinzie St",41.88918,-87.6277,1576,1216,360
"Damen Ave & Division St",41.90331,-87.67695,"Marshfield Ave & Cortland St",41.916017,-87.668879,1576,1405,171
"Dearborn St & Adams St",41.8793563587,-87.6297910363,"Wabash Ave & Grand Ave",41.891738,-87.626937,1575,1070,505
"Dearborn St & Monroe St",41.881319815,-87.6295209193,"Cityfront Plaza Dr & Pioneer Ct",41.890573,-87.622072,1575,1199,376
"Larrabee St & Oak St",41.9002194932,-87.6429854676,"Orleans St & Merchandise Mart Plaza",41.888243,-87.63639,1575,1480,95
"Streeter Dr & Illinois St",41.891071,-87.6122,"Lake Shore Dr & Diversey Pkwy",41.932684,-87.63625,1575,432,1143
"Sheridan Rd & Irving Park Rd",41.954245,-87.654406,"Halsted St & Waveland Ave",41.949375,-87.649626,1573,1176,397
"Clinton St & Polk St",41.8714665178,-87.6409491327,"Clinton St & Tilden St",41.875885,-87.640795,1573,1412,161
"Ashland Ave & Lake St",41.88592,-87.66717,"Ashland Ave & Grand Ave",41.891072,-87.666611,1573,1396,177
"Rush St & Superior St",41.8957647456,-87.6259080327,"Clark St & Lake St",41.8860208277,-87.6308760584,1571,1224,347
"State St & Pearson St",41.897448,-87.628722,"Columbus Dr & Randolph St",41.884728,-87.619521,1571,1338,233
"Michigan Ave & Congress Pkwy",41.8760656,-87.62443336,"Columbus Dr & Randolph St",41.884728,-87.619521,1571,885,686
"Marshfield Ave & Cortland St",41.916017,-87.668879,"Sheffield Ave & Kingsbury St",41.90959193,-87.65349723,1571,1449,122
"Clark St & Randolph St",41.884576228,-87.63188991,"Kingsbury St & Kinzie St",41.8891768326,-87.6385057718,1570,1460,110
"Clark St & Schiller St",41.907993,-87.631501,"Larrabee St & Webster Ave",41.921822,-87.64414,1570,1054,516
"Sedgwick St & Webster Ave",41.922167,-87.638888,"Halsted St & Wrightwood Ave",41.929143,-87.649077,1570,1204,366
"Michigan Ave & Pearson St",41.89766,-87.62351,"Clark St & Armitage Ave",41.918306,-87.636282,1569,756,813
"Columbus Dr & Randolph St",41.884728,-87.619521,"Museum Campus",41.865212,-87.617759,1569,358,1211
"Peoria St & Jackson Blvd",41.877749,-87.649633,"Wolcott Ave & Polk St",41.871262,-87.673688,1568,1508,60
"Sheridan Rd & Montrose Ave",41.96167,-87.65464,"Southport Ave & Irving Park Rd",41.954177,-87.664358,1568,1297,271
"Clark St & Elm St",41.903233,-87.631253,"Broadway & Barry Ave",41.937725,-87.644095,1568,1353,215
"Clinton St & Tilden St",41.875885,-87.640795,"Dearborn St & Adams St",41.8793563587,-87.6297910363,1567,1497,70
"Rush St & Hubbard St",41.890173,-87.626185,"Kingsbury St & Erie St",41.8939139,-87.6417358,1567,1474,93
"Orleans St & Merchandise Mart Plaza",41.888243,-87.63639,"Morgan St & Lake St",41.8854833079,-87.6523048564,1567,1422,145
"Michigan Ave & 8th St",41.872773,-87.623981,"Dusable Harbor",41.886976,-87.612813,1567,281,1286
"Michigan Ave & 18th St",41.857926,-87.624336,"Franklin St & Monroe St",41.880317,-87.635185,1565,1507,58
"Halsted St & Willow St",41.913865,-87.648755,"Sheffield Ave & Kingsbury St",41.910522,-87.653106,1565,1472,93
"Lake Shore Dr & Monroe St",41.880958,-87.616743,"Cityfront Plaza Dr & Pioneer Ct",41.890573,-87.622072,1564,272,1292
"Halsted St & Wrightwood Ave",41.929143,-87.649077,"Clark St & Drummond Pl",41.931248,-87.644336,1563,1224,339
"Field Museum",41.865312,-87.617867,"Michigan Ave & Oak St",41.90096039,-87.62377664,1563,221,1342
"Rush St & Superior St",41.8957647456,-87.6259080327,"Wabash Ave & Wacker Pl",41.886875,-87.62603,1563,1002,561
"Ogden Ave & Chicago Ave",41.896362458,-87.6540612729,"St. Clair St & Erie St",41.8943451374,-87.6227983832,1563,1386,177
"Dearborn St & Erie St",41.893992,-87.629318,"Orleans St & Chestnut St (NEXT Apts)",41.898203,-87.637536,1562,1361,201
"Clinton St & Washington Blvd",41.88338,-87.64117,"Canal St & Jackson Blvd",41.877988,-87.640769,1562,1467,95
"State St & Kinzie St",41.88918,-87.6277,"Rush St & Cedar St",41.9023087012,-87.627690528,1562,1236,326
"Franklin St & Monroe St",41.880317,-87.635185,"Michigan Ave & 14th St",41.864059,-87.623727,1561,1464,97
"LaSalle St & Washington St",41.882664,-87.63253,"McClurg Ct & Illinois St",41.89102,-87.6173,1561,1317,244
"Blackstone Ave & Hyde Park Blvd",41.802562,-87.590368,"Greenwood Ave & 47th St",41.809835,-87.599383,1560,1230,330
"Stetson Ave & South Water St",41.886835,-87.62232,"Streeter Dr & Illinois St",41.891071,-87.6122,1560,193,1367
"Millennium Park",41.8810317,-87.62408432,"Clark St & North Ave",41.911974,-87.631942,1560,589,971
"Field Blvd & South Water St",41.8863490627,-87.6175165471,"Franklin St & Monroe St",41.880317,-87.635185,1559,1392,167
"Clark St & Armitage Ave",41.918306,-87.636282,"Kingsbury St & Kinzie St",41.8891768326,-87.6385057718,1558,1312,246
"Sheffield Ave & Wrightwood Ave",41.928712,-87.653833,"Sheffield Ave & Kingsbury St",41.910522,-87.653106,1558,1139,419
"St. Clair St & Erie St",41.8943451374,-87.6227983832,"Clark St & Lincoln Ave",41.915689,-87.6346,1558,1071,487
"Franklin St & Monroe St",41.880317,-87.635185,"Franklin St & Chicago Ave",41.89679,-87.63564,1558,1459,99
"Lakeview Ave & Fullerton Pkwy",41.925858,-87.638973,"Dearborn Pkwy & Delaware Pl",41.898969,-87.629912,1557,1088,469
"Wabash Ave & Wacker Pl",41.886875,-87.62603,"McClurg Ct & Illinois St",41.89102,-87.6173,1557,574,983
"Clarendon Ave & Gordon Ter",41.957879,-87.649519,"Broadway & Barry Ave",41.937725,-87.644095,1557,1352,205
"Union Ave & Grand Ave",41.891,-87.645925,"Kingsbury St & Kinzie St",41.8891768326,-87.6385057718,1556,1519,37
"Desplaines St & Kinzie St",41.888716036,-87.6444478533,"Wabash Ave & Grand Ave",41.891466,-87.626761,1556,1194,362
"Daley Center Plaza",41.884241,-87.629634,"Field Blvd & South Water St",41.8863490627,-87.6175165471,1556,1337,219
"Daley Center Plaza",41.884241,-87.629634,"Lake Shore Dr & North Blvd",41.911722,-87.626804,1556,1230,326
"Ashland Ave & Division St",41.90345,-87.667747,"Ogden Ave & Race Ave",41.891795,-87.658751,1555,1314,241
"Wells St & Hubbard St",41.889906,-87.634266,"Franklin St & Monroe St",41.880317,-87.635185,1555,1365,190
"Wells St & Hubbard St",41.889933,-87.634262,"Desplaines St & Kinzie St",41.888716036,-87.6444478533,1554,1368,186
"Stave St & Armitage Ave",41.917741,-87.691392,"California Ave & Milwaukee Ave",41.922695,-87.697153,1554,1192,362
"Wells St & Elm St",41.903222,-87.634324,"Clinton St & Lake St",41.885637,-87.641823,1554,1344,210
"Clark St & Randolph St",41.884576228,-87.63188991,"Michigan Ave & Pearson St",41.89766,-87.62351,1554,1121,433
"Damen Ave & Leland Ave",41.967094,-87.679028,"Lincoln Ave & Leavitt St",41.962391,-87.684146,1554,1411,143
"McClurg Ct & Illinois St",41.89102,-87.6173,"Clark St & North Ave",41.911974,-87.631942,1553,590,963
"Lake Shore Dr & Belmont Ave",41.940775,-87.639192,"Clark St & North Ave",41.911974,-87.631942,1553,765,788
"Racine Ave & Fullerton Ave",41.92556258,-87.65840426,"Lincoln Ave & Fullerton Ave",41.925905,-87.64926,1553,1405,148
"Leavitt St & Lawrence Ave",41.968885,-87.684001,"Clark St & Berwyn Ave",41.9780306225,-87.6685649157,1552,1357,195
"Loomis St & Taylor St",41.869417,-87.660996,"Halsted St & Maxwell St",41.864883,-87.647071,1552,1389,163
"Lincoln Ave & Diversey Pkwy",41.932225,-87.658617,"Theater on the Lake",41.926277,-87.630834,1551,760,791
"Clark St & Randolph St",41.884576228,-87.63188991,"LaSalle St & Illinois St",41.890749,-87.63206,1551,1202,349
"Clark St & Schiller St",41.907993,-87.631501,"State St & Chicago Ave",41.8966172004,-87.6285785437,1550,1286,264
"Wabash Ave & Grand Ave",41.891466,-87.626761,"State St & Pearson St",41.897448,-87.628722,1550,1268,282
"Broadway & Wilson Ave",41.965485,-87.657238,"Sheridan Rd & Montrose Ave",41.96167,-87.65464,1550,1456,94
"Clifton Ave & Armitage Ave",41.918216,-87.656936,"Southport Ave & Clybourn Ave",41.921004,-87.663257,1549,1403,146
"Wilton Ave & Belmont Ave",41.9402319181,-87.6529437304,"Broadway & Waveland Ave",41.949074,-87.648636,1548,1251,297
"Clark St & Leland Ave",41.9670878392,-87.6672908664,"Clark St & Berwyn Ave",41.9780306225,-87.6685649157,1548,1045,503
"Shore Dr & 55th St",41.795212,-87.580715,"Harper Ave & 59th St",41.7879428129,-87.5883151702,1547,1347,200
"Franklin St & Jackson Blvd",41.8777079559,-87.6353211408,"Clark St & 9th St (AMLI)",41.870816,-87.631246,1547,1313,234
"McClurg Ct & Erie St",41.894503,-87.617854,"Franklin St & Monroe St",41.880317,-87.635185,1547,1424,123
"Desplaines St & Jackson Blvd",41.8781189009,-87.6439476013,"Michigan Ave & Jackson Blvd",41.87785,-87.62408,1546,1310,236
"Halsted St & Fulton St",41.886871,-87.648089,"Canal St & Adams St",41.879255,-87.639904,1546,1016,530
"Wells St & Concord Ln",41.912133,-87.634656,"Rush St & Superior St",41.8957647456,-87.6259080327,1546,1256,290
"Daley Center Plaza",41.884451,-87.629892,"Dearborn Pkwy & Delaware Pl",41.898969,-87.629912,1546,1310,236
"Rush St & Cedar St",41.9023087012,-87.627690528,"State St & Pearson St",41.897448,-87.628722,1546,1333,213
"Ogden Ave & Chicago Ave",41.896362458,-87.6540612729,"Michigan Ave & Pearson St",41.89766,-87.62351,1545,1161,384
"Wabash Ave & Grand Ave",41.891466,-87.626761,"Cityfront Plaza Dr & Pioneer Ct",41.890573,-87.622072,1545,1188,357
"Larrabee St & Webster Ave",41.921822,-87.64414,"Larrabee St & Armitage Ave",41.918084,-87.643749,1544,1232,312
"Larrabee St & North Ave",41.91021,-87.6435,"Wells St & Concord Ln",41.912133,-87.634656,1543,1295,248
"Wood St & Milwaukee Ave",41.907655,-87.672552,"Campbell Ave & North Ave",41.910535,-87.689556,1543,1179,364
"Field Museum",41.865312,-87.617867,"Columbus Dr & Randolph St",41.884728,-87.619521,1543,282,1261
"Dearborn St & Monroe St",41.881319815,-87.6295209193,"Field Blvd & South Water St",41.8863490627,-87.6175165471,1542,1427,115
"Franklin St & Jackson Blvd",41.8777079559,-87.6353211408,"Clinton St & Roosevelt Rd",41.8671177825,-87.6410879593,1542,1231,311
"Dayton St & North Ave",41.9105780349,-87.6494219288,"Wells St & Evergreen Ave",41.906724,-87.63483,1542,1114,428
"Milwaukee Ave & Grand Ave",41.891578,-87.648384,"Sedgwick St & Huron St",41.894666,-87.638437,1542,1405,137
"Dearborn St & Erie St",41.893992,-87.629318,"Green St & Madison St",41.881859328,-87.6492637396,1542,1303,239
"Broadway & Thorndale Ave",41.9897425114,-87.6601406209,"Theater on the Lake",41.926277,-87.630834,1541,998,543
"Theater on the Lake",41.926277,-87.630834,"DuSable Lake Shore Dr & Diversey Pkwy",41.932588,-87.636427,1541,724,817
"Dearborn Pkwy & Delaware Pl",41.898969,-87.629912,"Wells St & Erie St",41.893832,-87.634195,1541,1350,191
"Halsted St & Wrightwood Ave",41.929143,-87.649077,"Wilton Ave & Belmont Ave",41.94018,-87.65304,1541,1236,305
"Lake Shore Dr & Monroe St",41.880958,-87.616743,"Stetson Ave & South Water St",41.886835,-87.62232,1541,311,1230
"Ellis Ave & 53rd St",41.7993362626,-87.6009581145,"Lake Park Ave & 56th St",41.793242,-87.587782,1541,1236,305
"LaSalle St & Washington St",41.882664,-87.63253,"State St & Randolph St",41.8847302006,-87.6277335692,1541,1373,168
"Racine Ave & Wrightwood Ave",41.928887,-87.658971,"Sheffield Ave & Webster Ave",41.92154,-87.653818,1540,1260,280
"Pine Grove Ave & Irving Park Rd",41.954383,-87.648043,"Clarendon Ave & Leland Ave",41.967968,-87.650001,1540,1021,519
"Damen Ave & Cortland St",41.916027,-87.677411,"Albany Ave & Bloomingdale Ave",41.9140267127,-87.705126462,1540,694,846
"Wabash Ave & Adams St",41.8794723523,-87.6256886059,"Dearborn St & Erie St",41.893992,-87.629318,1539,1254,285
"Ada St & Washington Blvd",41.88283,-87.661206,"Aberdeen St & Randolph St",41.884114,-87.654264,1539,1295,244
"Lake Shore Dr & North Blvd",41.911722,-87.626804,"Halsted St & Wrightwood Ave",41.929143,-87.649077,1539,871,668
"Broadway & Barry Ave",41.937582316,-87.644097805,"Clark St & Drummond Pl",41.931248,-87.644336,1539,1249,290
"Stetson Ave & South Water St",41.886835,-87.62232,"Michigan Ave & Oak St",41.90096039,-87.62377664,1539,600,939
"Broadway & Sheridan Rd",41.952833,-87.649993,"Wilton Ave & Belmont Ave",41.94018,-87.65304,1539,1334,205
"Clark St & Wrightwood Ave",41.929546,-87.643118,"Broadway & Cornelia Ave",41.945529,-87.646439,1538,1226,312
"Lake Shore Dr & Diversey Pkwy",41.932684,-87.63625,"Lake Shore Dr & Monroe St",41.880958,-87.616743,1538,675,863
"Sheffield Ave & Webster Ave",41.92154,-87.653818,"Southport Ave & Clybourn Ave",41.921004,-87.663257,1537,1291,246
"Aberdeen St & Jackson Blvd",41.87772613,-87.65478743,"Loomis St & Taylor St",41.869417,-87.660996,1537,1299,238
"Lake Shore Dr & Wellington Ave",41.936669,-87.636794,"Lake Shore Dr & Ohio St",41.89257,-87.614492,1537,864,673
"Clinton St & Jackson Blvd",41.8783166118,-87.6409810781,"Hermitage Ave & Polk St",41.871514,-87.669886,1536,1461,75
"Shedd Aquarium",41.8672259568,-87.6153553902,"State St & Harrison St",41.874053,-87.627716,1536,380,1156
"Field Blvd & South Water St",41.8863490627,-87.6175165471,"Dusable Harbor",41.886976,-87.612813,1536,839,697
"McClurg Ct & Erie St",41.894503,-87.617854,"Sedgwick St & Huron St",41.894666,-87.638437,1536,1401,135
"Streeter Dr & Illinois St",41.891071,-87.6122,"State St & Randolph St",41.8847302006,-87.6277335692,1536,355,1181
"Franklin St & Quincy St",41.878724,-87.634793,"Michigan Ave & Lake St",41.886024,-87.624117,1536,1242,294
"Bissell St & Armitage Ave",41.91844,-87.65222,"Halsted St & Wrightwood Ave",41.929143,-87.649077,1535,1338,197
"Halsted St & Maxwell St",41.864883,-87.647071,"Halsted St & Roosevelt Rd",41.867324,-87.648625,1535,1348,187
"Clinton St & Madison St",41.8827519657,-87.6411902905,"Lake Shore Dr & Monroe St",41.880958,-87.616743,1535,835,700
"LaSalle St & Washington St",41.882664,-87.63253,"Larrabee St & Kingsbury St",41.897764,-87.642884,1535,1462,73
"DuSable Lake Shore Dr & Monroe St",41.880958,-87.616743,"Michigan Ave & 8th St",41.872773,-87.623981,1535,329,1206
"Daley Center Plaza",41.884451,-87.629892,"State St & Kinzie St",41.88918,-87.6277,1535,1347,188
"Benson Ave & Church St",42.048214,-87.683485,"Central St Metra",42.063598,-87.69873,1534,1061,473
"Stetson Ave & South Water St",41.886835,-87.62232,"LaSalle St & Washington St",41.882664,-87.63253,1534,1376,158
"Clinton St & Washington Blvd",41.88338,-87.64117,"LaSalle St & Adams St",41.8793443735,-87.6319852213,1533,1436,97
"Franklin St & Monroe St",41.880317,-87.635185,"Wabash Ave & Grand Ave",41.891466,-87.626761,1532,1182,350
"Wolcott Ave & Polk St",41.871262,-87.673688,"Clinton St & Jackson Blvd",41.8783166118,-87.6409810781,1531,1464,67
"California Ave & Milwaukee Ave",41.922695,-87.697153,"Leavitt St & Armitage Ave",41.917805,-87.682437,1531,1108,423
"Franklin St & Illinois St",41.8910233103,-87.6354798675,"Desplaines St & Kinzie St",41.888716036,-87.6444478533,1531,1170,361
"Mies van der Rohe Way & Chestnut St",41.8985866514,-87.6219152258,"Wells St & Concord Ln",41.912133,-87.634656,1531,1192,339
"Dearborn St & Erie St",41.893992,-87.629318,"Larrabee St & Oak St",41.9002194932,-87.6429854676,1531,1430,101
"Clinton St & Lake St",41.885637,-87.641823,"Franklin St & Lake St",41.885837,-87.6355,1531,1361,170
"Broadway & Waveland Ave",41.949074,-87.648636,"Southport Ave & Irving Park Rd",41.954177,-87.664358,1531,1256,275
"Kingsbury St & Kinzie St",41.8891768326,-87.6385057718,"Clark St & Schiller St",41.907993,-87.631501,1530,1255,275
"Leavitt St & North Ave",41.910153,-87.68229,"Campbell Ave & North Ave",41.910535,-87.689556,1530,1359,171
"Mies van der Rohe Way & Chestnut St",41.8985866514,-87.6219152258,"Clark St & Armitage Ave",41.918306,-87.636282,1530,834,696
"LaSalle St & Illinois St",41.890749,-87.63206,"Wabash Ave & Grand Ave",41.891738,-87.626937,1529,1088,441
"Orleans St & Merchandise Mart Plaza",41.888243,-87.63639,"Federal St & Polk St",41.8720776329,-87.6295437729,1528,1442,86
"Canal St & Monroe St",41.8807,-87.63947,"LaSalle St & Jackson Blvd",41.878166,-87.631929,1528,1422,106
"Lake Shore Dr & Ohio St",41.89257,-87.614492,"Museum Campus",41.865212,-87.617759,1528,326,1202
"Michigan Ave & Jackson Blvd",41.8777679,-87.624164,"Indiana Ave & Roosevelt Rd",41.867888,-87.623041,1526,1026,500
"Broadway & Wilson Ave",41.965485,-87.657238,"Clarendon Ave & Junior Ter",41.961004,-87.649603,1525,1427,98
"Sheridan Rd & Loyola Ave",42.0010437798,-87.6611982433,"Broadway & Thorndale Ave",41.9897425114,-87.6601406209,1524,1074,450
"Dearborn Pkwy & Delaware Pl",41.898969,-87.629912,"Streeter Dr & Grand Ave",41.892278,-87.612043,1524,420,1104
"Southport Ave & Roscoe St",41.943739,-87.66402,"Broadway & Barry Ave",41.937725,-87.644095,1524,1208,316
"LaSalle St & Washington St",41.882664,-87.63253,"Franklin St & Quincy St",41.878724,-87.634793,1524,1393,131
"Dearborn St & Monroe St",41.881319815,-87.6295209193,"Wabash Ave & Grand Ave",41.891466,-87.626761,1523,1086,437
"Wabash Ave & 16th St",41.860384,-87.625813,"Dearborn St & Monroe St",41.881319815,-87.6295209193,1523,1331,192
"Dearborn Pkwy & Delaware Pl",41.898969,-87.629912,"Larrabee St & Division St",41.90348607,-87.6433534936,1523,1264,259
"Sheffield Ave & Wrightwood Ave",41.928712,-87.653833,"Greenview Ave & Fullerton Ave",41.92533,-87.6658,1523,1106,417
"Green St & Randolph St*",41.8836016573,-87.6486267149,"Franklin St & Monroe St",41.880317,-87.635185,1523,1340,183
"Wood St & Milwaukee Ave",41.907655,-87.672552,"Canal St & Monroe St",41.8807,-87.63947,1523,1475,48
"Clinton St & Madison St",41.8827519657,-87.6411902905,"Ogden Ave & Chicago Ave",41.896362458,-87.6540612729,1522,1373,149
"Mies van der Rohe Way & Chicago Ave",41.89691,-87.621743,"Clark St & North Ave",41.911974,-87.631942,1522,929,593
"Montrose Harbor",41.963982,-87.638181,"Clarendon Ave & Gordon Ter",41.9578665242,-87.6495051384,1521,928,593
"Desplaines St & Randolph St",41.883703,-87.644238,"Green St & Madison St",41.881859328,-87.6492637396,1521,1343,178
"Cityfront Plaza Dr & Pioneer Ct",41.890573,-87.622072,"Theater on the Lake",41.926277,-87.630834,1521,821,700
"McCormick Place",41.8513751729,-87.6188346489,"Wentworth Ave & Cermak Rd*",41.8532144185,-87.6318722963,1521,514,1007
"Damen Ave & Pierce Ave",41.9093960065,-87.6776919292,"Western Ave & Winnebago Ave",41.91552,-87.687022,1521,1136,385
"Lake Park Ave & 35th St",41.8312742355,-87.6087991946,"State St & 33rd St",41.834734,-87.625813,1520,1460,60
"Sheffield Ave & Wellington Ave",41.9362534831,-87.6526620984,"Sheffield Ave & Waveland Ave",41.949399,-87.654529,1519,1037,482
"Clinton St & Washington Blvd",41.88338,-87.64117,"Clinton St & 18th St",41.85795,-87.640826,1519,1488,31
"Michigan Ave & Pearson St",41.89766,-87.62351,"Mies van der Rohe Way & Chicago Ave",41.89691,-87.621743,1519,511,1008
"Clinton St & Madison St",41.8827519657,-87.6411902905,"Clinton St & 18th St",41.85795,-87.640826,1518,1440,78
"Michigan Ave & 18th St",41.857926,-87.624336,"Clinton St & Washington Blvd",41.88338,-87.64117,1518,1483,35
"Shore Dr & 55th St",41.795212,-87.580715,"Blackstone Ave & Hyde Park Blvd",41.802562,-87.590368,1518,1134,384
"Broadway & Wilson Ave",41.965221,-87.658139,"Clark St & Leland Ave",41.9670878392,-87.6672908664,1517,1103,414
"Broadway & Wilson Ave",41.965221,-87.658139,"Broadway & Waveland Ave",41.949074,-87.648636,1516,1235,281
"Canal St & Jackson Blvd",41.877988,-87.640769,"Millennium Park",41.8810317,-87.62408432,1516,814,702
"Franklin St & Lake St",41.885837,-87.6355,"Wabash Ave & Wacker Pl",41.886875,-87.62603,1515,1192,323
"Fairbanks Ct & Grand Ave",41.89186,-87.62062,"Kingsbury St & Erie St",41.8939139,-87.6417358,1515,1293,222
"Racine Ave & Congress Pkwy",41.87464,-87.65703,"Clinton St & Jackson Blvd",41.8783166118,-87.6409810781,1514,1385,129
"Halsted St & Wrightwood Ave",41.929143,-87.649077,"Lincoln Ave & Fullerton Ave",41.925905,-87.64926,1514,1393,121
"Orleans St & Merchandise Mart Plaza",41.888243,-87.63639,"Sedgwick St & Webster Ave",41.922167,-87.638888,1514,1354,160
"Michigan Ave & Madison St",41.882134,-87.625125,"Orleans St & Merchandise Mart Plaza",41.888243,-87.63639,1514,1164,350
"Pine Grove Ave & Waveland Ave",41.949275,-87.646303,"Clark St & Wellington Ave",41.9364968219,-87.6475386582,1513,1322,191
"Larrabee St & Oak St",41.9002194932,-87.6429854676,"Michigan Ave & Oak St",41.90096039,-87.62377664,1513,1215,298
"Damen Ave & Chicago Ave",41.895769,-87.67722,"Clinton St & Washington Blvd",41.88338,-87.64117,1513,1421,92
"Sheffield Ave & Webster Ave",41.92154,-87.653818,"Damen Ave & Charleston St",41.920082,-87.677855,1512,1161,351
"Kimbark Ave & 53rd St",41.7994549,-87.5947779,"Ellis Ave & 53rd St",41.7993362626,-87.6009581145,1512,1258,254
"Dearborn St & Monroe St",41.881319815,-87.6295209193,"State St & Pearson St",41.897448,-87.628722,1512,1320,192
"Clifton Ave & Armitage Ave",41.918216,-87.656936,"Wilton Ave & Diversey Pkwy",41.932418,-87.652705,1512,1280,232
"Peoria St & Jackson Blvd",41.8776415963,-87.6496177912,"Clinton St & Madison St",41.8827519657,-87.6411902905,1512,1191,321
"Wells St & Concord Ln",41.912133,-87.634656,"Lake Shore Dr & Belmont Ave",41.940775,-87.639192,1511,1190,321
"Wood St & Taylor St",41.869154,-87.671045,"Clinton St & Washington Blvd",41.88338,-87.64117,1511,1497,14
"Streeter Dr & Grand Ave",41.892278,-87.612043,"Michigan Ave & 14th St",41.864059,-87.623727,1511,697,814
"Franklin St & Chicago Ave",41.89679,-87.63564,"LaSalle St & Illinois St",41.890762,-87.631697,1511,1319,192
"Clarendon Ave & Gordon Ter",41.957879,-87.649519,"Pine Grove Ave & Irving Park Rd",41.954383,-87.648043,1511,1325,186
"Racine Ave & Belmont Ave",41.939743,-87.658865,"Ashland Ave & Wellington Ave",41.936083,-87.669807,1510,1235,275
"Michigan Ave & Oak St",41.90096039,-87.62377664,"McClurg Ct & Ohio St",41.8925921197,-87.6172891259,1510,559,951
"Wacker Dr & Washington St Corral",41.88316,-87.63736,"Michigan Ave & Washington St",41.8839840647,-87.6246839762,1510,1424,86
"Clarendon Ave & Gordon Ter",41.957879,-87.649519,"Broadway & Belmont Ave",41.940106,-87.645451,1510,1319,191
"Seeley Ave & Roscoe St",41.943403,-87.679618,"Western Ave & Roscoe St",41.943034,-87.687288,1509,1343,166
"Desplaines St & Jackson Blvd",41.8781189009,-87.6439476013,"State St & Van Buren St",41.877181,-87.627844,1508,1296,212
"Stetson Ave & South Water St",41.886835,-87.62232,"Dearborn St & Adams St",41.8793563587,-87.6297910363,1507,1311,196
"Wabash Ave & 9th St",41.870769,-87.625734,"Dearborn St & Van Buren St",41.876268,-87.629155,1507,1257,250
"Green St & Madison St",41.881859328,-87.6492637396,"Loomis St & Jackson Blvd",41.877945,-87.662007,1507,1249,258
"LaSalle St & Illinois St",41.890749,-87.63206,"St. Clair St & Erie St",41.8943451374,-87.6227983832,1507,1202,305
"Wabash Ave & 8th St",41.871962,-87.626106,"Michigan Ave & Madison St",41.882134,-87.625125,1507,1245,262
"May St & Taylor St",41.8694821,-87.6554864,"Morgan Ave & 14th Pl",41.862378,-87.651062,1506,1330,176
"Theater on the Lake",41.926277,-87.630834,"Southport Ave & Wellington Ave",41.935733,-87.663576,1506,862,644
"Damen Ave & Cortland St",41.916027,-87.677411,"Damen Ave & Division St",41.90331,-87.67695,1506,1215,291
"Canal St & Jackson Blvd",41.877988,-87.640769,"Wells St & Polk St",41.872373,-87.633523,1506,1448,58
"Michigan Ave & 14th St",41.864059,-87.623727,"Wabash Ave & 9th St",41.870769,-87.625734,1505,1216,289
"Michigan Ave & Jackson Blvd",41.87785,-87.62408,"MLK Jr Dr & 29th St",41.842052,-87.617,1505,1375,130
"Wabash Ave & Grand Ave",41.891738,-87.626937,"Clark St & Randolph St",41.884576228,-87.63188991,1505,1166,339
"Halsted St & Waveland Ave",41.949375,-87.649626,"Clarendon Ave & Junior Ter",41.961004,-87.649603,1504,1137,367
"Shedd Aquarium",41.8672259568,-87.6153553902,"Stetson Ave & South Water St",41.886835,-87.62232,1504,187,1317
"Larrabee St & Division St",41.90348607,-87.6433534936,"Sheffield Ave & Kingsbury St",41.910522,-87.653106,1504,1284,220
"Desplaines St & Kinzie St",41.888716036,-87.6444478533,"Halsted St & Polk St",41.87184,-87.64664,1503,1447,56
"Clifton Ave & Armitage Ave",41.918216,-87.656936,"Racine Ave & Fullerton Ave",41.92556258,-87.65840426,1503,1416,87
"Halsted St & Wrightwood Ave",41.929143,-87.649077,"Halsted St & Clybourn Ave",41.909668,-87.648128,1503,1042,461
"Ashland Ave & Division St",41.90345,-87.667747,"Sheffield Ave & Kingsbury St",41.910522,-87.653106,1503,1126,377
"State St & Randolph St",41.8847302006,-87.6277335692,"Wabash Ave & Grand Ave",41.891466,-87.626761,1502,1097,405
"May St & Taylor St",41.8694821,-87.6554864,"Canal St & Jackson Blvd",41.877988,-87.640769,1502,1347,155
"Damen Ave & Division St",41.90331,-87.67695,"Damen Ave & Augusta Blvd",41.899714,-87.677234,1502,1262,240
"LaSalle St & Jackson Blvd",41.87817,-87.631985,"Indiana Ave & Roosevelt Rd",41.867888,-87.623041,1501,1252,249
"Franklin St & Chicago Ave",41.89680204,-87.63563839,"Ogden Ave & Chicago Ave",41.896362458,-87.6540612729,1501,1251,250
"Columbus Dr & Randolph St",41.884728,-87.619521,"Green St & Madison St",41.881859328,-87.6492637396,1501,1274,227
"Marshfield Ave & Cortland St",41.916017,-87.668879,"Larrabee St & Webster Ave",41.921822,-87.64414,1501,1314,187
"Indiana Ave & Roosevelt Rd",41.867888,-87.623041,"Calumet Ave & 21st St",41.8541842495,-87.6191537415,1500,755,745
"Halsted St & Dickens Ave",41.919936,-87.64883,"Halsted St & Clybourn Ave",41.909668,-87.648128,1500,1179,321
"Clark St & Wrightwood Ave",41.929546,-87.643118,"Racine Ave & Belmont Ave",41.939743,-87.658865,1500,1054,446
"State St & Randolph St",41.8847302006,-87.6277335692,"LaSalle St & Illinois St",41.890749,-87.63206,1500,1006,494
"Clinton St & Jackson Blvd",41.8783166118,-87.6409810781,"Kingsbury St & Erie St",41.8939139,-87.6417358,1499,1321,178
"Wilton Ave & Diversey Pkwy",41.932418,-87.652705,"Damen Ave & Wellington Ave",41.93588,-87.67842,1498,1383,115
"Ogden Ave & Chicago Ave",41.896362458,-87.6540612729,"Orleans St & Merchandise Mart Plaza",41.888243,-87.63639,1498,1294,204
"Sheffield Ave & Wrightwood Ave",41.928712,-87.653833,"Southport Ave & Wrightwood Ave",41.92888,-87.66317,1498,1367,131
"Larrabee St & Kingsbury St",41.897764,-87.642884,"Daley Center Plaza",41.884241,-87.629634,1498,1358,140
"Lake Shore Dr & Belmont Ave",41.940775,-87.639192,"Marine Dr & Ainslie St",41.9716,-87.650154,1497,841,656
"Ashland Ave & Grand Ave",41.891072,-87.666611,"Clinton St & Washington Blvd",41.88338,-87.64117,1497,1356,141
"Wabash Ave & Cermak Rd",41.852619,-87.626488,"Indiana Ave & 26th St",41.845687,-87.622481,1497,1289,208
"Southport Ave & Roscoe St",41.943739,-87.66402,"Southport Ave & Wellington Ave",41.9357746177,-87.6636001468,1497,1103,394
"Kingsbury St & Kinzie St",41.8891768326,-87.6385057718,"State St & Chicago Ave",41.8966172004,-87.6285785437,1496,1105,391
"Clark St & Schiller St",41.907993,-87.631501,"Sheffield Ave & Kingsbury St",41.910522,-87.653106,1496,1373,123
"Wabash Ave & Roosevelt Rd",41.867227,-87.625961,"State St & Randolph St",41.8847302006,-87.6277335692,1496,1044,452
"Larrabee St & Webster Ave",41.921822,-87.64414,"Larrabee St & Division St",41.90348607,-87.6433534936,1496,1195,301
"Morgan St & Lake St",41.8854833079,-87.6523048564,"Fairbanks Ct & Grand Ave",41.89186,-87.62062,1496,1318,178
"Canal St & Adams St",41.879255,-87.639904,"Wells St & Walton St",41.89993001,-87.63443007,1495,1324,171
"Calumet Ave & 18th St",41.857611,-87.619407,"Franklin St & Monroe St",41.880317,-87.635185,1495,1477,18
"Morgan St & Lake St",41.8854833079,-87.6523048564,"Artesian Ave & Hubbard St",41.8895,-87.688257,1494,1445,49
"Michigan Ave & Congress Pkwy",41.8760656,-87.62443336,"Clinton St & Washington Blvd",41.88338,-87.64117,1494,1379,115
"Clinton St & Lake St",41.885637,-87.641823,"LaSalle St & Illinois St",41.890762,-87.631697,1494,1213,281
"Larrabee St & Kingsbury St",41.897764,-87.642884,"Mies van der Rohe Way & Chicago Ave",41.89691,-87.621743,1494,1302,192
"State St & Kinzie St",41.88918,-87.6277,"Dearborn St & Erie St",41.893992,-87.629318,1494,1186,308
"Damen Ave & Chicago Ave",41.895769,-87.67722,"Ogden Ave & Race Ave",41.891795,-87.658751,1493,1154,339
"Wilton Ave & Belmont Ave",41.94018,-87.65304,"Ashland Ave & Wellington Ave",41.936083,-87.669807,1493,1328,165
"Orleans St & Merchandise Mart Plaza",41.888243,-87.63639,"Financial Pl & Ida B Wells Dr",41.875023628,-87.6330940425,1493,1430,63
"St. Clair St & Erie St",41.8943451374,-87.6227983832,"State St & Pearson St",41.897448,-87.628722,1493,1322,171
"DuSable Lake Shore Dr & Wellington Ave",41.9366884495,-87.6368290186,"Montrose Harbor",41.963982,-87.638181,1493,693,800
"Racine Ave & Fullerton Ave",41.92556258,-87.65840426,"Clark St & Wrightwood Ave",41.929546,-87.643118,1493,1314,179
"Wabash Ave & Grand Ave",41.891738,-87.626937,"Franklin St & Quincy St",41.878724,-87.634793,1493,1150,343
"Wilton Ave & Diversey Pkwy",41.932418,-87.652705,"Damen Ave & Clybourn Ave",41.931931,-87.677856,1492,1292,200
"Wabash Ave & 9th St",41.870769,-87.625734,"Streeter Dr & Grand Ave",41.892278,-87.612043,1492,535,957
"Rush St & Superior St",41.8957647456,-87.6259080327,"Wells St & Evergreen Ave",41.906724,-87.63483,1492,1149,343
"Columbus Dr & Randolph St",41.884728,-87.619521,"Wabash Ave & Grand Ave",41.891738,-87.626937,1492,980,512
"Halsted St & Blackhawk St",41.90854,-87.648568,"Desplaines St & Kinzie St",41.888716036,-87.6444478533,1491,1379,112
"St. Clair St & Erie St",41.8943451374,-87.6227983832,"State St & Kinzie St",41.88918,-87.6277,1491,1146,345
"Franklin St & Jackson Blvd",41.8777079559,-87.6353211408,"Franklin St & Monroe St",41.880317,-87.635185,1491,1217,274
"Dearborn Pkwy & Delaware Pl",41.898969,-87.629912,"Michigan Ave & Lake St",41.886024,-87.624117,1490,1136,354
"Southport Ave & Roscoe St",41.943739,-87.66402,"Wilton Ave & Diversey Pkwy",41.932418,-87.652705,1490,1152,338
"Canal St & Madison St",41.882091,-87.639833,"Wells St & Concord Ln",41.912133,-87.634656,1489,1379,110
"DuSable Lake Shore Dr & Wellington Ave",41.9366884495,-87.6368290186,"DuSable Lake Shore Dr & Diversey Pkwy",41.932588,-87.636427,1489,1005,484
"Sheridan Rd & Montrose Ave",41.96167,-87.65464,"Broadway & Wilson Ave",41.965221,-87.658139,1489,1302,187
"Sheffield Ave & Wellington Ave",41.9362534831,-87.6526620984,"Lake Shore Dr & Wellington Ave",41.936669,-87.636794,1489,1336,153
"Michigan Ave & Ida B Wells Dr",41.876203,-87.624464,"Indiana Ave & Roosevelt Rd",41.867888,-87.623041,1488,1088,400
"Wells St & Elm St",41.903222,-87.634324,"Rush St & Superior St",41.8957647456,-87.6259080327,1488,1152,336
"Green St & Randolph St*",41.8836016573,-87.6486267149,"Morgan St & Lake St",41.8854833079,-87.6523048564,1488,1315,173
"Clinton St & Jackson Blvd",41.8783166118,-87.6409810781,"Clark St & Lake St",41.8860208277,-87.6308760584,1487,1342,145
"Sheffield Ave & Addison St",41.94688,-87.65445,"Sheridan Rd & Irving Park Rd",41.954245,-87.654406,1487,1225,262
"Ashland Ave & Blackhawk St",41.907066,-87.667252,"Kingsbury St & Kinzie St",41.8891768326,-87.6385057718,1487,1312,175
"Ritchie Ct & Banks St",41.906866,-87.626217,"Theater on the Lake",41.926277,-87.630834,1487,688,799
"Sheridan Rd & Irving Park Rd",41.954245,-87.654406,"Broadway & Belmont Ave",41.940106,-87.645451,1486,1150,336
"Field Blvd & South Water St",41.8863490627,-87.6175165471,"St. Clair St & Erie St",41.8943451374,-87.6227983832,1486,1267,219
"Wentworth Ave & 33rd St",41.8345298856,-87.6318229814,"State St & 33rd St",41.834734,-87.625813,1485,1384,101
"Green St & Madison St",41.881859328,-87.6492637396,"Millennium Park",41.8810317,-87.62408432,1485,719,766
"St. Clair St & Erie St",41.8943451374,-87.6227983832,"LaSalle St & Illinois St",41.890762,-87.631697,1485,1124,361
"Damen Ave & Division St",41.90331,-87.67695,"Western Ave & Walton St",41.8984176894,-87.6865960164,1485,1379,106
"Franklin St & Jackson Blvd",41.8777079559,-87.6353211408,"Michigan Ave & 14th St",41.864059,-87.623727,1483,1204,279
"State St & Randolph St",41.8847302006,-87.6277335692,"LaSalle St & Jackson Blvd",41.87817,-87.631985,1483,1267,216
"Wabash Ave & Wacker Pl",41.886875,-87.62603,"State St & Pearson St",41.897448,-87.628722,1482,1161,321
"Ashland Ave & Chicago Ave",41.895966,-87.667747,"Mies van der Rohe Way & Chicago Ave",41.89691,-87.621743,1482,1362,120
"Hermitage Ave & Polk St",41.871514,-87.669886,"Peoria St & Jackson Blvd",41.877749,-87.649633,1481,1427,54
"Lincoln Ave & Diversey Pkwy",41.932225,-87.658617,"Racine Ave & Fullerton Ave",41.925566,-87.658416,1481,1071,410
"Clark St & Armitage Ave",41.918306,-87.636282,"Cannon Dr & Fullerton Ave",41.9267559875,-87.6344287848,1481,566,915
"Halsted St & Polk St",41.87184,-87.64664,"Clinton St & Washington Blvd",41.88338,-87.64117,1481,1321,160
"Millennium Park",41.8810317,-87.62408432,"Clark St & Lake St",41.8860208277,-87.6308760584,1481,464,1017
"Larrabee St & North Ave",41.91021,-87.6435,"Wells St & Evergreen Ave",41.906724,-87.63483,1480,1230,250
"Wells St & Evergreen Ave",41.906724,-87.63483,"Sheffield Ave & Webster Ave",41.92154,-87.653818,1479,1126,353
"Clark St & Elmdale Ave",41.9908604481,-87.66972363,"Ravenswood Ave & Lawrence Ave",41.96909,-87.674237,1479,1387,92
"Clark St & Randolph St",41.884576228,-87.63188991,"Wacker Dr & Washington St Corral",41.88316,-87.63736,1479,1394,85
"Michigan Ave & 14th St",41.864059,-87.623727,"MLK Jr Dr & 29th St",41.842052,-87.617,1478,1348,130
"Southport Ave & Wrightwood Ave",41.928773,-87.663913,"Wilton Ave & Diversey Pkwy",41.932418,-87.652705,1478,1278,200
"Wilton Ave & Belmont Ave",41.94018,-87.65304,"Clark St & Lincoln Ave",41.915689,-87.6346,1478,934,544
"Clinton St & Tilden St",41.875885,-87.640795,"Franklin St & Monroe St",41.880317,-87.635185,1477,1417,60
"Desplaines St & Randolph St",41.883703,-87.644238,"Franklin St & Lake St",41.885837,-87.6355,1477,1318,159
"Stetson Ave & South Water St",41.886835,-87.62232,"Canal St & Monroe St",41.8807,-87.63947,1477,1394,83
"Rush St & Cedar St",41.9023087012,-87.627690528,"LaSalle St & Illinois St",41.890762,-87.631697,1477,1029,448
"Wells St & Hubbard St",41.889906,-87.634266,"Streeter Dr & Grand Ave",41.892278,-87.612043,1477,547,930
"Michigan Ave & 8th St",41.872773,-87.623981,"Michigan Ave & Washington St",41.8839840647,-87.6246839762,1477,538,939
"Damen Ave & Pierce Ave",41.9093960065,-87.6776919292,"Ashland Ave & Chicago Ave",41.895966,-87.667747,1477,1141,336
"Desplaines St & Jackson Blvd",41.8781189009,-87.6439476013,"Wolcott Ave & Polk St",41.871262,-87.673688,1476,1409,67
"Kingsbury St & Kinzie St",41.8891768326,-87.6385057718,"Noble St & Milwaukee Ave",41.90068,-87.6626,1476,1253,223
"Dearborn St & Erie St",41.893992,-87.629318,"LaSalle St & Illinois St",41.890749,-87.63206,1476,1278,198
"Desplaines St & Jackson Blvd",41.8781189009,-87.6439476013,"Clinton St & Roosevelt Rd",41.8671177825,-87.6410879593,1475,1308,167
"Canal St & Adams St",41.879255,-87.639904,"Franklin St & Monroe St",41.880317,-87.635185,1475,1256,219
"Dayton St & North Ave",41.9105780349,-87.6494219288,"Wood St & Milwaukee Ave",41.907655,-87.672552,1475,1125,350
"Sedgwick St & Huron St",41.894666,-87.638437,"Wells St & Evergreen Ave",41.906724,-87.63483,1475,1137,338
"State St & Pearson St",41.897448,-87.628722,"Franklin St & Chicago Ave",41.89679,-87.63564,1474,1382,92
"Fairbanks Ct & Grand Ave",41.89186,-87.62062,"Dearborn St & Adams St",41.8793563587,-87.6297910363,1473,1144,329
"Franklin St & Monroe St",41.880317,-87.635185,"Rush St & Superior St",41.8957647456,-87.6259080327,1473,1243,230
"Clark St & Randolph St",41.884576228,-87.63188991,"Wabash Ave & Roosevelt Rd",41.867227,-87.625961,1472,1260,212
"Clark St & Wellington Ave",41.9364968219,-87.6475386582,"Stockton Dr & Wrightwood Ave",41.93132,-87.638742,1472,1222,250
"Halsted St & Clybourn Ave",41.909668,-87.648128,"Wells St & Huron St",41.8947953,-87.6343743,1471,1263,208
"Franklin St & Jackson Blvd",41.8777079559,-87.6353211408,"Fairbanks Ct & Grand Ave",41.89186,-87.62062,1471,875,596
"Broadway & Cornelia Ave",41.945529,-87.646439,"Sheridan Rd & Irving Park Rd",41.954245,-87.654406,1470,1204,266
"State St & Kinzie St",41.88918,-87.6277,"Wells St & Concord Ln",41.912133,-87.634656,1470,1237,233
"Larrabee St & North Ave",41.91021,-87.6435,"Larrabee St & Division St",41.90348607,-87.6433534936,1469,1267,202
"LaSalle St & Washington St",41.882664,-87.63253,"State St & Kinzie St",41.88918,-87.6277,1469,1226,243
"Peoria St & Jackson Blvd",41.877749,-87.649633,"Dearborn St & Adams St",41.8793563587,-87.6297910363,1468,1302,166
"Wells St & Huron St",41.8947953,-87.6343743,"Larrabee St & Oak St",41.9002194932,-87.6429854676,1468,1221,247
"Sangamon St & Washington Blvd",41.883004,-87.651148,"Peoria St & Jackson Blvd",41.877749,-87.649633,1467,1427,40
"Blue Island Ave & 18th St",41.857556,-87.661535,"Halsted St & Polk St",41.87184,-87.64664,1466,1324,142
"Morgan St & Polk St",41.871737,-87.65103,"Ashland Ave & 13th St",41.865234,-87.666507,1466,1401,65
"Lake Shore Dr & Belmont Ave",41.940775,-87.639192,"Franklin St & Lake St",41.885837,-87.6355,1466,1445,21
"Lake Shore Dr & Diversey Pkwy",41.932684,-87.63625,"Lakefront Trail & Bryn Mawr Ave",41.9840441152,-87.6522812247,1466,948,518
"Bissell St & Armitage Ave",41.91844,-87.65222,"Halsted St & Willow St",41.913778,-87.64884,1466,1355,111
"Halsted St & Wrightwood Ave",41.929143,-87.649077,"Dayton St & North Ave",41.9105780349,-87.6494219288,1465,1037,428
"Lake Shore Dr & Belmont Ave",41.940775,-87.639192,"Southport Ave & Roscoe St",41.943739,-87.66402,1465,938,527
"Michigan Ave & Lake St",41.886024,-87.624117,"Rush St & Superior St",41.8957647456,-87.6259080327,1465,998,467
"Stetson Ave & South Water St",41.886835,-87.62232,"Michigan Ave & Pearson St",41.89766,-87.62351,1465,768,697
"Wells St & Walton St",41.89993001,-87.63443007,"Franklin St & Lake St",41.885837,-87.6355,1465,1240,225
"Clark St & Chicago Ave",41.896544,-87.630931,"Franklin St & Monroe St",41.880317,-87.635185,1465,1390,75
"Kingsbury St & Kinzie St",41.8891768326,-87.6385057718,"Ogden Ave & Chicago Ave",41.896362458,-87.6540612729,1464,1149,315
"Clark St & Drummond Pl",41.931248,-87.644336,"Lincoln Ave & Fullerton Ave",41.9241610291,-87.6463803649,1464,975,489
"Southport Ave & Roscoe St",41.943739,-87.66402,"Halsted St & Wrightwood Ave",41.929143,-87.649077,1463,994,469
"Sedgwick St & Webster Ave",41.922167,-87.638888,"Stockton Dr & Wrightwood Ave",41.93132,-87.638742,1463,1059,404
"Adler Planetarium",41.866095,-87.607267,"Michigan Ave & Lake St",41.886024,-87.624117,1463,217,1246
"Clinton St & Madison St",41.8827519657,-87.6411902905,"Ogden Ave & Congress Pkwy",41.87501,-87.67328,1462,1429,33
"Wells St & Concord Ln",41.912133,-87.634656,"Hampden Ct & Diversey Pkwy",41.93262,-87.642385,1462,1228,234
"Wells St & Elm St",41.903222,-87.634324,"Wabash Ave & Grand Ave",41.891466,-87.626761,1462,1095,367
"Southport Ave & Irving Park Rd",41.954177,-87.664358,"Broadway & Sheridan Rd",41.952833,-87.649993,1462,1258,204
"Wentworth Ave & Archer Ave",41.854564,-87.631937,"Calumet Ave & 18th St",41.857611,-87.619407,1462,812,650
"Desplaines St & Kinzie St",41.888716036,-87.6444478533,"Clark St & Elm St",41.903233,-87.631253,1461,1121,340
"Artesian Ave & Hubbard St",41.8895,-87.688257,"Western Ave & Walton St",41.8984176894,-87.6865960164,1461,1365,96
"Wells St & Walton St",41.89993001,-87.63443007,"Clinton St & Madison St",41.8827519657,-87.6411902905,1461,1311,150
"Racine Ave & Wrightwood Ave",41.928887,-87.658971,"Clifton Ave & Armitage Ave",41.918216,-87.656936,1460,1203,257
"Clinton St & Washington Blvd",41.88338,-87.64117,"Clinton St & Polk St",41.8714665178,-87.6409491327,1460,1393,67
"Michigan Ave & Jackson Blvd",41.87785,-87.62408,"Canal St & Jackson Blvd",41.87811421,-87.63997112,1460,1319,141
"Broadway & Waveland Ave",41.949074,-87.648636,"Halsted St & Wrightwood Ave",41.929143,-87.649077,1459,1081,378
"Wabash Ave & Adams St",41.8794723523,-87.6256886059,"Wabash Ave & 16th St",41.860384,-87.625813,1458,1243,215
"Columbus Dr & Randolph St",41.884728,-87.619521,"Franklin St & Arcade Pl",41.881131,-87.635185,1458,1322,136
"Greenview Ave & Diversey Pkwy",41.932595,-87.665939,"Sheffield Ave & Fullerton Ave",41.9256018819,-87.6537080423,1458,1324,134
"Michigan Ave & Washington St",41.8838927658,-87.6246491409,"Clark St & Elm St",41.903233,-87.631253,1456,959,497
"Wells St & Elm St",41.903222,-87.634324,"Clark St & Lake St",41.8860208277,-87.6308760584,1455,1158,297
"Orleans St & Merchandise Mart Plaza",41.888243,-87.63639,"Wabash Ave & Grand Ave",41.891466,-87.626761,1455,1031,424
"Michigan Ave & Pearson St",41.89766,-87.62351,"Dearborn St & Monroe St",41.881319815,-87.6295209193,1454,855,599
"Halsted St & Willow St",41.913778,-87.64884,"Wells St & Concord Ln",41.912133,-87.634656,1454,1258,196
"Michigan Ave & Oak St",41.90096039,-87.62377664,"State St & Randolph St",41.8847302006,-87.6277335692,1454,486,968
"Clinton St & Washington Blvd",41.88338,-87.64117,"Clark St & Armitage Ave",41.918306,-87.636282,1454,1270,184
"Sheffield Ave & Fullerton Ave",41.9256018819,-87.6537080423,"Stockton Dr & Wrightwood Ave",41.93132,-87.638742,1454,1164,290
"Federal St & Polk St",41.8720776329,-87.6295437729,"Wabash Ave & Adams St",41.8794723523,-87.6256886059,1453,1163,290
"Michigan Ave & 18th St",41.857926,-87.624336,"Wabash Ave & 9th St",41.870769,-87.625734,1453,1164,289
"Clinton St & Washington Blvd",41.88338,-87.64117,"Green St & Randolph St",41.884078,-87.648684,1453,1361,92
"Sedgwick St & Huron St",41.894666,-87.638437,"Wells St & Hubbard St",41.889906,-87.634266,1453,1255,198
"Halsted St & Roscoe St",41.94367,-87.64895,"Racine Ave & Belmont Ave",41.939743,-87.658865,1453,1132,321
"Wells St & Walton St",41.89993001,-87.63443007,"Michigan Ave & Oak St",41.90096039,-87.62377664,1452,772,680
"Halsted St & Diversey Pkwy",41.933341,-87.648747,"Theater on the Lake",41.926277,-87.630834,1452,782,670
"Broadway & Cornelia Ave",41.945529,-87.646439,"Sheffield Ave & Wellington Ave",41.9362534831,-87.6526620984,1452,1175,277
"Lincoln Ave & Fullerton Ave",41.925905,-87.64926,"Wilton Ave & Belmont Ave",41.94018,-87.65304,1452,1172,280
"Damen Ave & Pierce Ave",41.9093960065,-87.6776919292,"Damen Ave & Clybourn Ave",41.931931,-87.677856,1451,1159,292
"Harper Ave & 59th St",41.7879428129,-87.5883151702,"Lake Park Ave & 53rd St",41.7994942937,-87.5864498959,1451,1259,192
"Wood St & Chicago Ave",41.895634,-87.672069,"Ashland Ave & Lake St",41.88592,-87.66717,1451,1229,222
"Franklin St & Lake St",41.885837,-87.6355,"Clark St & Lincoln Ave",41.915689,-87.6346,1451,1268,183
"Morgan St & Lake St",41.8854833079,-87.6523048564,"900 W Harrison St",41.874754,-87.649807,1451,1408,43
"Sheffield Ave & Wellington Ave",41.936253,-87.653566,"Sheffield Ave & Addison St",41.94688,-87.65445,1451,1083,368
"Lake Shore Dr & Diversey Pkwy",41.932684,-87.63625,"Clark St & Wellington Ave",41.9364968219,-87.6475386582,1450,1163,287
"Halsted St & Roscoe St",41.94367,-87.64895,"Halsted St & Waveland Ave",41.949375,-87.649626,1450,1174,276
"Canal St & Adams St",41.879255,-87.639904,"Halsted St & Maxwell St",41.864883,-87.647071,1449,1264,185
"Sheffield Ave & Waveland Ave",41.949399,-87.654529,"Montrose Harbor",41.963982,-87.638181,1449,511,938
"Wabash Ave & 16th St",41.860384,-87.625813,"Michigan Ave & 14th St",41.864059,-87.623727,1449,1146,303
"Kingsbury St & Kinzie St",41.8891768326,-87.6385057718,"LaSalle St & Jackson Blvd",41.878166,-87.631929,1448,1320,128
"Lakeview Ave & Fullerton Pkwy",41.925858,-87.638973,"Wells St & Evergreen Ave",41.906724,-87.63483,1448,894,554
"Cityfront Plaza Dr & Pioneer Ct",41.890573,-87.622072,"Michigan Ave & Madison St",41.882134,-87.625125,1448,850,598
"Greenview Ave & Jarvis Ave",42.015962,-87.66857,"Clark St & Jarvis Ave",42.015963,-87.675005,1447,1270,177
"Campbell Ave & North Ave",41.910535,-87.689556,"Marshfield Ave & Cortland St",41.916017,-87.668879,1447,1265,182
"Columbus Dr & Randolph St",41.884728,-87.619521,"Clark St & Armitage Ave",41.918306,-87.636282,1447,956,491
"Carpenter St & Huron St",41.894556,-87.653449,"Canal St & Madison St",41.882091,-87.639833,1446,1375,71
"Jefferson St & Monroe St",41.880422,-87.642746,"Desplaines St & Randolph St",41.883703,-87.644238,1446,1402,44
"Ravenswood Ave & Irving Park Rd",41.95469,-87.67393,"Southport Ave & Waveland Ave",41.94815,-87.66394,1446,1175,271
"Michigan Ave & Oak St",41.90096039,-87.62377664,"Broadway & Waveland Ave",41.949074,-87.648636,1446,706,740
"Streeter Dr & Grand Ave",41.892278,-87.612043,"Clark St & Randolph St",41.884576228,-87.63188991,1446,384,1062
"Milwaukee Ave & Grand Ave",41.891578,-87.648384,"Ogden Ave & Race Ave",41.891795,-87.658751,1445,1187,258
"Federal St & Polk St",41.8720776329,-87.6295437729,"Columbus Dr & Randolph St",41.884728,-87.619521,1445,1271,174
"Theater on the Lake",41.926277,-87.630834,"DuSable Lake Shore Dr & Wellington Ave",41.9366884495,-87.6368290186,1445,682,763
"Clinton St & Madison St",41.8827519657,-87.6411902905,"Orleans St & Hubbard St",41.890028,-87.636618,1445,1335,110
"Peoria St & Jackson Blvd",41.877749,-87.649633,"Franklin St & Monroe St",41.880317,-87.635185,1445,1387,58
"LaSalle St & Washington St",41.882664,-87.63253,"Franklin St & Jackson Blvd",41.8777079559,-87.6353211408,1445,1144,301
"Streeter Dr & Grand Ave",41.892278,-87.612043,"Fairbanks St & Superior St",41.895748,-87.620104,1444,707,737
"Michigan Ave & Jackson Blvd",41.87785,-87.62408,"Michigan Ave & Congress Pkwy",41.8760656,-87.62443336,1444,173,1271
"Broadway & Argyle St",41.97423,-87.6597735,"Broadway & Wilson Ave",41.965221,-87.658139,1443,1222,221
"Clark St & Wellington Ave",41.9364968219,-87.6475386582,"Lincoln Ave & Fullerton Ave",41.925905,-87.64926,1443,1294,149
"State St & Randolph St",41.8847302006,-87.6277335692,"Field Blvd & South Water St",41.8863490627,-87.6175165471,1443,1204,239
"Clark St & Chicago Ave",41.896544,-87.630931,"Michigan Ave & Lake St",41.886024,-87.624117,1443,1180,263
"Desplaines St & Kinzie St",41.888716036,-87.6444478533,"Clark St & Randolph St",41.884576228,-87.63188991,1442,1207,235
"Clark St & North Ave",41.911974,-87.631942,"Hampden Ct & Diversey Pkwy",41.93262,-87.642385,1442,1000,442
"Sheffield Ave & Webster Ave",41.92154,-87.653818,"Wilton Ave & Belmont Ave",41.94018,-87.65304,1441,1114,327
"Clinton St & Washington Blvd",41.88338,-87.64117,"Ogden Ave & Congress Pkwy",41.87501,-87.67328,1441,1421,20
"Kingsbury St & Kinzie St",41.8891768326,-87.6385057718,"State St & Kinzie St",41.8893754666,-87.6270765066,1441,1043,398
"Halsted St & Fulton St",41.886871,-87.648089,"Clinton St & Washington Blvd",41.88338,-87.64117,1441,867,574
"Clark St & Armitage Ave",41.918306,-87.636282,"McClurg Ct & Erie St",41.894503,-87.617854,1441,1024,417
"Hampden Ct & Diversey Pkwy",41.93262,-87.642385,"Halsted St & Roscoe St",41.94367,-87.64895,1441,1259,182
"Clinton St & Tilden St",41.875885,-87.640795,"Dearborn St & Monroe St",41.881319815,-87.6295209193,1440,1355,85
"Larrabee St & Kingsbury St",41.897764,-87.642884,"LaSalle St & Jackson Blvd",41.878166,-87.631929,1440,1349,91
"Wells St & Polk St",41.872373,-87.633523,"Canal St & Madison St",41.882091,-87.639833,1440,1387,53
"Sangamon St & Washington Blvd",41.883165,-87.6511,"Kingsbury St & Kinzie St",41.8891768326,-87.6385057718,1439,1101,338
"Fort Dearborn Dr & 31st St",41.838556,-87.608218,"Calumet Ave & 18th St",41.857611,-87.619407,1439,784,655
"Clark St & Wrightwood Ave",41.929546,-87.643118,"Clark St & Grace St",41.95078,-87.659172,1439,893,546
"Southport Ave & Roscoe St",41.943739,-87.66402,"Broadway & Waveland Ave",41.949074,-87.648636,1439,1109,330
"Clark St & Congress Pkwy",41.8759326655,-87.6305845355,"Michigan Ave & Oak St",41.90096039,-87.62377664,1439,1330,109
"Broadway & Cornelia Ave",41.945529,-87.646439,"Pine Grove Ave & Waveland Ave",41.9494727409,-87.6464527845,1439,980,459
"Milwaukee Ave & Wabansia Ave",41.912616,-87.681391,"Spaulding Ave & Armitage Ave",41.9171080348,-87.7102209628,1438,975,463
"Clark St & Wrightwood Ave",41.929546,-87.643118,"Clark St & Drummond Pl",41.931248,-87.644336,1438,1151,287
"Clark St & Elm St",41.903233,-87.631253,"Clark St & Drummond Pl",41.931248,-87.644336,1438,1016,422
"Michigan Ave & Lake St",41.886024,-87.624117,"Clinton St & Lake St",41.885637,-87.641823,1438,1321,117
"Michigan Ave & Washington St",41.8839840647,-87.6246839762,"Shedd Aquarium",41.8672259568,-87.6153553902,1438,157,1281
"Broadway & Wilson Ave",41.965485,-87.657238,"Montrose Harbor",41.963982,-87.638181,1438,942,496
"Milwaukee Ave & Wabansia Ave",41.912616,-87.681391,"Damen Ave & Division St",41.90331,-87.67695,1438,1195,243
"Broadway & Argyle St",41.97423,-87.6597735,"Broadway & Thorndale Ave",41.9897425114,-87.6601406209,1437,1194,243
"State St & Randolph St",41.8847302006,-87.6277335692,"Clark St & Schiller St",41.907993,-87.631501,1437,1323,114
"Canal St & Madison St",41.882091,-87.639833,"Rush St & Superior St",41.8957647456,-87.6259080327,1437,1249,188
"Clark St & Randolph St",41.884576228,-87.63188991,"Green St & Madison St",41.881859328,-87.6492637396,1437,1277,160
"Larrabee St & Kingsbury St",41.897764,-87.642884,"Sheffield Ave & Kingsbury St",41.910522,-87.653106,1437,1305,132
"Clark St & Leland Ave",41.967096,-87.667429,"Broadway & Wilson Ave",41.965485,-87.657238,1437,1373,64
"Wells St & Elm St",41.903222,-87.634324,"McClurg Ct & Erie St",41.894503,-87.617854,1436,1256,180
"Clinton St & Washington Blvd",41.88338,-87.64117,"Franklin St & Illinois St",41.8910233103,-87.6354798675,1436,1180,256
"Franklin St & Monroe St",41.880317,-87.635185,"LaSalle St & Jackson Blvd",41.87817,-87.631985,1436,1376,60
"Lincoln Ave & Diversey Pkwy",41.932225,-87.658617,"Burling St & Diversey Pkwy",41.93314,-87.64776,1435,1246,189
"Streeter Dr & Grand Ave",41.892278,-87.612043,"Calumet Ave & 18th St",41.857611,-87.619407,1435,525,910
"California Ave & Cortez St",41.900363,-87.696704,"California Ave & Milwaukee Ave",41.922695,-87.697153,1434,836,598
"Clarendon Ave & Junior Ter",41.961004,-87.649603,"Broadway & Belmont Ave",41.940106,-87.645451,1434,1059,375
"Clarendon Ave & Junior Ter",41.961004,-87.649603,"Wilton Ave & Belmont Ave",41.94018,-87.65304,1433,1272,161
"Ritchie Ct & Banks St",41.906866,-87.626217,"Wells St & Concord Ln",41.912133,-87.634656,1433,1147,286
"New St & Illinois St",41.8908470406,-87.6186168194,"LaSalle St & Illinois St",41.890762,-87.631697,1433,683,750
"Clark St & Elm St",41.903233,-87.631253,"Franklin St & Jackson Blvd",41.8777079559,-87.6353211408,1433,1233,200
"Canal St & Monroe St",41.8807,-87.63947,"Clark St & Elm St",41.903233,-87.631253,1433,1330,103
"Carpenter St & Huron St",41.894556,-87.653449,"Canal St & Adams St",41.879255,-87.639904,1432,1205,227
"Larrabee St & Menomonee St",41.91468,-87.64332,"Larrabee St & Kingsbury St",41.897764,-87.642884,1432,1242,190
"Eckhart Park",41.89637337,-87.66098386,"McClurg Ct & Erie St",41.894503,-87.617854,1431,1384,47
"Kimbark Ave & 53rd St",41.7994549,-87.5947779,"Woodlawn Ave & 55th St",41.795264,-87.596471,1431,1125,306
"Pine Grove Ave & Irving Park Rd",41.954383,-87.648043,"Sheridan Rd & Buena Ave",41.958494,-87.654966,1431,1216,215
"Desplaines St & Kinzie St",41.888716036,-87.6444478533,"Clinton St & Tilden St",41.875885,-87.640795,1431,1360,71
"LaSalle St & Adams St",41.8793443735,-87.6319852213,"Millennium Park",41.8810317,-87.62408432,1431,280,1151
"Michigan Ave & 8th St",41.872773,-87.623981,"Wabash Ave & 9th St",41.870769,-87.625734,1431,772,659
"Broadway & Cornelia Ave",41.945529,-87.646439,"Clark St & Grace St",41.95078,-87.659172,1431,995,436
"Dearborn St & Erie St",41.893992,-87.629318,"Green St & Randolph St*",41.8836016573,-87.6486267149,1431,1094,337
"Jefferson St & Monroe St",41.880422,-87.642746,"Desplaines St & Jackson Blvd",41.8781189009,-87.6439476013,1430,1376,54
"Broadway & Sheridan Rd",41.952833,-87.649993,"Clarendon Ave & Gordon Ter",41.9578665242,-87.6495051384,1430,1262,168
"Kingsbury St & Kinzie St",41.8891768326,-87.6385057718,"Stetson Ave & South Water St",41.886835,-87.62232,1430,1295,135
"Clark St & Wellington Ave",41.9364968219,-87.6475386582,"Clark St & North Ave",41.911974,-87.631942,1430,941,489
"DuSable Lake Shore Dr & Belmont Ave",41.940775,-87.639192,"Lakefront Trail & Bryn Mawr Ave",41.9840441152,-87.6522812247,1430,808,622
"Wabash Ave & Grand Ave",41.891466,-87.626761,"Kingsbury St & Erie St",41.8939139,-87.6417358,1430,1203,227
"Lakeview Ave & Fullerton Pkwy",41.925858,-87.638973,"Millennium Park",41.8810317,-87.62408432,1430,657,773
"Woodlawn Ave & 55th St",41.795264,-87.596471,"Prairie Ave & Garfield Blvd",41.794853,-87.618691,1429,1063,366
"Desplaines St & Kinzie St",41.888716036,-87.6444478533,"Wells St & Concord Ln",41.912133,-87.634656,1429,1136,293
"Dearborn Pkwy & Delaware Pl",41.899007,-87.629928,"Wells St & Elm St",41.903222,-87.634324,1429,1017,412
"Lake Shore Dr & North Blvd",41.911722,-87.626804,"Larrabee St & Menomonee St",41.91468,-87.64332,1429,1122,307
"Wood St & Hubbard St",41.889715,-87.671966,"Damen Ave & Chicago Ave",41.895769,-87.67722,1429,1337,92
"Michigan Ave & Lake St",41.886022,-87.624398,"Millennium Park",41.8810317,-87.62408432,1429,322,1107
"Clarendon Ave & Gordon Ter",41.957879,-87.649519,"Clarendon Ave & Junior Ter",41.961004,-87.649603,1428,1162,266
"Streeter Dr & Illinois St",41.891071,-87.6122,"Wabash Ave & Roosevelt Rd",41.867227,-87.625961,1428,398,1030
"Dearborn Pkwy & Delaware Pl",41.898969,-87.629912,"Millennium Park",41.8810317,-87.62408432,1428,524,904
"Southport Ave & Wellington Ave",41.935733,-87.663576,"Clark St & Lincoln Ave",41.915689,-87.6346,1428,948,480
"Sheridan Rd & Buena Ave",41.958494,-87.654966,"Halsted St & Roscoe St",41.94367,-87.64895,1427,1106,321
"Lake Shore Dr & Wellington Ave",41.936669,-87.636794,"Wells St & Concord Ln",41.912133,-87.634656,1427,1146,281
"Woodlawn Ave & 58th St",41.789381,-87.596479,"Ellis Ave & 55th St",41.7943006205,-87.6014497734,1427,1069,358
"Clark St & Armitage Ave",41.918306,-87.636282,"Wilton Ave & Diversey Pkwy",41.932418,-87.652705,1427,983,444
"Sheffield Ave & Webster Ave",41.92154,-87.653818,"Sheffield Ave & Wellington Ave",41.9362534831,-87.6526620984,1426,1102,324
"Stockton Dr & Wrightwood Ave",41.93132,-87.638742,"DuSable Lake Shore Dr & Diversey Pkwy",41.932588,-87.636427,1426,1015,411
"Wells St & Polk St",41.8727315423,-87.6335164905,"Millennium Park",41.8810317,-87.62408432,1426,1054,372
"Clarendon Ave & Junior Ter",41.961004,-87.649603,"Lake Shore Dr & Belmont Ave",41.940775,-87.639192,1425,761,664
"Broadway & Barry Ave",41.937582316,-87.644097805,"Halsted St & Wrightwood Ave",41.929143,-87.649077,1425,1064,361
"Mies van der Rohe Way & Chestnut St",41.8985866514,-87.6219152258,"Cityfront Plaza Dr & Pioneer Ct",41.890573,-87.622072,1425,855,570
"Desplaines St & Kinzie St",41.888716036,-87.6444478533,"Ada St & Washington Blvd",41.88283,-87.661206,1424,1216,208
"Kingsbury St & Erie St",41.8939139,-87.6417358,"Wells St & Concord Ln",41.912133,-87.634656,1424,1107,317
"Orleans St & Merchandise Mart Plaza",41.888243,-87.63639,"Sedgwick St & North Ave",41.910983,-87.638525,1424,1266,158
"Broadway & Cornelia Ave",41.945512,-87.64598,"Michigan Ave & Oak St",41.90096039,-87.62377664,1424,757,667
"Clark St & Armitage Ave",41.918306,-87.636282,"Wells St & Walton St",41.89993001,-87.63443007,1424,930,494
"Wabash Ave & Wacker Pl",41.886875,-87.62603,"Michigan Ave & Washington St",41.8838927658,-87.6246491409,1424,253,1171
"Mies van der Rohe Way & Chicago Ave",41.89691,-87.621743,"Clark St & Congress Pkwy",41.8759326655,-87.6305845355,1424,1332,92
"Ashland Ave & Division St",41.90345,-87.667747,"Lake Shore Dr & North Blvd",41.911722,-87.626804,1424,822,602
"Wood St & Taylor St (Temp)",41.8692652184,-87.6737308502,"Morgan St & Polk St",41.871737,-87.65103,1423,1246,177
"Clinton St & Madison St",41.8827519657,-87.6411902905,"Wabash Ave & 8th St",41.871962,-87.626106,1422,1349,73
"Wilton Ave & Diversey Pkwy",41.932418,-87.652705,"Sheffield Ave & Waveland Ave",41.949399,-87.654529,1421,1073,348
"Lincoln Ave & Fullerton Ave",41.925905,-87.64926,"Sheffield Ave & Wrightwood Ave",41.928712,-87.653833,1420,1256,164
"Broadway & Belmont Ave",41.940106,-87.645451,"Sheffield Ave & Wellington Ave",41.9362534831,-87.6526620984,1420,1199,221
"Columbus Dr & Randolph St",41.884728,-87.619521,"LaSalle St & Illinois St",41.890762,-87.631697,1420,1111,309
"McClurg Ct & Erie St",41.894503,-87.617854,"Larrabee St & Kingsbury St",41.897764,-87.642884,1420,1335,85
"Clarendon Ave & Junior Ter",41.961004,-87.649603,"Michigan Ave & Oak St",41.90096039,-87.62377664,1419,745,674
"Damen Ave & Division St",41.903266,-87.678435,"Damen Ave & Chicago Ave",41.895769,-87.67722,1419,1196,223
"Loomis St & Lexington St",41.8722287322,-87.661363855,"Racine Ave & Congress Pkwy",41.87464,-87.65703,1419,1299,120
"Adler Planetarium",41.866095,-87.607267,"Fairbanks Ct & Grand Ave",41.89186,-87.62062,1419,456,963
"Wacker Dr & Washington St Corral",41.88316,-87.63736,"Field Blvd & South Water St",41.8863490627,-87.6175165471,1419,1385,34
"Michigan Ave & Washington St",41.8839840647,-87.6246839762,"Canal St & Monroe St",41.8807,-87.63947,1419,1229,190
"Kingsbury St & Kinzie St",41.8891768326,-87.6385057718,"LaSalle Dr & Huron St",41.894877,-87.632326,1418,1213,205
"Ellis Ave & 58th St",41.788746,-87.601334,"Greenwood Ave & 47th St",41.809835,-87.599383,1418,1287,131
"Michigan Ave & Oak St",41.90096039,-87.62377664,"Clark St & Drummond Pl",41.931248,-87.644336,1418,901,517
"California Ave & Francis Pl",41.91855,-87.69723,"Milwaukee Ave & Wabansia Ave",41.912616,-87.681391,1418,1244,174
"Lake Shore Dr & Monroe St",41.880958,-87.616743,"McClurg Ct & Erie St",41.894503,-87.617854,1418,465,953
"Wells St & Elm St",41.903222,-87.634324,"Clark St & Chicago Ave",41.89675,-87.63089,1417,1061,356
"Fairbanks Ct & Grand Ave",41.89186,-87.62062,"State St & Pearson St",41.897448,-87.628722,1417,1168,249
"Columbus Dr & Randolph St",41.884728,-87.619521,"Wabash Ave & 8th St",41.871962,-87.626106,1417,1183,234
"Sheffield Ave & Wellington Ave",41.9362534831,-87.6526620984,"Halsted St & Roscoe St",41.94367,-87.64895,1416,1173,243
"State St & Van Buren St",41.877181,-87.627844,"State St & Kinzie St",41.88918,-87.6277,1416,904,512
"Kingsbury St & Kinzie St",41.8891768326,-87.6385057718,"Ritchie Ct & Banks St",41.906866,-87.626217,1415,1283,132
"Clark St & Schiller St",41.907993,-87.631501,"Sedgwick St & Huron St",41.894666,-87.638437,1415,1257,158
"Sheffield Ave & Willow St",41.913688,-87.652855,"Larrabee St & Armitage Ave",41.918084,-87.643749,1415,1243,172
"Sheffield Ave & Wrightwood Ave",41.928712,-87.653833,"Racine Ave & Fullerton Ave",41.92556258,-87.65840426,1415,1325,90
"Clinton St & Jackson Blvd",41.8783166118,-87.6409810781,"Michigan Ave & Washington St",41.8838927658,-87.6246491409,1414,1366,48
"Sheridan Rd & Buena Ave",41.958494,-87.654966,"Southport Ave & Irving Park Rd",41.954177,-87.664358,1414,1190,224
"Federal St & Polk St",41.8720776329,-87.6295437729,"Clinton St & Roosevelt Rd",41.8671177825,-87.6410879593,1414,1127,287
"Spaulding Ave & Armitage Ave",41.9171080348,-87.7102209628,"Marshfield Ave & Cortland St",41.916017,-87.668879,1414,932,482
"Wabash Ave & Roosevelt Rd",41.867227,-87.625961,"Halsted St & Polk St",41.87184,-87.64664,1414,1171,243
"Canal St & Jackson Blvd",41.877988,-87.640769,"Wabash Ave & Roosevelt Rd",41.867227,-87.625961,1414,1254,160
"Dearborn Pkwy & Delaware Pl",41.898969,-87.629912,"LaSalle St & Jackson Blvd",41.878166,-87.631929,1414,1307,107
"Clark St & North Ave",41.911974,-87.631942,"Michigan Ave & Pearson St",41.89766,-87.62351,1413,559,854
"Morgan St & Polk St",41.871737,-87.65103,"Peoria St & Jackson Blvd",41.8776415963,-87.6496177912,1413,1145,268
"Morgan St & Lake St",41.8854833079,-87.6523048564,"State St & Kinzie St",41.88918,-87.6277,1413,1121,292
"Clinton St & Lake St",41.88583274,-87.64138231,"LaSalle St & Illinois St",41.890749,-87.63206,1413,1278,135
"Canal St & Monroe St",41.8807,-87.63947,"Rush St & Hubbard St",41.890173,-87.626185,1412,1347,65
"Dearborn St & Erie St",41.893992,-87.629318,"Stetson Ave & South Water St",41.886835,-87.62232,1412,1044,368
"Canal St & Madison St",41.882091,-87.639833,"Wells St & Evergreen Ave",41.906724,-87.63483,1412,1300,112
"Lake Shore Dr & North Blvd",41.911722,-87.626804,"Kingsbury St & Kinzie St",41.8891768326,-87.6385057718,1411,957,454
"Indiana Ave & Roosevelt Rd",41.867888,-87.623041,"Wabash Ave & 9th St",41.870769,-87.625734,1411,985,426
"Larrabee St & Armitage Ave",41.918084,-87.643749,"Wells St & Evergreen Ave",41.906724,-87.63483,1411,1054,357
"Michigan Ave & Lake St",41.886022,-87.624398,"Streeter Dr & Grand Ave",41.892278,-87.612043,1411,206,1205
"Wabash Ave & 9th St",41.870769,-87.625734,"Canal St & Adams St",41.879255,-87.639904,1410,1195,215
"Marine Dr & Ainslie St",41.9716,-87.650154,"Michigan Ave & Oak St",41.90096039,-87.62377664,1410,820,590
"Clinton St & 18th St",41.85795,-87.640826,"Wentworth Ave & Archer Ave",41.854564,-87.631937,1410,1271,139
"Lake Shore Dr & North Blvd",41.911722,-87.626804,"Larrabee St & North Ave",41.91021,-87.6435,1410,956,454
"Michigan Ave & Washington St",41.8838927658,-87.6246491409,"Wabash Ave & 8th St",41.871962,-87.626106,1410,887,523
"Clarendon Ave & Junior Ter",41.961004,-87.649603,"Sheffield Ave & Waveland Ave",41.949399,-87.654529,1409,763,646
"Marine Dr & Ainslie St",41.9716,-87.650154,"Broadway & Argyle St",41.97423,-87.6597735,1409,1232,177
"Clark St & Elm St",41.903233,-87.631253,"Wells St & Elm St",41.903222,-87.634324,1409,1070,339
"Sedgwick St & North Ave",41.910983,-87.638525,"Halsted St & Willow St",41.913865,-87.648755,1409,1157,252
"Canal St & Jackson Blvd",41.877988,-87.640769,"Clinton St & Roosevelt Rd",41.8671177825,-87.6410879593,1408,1266,142
"Ashland Ave & Grand Ave",41.891072,-87.666611,"Damen Ave & Chicago Ave",41.895769,-87.67722,1408,1146,262
"Wilton Ave & Diversey Pkwy",41.932418,-87.652705,"Ashland Ave & Wellington Ave",41.936083,-87.669807,1408,1255,153
"Wabash Ave & Wacker Pl",41.886875,-87.62603,"Michigan Ave & Madison St",41.882134,-87.625125,1408,840,568
"Michigan Ave & Congress Pkwy",41.8760656,-87.62443336,"Canal St & Adams St",41.879255,-87.639904,1407,1125,282
"Canal St & Taylor St",41.870257,-87.639474,"Morgan St & Polk St",41.871737,-87.65103,1407,1245,162
"Wells St & Concord Ln",41.912133,-87.634656,"Sheffield Ave & Fullerton Ave",41.9256018819,-87.6537080423,1407,994,413
"Broadway & Barry Ave",41.937582316,-87.644097805,"DuSable Lake Shore Dr & Diversey Pkwy",41.932588,-87.636427,1407,1191,216
"Greenview Ave & Fullerton Ave",41.92533,-87.6658,"Wilton Ave & Diversey Pkwy",41.932418,-87.652705,1407,950,457
"Clark St & Berwyn Ave",41.9780306225,-87.6685649157,"Broadway & Wilson Ave",41.965221,-87.658139,1407,1043,364
"Mies van der Rohe Way & Chicago Ave",41.89691,-87.621743,"Indiana Ave & Roosevelt Rd",41.867888,-87.623041,1406,1027,379
"Clark St & Elm St",41.903233,-87.631253,"Millennium Park",41.8810317,-87.62408432,1406,593,813
"Halsted St & Blackhawk St",41.90854,-87.648568,"Sheffield Ave & Willow St",41.913688,-87.652855,1406,1346,60
"Sheffield Ave & Kingsbury St",41.910522,-87.653106,"Damen Ave & Pierce Ave",41.9093960065,-87.6776919292,1405,1092,313
"Western Ave & Division St",41.902893,-87.687275,"Damen Ave & Division St",41.903266,-87.678435,1404,1162,242
"Clark St & Lincoln Ave",41.915689,-87.6346,"State St & Pearson St",41.897448,-87.628722,1404,1029,375
"Sedgwick St & North Ave",41.910983,-87.638525,"Clark St & Wrightwood Ave",41.929546,-87.643118,1404,1084,320
"LaSalle St & Washington St",41.882664,-87.63253,"Desplaines St & Kinzie St",41.888716036,-87.6444478533,1403,1266,137
"Lincoln Park Conservatory",41.9239313114,-87.6358245313,"DuSable Lake Shore Dr & North Blvd",41.911722,-87.626804,1403,475,928
"Michigan Ave & Oak St",41.90096039,-87.62377664,"Halsted St & Wrightwood Ave",41.929143,-87.649077,1403,886,517
"Racine Ave & Wrightwood Ave",41.928887,-87.658971,"Wilton Ave & Diversey Pkwy",41.932418,-87.652705,1403,1297,106
"Clark St & Lincoln Ave",41.915689,-87.6346,"Clark St & Randolph St",41.884576228,-87.63188991,1403,1184,219
"Larrabee St & Kingsbury St",41.897764,-87.642884,"Michigan Ave & Lake St",41.886024,-87.624117,1403,1297,106
"LaSalle St & Jackson Blvd",41.87817,-87.631985,"State St & Van Buren St",41.877181,-87.627844,1403,1221,182
"Halsted St & Wrightwood Ave",41.929143,-87.649077,"Broadway & Barry Ave",41.937725,-87.644095,1402,1204,198
"Orleans St & Chestnut St (NEXT Apts)",41.898203,-87.637536,"Wells St & Huron St",41.8947953,-87.6343743,1401,1204,197
"Dearborn Pkwy & Delaware Pl",41.898969,-87.629912,"McClurg Ct & Illinois St",41.89102,-87.6173,1401,1010,391
"LaSalle St & Adams St",41.8793443735,-87.6319852213,"Franklin St & Lake St",41.885837,-87.6355,1400,1317,83
"Clark St & Wellington Ave",41.9364968219,-87.6475386582,"Clark St & Drummond Pl",41.931248,-87.644336,1399,1118,281
"State St & Erie St",41.893975,-87.628623,"Clinton St & Washington Blvd",41.88338,-87.64117,1399,1326,73
"Broadway & Barry Ave",41.937582316,-87.644097805,"Halsted St & Roscoe St",41.94367,-87.64895,1399,1041,358
"Loomis St & Jackson Blvd",41.877945,-87.662007,"Desplaines St & Jackson Blvd",41.8781189009,-87.6439476013,1398,1259,139
"Canal St & Adams St",41.879255,-87.639904,"Michigan Ave & 18th St",41.857926,-87.624336,1398,1272,126
"Logan Blvd & Elston Ave",41.930584,-87.685126,"California Ave & Milwaukee Ave",41.922695,-87.697153,1398,1227,171
"Broadway & Berwyn Ave",41.978353,-87.659753,"Lakefront Trail & Bryn Mawr Ave",41.9840441152,-87.6522812247,1398,996,402
"Streeter Dr & Grand Ave",41.892278,-87.612043,"Larrabee St & Webster Ave",41.921822,-87.64414,1398,391,1007
"Damen Ave & Augusta Blvd",41.899714,-87.677234,"Damen Ave & Grand Ave",41.89122,-87.67686,1398,1299,99
"Sheffield Ave & Waveland Ave",41.949399,-87.654529,"Halsted St & Roscoe St",41.94367,-87.64895,1397,1066,331
"Morgan Ave & 14th Pl",41.862378,-87.651062,"Halsted St & Roosevelt Rd",41.867324,-87.648625,1397,1231,166
"Rush St & Cedar St",41.9023087012,-87.627690528,"Ritchie Ct & Banks St",41.906866,-87.626217,1397,1083,314
"Rush St & Superior St",41.8957647456,-87.6259080327,"Orleans St & Merchandise Mart Plaza",41.888243,-87.63639,1397,1123,274
"Michigan Ave & Pearson St",41.89766,-87.62351,"Michigan Ave & Madison St",41.882134,-87.625125,1397,662,735
"Ogden Ave & Chicago Ave",41.896362458,-87.6540612729,"Damen Ave & Pierce Ave",41.9093960065,-87.6776919292,1397,931,466
"Kingsbury St & Erie St",41.8939139,-87.6417358,"State St & Erie St",41.893975,-87.628623,1397,1188,209
"Larrabee St & Kingsbury St",41.897764,-87.642884,"Morgan St & Lake St",41.8854833079,-87.6523048564,1397,1340,57
"Halsted St & Roscoe St",41.94367,-87.64895,"Streeter Dr & Grand Ave",41.892278,-87.612043,1397,431,966
"Canal St & Jackson Blvd",41.87811421,-87.63997112,"Shedd Aquarium",41.8672259568,-87.6153553902,1397,1228,169
"Clark St & Congress Pkwy",41.8759326655,-87.6305845355,"State St & Erie St",41.893975,-87.628623,1397,1309,88
"Halsted St & 35th St",41.830661,-87.647172,"State St & 33rd St",41.834734,-87.625813,1396,1222,174
"Pine Grove Ave & Irving Park Rd",41.954383,-87.648043,"Clark St & Wellington Ave",41.9364968219,-87.6475386582,1396,1127,269
"St. Clair St & Erie St",41.8943451374,-87.6227983832,"Michigan Ave & Pearson St",41.89766,-87.62351,1396,746,650
"Clinton St & Washington Blvd",41.88338,-87.64117,"Eckhart Park",41.89637337,-87.66098386,1395,1246,149
"Federal St & Polk St",41.8720776329,-87.6295437729,"Clark St & Randolph St",41.884576228,-87.63188991,1395,1287,108
"Wilton Ave & Diversey Pkwy",41.932418,-87.652705,"DuSable Lake Shore Dr & Diversey Pkwy",41.932588,-87.636427,1395,984,411
"Wabash Ave & Wacker Pl",41.886875,-87.62603,"Dearborn Pkwy & Delaware Pl",41.898969,-87.629912,1395,1008,387
"Southport Ave & Wrightwood Ave",41.92888,-87.66317,"Wilton Ave & Diversey Pkwy",41.932418,-87.652705,1395,1271,124
"Michigan Ave & Pearson St",41.89766,-87.62351,"Wells St & Huron St",41.8947953,-87.6343743,1395,1109,286
"Racine Ave & Wrightwood Ave",41.928887,-87.658971,"Racine Ave & Belmont Ave",41.939743,-87.658865,1395,1115,280
"Dayton St & North Ave",41.9105780349,-87.6494219288,"Ashland Ave & Blackhawk St",41.907066,-87.667252,1394,1122,272
"Wilton Ave & Diversey Pkwy",41.932418,-87.652705,"Halsted St & Roscoe St",41.94367,-87.64895,1394,1132,262
"Canal St & Jackson Blvd",41.877988,-87.640769,"Halsted St & Polk St",41.87184,-87.64664,1394,1267,127
"Ashland Ave & Division St",41.90345,-87.667747,"Dayton St & North Ave",41.9105780349,-87.6494219288,1393,1060,333
"Wabash Ave & Wacker Pl",41.886875,-87.62603,"Adler Planetarium",41.866095,-87.607267,1393,147,1246
"Wells St & Concord Ln",41.912133,-87.634656,"Larrabee St & Oak St",41.9002194932,-87.6429854676,1392,1205,187
"Clark St & Schiller St",41.907993,-87.631501,"Stockton Dr & Wrightwood Ave",41.93132,-87.638742,1392,924,468
"Clark St & Lincoln Ave",41.915689,-87.6346,"Halsted St & Roscoe St",41.94367,-87.64895,1392,873,519
"Ashland Ave & Augusta Blvd",41.899643,-87.6677,"Clinton St & Washington Blvd",41.88338,-87.64117,1392,1340,52
"Wells St & Huron St",41.8947953,-87.6343743,"Rush St & Cedar St",41.9023087012,-87.627690528,1392,1030,362
"Sheffield Ave & Kingsbury St",41.910522,-87.653106,"Southport Ave & Clybourn Ave",41.921004,-87.663257,1392,1219,173
"Sheffield Ave & Willow St",41.913688,-87.652855,"Southport Ave & Clybourn Ave",41.921004,-87.663257,1392,1249,143
"LaSalle St & Washington St",41.882664,-87.63253,"Canal St & Monroe St",41.8807,-87.63947,1392,1290,102
"Dearborn St & Adams St",41.8793563587,-87.6297910363,"McCormick Place",41.8513751729,-87.6188346489,1391,1012,379
"Clark St & Elm St",41.903233,-87.631253,"Columbus Dr & Randolph St",41.884728,-87.619521,1391,1051,340
"Wabash Ave & Grand Ave",41.891466,-87.626761,"LaSalle St & Illinois St",41.890762,-87.631697,1391,973,418
"Lake Shore Dr & Wellington Ave",41.936669,-87.636794,"Stockton Dr & Wrightwood Ave",41.93132,-87.638742,1391,959,432
"Hampden Ct & Diversey Pkwy",41.93262,-87.642385,"Lake Shore Dr & Wellington Ave",41.936669,-87.636794,1391,1125,266
"DuSable Lake Shore Dr & Belmont Ave",41.940775,-87.639192,"DuSable Lake Shore Dr & Diversey Pkwy",41.932588,-87.636427,1390,935,455
"Dearborn St & Erie St",41.893992,-87.629318,"Cityfront Plaza Dr & Pioneer Ct",41.890573,-87.622072,1390,1064,326
"Franklin St & Chicago Ave",41.89680204,-87.63563839,"LaSalle St & Illinois St",41.890749,-87.63206,1390,1193,197
"Canal St & Jackson Blvd",41.877988,-87.640769,"Museum Campus",41.865212,-87.617759,1390,1095,295
"Kingsbury St & Kinzie St",41.8891768326,-87.6385057718,"Michigan Ave & Oak St",41.90096039,-87.62377664,1389,838,551
"Clark St & Schiller St",41.907993,-87.631501,"Sedgwick St & North Ave",41.910983,-87.638525,1389,1144,245
"Wabash Ave & Grand Ave",41.891466,-87.626761,"New St & Illinois St",41.8908470406,-87.6186168194,1389,844,545
"Damen Ave & Division St",41.90331,-87.67695,"Damen Ave & Grand Ave",41.89122,-87.67686,1389,1202,187
"Southport Ave & Wellington Ave",41.935733,-87.663576,"Southport Ave & Clybourn Ave",41.921004,-87.663257,1389,1319,70
"Franklin St & Lake St",41.885837,-87.6355,"Rush St & Hubbard St",41.890173,-87.626185,1388,1262,126
"Sheridan Rd & Noyes St (NU)",42.058239,-87.677432,"Evanston Civic Center",42.057044,-87.686554,1388,862,526
"Wilton Ave & Diversey Pkwy",41.932418,-87.652705,"Clark St & Newport St",41.94454,-87.654678,1388,938,450
"Kingsbury St & Kinzie St",41.8891768326,-87.6385057718,"Columbus Dr & Randolph St",41.884728,-87.619521,1387,1191,196
"Wacker Dr & Washington St Corral",41.88316,-87.63736,"Clinton St & Lake St",41.885637,-87.641823,1387,1367,20
"Wabash Ave & 9th St",41.870769,-87.625734,"Franklin St & Monroe St",41.880317,-87.635185,1386,1222,164
"Clinton St & Madison St",41.8827519657,-87.6411902905,"Damen Ave & Chicago Ave",41.895769,-87.67722,1386,1275,111
"Southport Ave & Waveland Ave",41.94815,-87.66394,"Montrose Harbor",41.963982,-87.638181,1386,587,799
"Blackstone Ave & Hyde Park Blvd",41.802562,-87.590368,"Fort Dearborn Dr & 31st St",41.838556,-87.608218,1385,558,827
"Morgan St & 31st St",41.8378,-87.65114,"Wentworth Ave & 33rd St",41.8345298856,-87.6318229814,1384,1211,173
"Rockwell St & Eastwood Ave",41.9659001398,-87.6936384935,"Western Ave & Leland Ave",41.966555,-87.688487,1384,1263,121
"Wacker Dr & Washington St Corral",41.88316,-87.63736,"Cityfront Plaza Dr & Pioneer Ct",41.890573,-87.622072,1384,1276,108
"Broadway & Cornelia Ave",41.945512,-87.64598,"Halsted St & Roscoe St",41.94367,-87.64895,1384,1157,227
"Morgan Ave & 14th Pl",41.862378,-87.651062,"Wood St & Taylor St",41.869154,-87.671045,1383,1356,27
"Clinton St & Washington Blvd",41.88338,-87.64117,"Damen Ave & Pierce Ave",41.9093960065,-87.6776919292,1383,1239,144
"Canal St & Adams St",41.879255,-87.639904,"Lake Shore Dr & Monroe St",41.880958,-87.616743,1382,767,615
"Canal St & Monroe St",41.8807,-87.63947,"Dearborn Pkwy & Delaware Pl",41.898969,-87.629912,1382,1242,140
"Clark St & Winnemac Ave",41.973385,-87.668365,"Clark St & Leland Ave",41.967096,-87.667429,1382,1242,140
"Eckhart Park",41.89637337,-87.66098386,"Franklin St & Monroe St",41.880317,-87.635185,1381,1347,34
"Wilton Ave & Belmont Ave",41.94018,-87.65304,"Damen Ave & Wellington Ave",41.93588,-87.67842,1381,1170,211
"Clark St & Wrightwood Ave",41.929546,-87.643118,"Lincoln Ave & Fullerton Ave",41.9241610291,-87.6463803649,1381,1136,245
"Wacker Dr & Washington St Corral",41.88316,-87.63736,"Clark St & Lake St",41.8860208277,-87.6308760584,1381,1270,111
"Michigan Ave & Lake St",41.886024,-87.624117,"State St & Van Buren St",41.877181,-87.627844,1381,924,457
"Shore Dr & 55th St",41.795212,-87.580715,"South Shore Dr & 71st St",41.7664094567,-87.5656875719,1380,1103,277
"Aberdeen St & Monroe St",41.880419,-87.655519,"Aberdeen St & Jackson Blvd",41.87772613,-87.65478743,1380,1265,115
"Wells St & Evergreen Ave",41.906724,-87.63483,"McClurg Ct & Erie St",41.894503,-87.617854,1380,1195,185
"Canal St & Adams St",41.879255,-87.639904,"Ashland Ave & Grand Ave",41.891072,-87.666611,1379,1198,181
"900 W Harrison St",41.874754,-87.649807,"Canal St & Adams St",41.879255,-87.639904,1379,1154,225
"Clarendon Ave & Leland Ave",41.967968,-87.650001,"Lake Shore Dr & Belmont Ave",41.940775,-87.639192,1379,578,801
"Wacker Dr & Washington St Corral",41.88316,-87.63736,"Wabash Ave & Wacker Pl",41.886875,-87.62603,1379,1126,253
"Franklin St & Quincy St",41.878724,-87.634793,"Dearborn Pkwy & Delaware Pl",41.898969,-87.629912,1378,1262,116
"Racine Ave & Belmont Ave",41.939743,-87.658865,"Halsted St & Wrightwood Ave",41.929143,-87.649077,1378,968,410
"Ravenswood Ave & Lawrence Ave",41.968445,-87.674226,"Ravenswood Ave & Irving Park Rd",41.95469,-87.67393,1378,1121,257
"Clark St & Wellington Ave",41.9364968219,-87.6475386582,"Clark St & Elm St",41.903233,-87.631253,1378,993,385
"Francisco Ave & Foster Ave",41.9756327252,-87.7014194389,"Western Ave & Leland Ave",41.966555,-87.688487,1378,1242,136
"St. Clair St & Erie St",41.8943451374,-87.6227983832,"LaSalle St & Washington St",41.882664,-87.63253,1378,1175,203
"Wells St & Elm St",41.903222,-87.634324,"LaSalle St & Illinois St",41.890749,-87.63206,1377,1197,180
"Clinton St & Lake St",41.885637,-87.641823,"Wells St & Hubbard St",41.889906,-87.634266,1377,1137,240
"Stockton Dr & Wrightwood Ave",41.93132,-87.638742,"Lake Shore Dr & Belmont Ave",41.940775,-87.639192,1377,1036,341
"Campbell Ave & Montrose Ave",41.961524,-87.691177,"Ravenswood Ave & Lawrence Ave",41.96909,-87.674237,1376,1339,37
"Damen Ave & Wellington Ave",41.93588,-87.67842,"Lincoln Ave & Roscoe St",41.94334,-87.67097,1376,1241,135
"Ashland Ave & Division St",41.90345,-87.667747,"Canal St & Adams St",41.879255,-87.639904,1375,1232,143
"Desplaines St & Kinzie St",41.888716036,-87.6444478533,"Ashland Ave & Grand Ave",41.891072,-87.666611,1375,1145,230
"Field Museum",41.865312,-87.617867,"Buckingham Fountain",41.876368,-87.6205586,1375,168,1207
"Adler Planetarium",41.866095,-87.607267,"Wabash Ave & 9th St",41.870769,-87.625734,1374,753,621
"Sheffield Ave & Webster Ave",41.92154,-87.653818,"Lincoln Ave & Fullerton Ave",41.925905,-87.64926,1373,1177,196
"State St & Van Buren St",41.877181,-87.627844,"Daley Center Plaza",41.884451,-87.629892,1373,1191,182
"Franklin St & Monroe St",41.880317,-87.635185,"Michigan Ave & Washington St",41.8839840647,-87.6246839762,1373,1134,239
"Lake Shore Dr & Ohio St",41.89257,-87.614492,"LaSalle St & Illinois St",41.890749,-87.63206,1373,912,461
"Canal St & Madison St",41.882091,-87.639833,"Peoria St & Jackson Blvd",41.877749,-87.649633,1373,1274,99
"Morgan St & 18th St",41.858086,-87.651073,"Canal St & Adams St",41.879255,-87.639904,1372,1183,189
"Rush St & Superior St",41.8957647456,-87.6259080327,"Clark St & Armitage Ave",41.918306,-87.636282,1372,926,446
"Ashland Ave & Grand Ave",41.891072,-87.666611,"Morgan St & Lake St",41.8854833079,-87.6523048564,1370,1259,111
"Throop St & Taylor St",41.868968,-87.659141,"Halsted St & Roosevelt Rd",41.867324,-87.648625,1370,1088,282
"Racine Ave & Wrightwood Ave",41.928887,-87.658971,"Lincoln Ave & Fullerton Ave",41.925905,-87.64926,1370,1294,76
"Lincoln Ave & Belmont Ave",41.939365,-87.668385,"Broadway & Belmont Ave",41.940106,-87.645451,1370,1191,179
"Halsted St & Willow St",41.913778,-87.64884,"Lake Shore Dr & North Blvd",41.911722,-87.626804,1370,868,502
"Drake Ave & Montrose Ave",41.9611540757,-87.7165690733,"Christiana Ave & Lawrence Ave",41.9683544936,-87.7118306675,1369,1278,91
"Leavitt St & North Ave",41.910153,-87.68229,"Claremont Ave & Hirsch St",41.907781,-87.685854,1369,1280,89
"Wells St & Huron St",41.8947953,-87.6343743,"Clark St & Lake St",41.8860208277,-87.6308760584,1369,1158,211
"Broadway & Barry Ave",41.937725,-87.644095,"Broadway & Belmont Ave",41.940106,-87.645451,1369,1057,312
"Southport Ave & Wellington Ave",41.935733,-87.663576,"Southport Ave & Belmont Ave",41.93949,-87.66378,1369,1173,196
"Wood St & Milwaukee Ave",41.907655,-87.672552,"Damen Ave & Charleston St",41.920082,-87.677855,1368,1061,307
"Woodlawn Ave & 58th St",41.789381,-87.596479,"Shore Dr & 55th St",41.795212,-87.580715,1368,1096,272
"Lake Park Ave & 53rd St",41.7994942937,-87.5864498959,"Woodlawn Ave & 58th St",41.789381,-87.596479,1368,1111,257
"Dearborn Pkwy & Delaware Pl",41.898969,-87.629912,"Clinton St & Lake St",41.88583274,-87.64138231,1368,1257,111
"Kimball Ave & Belmont Ave",41.9393939534,-87.7120676637,"Kedzie Ave & Milwaukee Ave",41.929567,-87.707857,1367,1072,295
"Wells St & Hubbard St",41.889906,-87.634266,"Rush St & Hubbard St",41.890173,-87.626185,1366,1161,205
"Ogden Ave & Congress Pkwy",41.87501,-87.67328,"Wood St & Taylor St",41.869154,-87.671045,1366,1324,42
"Stetson Ave & South Water St",41.886835,-87.62232,"Indiana Ave & Roosevelt Rd",41.867888,-87.623041,1366,893,473
"Clark St & Lake St",41.8860208277,-87.6308760584,"Wabash Ave & Wacker Pl",41.886875,-87.62603,1366,906,460
"Mies van der Rohe Way & Chestnut St",41.8985866514,-87.6219152258,"Clinton St & Madison St",41.8827519657,-87.6411902905,1366,1225,141
"Sheffield Ave & Kingsbury St",41.910522,-87.653106,"Sheffield Ave & Fullerton Ave",41.9256018819,-87.6537080423,1366,1151,215
"Franklin St & Lake St",41.885837,-87.6355,"Desplaines St & Jackson Blvd",41.8781189009,-87.6439476013,1365,1233,132
"Desplaines St & Jackson Blvd",41.8781189009,-87.6439476013,"Franklin St & Quincy St",41.878724,-87.634793,1365,1351,14
"Blue Island Ave & 18th St",41.857556,-87.661535,"Wood St & Taylor St",41.869154,-87.671045,1365,1351,14
"Wells St & Polk St",41.872373,-87.633523,"Federal St & Polk St",41.8720776329,-87.6295437729,1365,1298,67
"Wabash Ave & 16th St",41.860384,-87.625813,"Indiana Ave & Roosevelt Rd",41.867888,-87.623041,1365,929,436
"Dearborn St & Monroe St",41.881319815,-87.6295209193,"Rush St & Superior St",41.8957647456,-87.6259080327,1364,994,370
"Lincoln Ave & Melrose St",41.9406,-87.669435,"Clark St & Newport St",41.94454,-87.654678,1364,934,430
"Halsted St & Dickens Ave",41.919936,-87.64883,"Lincoln Ave & Diversey Pkwy",41.932225,-87.658617,1364,1098,266
"Halsted St & Blackhawk St",41.90854,-87.648568,"Halsted St & Dickens Ave",41.919936,-87.64883,1364,1260,104
"Wabash Ave & 16th St",41.860384,-87.625813,"Clark St & Congress Pkwy",41.8759326655,-87.6305845355,1364,1324,40
"Wabash Ave & Grand Ave",41.891738,-87.626937,"Desplaines St & Kinzie St",41.888716036,-87.6444478533,1363,1112,251
"Campbell Ave & North Ave",41.910535,-87.689556,"California Ave & Milwaukee Ave",41.922695,-87.697153,1363,910,453
"Broadway & Belmont Ave",41.940106,-87.645451,"Clark St & Drummond Pl",41.931248,-87.644336,1363,1067,296
"Racine Ave & Wrightwood Ave",41.928887,-87.658971,"Halsted St & Dickens Ave",41.919936,-87.64883,1363,934,429
"Stockton Dr & Wrightwood Ave",41.93132,-87.638742,"Larrabee St & Webster Ave",41.921822,-87.64414,1363,952,411
"Wells St & Concord Ln",41.912133,-87.634656,"Mies van der Rohe Way & Chicago Ave",41.89691,-87.621743,1362,1137,225
"Harper Ave & 59th St",41.7879428129,-87.5883151702,"Ellis Ave & 55th St",41.7943006205,-87.6014497734,1362,1114,248
"Michigan Ave & 8th St",41.872773,-87.623981,"Michigan Ave & Oak St",41.90096039,-87.62377664,1362,297,1065
"Cityfront Plaza Dr & Pioneer Ct",41.890573,-87.622072,"LaSalle St & Jackson Blvd",41.878166,-87.631929,1362,1121,241
"Jefferson St & Monroe St",41.880422,-87.642746,"Sangamon St & Washington Blvd",41.883004,-87.651148,1362,1336,26
"Columbus Dr & Randolph St",41.884728,-87.619521,"Mies van der Rohe Way & Chestnut St",41.8985866514,-87.6219152258,1361,900,461
"Clark St & Wrightwood Ave",41.929546,-87.643118,"Broadway & Barry Ave",41.937582316,-87.644097805,1361,996,365
"Aberdeen St & Monroe St",41.880419,-87.655519,"Clinton St & Jackson Blvd",41.8783166118,-87.6409810781,1360,1248,112
"Clark St & Lake St",41.8860208277,-87.6308760584,"Clinton St & Lake St",41.885637,-87.641823,1360,1099,261
"St. Clair St & Erie St",41.8943451374,-87.6227983832,"Stetson Ave & South Water St",41.886835,-87.62232,1360,919,441
"Clinton St & Lake St",41.88583274,-87.64138231,"Wells St & Hubbard St",41.889933,-87.634262,1360,1296,64
"Kingsbury St & Kinzie St",41.8891768326,-87.6385057718,"Wacker Dr & Washington St Corral",41.88316,-87.63736,1359,1309,50
"Ashland Ave & Wellington Ave",41.936083,-87.669807,"Lincoln Ave & Diversey Pkwy",41.932225,-87.658617,1359,1235,124
"Mies van der Rohe Way & Chestnut St",41.8985866514,-87.6219152258,"State St & Chicago Ave",41.8966172004,-87.6285785437,1359,1090,269
"Southport Ave & Belmont Ave",41.9394777504,-87.6637476683,"Southport Ave & Roscoe St",41.943739,-87.66402,1359,1129,230
"Ellis Ave & 60th St",41.7850971464,-87.6010727606,"Blackstone Ave & Hyde Park Blvd",41.802562,-87.590368,1359,1124,235
"Michigan Ave & Madison St",41.882134,-87.625125,"Franklin St & Lake St",41.885837,-87.6355,1359,1107,252
"Wabash Ave & Adams St",41.8794723523,-87.6256886059,"Daley Center Plaza",41.884241,-87.629634,1358,1255,103
"Clark St & Schiller St",41.907993,-87.631501,"Canal St & Adams St",41.879255,-87.639904,1358,1240,118
"Canal St & Madison St",41.882409,-87.639767,"Kingsbury St & Kinzie St",41.8891768326,-87.6385057718,1358,1033,325
"Broadway & Belmont Ave",41.940106,-87.645451,"Clark St & Lincoln Ave",41.915689,-87.6346,1358,790,568
"Lakeview Ave & Fullerton Pkwy",41.925858,-87.638973,"Rush St & Cedar St",41.9023087012,-87.627690528,1358,869,489
"Milwaukee Ave & Wabansia Ave",41.912616,-87.681391,"Damen Ave & Division St",41.903266,-87.678435,1357,1099,258
"Clark St & Chicago Ave",41.896544,-87.630931,"Michigan Ave & Oak St",41.90096039,-87.62377664,1357,593,764
"Cityfront Plaza Dr & Pioneer Ct",41.890573,-87.622072,"Wabash Ave & Wacker Pl",41.886875,-87.62603,1357,778,579
"Mies van der Rohe Way & Chicago Ave",41.89691,-87.621743,"Lake Shore Dr & Belmont Ave",41.940775,-87.639192,1357,1002,355
"Leavitt St & Armitage Ave",41.917805,-87.682437,"Leavitt St & North Ave",41.910153,-87.68229,1356,1211,145
"Clark St & Wrightwood Ave",41.929546,-87.643118,"Ashland Ave & Wrightwood Ave",41.92883,-87.668507,1356,960,396
"Sheridan Rd & Lawrence Ave",41.969517,-87.654691,"Montrose Harbor",41.963982,-87.638181,1356,689,667
"Green St & Randolph St*",41.8836016573,-87.6486267149,"Kingsbury St & Erie St",41.8939139,-87.6417358,1356,1168,188
"McClurg Ct & Illinois St",41.89102,-87.6173,"Michigan Ave & Congress Pkwy",41.8760656,-87.62443336,1356,435,921
"Ashland Ave & Wrightwood Ave",41.92883,-87.668507,"Racine Ave & Fullerton Ave",41.925566,-87.658416,1355,1210,145
"Ravenswood Ave & Lawrence Ave",41.968445,-87.674226,"Broadway & Wilson Ave",41.965221,-87.658139,1355,963,392
"Humboldt Blvd & Armitage Ave",41.917513394,-87.7018089555,"Stave St & Armitage Ave",41.917741,-87.691392,1354,1098,256
"Western Ave & Division St",41.902893,-87.687275,"Wood St & Division St",41.90332,-87.67273,1353,1204,149
"Franklin St & Lake St",41.885837,-87.6355,"LaSalle St & Washington St",41.882664,-87.63253,1353,1259,94
"Clark St & Elm St",41.903233,-87.631253,"Streeter Dr & Illinois St",41.891071,-87.6122,1353,297,1056
"Clark St & Lincoln Ave",41.915689,-87.6346,"Dayton St & North Ave",41.9105780349,-87.6494219288,1352,848,504
"Lincoln Ave & Diversey Pkwy",41.932225,-87.658617,"Halsted St & Roscoe St",41.94367,-87.64895,1352,1136,216
"Canal St & Monroe St",41.8807,-87.63947,"St. Clair St & Erie St",41.8943451374,-87.6227983832,1352,1218,134
"Sedgwick St & North Ave",41.910983,-87.638525,"Sedgwick St & Huron St",41.894666,-87.638437,1352,1165,187
"Lake Shore Dr & Ohio St",41.89257,-87.614492,"Clark St & Elm St",41.903233,-87.631253,1352,899,453
"Wilton Ave & Belmont Ave",41.9402319181,-87.6529437304,"Clark St & Newport St",41.94454,-87.654678,1351,1070,281
"Ashland Ave & Grand Ave",41.891072,-87.666611,"Ashland Ave & Division St",41.90345,-87.667747,1351,1054,297
"St. Clair St & Erie St",41.8943451374,-87.6227983832,"Franklin St & Chicago Ave",41.89679,-87.63564,1351,1169,182
"Cityfront Plaza Dr & Pioneer Ct",41.890573,-87.622072,"Shedd Aquarium",41.8672259568,-87.6153553902,1351,157,1194
"Woodlawn Ave & 55th St",41.795264,-87.596471,"Shore Drive & 55th St",41.795212,-87.580715,1350,729,621
"Halsted St & Roscoe St",41.94367,-87.64895,"Clark St & Drummond Pl",41.931248,-87.644336,1350,980,370
"Broadway & Cornelia Ave",41.945512,-87.64598,"Clark St & Wellington Ave",41.9364968219,-87.6475386582,1350,1194,156
"Clinton St & Lake St",41.885637,-87.641823,"Ogden Ave & Race Ave",41.891795,-87.658751,1349,1207,142
"LaSalle St & Jackson Blvd",41.878166,-87.631929,"Clark St & Lake St",41.8860208277,-87.6308760584,1349,1147,202
"Millennium Park",41.8810317,-87.62408432,"Rush St & Cedar St",41.9023087012,-87.627690528,1349,556,793
"Larrabee St & Kingsbury St",41.897764,-87.642884,"Rush St & Cedar St",41.9023087012,-87.627690528,1349,1193,156
"St. Clair St & Erie St",41.8943451374,-87.6227983832,"Clark St & Chicago Ave",41.896544,-87.630931,1349,1180,169
"Green St & Randolph St*",41.8836016573,-87.6486267149,"Wells St & Huron St",41.8947953,-87.6343743,1349,1069,280
"McClurg Ct & Erie St",41.894503,-87.617854,"Michigan Ave & Washington St",41.8838927658,-87.6246491409,1349,1113,236
"Daley Center Plaza",41.884451,-87.629892,"Clark St & Elm St",41.903233,-87.631253,1349,1199,150
"Clark St & Schiller St",41.907993,-87.631501,"LaSalle Dr & Huron St",41.894877,-87.632326,1348,1133,215
"Desplaines St & Jackson Blvd",41.8781189009,-87.6439476013,"Orleans St & Merchandise Mart Plaza",41.888243,-87.63639,1348,1205,143
"Dearborn St & Monroe St",41.881319815,-87.6295209193,"Wacker Dr & Washington St Corral",41.88316,-87.63736,1348,1271,77
"Clark St & Ida B Wells Dr",41.8759326655,-87.6305845355,"Wabash Ave & 9th St",41.870769,-87.625734,1348,1226,122
"Kingsbury St & Erie St",41.8939139,-87.6417358,"State St & Chicago Ave",41.8966172004,-87.6285785437,1348,1075,273
"Clybourn Ave & Division St",41.904613,-87.640552,"Wells St & Elm St",41.903222,-87.634324,1348,1249,99
"Clinton St & Madison St",41.8827519657,-87.6411902905,"Franklin St & Quincy St",41.878724,-87.634793,1348,1293,55
"Broadway & Cornelia Ave",41.945512,-87.64598,"Lake Shore Dr & Belmont Ave",41.940775,-87.639192,1348,951,397
"Clark St & Grace St",41.95078,-87.659172,"Halsted St & Roscoe St",41.94367,-87.64895,1347,923,424
"Damen Ave & Sunnyside Ave",41.96325,-87.679258,"Lincoln Ave & Leavitt St",41.962391,-87.684146,1347,1265,82
"Canal St & Madison St",41.882409,-87.639767,"Daley Center Plaza",41.884241,-87.629634,1347,1063,284
"Sheffield Ave & Fullerton Ave",41.9256018819,-87.6537080423,"Lincoln Ave & Fullerton Ave",41.925905,-87.64926,1347,1080,267
"Wabash Ave & 8th St",41.871962,-87.626106,"Canal St & Madison St",41.882091,-87.639833,1347,1219,128
"Clinton St & Madison St",41.8827519657,-87.6411902905,"Wacker Dr & Washington St Corral",41.88316,-87.63736,1346,1303,43
"Racine Ave & Belmont Ave",41.939743,-87.658865,"Lincoln Ave & Roscoe St",41.94334,-87.67097,1346,1175,171
"Mies van der Rohe Way & Chicago Ave",41.89691,-87.621743,"Lake Shore Dr & Diversey Pkwy",41.932684,-87.63625,1346,1100,246
"Dearborn St & Adams St",41.8793563587,-87.6297910363,"Cityfront Plaza Dr & Pioneer Ct",41.890573,-87.622072,1345,1083,262
"Dearborn St & Monroe St",41.881319815,-87.6295209193,"Clinton St & Lake St",41.885637,-87.641823,1345,1231,114
"Clark St & Wellington Ave",41.9364968219,-87.6475386582,"Clark St & Schiller St",41.907993,-87.631501,1345,1061,284
"Orleans St & Chestnut St (NEXT Apts)",41.898203,-87.637536,"Franklin St & Chicago Ave",41.89679,-87.63564,1345,1180,165
"Michigan Ave & Jackson Blvd",41.87785,-87.62408,"Michigan Ave & Pearson St",41.89766,-87.62351,1345,312,1033
"Damen Ave & Foster Ave",41.9758109756,-87.6795098986,"Western Ave & Leland Ave",41.966555,-87.688487,1345,1055,290
"Kingsbury St & Kinzie St",41.8891768326,-87.6385057718,"Clybourn Ave & Division St",41.904613,-87.640552,1344,1263,81
"Dearborn Pkwy & Delaware Pl",41.898969,-87.629912,"Sedgwick St & Webster Ave",41.922167,-87.638888,1344,914,430
"Lake Shore Dr & North Blvd",41.911722,-87.626804,"Wilton Ave & Diversey Pkwy",41.932418,-87.652705,1344,630,714
"State St & 35th St",41.831036314,-87.6267975569,"Calumet Ave & 35th St",41.831379,-87.618034,1344,1171,173
"Michigan Ave & 18th St",41.857926,-87.624336,"Dearborn St & Van Buren St",41.876268,-87.629155,1343,1263,80
"Clark St & Lake St",41.8860208277,-87.6308760584,"Desplaines St & Randolph St",41.883703,-87.644238,1343,1155,188
"Spaulding Ave & Armitage Ave",41.9171080348,-87.7102209628,"Humboldt Blvd & Armitage Ave",41.917513394,-87.7018089555,1343,1016,327
"Paulina Ave & North Ave",41.9098546522,-87.66993016,"Campbell Ave & North Ave",41.910535,-87.689556,1343,935,408
"Sheffield Ave & Willow St",41.913688,-87.652855,"Halsted St & Willow St",41.913865,-87.648755,1343,1175,168
"Daley Center Plaza",41.884241,-87.629634,"Calumet Ave & 18th St",41.857611,-87.619407,1343,1306,37
"Wilton Ave & Belmont Ave",41.94018,-87.65304,"Lakeview Ave & Fullerton Pkwy",41.925858,-87.638973,1342,844,498
"Canal St & Monroe St",41.8807,-87.63947,"Wells St & Huron St",41.8947953,-87.6343743,1341,1240,101
"Eckhart Park",41.89637337,-87.66098386,"Damen Ave & Pierce Ave",41.9093960065,-87.6776919292,1340,1073,267
"Rush St & Hubbard St",41.890173,-87.626185,"St. Clair St & Erie St",41.8943451374,-87.6227983832,1340,1042,298
"California Ave & Division St",41.903029,-87.697474,"Western Ave & Division St",41.902893,-87.687275,1340,1020,320
"Halsted St & Wrightwood Ave",41.929143,-87.649077,"Sheffield Ave & Waveland Ave",41.949399,-87.654529,1340,851,489
"Halsted St & Willow St",41.913865,-87.648755,"Clark St & Lincoln Ave",41.915689,-87.6346,1340,981,359
"900 W Harrison St",41.874754,-87.649807,"Hermitage Ave & Polk St",41.871514,-87.669886,1339,1086,253
"Broadway & Wilson Ave",41.965221,-87.658139,"Ravenswood Ave & Lawrence Ave",41.96909,-87.674237,1339,1172,167
"Michigan Ave & Washington St",41.8838927658,-87.6246491409,"Theater on the Lake",41.926277,-87.630834,1339,682,657
"Halsted St & Roscoe St",41.94367,-87.64895,"Burling St & Diversey Pkwy",41.93314,-87.64776,1339,1089,250
"Halsted St & Waveland Ave",41.949375,-87.649626,"Broadway & Sheridan Rd",41.952833,-87.649993,1338,992,346
"Calumet Ave & 21st St",41.8541842495,-87.6191537415,"Michigan Ave & Jackson Blvd",41.87785,-87.62408,1338,974,364
"Franklin St & Jackson Blvd",41.8777079559,-87.6353211408,"Cityfront Plaza Dr & Pioneer Ct",41.890573,-87.622072,1338,762,576
"May St & Taylor St",41.8694821,-87.6554864,"Racine Ave & 18th St",41.8581806068,-87.6564866473,1338,1060,278
"Sheffield Ave & Webster Ave",41.92154,-87.653818,"Racine Ave & Belmont Ave",41.939743,-87.658865,1337,1022,315
"Southport Ave & Roscoe St",41.943739,-87.66402,"Lincoln Ave & Belmont Ave",41.939365,-87.668385,1337,1165,172
"Franklin St & Lake St",41.885837,-87.6355,"Daley Center Plaza",41.884241,-87.629634,1337,1201,136
"Canal St & Jackson Blvd",41.877988,-87.640769,"Dearborn St & Monroe St",41.881319815,-87.6295209193,1336,1184,152
"Desplaines St & Kinzie St",41.888716036,-87.6444478533,"Clark St & Lake St",41.8860208277,-87.6308760584,1336,1085,251
"Blue Island Ave & 18th St",41.857556,-87.661535,"Clinton St & Roosevelt Rd",41.8671177825,-87.6410879593,1336,1039,297
"Loomis St & Lexington St",41.872187,-87.661501,"Loomis St & Taylor St",41.869417,-87.660996,1336,1209,127
"Elston Ave & Wabansia Ave",41.912919,-87.664169,"Damen Ave & Pierce Ave",41.9093960065,-87.6776919292,1335,1198,137
"Mies van der Rohe Way & Chestnut St",41.8985866514,-87.6219152258,"Rush St & Superior St",41.8957647456,-87.6259080327,1335,932,403
"Franklin St & Quincy St",41.878724,-87.634793,"Aberdeen St & Jackson Blvd",41.87772613,-87.65478743,1335,1301,34
"Racine Ave & 15th St",41.861267,-87.656625,"Halsted St & Maxwell St",41.864883,-87.647071,1334,1204,130
"Sheffield Ave & Kingsbury St",41.910522,-87.653106,"Wilton Ave & Diversey Pkwy",41.932418,-87.652705,1334,1190,144
"Clark St & Wellington Ave",41.9364968219,-87.6475386582,"Larrabee St & Webster Ave",41.921822,-87.64414,1334,1012,322
"Clark St & Wellington Ave",41.9364968219,-87.6475386582,"Lincoln Ave & Belmont Ave",41.939365,-87.668385,1334,1196,138
"Streeter Dr & Grand Ave",41.892278,-87.612043,"State St & Pearson St",41.897448,-87.628722,1334,309,1025
"Lake Shore Dr & Ohio St",41.89257,-87.614492,"Columbus Dr & Randolph St",41.884728,-87.619521,1334,669,665
"Sedgwick St & North Ave",41.910983,-87.638525,"Clark St & North Ave",41.911974,-87.631942,1334,1010,324
"Clark St & Newport St",41.94454,-87.654678,"Broadway & Barry Ave",41.937582316,-87.644097805,1334,804,530
"Wells St & Evergreen Ave",41.906724,-87.63483,"Streeter Dr & Grand Ave",41.892278,-87.612043,1334,391,943
"Michigan Ave & Lake St",41.886024,-87.624117,"Michigan Ave & Madison St",41.882134,-87.625125,1334,824,510
"State St & Kinzie St",41.88918,-87.6277,"Desplaines St & Randolph St",41.883703,-87.644238,1333,1143,190
"Orleans St & Merchandise Mart Plaza",41.888243,-87.63639,"Michigan Ave & Pearson St",41.89766,-87.62351,1333,751,582
"Damen Ave & Pierce Ave",41.9093960065,-87.6776919292,"Kedzie Ave & Palmer Ct",41.921525,-87.707322,1333,898,435
"Cottage Grove Ave & 63rd St",41.7805309407,-87.6059702039,"Ellis Ave & 60th St",41.7850971464,-87.6010727606,1333,1177,156
"Peoria St & Jackson Blvd",41.877749,-87.649633,"Dearborn St & Monroe St",41.881319815,-87.6295209193,1332,1181,151
"Loomis St & Taylor St",41.869417,-87.660996,"Clinton St & Roosevelt Rd",41.8671177825,-87.6410879593,1332,1075,257
"Lake Shore Dr & Diversey Pkwy",41.932684,-87.63625,"Wells St & Concord Ln",41.912133,-87.634656,1332,1007,325
"Halsted St & Wrightwood Ave",41.929143,-87.649077,"Burling St & Diversey Pkwy",41.93314,-87.64776,1332,1079,253
"State St & Kinzie St",41.88918,-87.6277,"Indiana Ave & Roosevelt Rd",41.867888,-87.623041,1332,879,453
"Southport Ave & Roscoe St",41.943739,-87.66402,"Clark St & Lincoln Ave",41.915689,-87.6346,1332,820,512
"Lincoln Ave & Belle Plaine Ave",41.955927,-87.679259,"Damen Ave & Sunnyside Ave",41.96325,-87.679258,1332,1242,90
"Halsted St & Dickens Ave",41.919936,-87.64883,"Lincoln Ave & Fullerton Ave",41.925905,-87.64926,1332,1184,148
"McClurg Ct & Ohio St",41.8925921197,-87.6172891259,"Fairbanks Ct & Grand Ave",41.8918473721,-87.6205801964,1332,932,400
"Clark St & Randolph St",41.884576228,-87.63188991,"Morgan St & Lake St",41.8854833079,-87.6523048564,1332,1179,153
"Western Ave & 24th St",41.84847,-87.685109,"Western Ave & 21st St",41.85394,-87.685243,1331,1297,34
"LaSalle St & Jackson Blvd",41.87817,-87.631985,"Michigan Ave & Pearson St",41.89766,-87.62351,1331,1141,190
"Calumet Ave & 21st St",41.8541842495,-87.6191537415,"Michigan Ave & 14th St",41.864059,-87.623727,1331,874,457
"Desplaines St & Jackson Blvd",41.8781189009,-87.6439476013,"Halsted St & Polk St",41.87184,-87.64664,1330,1219,111
"Wells St & Concord Ln",41.912133,-87.634656,"Franklin St & Quincy St",41.878724,-87.634793,1330,1251,79
"Wabash Ave & Grand Ave",41.891466,-87.626761,"Stetson Ave & South Water St",41.886835,-87.62232,1330,1030,300
"Clinton St & Lake St",41.885637,-87.641823,"Racine Ave & Randolph St",41.8840812248,-87.6569207293,1330,1238,92
"Clark St & Chicago Ave",41.896544,-87.630931,"Dearborn St & Erie St",41.893992,-87.629318,1330,1191,139
"LaSalle St & Illinois St",41.890762,-87.631697,"Wells St & Huron St",41.8947953,-87.6343743,1330,1081,249
"Dearborn St & Monroe St",41.881319815,-87.6295209193,"Aberdeen St & Monroe St",41.880419,-87.655519,1329,1163,166
"Wabash Ave & Grand Ave",41.891466,-87.626761,"Shedd Aquarium",41.8672259568,-87.6153553902,1329,166,1163
"Clark St & Armitage Ave",41.918306,-87.636282,"Broadway & Belmont Ave",41.940106,-87.645451,1329,738,591
"Clark St & Newport St",41.94454,-87.654678,"Broadway & Belmont Ave",41.940106,-87.645451,1329,931,398
"Franklin St & Arcade Pl",41.881131,-87.635185,"Dearborn St & Monroe St",41.881319815,-87.6295209193,1328,1239,89
"Cannon Dr & Fullerton Ave",41.9267559875,-87.6344287848,"Broadway & Barry Ave",41.937725,-87.644095,1328,738,590
"Daley Center Plaza",41.884241,-87.629634,"Millennium Park",41.8810317,-87.62408432,1328,649,679
"Clark St & North Ave",41.911974,-87.631942,"Daley Center Plaza",41.884241,-87.629634,1328,1169,159
"Morgan St & Lake St",41.8854833079,-87.6523048564,"Daley Center Plaza",41.884241,-87.629634,1328,1230,98
"Orleans St & Merchandise Mart Plaza",41.888243,-87.63639,"Kingsbury St & Kinzie St",41.8891768326,-87.6385057718,1327,1139,188
"Wabash Ave & Roosevelt Rd",41.867227,-87.625961,"Peoria St & Jackson Blvd",41.877749,-87.649633,1327,1213,114
"Woodlawn Ave & 58th St",41.789381,-87.596479,"University Ave & 57th St",41.791478,-87.599861,1326,1057,269
"Kingsbury St & Erie St",41.8939139,-87.6417358,"Michigan Ave & Oak St",41.90096039,-87.62377664,1326,886,440
"Sheffield Ave & Wrightwood Ave",41.928712,-87.653833,"Burling St & Diversey Pkwy",41.93314,-87.64776,1326,1190,136
"California Ave & North Ave",41.91044,-87.6972,"Wood St & Milwaukee Ave",41.907655,-87.672552,1326,1197,129
"Ritchie Ct & Banks St",41.906866,-87.626217,"Clark St & Armitage Ave",41.918306,-87.636282,1325,772,553
"Wells St & Elm St",41.903222,-87.634324,"St. Clair St & Erie St",41.8943451374,-87.6227983832,1325,920,405
"Wells St & Elm St",41.903222,-87.634324,"Larrabee St & Webster Ave",41.921822,-87.64414,1325,848,477
"Wilton Ave & Belmont Ave",41.94018,-87.65304,"Seeley Ave & Roscoe St",41.943403,-87.679618,1325,1151,174
"Dearborn Pkwy & Delaware Pl",41.899007,-87.629928,"Canal St & Adams St",41.879255,-87.639904,1324,962,362
"Clinton St & Madison St",41.8827519657,-87.6411902905,"Ashland Ave & Chicago Ave",41.895966,-87.667747,1324,1254,70
"Lake Shore Dr & North Blvd",41.911722,-87.626804,"Wabash Ave & Wacker Pl",41.886875,-87.62603,1324,322,1002
"Clark St & Elm St",41.903233,-87.631253,"Cityfront Plaza Dr & Pioneer Ct",41.890573,-87.622072,1324,1014,310
"Wells St & Huron St",41.8947953,-87.6343743,"Franklin St & Quincy St",41.878724,-87.634793,1324,1283,41
"Lincoln Ave & Roscoe St",41.94334,-87.67097,"Lincoln Ave & Belle Plaine Ave",41.955927,-87.679259,1324,1205,119
"State St & 19th St",41.856594,-87.627542,"Dearborn St & Adams St",41.8793563587,-87.6297910363,1323,1199,124
"Orleans St & Merchandise Mart Plaza",41.888243,-87.63639,"Larrabee St & Webster Ave",41.921822,-87.64414,1323,1228,95
"Michigan Ave & Lake St",41.886024,-87.624117,"Rush St & Cedar St",41.9023087012,-87.627690528,1323,993,330
"Ashland Ave & Lake St",41.88541,-87.66732,"Wood St & Hubbard St",41.889715,-87.671966,1323,1299,24
"Lake Shore Dr & Diversey Pkwy",41.932684,-87.63625,"Clark St & Wrightwood Ave",41.929546,-87.643118,1323,1027,296
"Canal St & Jackson Blvd",41.877988,-87.640769,"McClurg Ct & Illinois St",41.89102,-87.6173,1323,1185,138
"Wells St & Elm St",41.903222,-87.634324,"LaSalle Dr & Huron St",41.894877,-87.632326,1322,962,360
"Milwaukee Ave & Grand Ave",41.891578,-87.648384,"Franklin St & Monroe St",41.880317,-87.635185,1322,1211,111
"Dearborn Pkwy & Delaware Pl",41.899007,-87.629928,"Wells St & Concord Ln",41.912133,-87.634656,1322,873,449
"Sheffield Ave & Fullerton Ave",41.9256018819,-87.6537080423,"Clark St & Wellington Ave",41.9364968219,-87.6475386582,1322,1101,221
"Lincoln Ave & Fullerton Ave",41.925905,-87.64926,"Sedgwick St & Webster Ave",41.922167,-87.638888,1322,1062,260
"Clark St & Lincoln Ave",41.915689,-87.6346,"Clinton St & Washington Blvd",41.88338,-87.64117,1322,1211,111
"Daley Center Plaza",41.884241,-87.629634,"Clark St & Lincoln Ave",41.915689,-87.6346,1322,1177,145
"Green St & Randolph St*",41.8836016573,-87.6486267149,"Franklin St & Jackson Blvd",41.8777079559,-87.6353211408,1322,1054,268
"LaSalle St & Illinois St",41.890749,-87.63206,"Michigan Ave & Lake St",41.886024,-87.624117,1322,794,528
"Damen Ave & Pierce Ave",41.9093960065,-87.6776919292,"California Ave & Francis Pl",41.91855,-87.69723,1322,950,372
"Clark St & Grace St",41.95078,-87.659172,"Paulina St & Montrose Ave",41.961507,-87.671387,1321,963,358
"Ashland Ave & Division St",41.90345,-87.667747,"Clinton St & Lake St",41.885637,-87.641823,1321,1166,155
"Shedd Aquarium",41.8672259568,-87.6153553902,"Dearborn St & Adams St",41.8793563587,-87.6297910363,1320,301,1019
"Lake Shore Dr & Ohio St",41.89257,-87.614492,"Dearborn St & Adams St",41.8793563587,-87.6297910363,1320,1112,208
"Larrabee St & Oak St",41.9002194932,-87.6429854676,"Franklin St & Monroe St",41.880317,-87.635185,1320,1305,15
"Larrabee St & Oak St",41.9002194932,-87.6429854676,"Mies van der Rohe Way & Chicago Ave",41.89691,-87.621743,1320,1289,31
"Michigan Ave & Lake St",41.886024,-87.624117,"Wabash Ave & Grand Ave",41.891466,-87.626761,1320,957,363
"Western Ave & Winnebago Ave",41.915533,-87.687051,"Leavitt St & Armitage Ave",41.917805,-87.682437,1319,1253,66
"Adler Planetarium",41.866095,-87.607267,"State St & Harrison St",41.874053,-87.627716,1319,404,915
"Artesian Ave & Hubbard St",41.8895,-87.688257,"Ashland Ave & Grand Ave",41.891072,-87.666611,1319,1180,139
"Racine Ave & 13th St",41.865054,-87.656959,"Halsted St & Roosevelt Rd",41.867324,-87.648625,1319,1272,47
"Broadway & Argyle St",41.97423,-87.6597735,"Broadway & Berwyn Ave",41.978353,-87.659753,1319,1190,129
"Sheffield Ave & Fullerton Ave",41.9256018819,-87.6537080423,"Lake Shore Dr & North Blvd",41.911722,-87.626804,1319,559,760
"Lincoln Ave & Leavitt St",41.962391,-87.684146,"Clark St & Montrose Ave",41.961588,-87.666036,1318,1218,100
"State St & Harrison St",41.874053,-87.627716,"Wabash Ave & Adams St",41.8794723523,-87.6256886059,1318,1068,250
"Wells St & Elm St",41.903222,-87.634324,"Michigan Ave & Oak St",41.90096039,-87.62377664,1318,786,532
"Clinton St & Washington Blvd",41.88338,-87.64117,"Elizabeth St & Fulton St",41.886827,-87.658937,1318,1118,200
"Pine Grove Ave & Waveland Ave",41.9494727409,-87.6464527845,"Montrose Harbor",41.963982,-87.638181,1318,488,830
"Fairbanks St & Superior St",41.895748,-87.620104,"McClurg Ct & Erie St",41.894503,-87.617854,1317,1163,154
"Rush St & Hubbard St",41.890173,-87.626185,"LaSalle St & Jackson Blvd",41.878166,-87.631929,1317,1239,78
"Wells St & Concord Ln",41.912133,-87.634656,"Wilton Ave & Belmont Ave",41.94018,-87.65304,1317,1025,292
"Rush St & Superior St",41.8957647456,-87.6259080327,"Dearborn St & Erie St",41.893992,-87.629318,1317,967,350
"Adler Planetarium",41.866095,-87.607267,"McCormick Place",41.8513751729,-87.6188346489,1317,122,1195
"Clark St & Elm St",41.903233,-87.631253,"LaSalle St & Jackson Blvd",41.878166,-87.631929,1317,1103,214
"Rush St & Hubbard St",41.890173,-87.626185,"Clark St & Elm St",41.903233,-87.631253,1316,1100,216
"Orleans St & Elm St",41.902924,-87.637715,"Orleans St & Chestnut St (NEXT Apts)",41.898203,-87.637536,1316,1215,101
"Southport Ave & Waveland Ave",41.94815,-87.66394,"Sheridan Rd & Montrose Ave",41.96167,-87.65464,1316,1054,262
"Ravenswood Ave & Lawrence Ave",41.96909,-87.674237,"Broadway & Argyle St",41.97423,-87.6597735,1316,1206,110
"Michigan Ave & 14th St",41.864059,-87.623727,"Wabash Ave & 8th St",41.871962,-87.626106,1316,1145,171
"Ogden Ave & Race Ave",41.891795,-87.658751,"Aberdeen St & Jackson Blvd",41.87772613,-87.65478743,1315,1138,177
"Dearborn St & Van Buren St",41.876268,-87.629155,"Federal St & Polk St",41.8720776329,-87.6295437729,1315,1172,143
"California Ave & Division St",41.903029,-87.697474,"California Ave & North Ave",41.91044,-87.6972,1315,932,383
"Wabash Ave & Roosevelt Rd",41.867227,-87.625961,"Clark St & Ida B Wells Dr",41.8759326655,-87.6305845355,1315,1204,111
"Dearborn St & Adams St",41.8793563587,-87.6297910363,"St. Clair St & Erie St",41.8943451374,-87.6227983832,1314,1021,293
"Kedzie Ave & Milwaukee Ave",41.929567,-87.707857,"California Ave & Altgeld St",41.92669,-87.697668,1314,1153,161
"Calumet Ave & 21st St",41.8541842495,-87.6191537415,"Streeter Dr & Grand Ave",41.892278,-87.612043,1314,211,1103
"Dearborn St & Erie St",41.893992,-87.629318,"Ogden Ave & Chicago Ave",41.896362458,-87.6540612729,1314,1126,188
"Michigan Ave & Washington St",41.8839840647,-87.6246839762,"LaSalle St & Washington St",41.882664,-87.63253,1314,1154,160
"900 W Harrison St",41.874754,-87.649807,"Canal St & Jackson Blvd",41.877988,-87.640769,1314,1290,24
"Michigan Ave & 8th St",41.872773,-87.623981,"Michigan Ave & Washington St",41.8838927658,-87.6246491409,1314,505,809
"Paulina St & 18th St",41.857901,-87.668745,"Damen Ave & Cullerton St",41.855048,-87.675726,1313,1175,138
"Clark St & Schiller St",41.907993,-87.631501,"Mies van der Rohe Way & Chestnut St",41.8985866514,-87.6219152258,1313,1073,240
"Larrabee St & Armitage Ave",41.918084,-87.643749,"Theater on the Lake",41.926277,-87.630834,1313,716,597
"Franklin St & Lake St",41.885837,-87.6355,"LaSalle St & Jackson Blvd",41.878166,-87.631929,1313,1111,202
"Halsted St & Clybourn Ave",41.909668,-87.648128,"Larrabee St & Webster Ave",41.921822,-87.64414,1313,1025,288
"Wells St & Huron St",41.8947953,-87.6343743,"Daley Center Plaza",41.884241,-87.629634,1313,1191,122
"Wentworth Ave & 33rd St",41.8345298856,-87.6318229814,"Shields Ave & 28th Pl",41.842733,-87.635491,1312,1241,71
"Clinton St & Lake St",41.88583274,-87.64138231,"Michigan Ave & Lake St",41.886024,-87.624117,1312,1208,104
"LaSalle St & Illinois St",41.890749,-87.63206,"Mies van der Rohe Way & Chicago Ave",41.89691,-87.621743,1312,916,396
"Orleans St & Elm St",41.902924,-87.637715,"Dearborn Pkwy & Delaware Pl",41.898969,-87.629912,1311,1228,83
"Michigan Ave & Congress Pkwy",41.8760656,-87.62443336,"Clinton St & Madison St",41.8827519657,-87.6411902905,1311,1116,195
"Millennium Park",41.8810317,-87.62408432,"DuSable Lake Shore Dr & North Blvd",41.911722,-87.626804,1311,333,978
"California Ave & Cortez St",41.900363,-87.696704,"Damen Ave & Pierce Ave",41.9093960065,-87.6776919292,1310,945,365
"Clark St & Randolph St",41.884576228,-87.63188991,"Desplaines St & Randolph St",41.883703,-87.644238,1310,1063,247
"Ritchie Ct & Banks St",41.906866,-87.626217,"St. Clair St & Erie St",41.8943451374,-87.6227983832,1310,1073,237
"McClurg Ct & Erie St",41.894503,-87.617854,"Ritchie Ct & Banks St",41.906866,-87.626217,1310,1170,140
"Larrabee St & Armitage Ave",41.918084,-87.643749,"Sheffield Ave & Kingsbury St",41.910522,-87.653106,1310,1125,185
"State St & Pearson St",41.897448,-87.628722,"Clark St & Armitage Ave",41.918306,-87.636282,1310,962,348
"Green St & Madison St",41.881859328,-87.6492637396,"Loomis St & Lexington St",41.872187,-87.661501,1310,1200,110
"Orleans St & Elm St",41.902924,-87.637715,"LaSalle St & Illinois St",41.890749,-87.63206,1310,1238,72
"Larrabee St & Kingsbury St",41.897764,-87.642884,"Ashland Ave & Division St",41.90345,-87.667747,1310,1156,154
"Rush St & Hubbard St",41.890173,-87.626185,"Clinton St & Jackson Blvd",41.8783166118,-87.6409810781,1309,1205,104
"Halsted St & Fulton St",41.886871,-87.648089,"Halsted St & Clybourn Ave",41.909668,-87.648128,1309,889,420
"Green St & Randolph St*",41.8836016573,-87.6486267149,"Racine Ave & Randolph St",41.8840812248,-87.6569207293,1309,1183,126
"McClurg Ct & Erie St",41.894503,-87.617854,"LaSalle St & Jackson Blvd",41.87817,-87.631985,1309,1276,33
"Western Ave & Winnebago Ave",41.915533,-87.687051,"Damen Ave & Pierce Ave",41.9093960065,-87.6776919292,1309,975,334
"Noble St & Milwaukee Ave",41.90068,-87.6626,"California Ave & Milwaukee Ave",41.922695,-87.697153,1308,947,361
"Shedd Aquarium",41.8672259568,-87.6153553902,"Wabash Ave & 9th St",41.870769,-87.625734,1308,502,806
"Franklin St & Quincy St",41.878724,-87.634793,"Rush St & Superior St",41.8957647456,-87.6259080327,1308,1197,111
"Daley Center Plaza",41.884241,-87.629634,"Sedgwick St & Webster Ave",41.922167,-87.638888,1308,1215,93
"Lake Shore Dr & North Blvd",41.911722,-87.626804,"Wabash Ave & Grand Ave",41.891466,-87.626761,1308,593,715
"Michigan Ave & Lake St",41.886024,-87.624117,"Museum Campus",41.865212,-87.617759,1308,116,1192
"Damen Ave & Pierce Ave",41.9093960065,-87.6776919292,"Kingsbury St & Kinzie St",41.8891768326,-87.6385057718,1307,1048,259
"Wells St & Concord Ln",41.912133,-87.634656,"Halsted St & Blackhawk St",41.90854,-87.648568,1307,1181,126
"Artesian Ave & Hubbard St",41.8895,-87.688257,"Elizabeth St & Fulton St",41.886827,-87.658937,1307,1254,53
"Halsted St & Maxwell St",41.864883,-87.647071,"Loomis St & Lexington St",41.8722287322,-87.661363855,1307,1055,252
"Field Blvd & South Water St",41.8863490627,-87.6175165471,"Michigan Ave & Madison St",41.882134,-87.625125,1307,1010,297
"Theater on the Lake",41.926277,-87.630834,"Wells St & Evergreen Ave",41.906724,-87.63483,1306,572,734
"Sedgwick St & North Ave",41.910983,-87.638525,"Clifton Ave & Armitage Ave",41.918216,-87.656936,1305,1056,249
"Orleans St & Merchandise Mart Plaza",41.888243,-87.63639,"Michigan Ave & Oak St",41.90096039,-87.62377664,1305,756,549
"State St & Pearson St",41.897448,-87.628722,"Dearborn St & Erie St",41.893992,-87.629318,1305,1033,272
"Lakeview Ave & Fullerton Pkwy",41.925858,-87.638973,"Sedgwick St & North Ave",41.910983,-87.638525,1305,881,424
"McClurg Ct & Erie St",41.894503,-87.617854,"State St & Randolph St",41.8847302006,-87.6277335692,1305,1190,115
"Daley Center Plaza",41.884241,-87.629634,"Clinton St & Jackson Blvd",41.8783166118,-87.6409810781,1304,1173,131
"Halsted St & 35th St",41.830661,-87.647172,"Halsted St & Archer Ave",41.847203,-87.646795,1304,1129,175
"Pine Grove Ave & Waveland Ave",41.949275,-87.646303,"Southport Ave & Roscoe St",41.943739,-87.66402,1304,1061,243
"Museum Campus",41.865212,-87.617759,"Wabash Ave & 8th St",41.871962,-87.626106,1304,249,1055
"Wood St & Milwaukee Ave",41.907655,-87.672552,"Carpenter St & Huron St",41.894556,-87.653449,1303,976,327
"Desplaines St & Kinzie St",41.888716036,-87.6444478533,"Lake Shore Dr & North Blvd",41.911722,-87.626804,1303,883,420
"Wolcott Ave & Polk St",41.871262,-87.673688,"Halsted St & Maxwell St",41.864883,-87.647071,1303,1131,172
"DuSable Lake Shore Dr & North Blvd",41.911722,-87.626804,"Dearborn Pkwy & Delaware Pl",41.898969,-87.629912,1303,704,599
"Racine Ave & Belmont Ave",41.939743,-87.658865,"Wilton Ave & Diversey Pkwy",41.932418,-87.652705,1303,1060,243
"Michigan Ave & Lake St",41.886024,-87.624117,"Theater on the Lake",41.926277,-87.630834,1303,751,552
"Sheffield Ave & Wellington Ave",41.936253,-87.653566,"Sheffield Ave & Fullerton Ave",41.9256018819,-87.6537080423,1303,1091,212
"Lake Shore Dr & North Blvd",41.911722,-87.626804,"Broadway & Cornelia Ave",41.945512,-87.64598,1303,493,810
"Wabash Ave & Roosevelt Rd",41.867227,-87.625961,"Orleans St & Merchandise Mart Plaza",41.888243,-87.63639,1302,1155,147
"Michigan Ave & Washington St",41.8839840647,-87.6246839762,"Wabash Ave & Grand Ave",41.891466,-87.626761,1302,442,860
"Ashland Ave & Wrightwood Ave",41.92883,-87.668507,"Sheffield Ave & Webster Ave",41.92154,-87.653818,1301,1066,235
"Clinton St & Tilden St",41.875885,-87.640795,"Michigan Ave & Congress Pkwy",41.8760656,-87.62443336,1301,1234,67
"Ashland Ave & Grand Ave",41.891072,-87.666611,"Kingsbury St & Kinzie St",41.8891768326,-87.6385057718,1301,1118,183
"Orleans St & Merchandise Mart Plaza",41.888243,-87.63639,"Orleans St & Chestnut St (NEXT Apts)",41.898203,-87.637536,1301,1019,282
"Marshfield Ave & Cortland St",41.916017,-87.668879,"Claremont Ave & Hirsch St",41.907781,-87.685854,1301,1236,65
"State St & Pearson St",41.897448,-87.628722,"LaSalle St & Illinois St",41.890749,-87.63206,1301,1055,246
"DuSable Lake Shore Dr & North Blvd",41.911722,-87.626804,"Clark St & Lincoln Ave",41.915689,-87.6346,1301,633,668
"State St & Van Buren St",41.877181,-87.627844,"Adler Planetarium",41.866095,-87.607267,1301,393,908
"Stockton Dr & Wrightwood Ave",41.93132,-87.638742,"Streeter Dr & Illinois St",41.891071,-87.6122,1301,371,930
"Desplaines St & Jackson Blvd",41.8781189009,-87.6439476013,"Wabash Ave & Adams St",41.8794723523,-87.6256886059,1300,1168,132
"State St & Randolph St",41.8847302006,-87.6277335692,"State St & Harrison St",41.874053,-87.627716,1300,901,399
"Clark St & Lake St",41.8860208277,-87.6308760584,"Michigan Ave & Washington St",41.8838927658,-87.6246491409,1300,898,402
"Rockwell St & Eastwood Ave",41.9659001398,-87.6936384935,"Lincoln Ave & Winona St",41.9749112968,-87.6925025594,1300,1198,102
"Lincoln Ave & Roscoe St",41.94334,-87.67097,"Halsted St & Roscoe St",41.94367,-87.64895,1300,1015,285
"Southport Ave & Waveland Ave",41.94815,-87.66394,"Lincoln Ave & Belmont Ave",41.939365,-87.668385,1300,1139,161
"Ada St & Washington Blvd",41.88283,-87.661206,"Kingsbury St & Kinzie St",41.8891768326,-87.6385057718,1299,1088,211
"Racine Ave & Belmont Ave",41.939743,-87.658865,"Sheffield Ave & Waveland Ave",41.949399,-87.654529,1299,874,425
"Damen Ave & Cortland St",41.915983,-87.677335,"Marshfield Ave & Cortland St",41.916017,-87.668879,1299,1214,85
"Peoria St & Jackson Blvd",41.877749,-87.649633,"May St & Taylor St",41.8694821,-87.6554864,1299,1094,205
"Clinton St & Lake St",41.885637,-87.641823,"Canal St & Madison St",41.882091,-87.639833,1298,1263,35
"Orleans St & Elm St",41.902924,-87.637715,"Franklin St & Chicago Ave",41.89679,-87.63564,1298,1158,140
"Mies van der Rohe Way & Chestnut St",41.8985866514,-87.6219152258,"Shedd Aquarium",41.8672259568,-87.6153553902,1298,119,1179
"Kingsbury St & Kinzie St",41.8891768326,-87.6385057718,"Ashland Ave & Augusta Blvd",41.899643,-87.6677,1297,1159,138
"Sheridan Rd & Montrose Ave",41.96167,-87.65464,"Clarendon Ave & Leland Ave",41.967968,-87.650001,1297,930,367
"California Ave & Milwaukee Ave",41.922695,-87.697153,"Western Ave & Winnebago Ave",41.915533,-87.687051,1295,998,297
"Wells St & Concord Ln",41.912133,-87.634656,"Daley Center Plaza",41.884241,-87.629634,1295,1169,126
"Wabash Ave & Wacker Pl",41.886875,-87.62603,"Franklin St & Monroe St",41.880317,-87.635185,1295,740,555
"State St & Randolph St",41.8847302006,-87.6277335692,"Clinton St & Lake St",41.88583274,-87.64138231,1295,1133,162
"Rush St & Superior St",41.8957647456,-87.6259080327,"McClurg Ct & Illinois St",41.89102,-87.6173,1294,921,373
"LaSalle St & Jackson Blvd",41.878166,-87.631929,"Wells St & Hubbard St",41.889906,-87.634266,1294,1194,100
"Mies van der Rohe Way & Chicago Ave",41.89691,-87.621743,"Wabash Ave & Grand Ave",41.891738,-87.626937,1294,752,542
"Wabash Ave & 8th St",41.871962,-87.626106,"Loomis St & Jackson Blvd",41.877945,-87.662007,1293,1284,9
"Burnham Harbor",41.8574117871,-87.6137915254,"Dusable Harbor",41.886976,-87.612813,1293,630,663
"Woodlawn Ave & 58th St",41.789381,-87.596479,"Ellis Ave & 53rd St",41.7993362626,-87.6009581145,1293,1056,237
"Orleans St & Merchandise Mart Plaza",41.888243,-87.63639,"Desplaines St & Randolph St",41.883703,-87.644238,1292,1172,120
"Michigan Ave & Madison St",41.882134,-87.625125,"Rush St & Superior St",41.8957647456,-87.6259080327,1292,983,309
"Canal St & Monroe St",41.8807,-87.63947,"Clark St & Lake St",41.8860208277,-87.6308760584,1292,1152,140
"Clark St & Armitage Ave",41.918306,-87.636282,"McClurg Ct & Illinois St",41.89102,-87.6173,1292,565,727
"Burnham Harbor",41.8574117871,-87.6137915254,"Fort Dearborn Dr & 31st St*",41.838676329,-87.6088321209,1292,796,496
"Woodlawn Ave & 55th St",41.795264,-87.596471,"University Ave & 59th St",41.787878,-87.598906,1291,964,327
"Morgan St & Lake St",41.8854833079,-87.6523048564,"Carpenter St & Huron St",41.894556,-87.653449,1291,1165,126
"Sangamon St & Washington Blvd",41.883165,-87.6511,"Daley Center Plaza",41.884241,-87.629634,1291,1171,120
"Calumet Ave & 51st St",41.8022946509,-87.6180535802,"Cottage Grove Ave & 51st St",41.803038,-87.606615,1291,1023,268
"Calumet Ave & 21st St",41.8541842495,-87.6191537415,"Lake Shore Dr & Monroe St",41.880958,-87.616743,1291,459,832
"McClurg Ct & Erie St",41.894503,-87.617854,"Wabash Ave & Grand Ave",41.891738,-87.626937,1291,1114,177
"Canal St & Adams St",41.879255,-87.639904,"Southport Ave & Wellington Ave",41.935733,-87.663576,1290,1278,12
"Canal St & Madison St",41.882409,-87.639767,"Dearborn St & Monroe St",41.881319815,-87.6295209193,1290,767,523
"Lake Shore Dr & North Blvd",41.911722,-87.626804,"Sheffield Ave & Wrightwood Ave",41.928712,-87.653833,1290,606,684
"Green St & Madison St",41.881859328,-87.6492637396,"Elizabeth St & Randolph St",41.884336,-87.658902,1290,860,430
"Museum Campus",41.865212,-87.617759,"McCormick Place",41.8513751729,-87.6188346489,1290,65,1225
"Clark St & Chicago Ave",41.896544,-87.630931,"Clinton St & Madison St",41.8827519657,-87.6411902905,1290,1172,118
"Calumet Ave & 18th St",41.857611,-87.619407,"Clark St & Congress Pkwy",41.8759326655,-87.6305845355,1290,1251,39
"Damen Ave & Cortland St",41.916027,-87.677411,"Damen Ave & Charleston St",41.920082,-87.677855,1289,1097,192
"Wood St & Milwaukee Ave",41.907655,-87.672552,"Eckhart Park",41.89637337,-87.66098386,1289,1021,268
"Ashland Ave & Wrightwood Ave",41.92883,-87.668507,"Halsted St & Wrightwood Ave",41.929143,-87.649077,1289,924,365
"Franklin St & Lake St",41.885837,-87.6355,"Clark St & Lake St",41.8860208277,-87.6308760584,1289,1114,175
"Lake Shore Dr & Diversey Pkwy",41.932684,-87.63625,"Broadway & Belmont Ave",41.940106,-87.645451,1289,1022,267
"Michigan Ave & Lake St",41.886024,-87.624117,"Daley Center Plaza",41.884451,-87.629892,1289,1091,198
"Clifton Ave & Armitage Ave",41.918216,-87.656936,"Sedgwick St & Webster Ave",41.922167,-87.638888,1288,963,325
"State St & Randolph St",41.8847302006,-87.6277335692,"Rush St & Superior St",41.8957647456,-87.6259080327,1288,956,332
"Lake Shore Dr & Ohio St",41.89257,-87.614492,"Rush St & Cedar St",41.9023087012,-87.627690528,1288,900,388
"Wabash Ave & Roosevelt Rd",41.867227,-87.625961,"State St & Kinzie St",41.88918,-87.6277,1287,943,344
"DuSable Lake Shore Dr & Monroe St",41.880958,-87.616743,"McClurg Ct & Ohio St",41.8925921197,-87.6172891259,1287,355,932
"Winchester Ave & Elston Ave",41.9240908504,-87.6764600747,"Sheffield Ave & Fullerton Ave",41.9256018819,-87.6537080423,1287,1094,193
"Michigan Ave & Pearson St",41.89766,-87.62351,"Clark St & Schiller St",41.907993,-87.631501,1286,826,460
"Orleans St & Hubbard St",41.890028,-87.636618,"Franklin St & Monroe St",41.880317,-87.635185,1286,1196,90
"Larrabee St & Webster Ave",41.921822,-87.64414,"Racine Ave & Fullerton Ave",41.92556258,-87.65840426,1286,1067,219
"Broadway & Barry Ave",41.937725,-87.644095,"Clark St & North Ave",41.911974,-87.631942,1286,901,385
"State St & Randolph St",41.8847302006,-87.6277335692,"Canal St & Jackson Blvd",41.877988,-87.640769,1286,1137,149
"Clark St & Lake St",41.8860208277,-87.6308760584,"Franklin St & Jackson Blvd",41.8777079559,-87.6353211408,1285,847,438
"Sedgwick St & Webster Ave",41.922167,-87.638888,"Sheffield Ave & Willow St",41.913688,-87.652855,1285,997,288
"Clark St & Berwyn Ave",41.9780306225,-87.6685649157,"Sheridan Rd & Montrose Ave",41.96167,-87.65464,1285,959,326
"Mies van der Rohe Way & Chestnut St",41.8985866514,-87.6219152258,"Clark St & North Ave",41.911974,-87.631942,1285,863,422
"Dearborn St & Erie St",41.893992,-87.629318,"Michigan Ave & Madison St",41.882134,-87.625125,1285,862,423
"Sheridan Rd & Columbia Ave",42.004583,-87.661406,"Broadway & Granville Ave",41.9947796884,-87.6602845349,1284,1009,275
"Ravenswood Ave & Irving Park Rd",41.95469,-87.67393,"Paulina St & Montrose Ave",41.961507,-87.671387,1284,1199,85
"Halsted St & Dickens Ave",41.919936,-87.64883,"Clark St & Drummond Pl",41.931248,-87.644336,1284,982,302
"Clark St & Wellington Ave",41.9364968219,-87.6475386582,"Lake Shore Dr & Belmont Ave",41.940775,-87.639192,1284,1117,167
"Clarendon Ave & Leland Ave",41.967968,-87.650001,"Broadway & Wilson Ave",41.965221,-87.658139,1283,1035,248
"Dusable Harbor",41.886976,-87.612813,"Columbus Dr & Randolph St",41.884728,-87.619521,1283,504,779
"Desplaines St & Kinzie St",41.888716036,-87.6444478533,"Canal St & Jackson Blvd",41.877988,-87.640769,1282,1125,157
"Blue Island Ave & 18th St",41.857556,-87.661535,"May St & Taylor St",41.8694821,-87.6554864,1282,1087,195
"Racine Ave & Fullerton Ave",41.92556258,-87.65840426,"Racine Ave & Wrightwood Ave",41.928887,-87.658971,1282,1225,57
"Adler Planetarium",41.866095,-87.607267,"Lake Shore Dr & North Blvd",41.911722,-87.626804,1282,388,894
"Federal St & Polk St",41.8720776329,-87.6295437729,"Dearborn St & Erie St",41.893992,-87.629318,1281,1030,251
"Ogden Ave & Chicago Ave",41.896362458,-87.6540612729,"Noble St & Milwaukee Ave",41.90068,-87.6626,1281,1108,173
"Broadway & Belmont Ave",41.940106,-87.645451,"Sheffield Ave & Addison St",41.94688,-87.65445,1281,899,382
"Streeter Dr & Grand Ave",41.892278,-87.612043,"Broadway & Waveland Ave",41.949074,-87.648636,1281,452,829
"Michigan Ave & Lake St",41.886022,-87.624398,"Canal St & Adams St",41.879255,-87.639904,1280,1029,251
"Wallace St & 35th St",41.8307070514,-87.641255334,"Emerald Ave & 31st St",41.838198,-87.645143,1280,1157,123
"Ashland Ave & 13th St",41.865234,-87.666507,"Ogden Ave & Roosevelt Rd",41.8665014832,-87.68469707,1280,1231,49
"Clinton St & Washington Blvd",41.88338,-87.64117,"Field Blvd & South Water St",41.8863490627,-87.6175165471,1280,1087,193
"Aberdeen St & Jackson Blvd",41.87772613,-87.65478743,"Canal St & Monroe St",41.8807,-87.63947,1280,1203,77
"Wood St & Milwaukee Ave",41.907655,-87.672552,"Leavitt St & Armitage Ave",41.917805,-87.682437,1279,985,294
"LaSalle St & Adams St",41.8793443735,-87.6319852213,"Indiana Ave & Roosevelt Rd",41.867888,-87.623041,1279,1091,188
"Clinton St & Lake St",41.885637,-87.641823,"State St & Kinzie St",41.88918,-87.6277,1279,1154,125
"LaSalle St & Washington St",41.882664,-87.63253,"Sedgwick St & Huron St",41.894666,-87.638437,1279,1107,172
"Michigan Ave & Washington St",41.8838927658,-87.6246491409,"Daley Center Plaza",41.884241,-87.629634,1279,1007,272
"Federal St & Polk St",41.8720776329,-87.6295437729,"Wabash Ave & 9th St",41.870769,-87.625734,1278,1024,254
"Halsted St & Polk St",41.87184,-87.64664,"Peoria St & Jackson Blvd",41.8776415963,-87.6496177912,1278,1147,131
"Michigan Ave & Pearson St",41.89766,-87.62351,"Mies van der Rohe Way & Chestnut St",41.8985866514,-87.6219152258,1278,711,567
"Clinton St & Lake St",41.885637,-87.641823,"LaSalle St & Jackson Blvd",41.878166,-87.631929,1278,1195,83
"Clark St & Schreiber Ave",41.999245,-87.671249,"Glenwood Ave & Morse Ave",42.0079719229,-87.6655023944,1277,1156,121
"Clark St & Randolph St",41.884576228,-87.63188991,"Wabash Ave & Adams St",41.8794723523,-87.6256886059,1277,1159,118
"Dayton St & North Ave",41.9105780349,-87.6494219288,"Larrabee St & Oak St",41.9002194932,-87.6429854676,1277,1181,96
"Clark St & Grace St",41.95078,-87.659172,"Clark St & Leland Ave",41.967096,-87.667429,1277,945,332
"Orleans St & Merchandise Mart Plaza",41.888243,-87.63639,"Ashland Ave & Division St",41.90345,-87.667747,1277,1081,196
"Wells St & Hubbard St",41.889933,-87.634262,"Clinton St & Madison St",41.8827519657,-87.6411902905,1277,1199,78
"State St & Van Buren St",41.877181,-87.627844,"McClurg Ct & Illinois St",41.89102,-87.6173,1277,851,426
"Stockton Dr & Wrightwood Ave",41.93132,-87.638742,"Sheffield Ave & Webster Ave",41.92154,-87.653818,1276,1066,210
"Wells St & Walton St",41.89993001,-87.63443007,"State St & Chicago Ave",41.8966172004,-87.6285785437,1276,1091,185
"Wolcott Ave & Polk St",41.871262,-87.673688,"Western Ave & Congress Pkwy",41.8747488508,-87.6864452757,1276,1193,83
"Michigan Ave & Oak St",41.90096039,-87.62377664,"Wilton Ave & Belmont Ave",41.94018,-87.65304,1276,472,804
"Michigan Ave & Lake St",41.886022,-87.624398,"Clinton St & Washington Blvd",41.88338,-87.64117,1276,1014,262
"900 W Harrison St",41.874754,-87.649807,"Green St & Madison St",41.881859328,-87.6492637396,1276,1108,168
"Millennium Park",41.8810317,-87.62408432,"LaSalle St & Illinois St",41.890762,-87.631697,1276,270,1006
"Sheffield Ave & Waveland Ave",41.949399,-87.654529,"DuSable Lake Shore Dr & Belmont Ave",41.940775,-87.639192,1275,893,382
"McClurg Ct & Erie St",41.894503,-87.617854,"Michigan Ave & 18th St",41.857926,-87.624336,1275,1239,36
"Halsted St & Wrightwood Ave",41.929143,-87.649077,"Wilton Ave & Belmont Ave",41.9402319181,-87.6529437304,1275,857,418
"Clinton St & Lake St",41.885637,-87.641823,"Wabash Ave & Wacker Pl",41.886875,-87.62603,1275,1037,238
"Sedgwick St & North Ave",41.910983,-87.638525,"Halsted St & Dickens Ave",41.919936,-87.64883,1275,994,281
"Dearborn St & Monroe St",41.881319815,-87.6295209193,"Wells St & Elm St",41.903222,-87.634324,1274,1110,164
"Dearborn St & Monroe St",41.881319815,-87.6295209193,"Aberdeen St & Jackson Blvd",41.87772613,-87.65478743,1274,1150,124
"Larrabee St & Webster Ave",41.921822,-87.64414,"Racine Ave & Fullerton Ave",41.925566,-87.658416,1274,1008,266
"Shields Ave & 31st St",41.838464,-87.635406,"Shields Ave & 28th Pl",41.842733,-87.635491,1274,1172,102
"Sedgwick St & Huron St",41.894666,-87.638437,"State St & Chicago Ave",41.8966172004,-87.6285785437,1274,996,278
"Indiana Ave & Roosevelt Rd",41.867888,-87.623041,"Wabash Ave & Wacker Pl",41.886875,-87.62603,1273,561,712
"Mies van der Rohe Way & Chestnut St",41.8985866514,-87.6219152258,"Michigan Ave & Washington St",41.8838927658,-87.6246491409,1273,411,862
"Dayton St & North Ave",41.9105780349,-87.6494219288,"Sedgwick St & Webster Ave",41.922167,-87.638888,1272,973,299
"LaSalle St & Adams St",41.8793443735,-87.6319852213,"Wabash Ave & Roosevelt Rd",41.867227,-87.625961,1272,1154,118
"Wells St & Hubbard St",41.889906,-87.634266,"St. Clair St & Erie St",41.8943451374,-87.6227983832,1272,1029,243
"Clark St & Berwyn Ave",41.9780306225,-87.6685649157,"Winthrop Ave & Lawrence Ave",41.968812,-87.657659,1272,945,327
"Daley Center Plaza",41.884451,-87.629892,"Dearborn St & Monroe St",41.881319815,-87.6295209193,1271,1100,171
"Clinton St & 18th St",41.85795,-87.640826,"Wabash Ave & Roosevelt Rd",41.867227,-87.625961,1271,884,387
"Wells St & Concord Ln",41.912133,-87.634656,"Wabash Ave & Grand Ave",41.891466,-87.626761,1271,922,349
"California Ave & 23rd Pl",41.8491096918,-87.6951398068,"California Ave & 21st St",41.854016,-87.695445,1271,1251,20
"Greenview Ave & Fullerton Ave",41.92533,-87.6658,"Greenview Ave & Diversey Pkwy",41.9325896343,-87.6659363508,1270,1135,135
"LaSalle St & Adams St",41.8793443735,-87.6319852213,"Dearborn Pkwy & Delaware Pl",41.898969,-87.629912,1270,1128,142
"Wabash Ave & Roosevelt Rd",41.867227,-87.625961,"Cityfront Plaza Dr & Pioneer Ct",41.890573,-87.622072,1270,1046,224
"Orleans St & Merchandise Mart Plaza",41.888243,-87.63639,"Wabash Ave & Grand Ave",41.891738,-87.626937,1270,981,289
"Bissell St & Armitage Ave*",41.9182955629,-87.6521833241,"Clark St & Armitage Ave",41.918306,-87.636282,1270,743,527
"Ashland Ave & Blackhawk St",41.907066,-87.667252,"Larrabee St & Kingsbury St",41.897764,-87.642884,1269,1201,68
"Hampden Ct & Diversey Pkwy",41.93262,-87.642385,"Clark St & Wrightwood Ave",41.929546,-87.643118,1269,1118,151
"Wilton Ave & Belmont Ave",41.94018,-87.65304,"Sheffield Ave & Wellington Ave",41.936253,-87.653566,1269,1093,176
"Wentworth Ave & Cermak Rd*",41.8532144185,-87.6318722963,"Clinton St & 18th St",41.85795,-87.640826,1268,605,663
"Michigan Ave & 14th St",41.864059,-87.623727,"State St & Harrison St",41.874053,-87.627716,1268,986,282
"Indiana Ave & Roosevelt Rd",41.867888,-87.623041,"Canal St & Madison St",41.882091,-87.639833,1268,1041,227
"Milwaukee Ave & Wabansia Ave",41.912616,-87.681391,"Damen Ave & Charleston St",41.920082,-87.677855,1267,1050,217
"Milwaukee Ave & Grand Ave",41.891578,-87.648384,"Halsted St & Clybourn Ave",41.909668,-87.648128,1267,898,369
"Troy St & North Ave",41.9097693017,-87.7052804871,"Kedzie Ave & Milwaukee Ave",41.929567,-87.707857,1267,975,292
"DuSable Lake Shore Dr & North Blvd",41.911722,-87.626804,"Field Blvd & South Water St",41.8863490627,-87.6175165471,1267,613,654
"LaSalle St & Jackson Blvd",41.878166,-87.631929,"Michigan Ave & Lake St",41.886024,-87.624117,1267,1204,63
"Indiana Ave & Roosevelt Rd",41.867888,-87.623041,"Dearborn St & Van Buren St",41.876268,-87.629155,1266,1069,197
"Southport Ave & Irving Park Rd",41.954177,-87.664358,"Ravenswood Ave & Irving Park Rd",41.95469,-87.67393,1266,1137,129
"Michigan Ave & Madison St",41.882134,-87.625125,"St. Clair St & Erie St",41.8943451374,-87.6227983832,1266,728,538
"Clark St & Newport St",41.94454,-87.654678,"Sheffield Ave & Wellington Ave",41.9362534831,-87.6526620984,1266,787,479
"Clinton St & Madison St",41.8827519657,-87.6411902905,"Loomis St & Taylor St",41.869417,-87.660996,1266,1183,83
"Franklin St & Jackson Blvd",41.8777079559,-87.6353211408,"Michigan Ave & Washington St",41.8839840647,-87.6246839762,1266,850,416
"Sheffield Ave & Webster Ave",41.92154,-87.653818,"Sedgwick St & North Ave",41.910983,-87.638525,1265,947,318
"Clark St & Winnemac Ave",41.9733476405,-87.6678554714,"Winthrop Ave & Lawrence Ave",41.968812,-87.657659,1265,968,297
"Mies van der Rohe Way & Chicago Ave",41.89691,-87.621743,"Clark St & Schiller St",41.907993,-87.631501,1265,1026,239
"Rush St & Superior St",41.8957647456,-87.6259080327,"Ogden Ave & Chicago Ave",41.896362458,-87.6540612729,1265,1033,232
"Franklin St & Illinois St",41.8910233103,-87.6354798675,"LaSalle St & Jackson Blvd",41.878166,-87.631929,1265,1168,97
"Wabash Ave & Adams St",41.8794723523,-87.6256886059,"Wabash Ave & 8th St",41.871962,-87.626106,1264,1061,203
"Dearborn St & Monroe St",41.881319815,-87.6295209193,"Michigan Ave & Oak St",41.90096039,-87.62377664,1264,800,464
"Clark St & Schiller St",41.907993,-87.631501,"Wells St & Evergreen Ave",41.906724,-87.63483,1264,982,282
"Larrabee St & Webster Ave",41.921822,-87.64414,"Rush St & Cedar St",41.9023087012,-87.627690528,1264,928,336
"Jefferson St & Monroe St",41.880422,-87.642746,"Ada St & Washington Blvd",41.88283,-87.661206,1264,1199,65
"Loomis St & Lexington St",41.872187,-87.661501,"Loomis St & Jackson Blvd",41.877945,-87.662007,1263,1197,66
"Dearborn St & Erie St",41.893992,-87.629318,"Wells St & Walton St",41.89993001,-87.63443007,1263,1014,249
"DuSable Lake Shore Dr & Monroe St",41.880958,-87.616743,"New St & Illinois St",41.8908470406,-87.6186168194,1263,350,913
"Halsted St & 35th St",41.830661,-87.647172,"State St & 35th St",41.83104,-87.62688,1261,1157,104
"Montrose Harbor",41.963982,-87.638181,"Clark St & Grace St",41.95078,-87.659172,1261,459,802
"Clark St & Lake St",41.8860208277,-87.6308760584,"State St & Kinzie St",41.88918,-87.6277,1261,1090,171
"Clark St & Randolph St",41.884576228,-87.63188991,"Clinton St & Lake St",41.885637,-87.641823,1261,1189,72
"Wood St & Milwaukee Ave",41.907655,-87.672552,"Sheffield Ave & Kingsbury St",41.910522,-87.653106,1261,1037,224
"Clinton St & Roosevelt Rd",41.8671177825,-87.6410879593,"Jefferson St & Monroe St",41.880422,-87.642746,1260,1031,229
"Wells St & Concord Ln",41.912133,-87.634656,"State St & Chicago Ave",41.8966172004,-87.6285785437,1260,896,364
"Kedzie Ave & Milwaukee Ave",41.929567,-87.707857,"St. Louis Ave & Fullerton Ave",41.9248155968,-87.7144950628,1260,908,352
"Wells St & Evergreen Ave",41.906724,-87.63483,"Wells St & Hubbard St",41.889933,-87.634262,1259,1045,214
"Clark St & Wrightwood Ave",41.929546,-87.643118,"Sheffield Ave & Kingsbury St",41.910522,-87.653106,1259,1074,185
"Canal St & Jackson Blvd",41.877988,-87.640769,"Wabash Ave & Grand Ave",41.891738,-87.626937,1259,1107,152
"Clinton St & Madison St",41.8827519657,-87.6411902905,"Michigan Ave & Oak St",41.90096039,-87.62377664,1258,797,461
"Streeter Dr & Illinois St",41.891071,-87.6122,"St. Clair St & Erie St",41.8943451374,-87.6227983832,1258,98,1160
"Franklin St & Lake St",41.885837,-87.6355,"Wabash Ave & Grand Ave",41.891738,-87.626937,1258,1048,210
"McClurg Ct & Erie St",41.894503,-87.617854,"Clark St & Randolph St",41.884576228,-87.63188991,1258,1163,95
"Rush St & Hubbard St",41.890173,-87.626185,"McClurg Ct & Erie St",41.894503,-87.617854,1257,1129,128
"Indiana Ave & Roosevelt Rd",41.867888,-87.623041,"Wabash Ave & 8th St",41.871962,-87.626106,1257,593,664
"Ellis Ave & 53rd St",41.7993362626,-87.6009581145,"Calumet Ave & 51st St",41.8022946509,-87.6180535802,1257,1123,134
"LaSalle St & Illinois St",41.890749,-87.63206,"Clark St & Lincoln Ave",41.915689,-87.6346,1257,741,516
"Mies van der Rohe Way & Chestnut St",41.8985866514,-87.6219152258,"Wells St & Evergreen Ave",41.906724,-87.63483,1257,896,361
"Stockton Dr & Wrightwood Ave",41.93132,-87.638742,"Lake Shore Dr & Monroe St",41.880958,-87.616743,1257,690,567
"Lake Shore Dr & North Blvd",41.911722,-87.626804,"Clarendon Ave & Junior Ter",41.961004,-87.649603,1256,646,610
"McClurg Ct & Illinois St",41.89102,-87.6173,"Cannon Dr & Fullerton Ave",41.9267559875,-87.6344287848,1256,270,986
"McClurg Ct & Illinois St",41.89102,-87.6173,"Wabash Ave & Roosevelt Rd",41.867227,-87.625961,1256,790,466
"Humboldt Blvd & Armitage Ave",41.917513394,-87.7018089555,"Leavitt St & North Ave",41.910153,-87.68229,1256,1121,135
"Wells St & Evergreen Ave",41.906724,-87.63483,"Larrabee St & Menomonee St",41.91468,-87.64332,1256,1077,179
"Sheridan Rd & Montrose Ave",41.96167,-87.65464,"Wilton Ave & Belmont Ave",41.94018,-87.65304,1256,1034,222
"Wabash Ave & Wacker Pl",41.886875,-87.62603,"Daley Center Plaza",41.884241,-87.629634,1256,1012,244
"Clark St & Armitage Ave",41.918306,-87.636282,"Halsted St & Clybourn Ave",41.909668,-87.648128,1256,855,401
"Streeter Dr & Grand Ave",41.892278,-87.612043,"Burnham Harbor",41.8574117871,-87.6137915254,1256,425,831
"LaSalle St & Illinois St",41.890762,-87.631697,"Milwaukee Ave & Grand Ave",41.891578,-87.648384,1255,1007,248
"Canal St & Madison St",41.882409,-87.639767,"Franklin St & Jackson Blvd",41.8777079559,-87.6353211408,1255,1039,216
"Bissell St & Armitage Ave*",41.9182955629,-87.6521833241,"Sheffield Ave & Kingsbury St",41.910522,-87.653106,1255,1121,134
"Wood St & Milwaukee Ave",41.907655,-87.672552,"Ashland Ave & Chicago Ave",41.895966,-87.667747,1255,1113,142
"Bissell St & Armitage Ave",41.91844,-87.65222,"Lincoln Ave & Fullerton Ave",41.925905,-87.64926,1255,1080,175
"LaSalle St & Illinois St",41.890749,-87.63206,"Franklin St & Monroe St",41.880317,-87.635185,1254,977,277
"Clark St & Elm St",41.903233,-87.631253,"Wells St & Hubbard St",41.889933,-87.634262,1254,1090,164
"Desplaines St & Kinzie St",41.888716036,-87.6444478533,"Peoria St & Jackson Blvd",41.877749,-87.649633,1253,1149,104
"Lincoln Ave & Melrose St",41.9406,-87.669435,"DuSable Lake Shore Dr & Belmont Ave",41.940775,-87.639192,1253,1020,233
"State St & Kinzie St",41.88918,-87.6277,"Clark St & Schiller St",41.907993,-87.631501,1253,984,269
"Campbell Ave & North Ave",41.910535,-87.689556,"California Ave & North Ave",41.91044,-87.6972,1253,1108,145
"State St & Pearson St",41.897448,-87.628722,"Wells St & Evergreen Ave",41.906724,-87.63483,1253,936,317
"Fairbanks Ct & Grand Ave",41.89186,-87.62062,"Wells St & Huron St",41.8947953,-87.6343743,1253,1090,163
"LaSalle St & Jackson Blvd",41.87817,-87.631985,"Mies van der Rohe Way & Chicago Ave",41.89691,-87.621743,1253,1168,85
"Franklin St & Monroe St",41.880317,-87.635185,"LaSalle Dr & Huron St",41.894877,-87.632326,1252,1148,104
"Desplaines St & Kinzie St",41.888716036,-87.6444478533,"Millennium Park",41.8810317,-87.62408432,1252,645,607
"Chicago Ave & Washington St",42.032562,-87.679101,"Chicago Ave & Sheridan Rd",42.050491,-87.677821,1252,731,521
"Lake Park Ave & 56th St",41.793242,-87.587782,"Fort Dearborn Dr & 31st St",41.838556,-87.608218,1251,575,676
"Racine Ave & Fullerton Ave",41.92556258,-87.65840426,"Halsted St & Wrightwood Ave",41.929143,-87.649077,1251,1137,114
"Southport Ave & Roscoe St",41.943739,-87.66402,"Damen Ave & Melrose Ave",41.9406,-87.6785,1251,918,333
"Avers Ave & Belmont Ave",41.939408,-87.723574,"Kedzie Ave & Milwaukee Ave",41.929567,-87.707857,1251,861,390
"Michigan Ave & Oak St",41.90096039,-87.62377664,"Michigan Ave & Madison St",41.882134,-87.625125,1251,401,850
"Larrabee St & North Ave",41.91021,-87.6435,"Clark St & Elm St",41.903233,-87.631253,1251,1041,210
"Wells St & Evergreen Ave",41.906724,-87.63483,"Halsted St & Clybourn Ave",41.909668,-87.648128,1251,823,428
"Michigan Ave & Jackson Blvd",41.87785,-87.62408,"Peoria St & Jackson Blvd",41.877749,-87.649633,1251,930,321
"Milwaukee Ave & Rockwell St",41.920195,-87.693033,"Marshfield Ave & Cortland St",41.916017,-87.668879,1251,1131,120
"Michigan Ave & Washington St",41.8838927658,-87.6246491409,"Morgan St & Lake St",41.8854833079,-87.6523048564,1250,981,269
"Ada St & Washington Blvd",41.88283,-87.661206,"Desplaines St & Jackson Blvd",41.8781189009,-87.6439476013,1249,1160,89
"Ogden Ave & Race Ave",41.891795,-87.658751,"Franklin St & Monroe St",41.880317,-87.635185,1249,1219,30
"Broadway & Berwyn Ave",41.978353,-87.659753,"Sheridan Rd & Lawrence Ave",41.969517,-87.654691,1249,1041,208
"Bissell St & Armitage Ave",41.91844,-87.65222,"Michigan Ave & Oak St",41.90096039,-87.62377664,1249,734,515
"Michigan Ave & Pearson St",41.89766,-87.62351,"Rush St & Cedar St",41.9023087012,-87.627690528,1249,805,444
"Field Blvd & South Water St",41.8863490627,-87.6175165471,"Clark St & Randolph St",41.884576228,-87.63188991,1249,1039,210
"Wells St & Huron St",41.8947953,-87.6343743,"Clark St & Armitage Ave",41.918306,-87.636282,1249,840,409
"Rush St & Hubbard St",41.890173,-87.626185,"Franklin St & Jackson Blvd",41.8777079559,-87.6353211408,1248,859,389
"LaSalle St & Washington St",41.882664,-87.63253,"Wells St & Concord Ln",41.912133,-87.634656,1248,1114,134
"State St & Pearson St",41.897448,-87.628722,"Kingsbury St & Erie St",41.8939139,-87.6417358,1248,1104,144
"Franklin St & Jackson Blvd",41.8777079559,-87.6353211408,"Wells St & Huron St",41.8947953,-87.6343743,1248,1100,148
"Clinton St & Madison St",41.8827519657,-87.6411902905,"Indiana Ave & Roosevelt Rd",41.867888,-87.623041,1247,970,277
"Michigan Ave & Oak St",41.90096039,-87.62377664,"Larrabee St & Kingsbury St",41.897764,-87.642884,1247,768,479
"McClurg Ct & Erie St",41.894503,-87.617854,"Wabash Ave & Wacker Pl",41.886875,-87.62603,1247,966,281
"Rush St & Superior St",41.8957647456,-87.6259080327,"Franklin St & Chicago Ave",41.89679,-87.63564,1246,1099,147
"Lake Shore Dr & North Blvd",41.911722,-87.626804,"Clark St & Randolph St",41.884576228,-87.63188991,1245,925,320
"Dayton St & North Ave",41.9105780349,-87.6494219288,"Wells St & Elm St",41.903222,-87.634324,1244,990,254
"Sheffield Ave & Fullerton Ave",41.9256018819,-87.6537080423,"Cannon Dr & Fullerton Ave",41.9267559875,-87.6344287848,1244,579,665
"Franklin St & Chicago Ave",41.89680204,-87.63563839,"Clinton St & Madison St",41.8827519657,-87.6411902905,1244,1171,73
"Columbus Dr & Randolph St",41.884728,-87.619521,"Kingsbury St & Erie St",41.8939139,-87.6417358,1244,1111,133
"Larrabee St & Division St",41.90348607,-87.6433534936,"Wabash Ave & Wacker Pl",41.886875,-87.62603,1244,1168,76
"Fairbanks Ct & Grand Ave",41.89186,-87.62062,"Wacker Dr & Washington St Corral",41.88316,-87.63736,1244,1131,113
"Desplaines St & Kinzie St",41.888716036,-87.6444478533,"Wells St & Elm St",41.903222,-87.634324,1243,902,341
"Michigan Ave & Lake St",41.886024,-87.624117,"Desplaines St & Kinzie St",41.888716036,-87.6444478533,1243,1006,237
"Halsted St & Wrightwood Ave",41.929143,-87.649077,"Racine Ave & Fullerton Ave",41.925566,-87.658416,1243,918,325
"Shore Dr & 55th St",41.795212,-87.580715,"Lake Park Ave & 47th St",41.809443,-87.591875,1243,543,700
"Larrabee St & Webster Ave",41.921822,-87.64414,"Hampden Ct & Diversey Pkwy",41.93262,-87.642385,1243,978,265
"Wolcott Ave & Polk St",41.871262,-87.673688,"Ashland Ave & 13th St",41.865234,-87.666507,1242,1159,83
"Broadway & Argyle St",41.97423,-87.6597735,"Sheridan Rd & Montrose Ave",41.96167,-87.65464,1242,1018,224
"Clark St & Lincoln Ave",41.915689,-87.6346,"Larrabee St & Menomonee St",41.91468,-87.64332,1241,974,267
"Franklin St & Chicago Ave",41.89679,-87.63564,"Clinton St & Lake St",41.885637,-87.641823,1241,1134,107
"Michigan Ave & Madison St",41.882134,-87.625125,"Wabash Ave & Grand Ave",41.891466,-87.626761,1241,760,481
"Wabash Ave & Wacker Pl",41.886875,-87.62603,"Dearborn St & Adams St",41.8793563587,-87.6297910363,1240,681,559
"Canal St & Adams St",41.879255,-87.639904,"Wood St & Milwaukee Ave",41.907655,-87.672552,1240,1120,120
"Desplaines St & Kinzie St",41.888716036,-87.6444478533,"Mies van der Rohe Way & Chicago Ave",41.89691,-87.621743,1240,1129,111
"Clinton St & Roosevelt Rd",41.8671177825,-87.6410879593,"Clark St & 9th St (AMLI)",41.870816,-87.631246,1240,1085,155
"Canal St & Taylor St",41.870257,-87.639474,"Indiana Ave & Roosevelt Rd",41.867888,-87.623041,1240,715,525
"Clinton St & Washington Blvd",41.88338,-87.64117,"Loomis St & Jackson Blvd",41.877945,-87.662007,1240,1095,145
"Lakeview Ave & Fullerton Pkwy",41.925858,-87.638973,"Sedgwick St & Webster Ave",41.922167,-87.638888,1240,840,400
"Sheffield Ave & Wrightwood Ave",41.928712,-87.653833,"Lakeview Ave & Fullerton Pkwy",41.925858,-87.638973,1240,842,398
"Wells St & Walton St",41.89993001,-87.63443007,"Franklin St & Chicago Ave",41.89680204,-87.63563839,1240,1097,143
"Millennium Park",41.8810317,-87.62408432,"Jefferson St & Monroe St",41.880422,-87.642746,1240,611,629
"Michigan Ave & Jackson Blvd",41.87785,-87.62408,"Stetson Ave & South Water St",41.886835,-87.62232,1239,704,535
"Michigan Ave & Washington St",41.8838927658,-87.6246491409,"Michigan Ave & 14th St",41.864059,-87.623727,1239,932,307
"Halsted St & Clybourn Ave",41.909668,-87.648128,"Orleans St & Chestnut St (NEXT Apts)",41.898203,-87.637536,1238,1010,228
"Logan Blvd & Elston Ave",41.929465,-87.684158,"Kedzie Ave & Milwaukee Ave",41.929567,-87.707857,1238,992,246
"McClurg Ct & Erie St",41.894503,-87.617854,"Orleans St & Merchandise Mart Plaza",41.888243,-87.63639,1238,1149,89
"Paulina St & Flournoy St",41.8730610879,-87.6691348851,"Peoria St & Jackson Blvd",41.8776415963,-87.6496177912,1238,1068,170
"Dearborn Pkwy & Delaware Pl",41.899007,-87.629928,"Dearborn St & Adams St Corral",41.87939,-87.62988,1238,825,413
"Clark St & Congress Pkwy",41.8759326655,-87.6305845355,"Wabash Ave & 8th St",41.871962,-87.626106,1238,1124,114
"Ravenswood Ave & Irving Park Rd",41.95469,-87.67393,"Lincoln Ave & Roscoe St",41.94334,-87.67097,1237,1134,103
"Clinton St & Madison St",41.8827519657,-87.6411902905,"Michigan Ave & Pearson St",41.89766,-87.62351,1237,808,429
"Franklin St & Lake St",41.885837,-87.6355,"State St & Pearson St",41.897448,-87.628722,1237,1083,154
"Clark St & Schiller St",41.907993,-87.631501,"Dearborn St & Adams St",41.8793563587,-87.6297910363,1236,1150,86
"Clinton St & Washington Blvd",41.88338,-87.64117,"Clinton St & Roosevelt Rd",41.8671177825,-87.6410879593,1236,1104,132
"Fairbanks Ct & Grand Ave",41.89186,-87.62062,"Canal St & Jackson Blvd",41.877988,-87.640769,1236,1124,112
"Clark St & Congress Pkwy",41.8759326655,-87.6305845355,"McClurg Ct & Illinois St",41.89102,-87.6173,1236,1097,139
"Sangamon St & Washington Blvd",41.883004,-87.651148,"Kingsbury St & Kinzie St",41.8891768326,-87.6385057718,1235,1143,92
"Sheffield Ave & Waveland Ave",41.949399,-87.654529,"Southport Ave & Irving Park Rd",41.954177,-87.664358,1235,956,279
"Clark St & Newport St",41.94454,-87.654678,"Sheffield Ave & Wrightwood Ave",41.928712,-87.653833,1235,632,603
"Columbus Dr & Randolph St",41.884728,-87.619521,"Clinton St & Lake St",41.88583274,-87.64138231,1235,1107,128
"Broadway & Waveland Ave",41.949074,-87.648636,"Lakefront Trail & Bryn Mawr Ave",41.9840441152,-87.6522812247,1235,741,494
"State St & Erie St",41.893975,-87.628623,"Clark St & Elm St",41.903233,-87.631253,1235,904,331
"Eckhart Park",41.89637337,-87.66098386,"Morgan St & Lake St",41.8854833079,-87.6523048564,1234,1108,126
"State St & 19th St",41.856594,-87.627542,"Federal St & Polk St",41.8720776329,-87.6295437729,1234,1013,221
"State St & Chicago Ave",41.8966172004,-87.6285785437,"Mies van der Rohe Way & Chicago Ave",41.8969446264,-87.6217576861,1234,1032,202
"Field Blvd & South Water St",41.8863490627,-87.6175165471,"Streeter Dr & Illinois St",41.891071,-87.6122,1234,453,781
"State St & Kinzie St",41.88918,-87.6277,"Michigan Ave & Madison St",41.882134,-87.625125,1234,771,463
"Loomis St & Lexington St",41.872187,-87.661501,"Canal St & Adams St",41.879255,-87.639904,1233,1154,79
"Clark St & Schiller St",41.907993,-87.631501,"DuSable Lake Shore Dr & North Blvd",41.911722,-87.626804,1233,791,442
"Dearborn Pkwy & Delaware Pl",41.898969,-87.629912,"Wells St & Hubbard St",41.889933,-87.634262,1233,1082,151
"Calumet Ave & 33rd St",41.8349,-87.61793,"Calumet Ave & 35th St",41.831379,-87.618034,1233,1122,111
"Franklin St & Jackson Blvd",41.8777079559,-87.6353211408,"Wabash Ave & Grand Ave",41.891738,-87.626937,1233,597,636
"Peoria St & Jackson Blvd",41.877749,-87.649633,"Canal St & Monroe St",41.8807,-87.63947,1233,1164,69
"Kingsbury St & Kinzie St",41.8891768326,-87.6385057718,"Jefferson St & Monroe St",41.880422,-87.642746,1232,1172,60
"Ravenswood Ave & Lawrence Ave",41.96909,-87.674237,"Lincoln Ave & Winona St",41.9749112968,-87.6925025594,1232,1152,80
"Racine Ave & Congress Pkwy",41.87464,-87.65703,"Blue Island Ave & 18th St",41.857556,-87.661535,1231,1101,130
"Fort Dearborn Dr & 31st St",41.838556,-87.608218,"Field Museum",41.865312,-87.617867,1231,412,819
"Clark St & Grace St",41.95078,-87.659172,"Southport Ave & Clark St",41.957081,-87.664199,1231,882,349
"St. Clair St & Erie St",41.8943451374,-87.6227983832,"LaSalle St & Jackson Blvd",41.878166,-87.631929,1231,1013,218
"LaSalle St & Illinois St",41.890762,-87.631697,"McClurg Ct & Illinois St",41.89102,-87.6173,1231,1003,228
"Canal St & Madison St",41.882091,-87.639833,"Green St & Randolph St*",41.8836016573,-87.6486267149,1231,1112,119
"Dearborn St & Adams St",41.8793563587,-87.6297910363,"Franklin St & Lake St",41.885837,-87.6355,1230,1075,155
"Clark St & Lincoln Ave",41.915689,-87.6346,"Franklin St & Chicago Ave",41.89680204,-87.63563839,1230,1024,206
"Franklin St & Monroe St",41.880317,-87.635185,"LaSalle St & Illinois St",41.890762,-87.631697,1230,944,286
"Franklin St & Jackson Blvd",41.8777079559,-87.6353211408,"Clinton St & Lake St",41.88583274,-87.64138231,1230,1120,110
"Western Ave & Division St",41.902893,-87.687275,"Damen Ave & Chicago Ave",41.895769,-87.67722,1229,983,246
"Clark St & Grace St",41.95078,-87.659172,"Ravenswood Ave & Lawrence Ave",41.96909,-87.674237,1229,765,464
"Clifton Ave & Armitage Ave",41.918216,-87.656936,"Racine Ave & Belmont Ave",41.939743,-87.658865,1229,949,280
"Wood St & Hubbard St",41.889715,-87.671966,"Artesian Ave & Hubbard St",41.8895,-87.688257,1229,839,390
"Millennium Park",41.8810317,-87.62408432,"Green St & Randolph St*",41.8836016573,-87.6486267149,1229,357,872
"Sedgwick St & North Ave",41.910983,-87.638525,"Halsted St & Willow St",41.913778,-87.64884,1229,1136,93
"Dayton St & North Ave",41.9105780349,-87.6494219288,"Clark St & Schiller St",41.907993,-87.631501,1228,950,278
"Franklin St & Lake St",41.885837,-87.6355,"Wabash Ave & Roosevelt Rd",41.867227,-87.625961,1228,1103,125
"Indiana Ave & Roosevelt Rd",41.867888,-87.623041,"LaSalle St & Washington St",41.882664,-87.63253,1228,1046,182
"Clark St & North Ave",41.911974,-87.631942,"State St & Pearson St",41.897448,-87.628722,1228,883,345
"Clinton St & Madison St",41.8827519657,-87.6411902905,"Halsted St & Madison St",41.88175,-87.6478,1228,1128,100
"Fairbanks Ct & Grand Ave",41.89186,-87.62062,"Wells St & Hubbard St",41.889906,-87.634266,1228,1078,150
"Mies van der Rohe Way & Chestnut St",41.8985866514,-87.6219152258,"McClurg Ct & Ohio St",41.8925921197,-87.6172891259,1228,904,324
"Peoria St & Jackson Blvd",41.877749,-87.649633,"Franklin St & Quincy St",41.878724,-87.634793,1228,1163,65
"Wabash Ave & Wacker Pl",41.886875,-87.62603,"Dearborn St & Monroe St",41.881319815,-87.6295209193,1227,742,485
"Wabash Ave & Roosevelt Rd",41.867227,-87.625961,"Clark St & 9th St (AMLI)",41.870816,-87.631246,1227,1025,202
"Indiana Ave & Roosevelt Rd",41.867888,-87.623041,"Clark St & Randolph St",41.884576228,-87.63188991,1227,927,300
"Pine Grove Ave & Irving Park Rd",41.954383,-87.648043,"Ravenswood Ave & Irving Park Rd",41.95469,-87.67393,1227,1045,182
"Mies van der Rohe Way & Chestnut St",41.8985866514,-87.6219152258,"Clinton St & Lake St",41.885637,-87.641823,1227,1150,77
"Green St & Randolph St*",41.8836016573,-87.6486267149,"Wacker Dr & Washington St Corral",41.88316,-87.63736,1227,1116,111
"Clark St & Grace St",41.95078,-87.659172,"Clark St & Bryn Mawr Ave",41.983593,-87.669154,1226,905,321
"Clark St & Schiller St",41.907993,-87.631501,"Franklin St & Lake St",41.885837,-87.6355,1226,1105,121
"Southport Ave & Wellington Ave",41.935733,-87.663576,"Clinton St & Washington Blvd",41.88338,-87.64117,1226,1184,42
"Broadway & Belmont Ave",41.940106,-87.645451,"Lake Shore Dr & Wellington Ave",41.936669,-87.636794,1226,909,317
"Halsted St & Diversey Pkwy",41.933341,-87.648747,"Sheffield Ave & Wellington Ave",41.936253,-87.653566,1226,1092,134
"LaSalle Dr & Huron St",41.894877,-87.632326,"Wells St & Huron St",41.8947953,-87.6343743,1225,940,285
"Clark St & Lake St",41.8860208277,-87.6308760584,"Dearborn St & Adams St",41.8793563587,-87.6297910363,1225,986,239
"Ravenswood Ave & Berteau Ave",41.957921,-87.673567,"Clark St & Grace St",41.95078,-87.659172,1225,863,362
"Milwaukee Ave & Wabansia Ave",41.912616,-87.681391,"Campbell Ave & Fullerton Ave",41.9246324716,-87.6893070063,1225,1074,151
"Ada St & Washington Blvd",41.88283,-87.661206,"Daley Center Plaza",41.884241,-87.629634,1225,1127,98
"LaSalle St & Jackson Blvd",41.87817,-87.631985,"Fairbanks Ct & Grand Ave",41.89186,-87.62062,1225,1085,140
"Racine Ave & Fullerton Ave",41.92556258,-87.65840426,"Southport Ave & Wrightwood Ave",41.92888,-87.66317,1225,1169,56
"Kingsbury St & Kinzie St",41.8891768326,-87.6385057718,"Michigan Ave & Washington St",41.8838927658,-87.6246491409,1224,952,272
"Theater on the Lake",41.926277,-87.630834,"Broadway & Ridge Ave",41.9840446107,-87.6602738295,1224,900,324
"Drexel Ave & 60th St",41.785861,-87.604553,"Ellis Ave & 58th St",41.788746,-87.601334,1222,1074,148
"Clifton Ave & Lawrence Ave",41.968873,-87.658857,"Marine Dr & Ainslie St",41.9716,-87.650154,1222,1173,49
"Michigan Ave & Madison St",41.882134,-87.625125,"Adler Planetarium",41.866095,-87.607267,1222,195,1027
"Clinton St & Lake St",41.88583274,-87.64138231,"Franklin St & Monroe St",41.880317,-87.635185,1222,1189,33
"Franklin St & Monroe St",41.880317,-87.635185,"Jefferson St & Monroe St",41.880422,-87.642746,1222,1172,50
"McClurg Ct & Erie St",41.894503,-87.617854,"Shedd Aquarium",41.8672259568,-87.6153553902,1222,229,993
"Mies van der Rohe Way & Chicago Ave",41.89691,-87.621743,"State St & Kinzie St",41.88918,-87.6277,1222,805,417
"California Ave & Milwaukee Ave",41.922695,-87.697153,"Marshfield Ave & Cortland St",41.916017,-87.668879,1221,961,260
"Sheffield Ave & Fullerton Ave",41.9256018819,-87.6537080423,"Racine Ave & Belmont Ave",41.939743,-87.658865,1221,971,250
"Leavitt St & North Ave",41.910153,-87.68229,"California Ave & North Ave",41.91044,-87.6972,1221,1074,147
"Franklin St & Jackson Blvd",41.8777079559,-87.6353211408,"Aberdeen St & Monroe St",41.880419,-87.655519,1219,1099,120
"Franklin St & Chicago Ave",41.89680204,-87.63563839,"Kingsbury St & Erie St",41.8939139,-87.6417358,1219,1122,97
"Field Blvd & South Water St",41.8863490627,-87.6175165471,"McClurg Ct & Illinois St",41.89102,-87.6173,1219,911,308
"Daley Center Plaza",41.884241,-87.629634,"LaSalle St & Illinois St",41.890762,-87.631697,1219,952,267
"Museum Campus",41.865212,-87.617759,"Shedd Aquarium",41.8672259568,-87.6153553902,1219,140,1079
"Michigan Ave & 8th St",41.872773,-87.623981,"Michigan Ave & Lake St",41.886024,-87.624117,1219,423,796
"Southport Ave & Waveland Ave",41.94815,-87.66394,"Sheridan Rd & Buena Ave",41.958494,-87.654966,1218,962,256
"Broadway & Barry Ave",41.937582316,-87.644097805,"DuSable Lake Shore Dr & Wellington Ave",41.9366884495,-87.6368290186,1218,885,333
"St. Clair St & Erie St",41.8943451374,-87.6227983832,"Clinton St & Lake St",41.88583274,-87.64138231,1218,1172,46
"Clark St & Newport St",41.94454,-87.654678,"DuSable Lake Shore Dr & Belmont Ave",41.940775,-87.639192,1218,725,493
"Orleans St & Elm St",41.902924,-87.637715,"Franklin St & Chicago Ave",41.89680204,-87.63563839,1218,1108,110
"Broadway & Barry Ave",41.937582316,-87.644097805,"Pine Grove Ave & Irving Park Rd",41.954383,-87.648043,1218,890,328
"Damen Ave & Cortland St",41.916027,-87.677411,"Ashland Ave & Division St",41.90345,-87.667747,1218,981,237
"DuSable Lake Shore Dr & Diversey Pkwy",41.932588,-87.636427,"Clark St & Armitage Ave",41.918306,-87.636282,1217,689,528
"Calumet Ave & 35th St",41.831379,-87.618034,"Rhodes Ave & 32nd St",41.836208,-87.613533,1217,1129,88
"Stetson Ave & South Water St",41.886835,-87.62232,"Wabash Ave & Wacker Pl",41.886875,-87.62603,1217,849,368
"Leavitt St & North Ave",41.910153,-87.68229,"Damen Ave & Division St",41.90331,-87.67695,1217,1013,204
"Theater on the Lake",41.926277,-87.630834,"Lincoln Park Conservatory",41.9239313114,-87.6358245313,1216,458,758
"Lincoln Ave & Diversey Pkwy",41.932225,-87.658617,"Southport Ave & Waveland Ave",41.94815,-87.66394,1216,877,339
"Southport Ave & Wellington Ave",41.935733,-87.663576,"Wells St & Concord Ln",41.912133,-87.634656,1216,973,243
"Union Ave & Grand Ave",41.891,-87.645925,"Clinton St & Madison St",41.8827519657,-87.6411902905,1216,1194,22
"Montrose Harbor",41.963982,-87.638181,"Broadway & Argyle St",41.97423,-87.6597735,1216,743,473
"Dearborn St & Erie St",41.893992,-87.629318,"Clinton St & Lake St",41.88583274,-87.64138231,1216,1178,38
"Bissell St & Armitage Ave",41.91844,-87.65222,"Lakeview Ave & Fullerton Pkwy",41.925858,-87.638973,1216,941,275
"Michigan Ave & 8th St",41.872773,-87.623981,"Michigan Ave & Madison St",41.882134,-87.625125,1216,747,469
"Orleans St & Merchandise Mart Plaza",41.888243,-87.63639,"State St & Chicago Ave",41.8966172004,-87.6285785437,1215,883,332
"Fort Dearborn Dr & 31st St",41.838556,-87.608218,"Emerald Ave & 31st St",41.838198,-87.645143,1214,756,458
"Theater on the Lake",41.926277,-87.630834,"Racine Ave & Fullerton Ave",41.925566,-87.658416,1214,820,394
"Clinton St & Washington Blvd",41.88338,-87.64117,"Federal St & Polk St",41.8720776329,-87.6295437729,1214,1101,113
"Daley Center Plaza",41.884451,-87.629892,"Wabash Ave & Roosevelt Rd",41.867227,-87.625961,1213,1020,193
"Dearborn Pkwy & Delaware Pl",41.898969,-87.629912,"Michigan Ave & Pearson St",41.89766,-87.62351,1213,820,393
"Larrabee St & Webster Ave",41.921822,-87.64414,"Clark St & Drummond Pl",41.931248,-87.644336,1213,897,316
"Halsted St & 18th St",41.857499,-87.646277,"Halsted St & Polk St",41.87184,-87.64664,1213,1111,102
"Sedgwick St & Webster Ave",41.922167,-87.638888,"Larrabee St & Armitage Ave",41.918084,-87.643749,1213,1026,187
"Dearborn St & Van Buren St",41.876268,-87.629155,"Franklin St & Monroe St",41.880317,-87.635185,1213,1155,58
"Desplaines St & Kinzie St",41.888716036,-87.6444478533,"State St & Randolph St",41.8847302006,-87.6277335692,1212,1003,209
"Orleans St & Merchandise Mart Plaza",41.888243,-87.63639,"Rush St & Cedar St",41.9023087012,-87.627690528,1212,988,224
"Lake Shore Dr & North Blvd",41.911722,-87.626804,"Broadway & Waveland Ave",41.949074,-87.648636,1212,546,666
"Ada St & Washington Blvd",41.88283,-87.661206,"Sangamon St & Washington Blvd",41.883165,-87.6511,1211,1063,148
"Halsted St & 18th St",41.857499,-87.646277,"Clinton St & Roosevelt Rd",41.8671177825,-87.6410879593,1211,1027,184
"Paulina Ave & North Ave",41.9098546522,-87.66993016,"Honore St & Division St",41.903119,-87.673935,1211,972,239
"Lakefront Trail & Bryn Mawr Ave",41.9840441152,-87.6522812247,"Sheridan Rd & Montrose Ave",41.96167,-87.65464,1211,791,420
"State St & Kinzie St",41.88918,-87.6277,"Shedd Aquarium",41.8672259568,-87.6153553902,1211,179,1032
"Stockton Dr & Wrightwood Ave",41.93132,-87.638742,"Broadway & Barry Ave",41.937725,-87.644095,1211,956,255
"Michigan Ave & Lake St",41.886024,-87.624117,"Michigan Ave & 14th St",41.864059,-87.623727,1210,842,368
"Streeter Dr & Grand Ave",41.892278,-87.612043,"Sedgwick St & North Ave",41.910983,-87.638525,1210,407,803
"Michigan Ave & Jackson Blvd",41.87785,-87.62408,"Wabash Ave & 8th St",41.871962,-87.626106,1210,544,666
"Desplaines St & Kinzie St",41.888716036,-87.6444478533,"Damen Ave & Chicago Ave",41.895769,-87.67722,1209,970,239
"Delano Ct & Roosevelt Rd",41.867491,-87.63219,"Canal St & Taylor St",41.870257,-87.639474,1209,820,389
"Morgan Ave & 14th Pl",41.862378,-87.651062,"Franklin St & Monroe St",41.880317,-87.635185,1209,1178,31
"Federal St & Polk St",41.8720776329,-87.6295437729,"Canal St & Madison St",41.882091,-87.639833,1208,1121,87
"Broadway & Argyle St",41.97423,-87.6597735,"Broadway & Ridge Ave",41.9840446107,-87.6602738295,1208,1040,168
"Wells St & Polk St",41.872373,-87.633523,"State St & Harrison St",41.874053,-87.627716,1208,1108,100
"Sheffield Ave & Willow St",41.913688,-87.652855,"Wilton Ave & Diversey Pkwy",41.932418,-87.652705,1208,979,229
"Broadway & Wilson Ave",41.965221,-87.658139,"Winthrop Ave & Lawrence Ave",41.968812,-87.657659,1208,1075,133
"Larrabee St & Menomonee St",41.91468,-87.64332,"Larrabee St & Armitage Ave",41.918084,-87.643749,1208,1028,180
"Larrabee St & Armitage Ave",41.918084,-87.643749,"Clark St & Elm St",41.903233,-87.631253,1208,911,297
"Jefferson St & Monroe St",41.880422,-87.642746,"Morgan St & Polk St",41.871737,-87.65103,1208,1157,51
"Clark St & Elm St",41.903233,-87.631253,"Hampden Ct & Diversey Pkwy",41.93262,-87.642385,1208,950,258
"Dearborn St & Adams St",41.8793563587,-87.6297910363,"Rush St & Hubbard St",41.890173,-87.626185,1207,1012,195
"Southport Ave & Wellington Ave",41.935733,-87.663576,"Lincoln Ave & Diversey Pkwy",41.932225,-87.658617,1207,1113,94
"Michigan Ave & Washington St",41.8838927658,-87.6246491409,"Dearborn Pkwy & Delaware Pl",41.898969,-87.629912,1207,715,492
"Mies van der Rohe Way & Chicago Ave",41.89691,-87.621743,"Sedgwick St & North Ave",41.910983,-87.638525,1207,1085,122
"Dearborn Pkwy & Delaware Pl",41.898969,-87.629912,"Larrabee St & Webster Ave",41.921822,-87.64414,1206,790,416
"Halsted St & Roscoe St",41.94367,-87.64895,"DuSable Lake Shore Dr & Belmont Ave",41.940775,-87.639192,1206,843,363
"Columbus Dr & Randolph St",41.884728,-87.619521,"Morgan St & Lake St",41.8854833079,-87.6523048564,1206,1081,125
"Lincoln Ave & Fullerton Ave",41.925905,-87.64926,"Halsted St & Roscoe St",41.94367,-87.64895,1206,1008,198
"Sheffield Ave & Webster Ave",41.92154,-87.653818,"Southport Ave & Roscoe St",41.943739,-87.66402,1205,903,302
"Broadway & Cornelia Ave",41.945529,-87.646439,"Clarendon Ave & Junior Ter",41.961004,-87.649603,1205,859,346
"Larrabee St & Armitage Ave",41.918084,-87.643749,"Dayton St & North Ave",41.9105780349,-87.6494219288,1205,1012,193
"Clinton St & Washington Blvd",41.88338,-87.64117,"Rush St & Cedar St",41.9023087012,-87.627690528,1205,1026,179
"Clark St & Armitage Ave",41.918306,-87.636282,"Racine Ave & Wrightwood Ave",41.928887,-87.658971,1205,993,212
"Lincoln Ave & Fullerton Ave",41.925905,-87.64926,"Halsted St & Diversey Pkwy",41.933341,-87.648747,1205,1100,105
"Kingsbury St & Erie St",41.8939139,-87.6417358,"LaSalle Dr & Huron St",41.894877,-87.632326,1204,1058,146
"Michigan Ave & Washington St",41.8838927658,-87.6246491409,"Desplaines St & Kinzie St",41.888716036,-87.6444478533,1204,928,276
"Clinton St & Madison St",41.8827519657,-87.6411902905,"Paulina St & Flournoy St",41.8730610879,-87.6691348851,1204,1096,108
"Lakeview Ave & Fullerton Pkwy",41.925858,-87.638973,"Greenview Ave & Fullerton Ave",41.92533,-87.6658,1204,788,416
"Kingsbury St & Kinzie St",41.8891768326,-87.6385057718,"Dearborn St & Adams St",41.8793563587,-87.6297910363,1203,1099,104
"Clinton St & Tilden St",41.875885,-87.640795,"Canal St & Monroe St",41.8807,-87.63947,1203,1159,44
"Canal St & Jackson Blvd",41.87811421,-87.63997112,"Federal St & Polk St",41.8720776329,-87.6295437729,1203,1099,104
"Calumet Ave & 18th St",41.8576175529,-87.6194107533,"Wabash Ave & Roosevelt Rd",41.867227,-87.625961,1203,980,223
"State St & 33rd St",41.834734,-87.625813,"Shields Ave & 28th Pl",41.842733,-87.635491,1203,1170,33
"Ravenswood Ave & Lawrence Ave",41.96909,-87.674237,"Hoyne Ave & Balmoral Ave",41.979851,-87.681932,1203,1082,121
"Southport Ave & Clybourn Ave",41.921004,-87.663257,"Larrabee St & Webster Ave",41.921822,-87.64414,1203,934,269
"Clark St & Armitage Ave",41.918306,-87.636282,"Dearborn St & Monroe St",41.881319815,-87.6295209193,1202,1034,168
"Ada St & Washington Blvd",41.88283,-87.661206,"Ogden Ave & Race Ave",41.891795,-87.658751,1202,1084,118
"Desplaines St & Randolph St",41.883703,-87.644238,"LaSalle St & Jackson Blvd",41.878166,-87.631929,1202,1128,74
"Clark St & Ida B Wells Dr",41.8759326655,-87.6305845355,"Daley Center Plaza",41.884241,-87.629634,1202,986,216
"Clark St & Armitage Ave",41.918306,-87.636282,"Lincoln Ave & Fullerton Ave",41.9241610291,-87.6463803649,1202,833,369
"LaSalle St & Illinois St",41.890762,-87.631697,"Rush St & Superior St",41.8957647456,-87.6259080327,1202,889,313
"Halsted St & Blackhawk St",41.90854,-87.648568,"Clinton St & Washington Blvd",41.88338,-87.64117,1202,1177,25
"Franklin St & Lake St",41.885837,-87.6355,"Green St & Randolph St*",41.8836016573,-87.6486267149,1202,966,236
"Orleans St & Elm St",41.902924,-87.637715,"Sedgwick St & North Ave",41.910983,-87.638525,1202,1077,125
"Clinton St & Lake St",41.88583274,-87.64138231,"Dearborn St & Monroe St",41.881319815,-87.6295209193,1201,1107,94
"Ogden Ave & Race Ave",41.891795,-87.658751,"Ashland Ave & Grand Ave",41.891072,-87.666611,1201,1077,124
"Clark St & Leland Ave",41.9670878392,-87.6672908664,"Clark St & Grace St",41.95078,-87.659172,1201,549,652
"Southport Ave & Roscoe St",41.943739,-87.66402,"Sheffield Ave & Addison St",41.94688,-87.65445,1201,912,289
"Fairbanks Ct & Grand Ave",41.89186,-87.62062,"Clinton St & Lake St",41.885637,-87.641823,1201,1142,59
"Larrabee St & Kingsbury St",41.897764,-87.642884,"Wabash Ave & Grand Ave",41.891466,-87.626761,1201,1018,183
"Clinton St & Polk St",41.8714665178,-87.6409491327,"Canal St & Adams St",41.879255,-87.639904,1200,1004,196
"Orleans St & Elm St",41.902924,-87.637715,"Kingsbury St & Kinzie St",41.8891768326,-87.6385057718,1200,1080,120
"Lake Shore Dr & North Blvd",41.911722,-87.626804,"Sheffield Ave & Waveland Ave",41.949399,-87.654529,1200,379,821
"Clarendon Ave & Leland Ave",41.967968,-87.650001,"Pine Grove Ave & Waveland Ave",41.949275,-87.646303,1200,1082,118
"Halsted St & Wrightwood Ave",41.929143,-87.649077,"Wells St & Evergreen Ave",41.906724,-87.63483,1200,818,382
"State St & Van Buren St",41.877181,-87.627844,"Clark St & 9th St (AMLI)",41.870816,-87.631246,1200,1095,105
"Clinton St & Lake St",41.885637,-87.641823,"Green St & Randolph St*",41.8836016573,-87.6486267149,1200,1052,148
"Wacker Dr & Washington St Corral",41.88316,-87.63736,"Millennium Park",41.8810317,-87.62408432,1200,832,368
"Michigan Ave & Lake St",41.886024,-87.624117,"Franklin St & Chicago Ave",41.89679,-87.63564,1200,1136,64
"Lake Shore Dr & Ohio St",41.89257,-87.614492,"State St & Randolph St",41.8847302006,-87.6277335692,1200,723,477
"Lake Shore Dr & Belmont Ave",41.940775,-87.639192,"Hampden Ct & Diversey Pkwy",41.93262,-87.642385,1200,955,245
"Rush St & Cedar St",41.9023087012,-87.627690528,"Dearborn St & Monroe St",41.881319815,-87.6295209193,1199,1041,158
"Hampden Ct & Diversey Pkwy",41.93262,-87.642385,"Cannon Dr & Fullerton Ave",41.9267559875,-87.6344287848,1199,599,600
"Desplaines St & Jackson Blvd",41.8781189009,-87.6439476013,"Morgan St & Polk St",41.871737,-87.65103,1198,1070,128
"LaSalle St & Illinois St",41.890749,-87.63206,"Dearborn St & Adams St",41.8793563587,-87.6297910363,1198,874,324
"Wabash Ave & Roosevelt Rd",41.867227,-87.625961,"Canal St & Madison St",41.882091,-87.639833,1198,1033,165
"Halsted St & Dickens Ave",41.919936,-87.64883,"Wells St & Evergreen Ave",41.906724,-87.63483,1198,843,355
"Broadway & Waveland Ave",41.949074,-87.648636,"Racine Ave & Belmont Ave",41.939743,-87.658865,1198,995,203
"Sheffield Ave & Wellington Ave",41.936253,-87.653566,"Lincoln Ave & Belmont Ave",41.939365,-87.668385,1198,1102,96
"Wabash Ave & Adams St",41.8794723523,-87.6256886059,"Wabash Ave & Grand Ave",41.891466,-87.626761,1197,851,346
"Canal St & Taylor St",41.870257,-87.639474,"Clinton St & 18th St",41.85795,-87.640826,1197,1080,117
"Halsted St & Polk St",41.87184,-87.64664,"Canal St & Taylor St",41.870257,-87.639474,1197,1054,143
"Lincoln Ave & Diversey Pkwy",41.932225,-87.658617,"Clark St & Armitage Ave",41.918306,-87.636282,1197,731,466
"Clark St & Congress Pkwy",41.8759326655,-87.6305845355,"Stetson Ave & South Water St",41.886835,-87.62232,1197,1143,54
"Clark St & Columbia Ave",42.0044506293,-87.6724024047,"Broadway & Granville Ave",41.9947796884,-87.6602845349,1197,986,211
"Clark St & Montrose Ave",41.961588,-87.666036,"Wilton Ave & Belmont Ave",41.94018,-87.65304,1196,1096,100
"Michigan Ave & Jackson Blvd",41.87785,-87.62408,"LaSalle St & Adams St",41.8793443735,-87.6319852213,1196,932,264
"Broadway & Sheridan Rd",41.952833,-87.649993,"Pine Grove Ave & Waveland Ave",41.949275,-87.646303,1196,1041,155
"Lake Shore Dr & Ohio St",41.89257,-87.614492,"Clinton St & Washington Blvd",41.88338,-87.64117,1196,1077,119
"Sheffield Ave & Wrightwood Ave",41.928712,-87.653833,"Sheffield Ave & Waveland Ave",41.949399,-87.654529,1195,690,505
"Broadway & Waveland Ave",41.949074,-87.648636,"Clark St & Drummond Pl",41.931248,-87.644336,1195,914,281
"State St & Pearson St",41.897448,-87.628722,"Clark St & Lake St",41.8860208277,-87.6308760584,1195,1026,169
"Damen Ave & Pierce Ave",41.9093960065,-87.6776919292,"Lake Shore Dr & North Blvd",41.911722,-87.626804,1195,436,759
"Clarendon Ave & Leland Ave",41.967968,-87.650001,"Clarendon Ave & Gordon Ter",41.957879,-87.649519,1194,1054,140
"Green St & Madison St",41.881859328,-87.6492637396,"Peoria St & Jackson Blvd",41.8776415963,-87.6496177912,1194,1017,177
"Sheffield Ave & Willow St",41.913688,-87.652855,"Clark St & Wrightwood Ave",41.929546,-87.643118,1194,990,204
"Clybourn Ave & Division St",41.904613,-87.640552,"Dearborn Pkwy & Delaware Pl",41.898969,-87.629912,1192,1011,181
"Michigan Ave & Oak St",41.90096039,-87.62377664,"Halsted St & Dickens Ave",41.919936,-87.64883,1192,611,581
"Wacker Dr & Washington St",41.8831433644,-87.6372420788,"Michigan Ave & Washington St",41.8839840647,-87.6246839762,1192,969,223
"Pine Grove Ave & Waveland Ave",41.9494727409,-87.6464527845,"Clarendon Ave & Gordon Ter",41.9578665242,-87.6495051384,1191,1029,162
"Paulina St & Howard St",42.019159,-87.673573,"Ridge Blvd & Touhy Ave",42.0121322774,-87.6829126443,1191,1032,159
"Mies van der Rohe Way & Chestnut St",41.8985866514,-87.6219152258,"Michigan Ave & Madison St",41.882134,-87.625125,1191,870,321
"Milwaukee Ave & Wabansia Ave",41.912616,-87.681391,"Noble St & Milwaukee Ave",41.90068,-87.6626,1191,941,250
"Western Ave & Winnebago Ave",41.915533,-87.687051,"Logan Blvd & Elston Ave",41.930584,-87.685126,1191,1111,80
"Hampden Ct & Diversey Pkwy",41.93262,-87.642385,"Broadway & Cornelia Ave",41.945512,-87.64598,1191,954,237
"Kedzie Ave & Milwaukee Ave",41.929567,-87.707857,"Ashland Ave & Division St",41.90345,-87.667747,1191,767,424
"Clark St & Wellington Ave",41.9364968219,-87.6475386582,"Lincoln Ave & Diversey Pkwy",41.932225,-87.658617,1190,998,192
"Wells St & Elm St",41.903222,-87.634324,"Lake Shore Dr & North Blvd",41.911722,-87.626804,1190,679,511
"Rush St & Cedar St",41.9023087012,-87.627690528,"Wabash Ave & Wacker Pl",41.886875,-87.62603,1190,696,494
"Calumet Ave & 18th St",41.857611,-87.619407,"Columbus Dr & Randolph St",41.884728,-87.619521,1190,939,251
"Sedgwick St & Huron St",41.894666,-87.638437,"Wabash Ave & Grand Ave",41.891466,-87.626761,1190,943,247
"Green St & Randolph St*",41.8836016573,-87.6486267149,"State St & Randolph St",41.8847302006,-87.6277335692,1190,904,286
"Southport Ave & Wellington Ave",41.935733,-87.663576,"Racine Ave & Fullerton Ave",41.92556258,-87.65840426,1190,1036,154
"Ashland Ave & 13th St",41.865234,-87.666507,"Loomis St & Lexington St",41.8722287322,-87.661363855,1189,1126,63
"Chicago Ave & Washington St",42.032562,-87.679101,"Paulina St & Howard St",42.019159,-87.673573,1189,853,336
"Orleans St & Chestnut St (NEXT Apts)",41.898203,-87.637536,"Larrabee St & Oak St",41.9002194932,-87.6429854676,1189,1087,102
"Dearborn Pkwy & Delaware Pl",41.898969,-87.629912,"Franklin St & Chicago Ave",41.89680204,-87.63563839,1189,1052,137
"Clark St & Elmdale Ave",41.9908604481,-87.66972363,"Clark St & Lunt Ave",42.0090111806,-87.6741117239,1189,955,234
"Greenview Ave & Fullerton Ave",41.92533,-87.6658,"Southport Ave & Roscoe St",41.943739,-87.66402,1189,880,309
"Franklin St & Lake St",41.885837,-87.6355,"Clinton St & Lake St",41.88583274,-87.64138231,1189,1100,89
"Western Ave & Walton St",41.8984176894,-87.6865960164,"Leavitt St & North Ave",41.910153,-87.68229,1189,1087,102
"Calumet Ave & 18th St",41.857611,-87.619407,"Lake Shore Dr & Ohio St",41.89257,-87.614492,1189,1034,155
"Dearborn St & Erie St",41.893992,-87.629318,"Desplaines St & Jackson Blvd",41.8781189009,-87.6439476013,1188,1090,98
"Campbell Ave & Fullerton Ave",41.9246324716,-87.6893070063,"Kedzie Ave & Milwaukee Ave",41.929567,-87.707857,1188,824,364
"Wabash Ave & Wacker Pl",41.886875,-87.62603,"Mies van der Rohe Way & Chestnut St",41.8985866514,-87.6219152258,1188,494,694
"Wells St & Erie St",41.893832,-87.634195,"Clark St & Elm St",41.903233,-87.631253,1188,1004,184
"LaSalle Dr & Huron St",41.894877,-87.632326,"Clinton St & Washington Blvd",41.88338,-87.64117,1187,1014,173
"Wabash Ave & Wacker Pl",41.886875,-87.62603,"Michigan Ave & Lake St",41.886024,-87.624117,1187,417,770
"Clark St & Elm St",41.903233,-87.631253,"Halsted St & Blackhawk St",41.90854,-87.648568,1187,1053,134
"Lakeview Ave & Fullerton Pkwy",41.925858,-87.638973,"Mies van der Rohe Way & Chestnut St",41.8985866514,-87.6219152258,1186,806,380
"Franklin St & Jackson Blvd",41.8777079559,-87.6353211408,"Streeter Dr & Illinois St",41.891071,-87.6122,1186,136,1050
"Racine Ave & 18th St",41.8581806068,-87.6564866473,"Wood St & Taylor St",41.869154,-87.671045,1186,1141,45
"Clark St & Lincoln Ave",41.915689,-87.6346,"Columbus Dr & Randolph St",41.884728,-87.619521,1185,718,467
"Ashland Ave & Augusta Blvd",41.899643,-87.6677,"Clinton St & Lake St",41.885637,-87.641823,1185,1149,36
"Franklin St & Jackson Blvd",41.8777079559,-87.6353211408,"St. Clair St & Erie St",41.8943451374,-87.6227983832,1185,608,577
"Racine Ave & Fullerton Ave",41.92556258,-87.65840426,"Wilton Ave & Diversey Pkwy",41.932418,-87.652705,1184,1051,133
"Burling St & Diversey Pkwy",41.93314,-87.64776,"Theater on the Lake",41.926277,-87.630834,1184,697,487
"Ravenswood Ave & Lawrence Ave",41.96909,-87.674237,"Southport Ave & Irving Park Rd",41.954177,-87.664358,1184,1036,148
"LaSalle St & Illinois St",41.890749,-87.63206,"Clark St & North Ave",41.911974,-87.631942,1184,681,503
"Franklin St & Monroe St",41.880317,-87.635185,"Lakeview Ave & Fullerton Pkwy",41.925858,-87.638973,1184,1139,45
"Broadway & Berwyn Ave",41.978353,-87.659753,"Lake Shore Dr & Belmont Ave",41.940775,-87.639192,1184,499,685
"Clark St & Elm St",41.903233,-87.631253,"Halsted St & Wrightwood Ave",41.929143,-87.649077,1183,881,302
"Wabash Ave & Grand Ave",41.891466,-87.626761,"Franklin St & Lake St",41.885837,-87.6355,1183,908,275
"Lincoln Ave & Fullerton Ave",41.925905,-87.64926,"Lincoln Ave & Belmont Ave",41.939365,-87.668385,1183,988,195
"Clinton St & Lake St",41.885637,-87.641823,"Carpenter St & Huron St",41.894556,-87.653449,1182,1058,124
"State St & Pearson St",41.897448,-87.628722,"Wells St & Elm St",41.903222,-87.634324,1182,884,298
"Michigan Ave & Oak St",41.90096039,-87.62377664,"Franklin St & Monroe St",41.880317,-87.635185,1182,929,253
"Sheridan Rd & Loyola Ave",42.0010437798,-87.6611982433,"Sheridan Rd & Greenleaf Ave",42.0105865628,-87.6624120948,1182,821,361
"Sangamon St & Washington Blvd",41.883165,-87.6511,"Aberdeen St & Jackson Blvd",41.87772613,-87.65478743,1181,976,205
"Clarendon Ave & Junior Ter",41.961004,-87.649603,"Clark St & Grace St",41.95078,-87.659172,1181,821,360
"Pine Grove Ave & Waveland Ave",41.9494727409,-87.6464527845,"Broadway & Waveland Ave",41.949074,-87.648636,1181,972,209
"Broadway & Cornelia Ave",41.945529,-87.646439,"Burling St & Diversey Pkwy",41.93314,-87.64776,1181,978,203
"Michigan Ave & Lake St",41.886022,-87.624398,"Michigan Ave & 8th St",41.872773,-87.623981,1181,286,895
"Lakeview Ave & Fullerton Pkwy",41.925858,-87.638973,"Halsted St & Roscoe St",41.94367,-87.64895,1181,705,476
"Dearborn St & Adams St",41.8793563587,-87.6297910363,"Streeter Dr & Illinois St",41.891071,-87.6122,1180,234,946
"Sedgwick St & Webster Ave",41.922167,-87.638888,"Wells St & Huron St",41.8947953,-87.6343743,1180,956,224
"Leavitt St & North Ave",41.910153,-87.68229,"Western Ave & Winnebago Ave",41.91552,-87.687022,1180,1140,40
"Halsted St & Diversey Pkwy",41.933341,-87.648747,"Halsted St & Dickens Ave",41.919936,-87.64883,1180,1021,159
"Wells St & Evergreen Ave",41.906724,-87.63483,"Canal St & Adams St",41.879255,-87.639904,1179,986,193
"Aberdeen St & Jackson Blvd",41.87772613,-87.65478743,"Hermitage Ave & Polk St",41.871514,-87.669886,1179,1046,133
"Paulina St & Montrose Ave",41.961507,-87.671387,"Ravenswood Ave & Lawrence Ave",41.968445,-87.674226,1179,961,218
"Milwaukee Ave & Grand Ave",41.891578,-87.648384,"Wood St & Milwaukee Ave",41.907655,-87.672552,1179,855,324
"Clark St & Grace St",41.95078,-87.659172,"Lincoln Ave & Roscoe St",41.94334,-87.67097,1179,1078,101
"Wabash Ave & Roosevelt Rd",41.867227,-87.625961,"Racine Ave & 18th St",41.8581806068,-87.6564866473,1179,896,283
"Wood St & Chicago Ave",41.895634,-87.672069,"Ashland Ave & Division St",41.90345,-87.667747,1179,947,232
"Shedd Aquarium",41.8672259568,-87.6153553902,"Michigan Ave & Pearson St",41.89766,-87.62351,1179,126,1053
"Kedzie Ave & Foster Ave",41.975672,-87.709261,"Kedzie Ave & Leland Ave",41.966686362,-87.7080519806,1178,884,294
"Dearborn St & Adams St",41.8793563587,-87.6297910363,"State St & Van Buren St",41.877181,-87.627844,1178,802,376
"Clark St & Chicago Ave",41.896544,-87.630931,"Dearborn Pkwy & Delaware Pl",41.898969,-87.629912,1178,918,260
"Broadway & Cornelia Ave",41.945512,-87.64598,"Southport Ave & Roscoe St",41.943739,-87.66402,1178,993,185
"Michigan Ave & Oak St",41.90096039,-87.62377664,"Ashland Ave & Division St",41.90345,-87.667747,1178,567,611
"Halsted St & Diversey Pkwy",41.933341,-87.648747,"Broadway & Belmont Ave",41.940106,-87.645451,1178,1044,134
"Michigan Ave & Madison St",41.882134,-87.625125,"Clark St & Randolph St",41.884576228,-87.63188991,1178,885,293
"Morgan St & Lake St",41.8854833079,-87.6523048564,"Jefferson St & Monroe St",41.880422,-87.642746,1178,1096,82
"Milwaukee Ave & Wabansia Ave",41.912616,-87.681391,"Kingsbury St & Kinzie St",41.8891768326,-87.6385057718,1177,1003,174
"Clark St & Wellington Ave",41.9364968219,-87.6475386582,"Ashland Ave & Wellington Ave",41.936083,-87.669807,1177,986,191
"Clark St & Drummond Pl",41.931248,-87.644336,"Sheffield Ave & Wrightwood Ave",41.928712,-87.653833,1177,925,252
"Halsted St & Polk St",41.87184,-87.64664,"Green St & Madison St",41.881859328,-87.6492637396,1177,1017,160
"Wells St & Hubbard St",41.889906,-87.634266,"Rush St & Cedar St",41.9023087012,-87.627690528,1177,923,254
"Mies van der Rohe Way & Chicago Ave",41.89691,-87.621743,"Mies van der Rohe Way & Chestnut St",41.8985866514,-87.6219152258,1177,441,736
"Greenview Ave & Fullerton Ave",41.92533,-87.6658,"Bissell St & Armitage Ave",41.91844,-87.65222,1177,1020,157
"Michigan Ave & 18th St",41.857926,-87.624336,"Wentworth Ave & Archer Ave",41.854564,-87.631937,1176,908,268
"Western Ave & Leland Ave",41.966555,-87.688487,"Manor Ave & Leland Ave",41.965875,-87.700825,1176,1047,129
"Wabash Ave & Wacker Pl",41.886875,-87.62603,"Fairbanks Ct & Grand Ave",41.89186,-87.62062,1176,654,522
"Fairbanks Ct & Grand Ave",41.89186,-87.62062,"Larrabee St & Kingsbury St",41.897764,-87.642884,1176,1076,100
"State St & Kinzie St",41.88918,-87.6277,"Green St & Randolph St*",41.8836016573,-87.6486267149,1176,863,313
"Sheffield Ave & Addison St",41.94688,-87.65445,"Sheffield Ave & Fullerton Ave",41.9256018819,-87.6537080423,1176,869,307
"Clark St & 9th St (AMLI)",41.870816,-87.631246,"Dearborn St & Adams St",41.8793563587,-87.6297910363,1175,999,176
"Michigan Ave & Washington St",41.8838927658,-87.6246491409,"State St & Harrison St",41.874053,-87.627716,1175,771,404
"Larrabee St & Webster Ave",41.921822,-87.64414,"Racine Ave & Belmont Ave",41.939743,-87.658865,1175,846,329
"Lakeview Ave & Fullerton Pkwy",41.925858,-87.638973,"Racine Ave & Fullerton Ave",41.92556258,-87.65840426,1175,930,245
"Clark St & Elm St",41.903233,-87.631253,"McClurg Ct & Ohio St",41.8925921197,-87.6172891259,1175,881,294
"Canal St & Adams St",41.879255,-87.639904,"Clinton St & Jackson Blvd",41.8783166118,-87.6409810781,1174,848,326
"Sheffield Ave & Webster Ave",41.92154,-87.653818,"Clark St & Wellington Ave",41.9364968219,-87.6475386582,1174,941,233
"Clinton St & Tilden St",41.875885,-87.640795,"Clinton St & Lake St",41.885637,-87.641823,1174,1097,77
"Stetson Ave & South Water St",41.886835,-87.62232,"Fairbanks Ct & Grand Ave",41.89186,-87.62062,1174,810,364
"Racine Ave & Fullerton Ave",41.92556258,-87.65840426,"Clinton St & Washington Blvd",41.88338,-87.64117,1174,1160,14
"Halsted St & Roscoe St",41.94367,-87.64895,"Lakefront Trail & Bryn Mawr Ave",41.9840441152,-87.6522812247,1174,618,556
"Franklin St & Monroe St",41.880317,-87.635185,"LaSalle St & Washington St",41.882664,-87.63253,1174,1031,143
"May St & Randolph St",41.88397,-87.655688,"Ada St & Washington Blvd",41.88283,-87.661206,1174,1115,59
"Kingsbury St & Kinzie St",41.8891768326,-87.6385057718,"Wabash Ave & Adams St",41.8794723523,-87.6256886059,1173,1068,105
"State St & Van Buren St",41.877181,-87.627844,"Clinton St & Tilden St",41.875885,-87.640795,1173,1006,167
"Michigan Ave & Oak St",41.90096039,-87.62377664,"Larrabee St & Menomonee St",41.91468,-87.64332,1173,835,338
"Loomis St & Lexington St",41.872187,-87.661501,"Blue Island Ave & 18th St",41.857556,-87.661535,1172,1103,69
"DuSable Lake Shore Dr & Diversey Pkwy",41.932588,-87.636427,"Clark St & Lincoln Ave",41.915689,-87.6346,1172,608,564
"Halsted St & Wrightwood Ave",41.929143,-87.649077,"Lincoln Ave & Fullerton Ave",41.9241610291,-87.6463803649,1172,853,319
"Broadway & Sheridan Rd",41.952833,-87.649993,"Broadway & Cornelia Ave",41.945512,-87.64598,1172,1039,133
"Sheffield Ave & Wellington Ave",41.9362534831,-87.6526620984,"Southport Ave & Waveland Ave",41.94815,-87.66394,1172,966,206
"Broadway & Cornelia Ave",41.945529,-87.646439,"Lakefront Trail & Bryn Mawr Ave",41.9840441152,-87.6522812247,1172,599,573
"Michigan Ave & Washington St",41.8838927658,-87.6246491409,"Franklin St & Chicago Ave",41.89679,-87.63564,1172,1097,75
"Sedgwick St & Huron St",41.894666,-87.638437,"Canal St & Monroe St",41.8807,-87.63947,1172,1074,98
"Michigan Ave & Ida B Wells Dr",41.876203,-87.624464,"Millennium Park",41.8810317,-87.62408432,1171,240,931
"Ritchie Ct & Banks St",41.906866,-87.626217,"Wells St & Huron St",41.8947953,-87.6343743,1170,933,237
"Wabash Ave & Roosevelt Rd",41.867227,-87.625961,"Canal St & Monroe St",41.8807,-87.63947,1170,1084,86
"State St & Pearson St",41.897448,-87.628722,"Michigan Ave & Pearson St",41.89766,-87.62351,1170,772,398
"Clark St & Lincoln Ave",41.915689,-87.6346,"Fairbanks Ct & Grand Ave",41.89186,-87.62062,1170,568,602
"May St & Taylor St",41.8694821,-87.6554864,"Loomis St & Lexington St",41.8722287322,-87.661363855,1170,1061,109
"Wabash Ave & Adams St",41.8794723523,-87.6256886059,"Lake Shore Dr & Monroe St",41.880958,-87.616743,1169,279,890
"State St & Chicago Ave",41.8966172004,-87.6285785437,"Canal St & Adams St",41.879255,-87.639904,1169,944,225
"Columbus Dr & Randolph St",41.884728,-87.619521,"State St & Harrison St",41.874053,-87.627716,1169,893,276
"DuSable Lake Shore Dr & Belmont Ave",41.940775,-87.639192,"Southport Ave & Roscoe St",41.943739,-87.66402,1169,702,467
"Kingsbury St & Erie St",41.8939139,-87.6417358,"Franklin St & Chicago Ave",41.89679,-87.63564,1169,1091,78
"Canal St & Monroe St",41.8807,-87.63947,"Cityfront Plaza Dr & Pioneer Ct",41.890573,-87.622072,1169,1038,131
"LaSalle St & Jackson Blvd",41.878166,-87.631929,"LaSalle St & Washington St",41.882664,-87.63253,1169,1082,87
"Damen Ave & Madison St",41.88137,-87.67493,"Clinton St & Madison St",41.8827519657,-87.6411902905,1168,787,381
"Mies van der Rohe Way & Chestnut St",41.8985866514,-87.6219152258,"Kingsbury St & Kinzie St",41.8891768326,-87.6385057718,1168,976,192
"Broadway & Belmont Ave",41.940106,-87.645451,"Wells St & Concord Ln",41.912133,-87.634656,1168,887,281
"Morgan St & Polk St",41.871737,-87.65103,"Morgan St & Lake St",41.8854833079,-87.6523048564,1168,1108,60
"Stetson Ave & South Water St",41.886835,-87.62232,"McClurg Ct & Illinois St",41.89102,-87.6173,1168,604,564
"Clark St & Berwyn Ave",41.9780306225,-87.6685649157,"Ravenswood Ave & Lawrence Ave",41.968445,-87.674226,1168,870,298
"Wabash Ave & Wacker Pl",41.886875,-87.62603,"Wabash Ave & Grand Ave",41.891738,-87.626937,1168,618,550
"Broadway & Cornelia Ave",41.945529,-87.646439,"Lake Shore Dr & North Blvd",41.911722,-87.626804,1168,577,591
"Broadway & Barry Ave",41.937725,-87.644095,"Sheridan Rd & Irving Park Rd",41.954245,-87.654406,1167,1007,160
"Pine Grove Ave & Waveland Ave",41.949275,-87.646303,"Cannon Dr & Fullerton Ave",41.9267559875,-87.6344287848,1167,710,457
"Michigan Ave & Congress Pkwy",41.8760656,-87.62443336,"Michigan Ave & 18th St",41.857926,-87.624336,1167,858,309
"Pine Grove Ave & Waveland Ave",41.9494727409,-87.6464527845,"Clark St & Grace St",41.95078,-87.659172,1167,790,377
"Clark St & Lincoln Ave",41.915689,-87.6346,"Wells St & Hubbard St",41.889906,-87.634266,1167,818,349
"Cityfront Plaza Dr & Pioneer Ct",41.890573,-87.622072,"St. Clair St & Erie St",41.8943451374,-87.6227983832,1167,641,526
"Daley Center Plaza",41.884451,-87.629892,"Clinton St & Madison St",41.8827519657,-87.6411902905,1167,1014,153
"Dearborn Pkwy & Delaware Pl",41.898969,-87.629912,"Rush St & Hubbard St",41.890173,-87.626185,1166,950,216
"New St & Illinois St",41.8908470406,-87.6186168194,"Kingsbury St & Kinzie St",41.8891768326,-87.6385057718,1166,800,366
"Clark St & Winnemac Ave",41.9733476405,-87.6678554714,"Sheridan Rd & Argyle St",41.9732868203,-87.6547595859,1166,777,389
"Logan Blvd & Elston Ave",41.929465,-87.684158,"California Ave & Altgeld St",41.92669,-87.697668,1166,884,282
"Wells St & Elm St",41.903222,-87.634324,"Clark St & Schiller St",41.907993,-87.631501,1166,893,273
"Clark St & Congress Pkwy",41.8759326655,-87.6305845355,"Orleans St & Merchandise Mart Plaza",41.888243,-87.63639,1166,1103,63
"Mies van der Rohe Way & Chicago Ave",41.8969446264,-87.6217576861,"Clark St & Elm St",41.903233,-87.631253,1166,974,192
"Franklin St & Monroe St",41.880317,-87.635185,"Ogden Ave & Chicago Ave",41.896362458,-87.6540612729,1166,1134,32
"Wells St & Walton St",41.89993001,-87.63443007,"LaSalle St & Illinois St",41.890749,-87.63206,1166,927,239
"Broadway & Cornelia Ave",41.945529,-87.646439,"Halsted St & Waveland Ave",41.949375,-87.649626,1166,732,434
"Milwaukee Ave & Wabansia Ave",41.912616,-87.681391,"Damen Ave & Thomas St (Augusta Blvd)",41.901315,-87.677409,1166,927,239
"LaSalle St & Washington St",41.882664,-87.63253,"Clinton St & Lake St",41.88583274,-87.64138231,1166,1114,52
"Artesian Ave & Hubbard St",41.8895,-87.688257,"Ashland Ave & Augusta Blvd",41.899643,-87.6677,1165,1118,47
"Orleans St & Merchandise Mart Plaza",41.888243,-87.63639,"Michigan Ave & 14th St",41.864059,-87.623727,1165,1076,89
"Halsted St & Polk St",41.87184,-87.64664,"Franklin St & Jackson Blvd",41.8777079559,-87.6353211408,1165,1023,142
"Halsted St & Clybourn Ave",41.909668,-87.648128,"Clinton St & Madison St",41.8827519657,-87.6411902905,1165,1063,102
"State St & Randolph St",41.8847302006,-87.6277335692,"Wabash Ave & Wacker Pl",41.886875,-87.62603,1165,612,553
"Sangamon St & Lake St",41.8857792524,-87.6510246098,"Canal St & Adams St",41.879255,-87.639904,1164,997,167
"Lake Park Ave & 53rd St",41.7994942937,-87.5864498959,"Fort Dearborn Dr & 31st St",41.838556,-87.608218,1164,574,590
"Daley Center Plaza",41.884451,-87.629892,"Franklin St & Jackson Blvd",41.8777079559,-87.6353211408,1164,915,249
"Wabash Ave & Grand Ave",41.891738,-87.626937,"Wells St & Hubbard St",41.889933,-87.634262,1164,945,219
"Pine Grove Ave & Waveland Ave",41.9494727409,-87.6464527845,"Clarendon Ave & Junior Ter",41.961004,-87.649603,1163,887,276
"Kingsbury St & Kinzie St",41.8891768326,-87.6385057718,"Larrabee St & Menomonee St",41.91468,-87.64332,1163,1065,98
"Wells St & Concord Ln",41.912133,-87.634656,"State St & Pearson St",41.897448,-87.628722,1163,830,333
"Clark St & Wrightwood Ave",41.929546,-87.643118,"Broadway & Waveland Ave",41.949074,-87.648636,1163,891,272
"Throop St & Taylor St",41.868968,-87.659141,"Halsted St & Maxwell St",41.864883,-87.647071,1162,979,183
"Elizabeth St & Fulton St",41.886827,-87.658937,"Halsted St & Fulton St",41.886871,-87.648089,1162,903,259
"St. Clair St & Erie St",41.8943451374,-87.6227983832,"Mies van der Rohe Way & Chicago Ave",41.89691,-87.621743,1162,704,458
"Peoria St & Jackson Blvd",41.8776415963,-87.6496177912,"Clinton St & Jackson Blvd",41.8783166118,-87.6409810781,1161,825,336
"Mies van der Rohe Way & Chestnut St",41.8985866514,-87.6219152258,"Dearborn St & Monroe St",41.881319815,-87.6295209193,1161,939,222
"Desplaines St & Kinzie St",41.888716036,-87.6444478533,"Aberdeen St & Jackson Blvd",41.87772613,-87.65478743,1161,945,216
"Michigan Ave & 18th St",41.857926,-87.624336,"State St & Harrison St",41.874053,-87.627716,1161,925,236
"Clark St & Newport St",41.94454,-87.654678,"Racine Ave & Belmont Ave",41.939743,-87.658865,1161,640,521
"Broadway & Barry Ave",41.937725,-87.644095,"Halsted St & Diversey Pkwy",41.933341,-87.648747,1161,1035,126
"Michigan Ave & Oak St",41.90096039,-87.62377664,"Canal St & Madison St",41.882091,-87.639833,1160,724,436
"State St & Pearson St",41.897448,-87.628722,"Michigan Ave & Lake St",41.886024,-87.624117,1160,886,274
"Woodlawn Ave & 58th St",41.789381,-87.596479,"Kimbark Ave & 53rd St",41.799568,-87.594747,1160,837,323
"Clark St & Randolph St",41.884576228,-87.63188991,"Larrabee St & Kingsbury St",41.897764,-87.642884,1160,1017,143
"Clinton St & Jackson Blvd",41.8783166118,-87.6409810781,"Green St & Madison St",41.881859328,-87.6492637396,1159,1037,122
"Larrabee St & Webster Ave",41.921822,-87.64414,"Southport Ave & Roscoe St",41.943739,-87.66402,1159,777,382
"Lakefront Trail & Bryn Mawr Ave",41.9840441152,-87.6522812247,"Sheridan Rd & Greenleaf Ave",42.0105865628,-87.6624120948,1159,717,442
"Franklin St & Jackson Blvd",41.8777079559,-87.6353211408,"Morgan St & Polk St",41.871737,-87.65103,1159,1034,125
"Canal St & Jackson Blvd",41.87811421,-87.63997112,"Clinton St & Madison St",41.8827519657,-87.6411902905,1159,1015,144
"LaSalle St & Illinois St",41.890762,-87.631697,"Dearborn St & Monroe St",41.881319815,-87.6295209193,1158,865,293
"Desplaines St & Kinzie St",41.888716036,-87.6444478533,"Orleans St & Hubbard St",41.890028,-87.636618,1158,943,215
"Wood St & Milwaukee Ave",41.907655,-87.672552,"Honore St & Division St",41.903119,-87.673935,1158,987,171
"LaSalle St & Jackson Blvd",41.878166,-87.631929,"Wabash Ave & 9th St",41.870769,-87.625734,1158,1041,117
"LaSalle St & Illinois St",41.890749,-87.63206,"Mies van der Rohe Way & Chestnut St",41.8985866514,-87.6219152258,1158,888,270
"LaSalle St & Jackson Blvd",41.878166,-87.631929,"Franklin St & Monroe St",41.880317,-87.635185,1158,1105,53
"Canal St & Monroe St",41.8807,-87.63947,"LaSalle St & Illinois St",41.890749,-87.63206,1158,1030,128
"Larrabee St & Division St",41.90348607,-87.6433534936,"Clark St & Schiller St",41.907993,-87.631501,1157,911,246
"Theater on the Lake",41.926277,-87.630834,"Clifton Ave & Armitage Ave",41.918216,-87.656936,1157,644,513
"Halsted St & Roosevelt Rd",41.867324,-87.648625,"Wolcott Ave & Polk St",41.871262,-87.673688,1157,983,174
"Ravenswood Ave & Berteau Ave",41.957921,-87.673567,"Southport Ave & Clark St",41.957081,-87.664199,1157,1100,57
"Mies van der Rohe Way & Chestnut St",41.8985866514,-87.6219152258,"Ogden Ave & Chicago Ave",41.896362458,-87.6540612729,1157,1012,145
"Larrabee St & Kingsbury St",41.897764,-87.642884,"Wabash Ave & Wacker Pl",41.886875,-87.62603,1157,1055,102
"Green St & Randolph St*",41.8836016573,-87.6486267149,"Wells St & Hubbard St",41.889906,-87.634266,1157,906,251
"Calumet Ave & 18th St",41.857611,-87.619407,"Wabash Ave & 16th St",41.860384,-87.625813,1157,979,178
"Lake Shore Dr & Ohio St",41.89257,-87.614492,"Daley Center Plaza",41.884241,-87.629634,1157,1031,126
"Southport Ave & Clark St",41.957081,-87.664199,"Clark St & Montrose Ave",41.961588,-87.666036,1156,976,180
"Larrabee St & Webster Ave",41.921822,-87.64414,"Greenview Ave & Fullerton Ave",41.92533,-87.6658,1156,819,337
"Southport Ave & Wellington Ave",41.935733,-87.663576,"Clark St & Wrightwood Ave",41.929546,-87.643118,1156,980,176
"Wells St & Huron St",41.8947953,-87.6343743,"McClurg Ct & Illinois St",41.89102,-87.6173,1156,961,195
"Paulina St & Montrose Ave",41.961507,-87.671387,"Sheridan Rd & Montrose Ave",41.96167,-87.65464,1155,948,207
"Wabash Ave & Grand Ave",41.891738,-87.626937,"Rush St & Cedar St",41.9023087012,-87.627690528,1155,881,274
"Pine Grove Ave & Waveland Ave",41.9494727409,-87.6464527845,"Broadway & Belmont Ave",41.940106,-87.645451,1155,893,262
"Racine Ave & Randolph St",41.8840812248,-87.6569207293,"Canal St & Adams St",41.879255,-87.639904,1154,1046,108
"Canal St & Adams St",41.879255,-87.639904,"Clark St & Congress Pkwy",41.8759326655,-87.6305845355,1154,1069,85
"Loomis St & Taylor St",41.869417,-87.660996,"Blue Island Ave & 18th St",41.857556,-87.661535,1154,1054,100
"Clinton St & Madison St",41.8827519657,-87.6411902905,"Shedd Aquarium",41.8672259568,-87.6153553902,1154,803,351
"Franklin St & Arcade Pl",41.881131,-87.635185,"Kingsbury St & Erie St",41.8939139,-87.6417358,1154,1078,76
