user_type_label,station_a_name,station_b_name,count_ab,count_ba,diff,total,asymmetry_ratio
Customer,Canal St & Monroe St,LaSalle St & Jackson Blvd,3712,643,3069,4355,0.7
Customer,Canal St & Madison St,Franklin St & Quincy St,570,3224,2654,3794,0.7
Customer,Orleans St & Merchandise Mart Plaza,Franklin St & Jackson Blvd,730,3758,3028,4488,0.67
Customer,Columbus Dr & Randolph St,Clark St & Randolph St,6009,1232,4777,7241,0.66
Customer,Michigan Ave & Madison St,Wacker Dr & Washington St Corral,390,1912,1522,2302,0.66
Customer,Columbus Dr & Randolph St,State St & Randolph St,9047,2079,6968,11126,0.63
Customer,Franklin St & Monroe St,Canal St & Madison St,1672,392,1280,2064,0.62
Customer,LaSalle St & Jackson Blvd,Canal St & Jackson Blvd,385,1664,1279,2049,0.62
Customer,Clinton St & Washington Blvd,LaSalle St & Washington St,4037,1040,2997,5077,0.59
Customer,Wacker Dr & Washington St Corral,Ada St & Washington Blvd,551,1946,1395,2497,0.56
Customer,Franklin St & Jackson Blvd,Canal St & Madison St,4493,1397,3096,5890,0.53
Customer,Dearborn St & Adams St,Canal St & Adams St,4140,1282,2858,5422,0.53
Customer,Franklin St & Jackson Blvd,Michigan Ave & Washington St,3051,933,2118,3984,0.53
Customer,Wabash Ave & Adams St,Franklin St & Jackson Blvd,494,1591,1097,2085,0.53
Customer,Dearborn St & Monroe St,Canal St & Monroe St,1036,3287,2251,4323,0.52
Customer,Clinton St & Washington Blvd,Clark St & Randolph St,1814,5556,3742,7370,0.51
Customer,Franklin St & Monroe St,Michigan Ave & Washington St,3841,1284,2557,5125,0.5
Customer,Dearborn St & Monroe St,Jefferson St & Monroe St,581,1737,1156,2318,0.5
Customer,Green St & Madison St,Canal St & Madison St,822,2396,1574,3218,0.49
Customer,Michigan Ave & Lake St,Canal St & Jackson Blvd,715,2113,1398,2828,0.49
Customer,Canal St & Madison St,Clark St & Congress Pkwy,696,2011,1315,2707,0.49
Customer,Desplaines St & Kinzie St,Canal St & Madison St,1106,3187,2081,4293,0.48
Customer,Stetson Ave & South Water St,Clark St & Randolph St,2135,754,1381,2889,0.48
Customer,Dearborn St & Adams St,Franklin St & Quincy St,1837,638,1199,2475,0.48
Customer,LaSalle St & Adams St,Canal St & Madison St,2323,831,1492,3154,0.47
Customer,Wabash Ave & Adams St,Canal St & Adams St,4944,1834,3110,6778,0.46
Customer,Dearborn St & Adams St,Franklin St & Monroe St,2416,898,1518,3314,0.46
Customer,Ogden Ave & Chicago Ave,Damen Ave & Chicago Ave,1917,705,1212,2622,0.46
Customer,Wacker Dr & Washington St Corral,Michigan Ave & Washington St,8962,3391,5571,12353,0.45
Customer,Daley Center Plaza,Wacker Dr & Washington St Corral,1023,2681,1658,3704,0.45
Customer,Clark St & Lake St,Michigan Ave & Lake St,2303,870,1433,3173,0.45
Customer,Desplaines St & Kinzie St,Ogden Ave & Race Ave,2464,966,1498,3430,0.44
Customer,Canal St & Monroe St,Michigan Ave & Washington St,4204,1686,2518,5890,0.43
Customer,State St & Van Buren St,Canal St & Madison St,4084,1636,2448,5720,0.43
Customer,LaSalle St & Washington St,Canal St & Madison St,4024,1611,2413,5635,0.43
Customer,Canal St & Adams St,Aberdeen St & Jackson Blvd,3895,1566,2329,5461,0.43
Customer,Orleans St & Merchandise Mart Plaza,Franklin St & Monroe St,1417,3558,2141,4975,0.43
Customer,Franklin St & Lake St,Michigan Ave & Lake St,3025,1196,1829,4221,0.43
Customer,Clinton St & Washington Blvd,Michigan Ave & Madison St,2070,835,1235,2905,0.43
Customer,Desplaines St & Jackson Blvd,Desplaines St & Kinzie St,748,1877,1129,2625,0.43
Customer,Franklin St & Lake St,Franklin St & Monroe St,710,1773,1063,2483,0.43
Customer,Columbus Dr & Randolph St,Michigan Ave & Washington St,1765,695,1070,2460,0.43
Customer,Clinton St & Madison St,Franklin St & Jackson Blvd,6596,2674,3922,9270,0.42
Customer,Dearborn Pkwy & Delaware Pl,Daley Center Plaza,1211,2942,1731,4153,0.42
Customer,Dearborn St & Erie St,Daley Center Plaza,1137,2807,1670,3944,0.42
Customer,Dearborn St & Adams St,Canal St & Monroe St,687,1676,989,2363,0.42
Customer,Dearborn St & Adams St,Dearborn Pkwy & Delaware Pl,1641,668,973,2309,0.42
Customer,Clinton St & Jackson Blvd,Peoria St & Jackson Blvd,603,1463,860,2066,0.42
Customer,Columbus Dr & Randolph St,Lake Shore Dr & North Blvd,1457,590,867,2047,0.42
Customer,Michigan Ave & Madison St,Canal St & Madison St,5849,2436,3413,8285,0.41
Customer,McClurg Ct & Illinois St,Canal St & Madison St,773,1832,1059,2605,0.41
Customer,Michigan Ave & Jackson Blvd,Franklin St & Quincy St,621,1496,875,2117,0.41
Customer,Fairbanks Ct & Grand Ave,Wabash Ave & Grand Ave,3533,1501,2032,5034,0.4
Customer,LaSalle St & Washington St,Michigan Ave & Washington St,3071,1305,1766,4376,0.4
Customer,Michigan Ave & Pearson St,Clinton St & Washington Blvd,1149,2671,1522,3820,0.4
Customer,Canal St & Adams St,Aberdeen St & Monroe St,2300,990,1310,3290,0.4
Customer,Franklin St & Monroe St,Daley Center Plaza,1786,771,1015,2557,0.4
Customer,Orleans St & Merchandise Mart Plaza,Franklin St & Arcade Pl,652,1538,886,2190,0.4
Customer,Theater on the Lake,Columbus Dr & Randolph St,813,1836,1023,2649,0.39
Customer,Canal St & Adams St,Loomis St & Jackson Blvd,1758,775,983,2533,0.39
Customer,Millennium Park,Lake Shore Dr & North Blvd,1531,679,852,2210,0.39
Customer,Dearborn St & Adams St,Canal St & Madison St,4945,2218,2727,7163,0.38
Customer,Columbus Dr & Randolph St,Daley Center Plaza,4322,1962,2360,6284,0.38
Customer,Franklin St & Monroe St,Michigan Ave & Jackson Blvd,1479,3279,1800,4758,0.38
Customer,Michigan Ave & Washington St,Clark St & Randolph St,1908,851,1057,2759,0.38
Customer,Clinton St & Lake St,McClurg Ct & Erie St,671,1497,826,2168,0.38
Customer,Michigan Ave & Congress Pkwy,Canal St & Madison St,1474,655,819,2129,0.38
Customer,Dearborn St & Monroe St,Canal St & Madison St,7595,3526,4069,11121,0.37
Customer,Wabash Ave & Roosevelt Rd,Clinton St & Madison St,959,2094,1135,3053,0.37
Customer,Noble St & Milwaukee Ave,Canal St & Madison St,697,1502,805,2199,0.37
Customer,Desplaines St & Randolph St,Morgan St & Lake St,1402,648,754,2050,0.37
Customer,Clinton St & Washington Blvd,LaSalle St & Jackson Blvd,5905,2760,3145,8665,0.36
Customer,Canal St & Adams St,Peoria St & Jackson Blvd,4170,1940,2230,6110,0.36
Customer,Clark St & Lunt Ave,Clark St & Columbia Ave,862,1812,950,2674,0.36
Customer,Orleans St & Merchandise Mart Plaza,Wells St & Walton St,761,1604,843,2365,0.36
Customer,Dearborn St & Erie St,LaSalle St & Jackson Blvd,715,1508,793,2223,0.36
Customer,Wells St & Hubbard St,Wells St & Huron St,708,1504,796,2212,0.36
Customer,Orleans St & Merchandise Mart Plaza,Orleans St & Elm St,1430,668,762,2098,0.36
Customer,Clinton St & Washington Blvd,State St & Randolph St,2502,5219,2717,7721,0.35
Customer,Orleans St & Merchandise Mart Plaza,Franklin St & Quincy St,1331,2790,1459,4121,0.35
Customer,Larrabee St & Kingsbury St,Canal St & Madison St,1284,2666,1382,3950,0.35
Customer,Franklin St & Lake St,Larrabee St & Kingsbury St,1783,867,916,2650,0.35
Customer,Wabash Ave & Adams St,Columbus Dr & Randolph St,669,1396,727,2065,0.35
Customer,LaSalle St & Jackson Blvd,Canal St & Madison St,2375,1163,1212,3538,0.34
Customer,Orleans St & Merchandise Mart Plaza,LaSalle St & Jackson Blvd,2044,997,1047,3041,0.34
Customer,Theater on the Lake,McClurg Ct & Illinois St,824,1666,842,2490,0.34
Customer,Dearborn St & Monroe St,Wabash Ave & Roosevelt Rd,3391,1694,1697,5085,0.33
Customer,Clinton St & Madison St,Michigan Ave & Lake St,1515,3012,1497,4527,0.33
Customer,University Ave & 57th St,Harper Ave & 59th St,1155,2271,1116,3426,0.33
Customer,Wood St & Division St,Ashland Ave & Division St,1010,2002,992,3012,0.33
Customer,Dearborn St & Adams St,Michigan Ave & 18th St,716,1424,708,2140,0.33
Customer,Clinton St & Roosevelt Rd,Clinton St & Madison St,711,1418,707,2129,0.33
Customer,Clinton St & Lake St,State St & Randolph St,697,1394,697,2091,0.33
Customer,State St & Pearson St,Clinton St & Madison St,1384,701,683,2085,0.33
Customer,Desplaines St & Kinzie St,St. Clair St & Erie St,1363,687,676,2050,0.33
Customer,Morgan St & Polk St,Clinton St & Madison St,2749,1422,1327,4171,0.32
Customer,St. Clair St & Erie St,Dearborn St & Erie St,956,1862,906,2818,0.32
Customer,Orleans St & Merchandise Mart Plaza,Canal St & Monroe St,807,1580,773,2387,0.32
Customer,Canal St & Madison St,LaSalle St & Jackson Blvd,4669,8934,4265,13603,0.31
Customer,California Ave & Milwaukee Ave,California Ave & Francis Pl,1393,2629,1236,4022,0.31
Customer,St. Clair St & Erie St,Canal St & Madison St,1325,2514,1189,3839,0.31
Customer,Wabash Ave & Adams St,Clinton St & Washington Blvd,1276,2441,1165,3717,0.31
Customer,Dearborn Pkwy & Delaware Pl,Orleans St & Merchandise Mart Plaza,1244,2358,1114,3602,0.31
Customer,Clinton St & Washington Blvd,Aberdeen St & Jackson Blvd,2186,1152,1034,3338,0.31
Customer,McClurg Ct & Illinois St,LaSalle St & Illinois St,1093,2078,985,3171,0.31
Customer,Daley Center Plaza,Clark St & Elm St,1954,1038,916,2992,0.31
Customer,Dearborn St & Monroe St,Stetson Ave & South Water St,858,1647,789,2505,0.31
Customer,Larrabee St & Kingsbury St,Marshfield Ave & Cortland St,821,1553,732,2374,0.31
Customer,State St & Van Buren St,Canal St & Monroe St,792,1501,709,2293,0.31
Customer,Canal St & Monroe St,Michigan Ave & Lake St,1461,774,687,2235,0.31
Customer,Kingsbury St & Erie St,Michigan Ave & Lake St,1432,758,674,2190,0.31
Customer,Canal St & Adams St,Wells St & Hubbard St,722,1381,659,2103,0.31
Customer,Clinton St & Washington Blvd,Columbus Dr & Randolph St,7546,14103,6557,21649,0.3
Customer,Clinton St & Madison St,LaSalle St & Jackson Blvd,6477,3489,2988,9966,0.3
Customer,Clinton St & Madison St,LaSalle St & Jackson Blvd,3436,1850,1586,5286,0.3
Customer,Dearborn St & Monroe St,Franklin St & Monroe St,1340,2478,1138,3818,0.3
Customer,Dearborn St & Adams St,Indiana Ave & Roosevelt Rd,1145,2123,978,3268,0.3
Customer,Dearborn St & Erie St,Canal St & Madison St,1030,1911,881,2941,0.3
Customer,Kingsbury St & Erie St,Canal St & Monroe St,887,1642,755,2529,0.3
Customer,Millennium Park,Michigan Ave & 8th St,848,1573,725,2421,0.3
Customer,Clinton St & Polk St,Clinton St & Madison St,822,1543,721,2365,0.3
Customer,Clark St & Armitage Ave,Marshfield Ave & Cortland St,780,1433,653,2213,0.3
Customer,Columbus Dr & Randolph St,Canal St & Madison St,11119,6172,4947,17291,0.29
Customer,Theater on the Lake,Lake Shore Dr & Monroe St,1890,3469,1579,5359,0.29
Customer,Clinton St & Washington Blvd,Sangamon St & Washington Blvd,1568,2868,1300,4436,0.29
Customer,Wabash Ave & Roosevelt Rd,State St & Van Buren St,1480,2670,1190,4150,0.29
Customer,Theater on the Lake,Millennium Park,1344,2439,1095,3783,0.29
Customer,Clinton St & Washington Blvd,Noble St & Milwaukee Ave,1062,1945,883,3007,0.29
Customer,Franklin St & Chicago Ave,Canal St & Madison St,1004,1827,823,2831,0.29
Customer,Wilton Ave & Belmont Ave,Broadway & Belmont Ave,926,1675,749,2601,0.29
Customer,Ada St & Washington Blvd,Canal St & Madison St,860,1578,718,2438,0.29
Customer,Canal St & Taylor St,Canal St & Monroe St,1489,826,663,2315,0.29
Customer,Dearborn St & Monroe St,Franklin St & Lake St,787,1443,656,2230,0.29
Customer,St. Clair St & Erie St,Columbus Dr & Randolph St,774,1394,620,2168,0.29
Customer,Wilton Ave & Diversey Pkwy,Stockton Dr & Wrightwood Ave,1338,743,595,2081,0.29
Customer,Clinton St & Lake St,Wabash Ave & Grand Ave,711,1299,588,2010,0.29
Customer,Canal St & Adams St,Clinton St & Washington Blvd,2163,3825,1662,5988,0.28
Customer,Canal St & Adams St,Stetson Ave & South Water St,1977,3533,1556,5510,0.28
Customer,Clinton St & Madison St,State St & Van Buren St,2608,1480,1128,4088,0.28
Customer,Kingsbury St & Erie St,Franklin St & Monroe St,1290,2274,984,3564,0.28
Customer,Clinton St & Washington Blvd,Millennium Park,1818,1013,805,2831,0.28
Customer,Dearborn St & Adams St,Michigan Ave & Lake St,1551,881,670,2432,0.28
Customer,Wells St & Concord Ln,Lake Shore Dr & North Blvd,854,1516,662,2370,0.28
Customer,Franklin St & Lake St,Franklin St & Jackson Blvd,837,1484,647,2321,0.28
Customer,LaSalle St & Adams St,McClurg Ct & Illinois St,772,1363,591,2135,0.28
Customer,Orleans St & Merchandise Mart Plaza,Clinton St & Lake St,1334,746,588,2080,0.28
Customer,Dearborn St & Adams St,Canal St & Jackson Blvd,740,1323,583,2063,0.28
Customer,Columbus Dr & Randolph St,Franklin St & Quincy St,1302,730,572,2032,0.28
Customer,Canal St & Adams St,Clark St & Lake St,2542,4462,1920,7004,0.27
Customer,Wabash Ave & Adams St,Canal St & Madison St,4214,2416,1798,6630,0.27
Customer,Dearborn St & Monroe St,Dearborn Pkwy & Delaware Pl,2775,1603,1172,4378,0.27
Customer,Lincoln Ave & Diversey Pkwy,Wilton Ave & Diversey Pkwy,2387,1385,1002,3772,0.27
Customer,Wabash Ave & Roosevelt Rd,Clark St & Congress Pkwy,1262,2197,935,3459,0.27
Customer,Clinton St & Tilden St,Clinton St & Washington Blvd,1167,2037,870,3204,0.27
Customer,Aberdeen St & Jackson Blvd,Canal St & Jackson Blvd,1852,1056,796,2908,0.27
Customer,Dearborn St & Monroe St,Dearborn St & Erie St,1844,1057,787,2901,0.27
Customer,Kingsbury St & Kinzie St,Green St & Randolph St*,1824,1053,771,2877,0.27
Customer,Clinton St & Washington Blvd,Wells St & Erie St,1036,1814,778,2850,0.27
Customer,Stetson Ave & South Water St,Daley Center Plaza,1785,1025,760,2810,0.27
Customer,Clinton St & Lake St,Canal St & Jackson Blvd,1684,976,708,2660,0.27
Customer,Ada St & Washington Blvd,Sangamon St & Washington Blvd,1634,949,685,2583,0.27
Customer,Greenview Ave & Fullerton Ave,Racine Ave & Fullerton Ave,921,1613,692,2534,0.27
Customer,Wabash Ave & Roosevelt Rd,Michigan Ave & Jackson Blvd,826,1423,597,2249,0.27
Customer,Clark St & Elm St,LaSalle St & Jackson Blvd,765,1326,561,2091,0.27
Customer,Ogden Ave & Chicago Ave,Ashland Ave & Chicago Ave,1300,742,558,2042,0.27
Customer,Wells St & Polk St,Daley Center Plaza,1290,749,541,2039,0.27
Customer,Larrabee St & Kingsbury St,Franklin St & Chicago Ave,2037,3447,1410,5484,0.26
Customer,Clinton St & Madison St,Larrabee St & Kingsbury St,1843,3164,1321,5007,0.26
Customer,Clinton St & Washington Blvd,Franklin St & Jackson Blvd,3000,1754,1246,4754,0.26
Customer,Clinton St & Madison St,Clark St & Randolph St,1637,2791,1154,4428,0.26
Customer,Larrabee St & Kingsbury St,Wells St & Huron St,1024,1751,727,2775,0.26
Customer,Desplaines St & Jackson Blvd,Franklin St & Jackson Blvd,1736,1029,707,2765,0.26
Customer,Columbus Dr & Randolph St,LaSalle St & Jackson Blvd,1623,954,669,2577,0.26
Customer,Clinton St & Madison St,Michigan Ave & Washington St,1595,933,662,2528,0.26
Customer,Clinton St & Madison St,Cityfront Plaza Dr & Pioneer Ct,904,1548,644,2452,0.26
Customer,MLK Jr Dr & 29th St,Wabash Ave & Roosevelt Rd,844,1441,597,2285,0.26
Customer,California Ave & Division St,Ashland Ave & Division St,828,1411,583,2239,0.26
Customer,Clinton St & Jackson Blvd,Halsted St & Polk St,826,1406,580,2232,0.26
Customer,Clark St & Schiller St,Daley Center Plaza,780,1316,536,2096,0.26
Customer,Dearborn St & Monroe St,Clinton St & Washington Blvd,2387,3990,1603,6377,0.25
Customer,Clinton St & Washington Blvd,LaSalle St & Jackson Blvd,2973,1766,1207,4739,0.25
Customer,Damen Ave & Division St,Ashland Ave & Division St,1611,2712,1101,4323,0.25
Customer,Dearborn Pkwy & Delaware Pl,Dearborn St & Erie St,1555,2574,1019,4129,0.25
Customer,Clinton St & Madison St,Sangamon St & Washington Blvd,1403,2322,919,3725,0.25
Customer,Wabash Ave & 16th St,Daley Center Plaza,1939,1165,774,3104,0.25
Customer,Dearborn St & Adams St,Clinton St & Madison St,1104,1821,717,2925,0.25
Customer,Dusable Harbor,Streeter Dr & Grand Ave,1041,1729,688,2770,0.25
Customer,Columbus Dr & Randolph St,LaSalle St & Jackson Blvd,1713,1027,686,2740,0.25
Customer,Broadway & Granville Ave,Lakefront Trail & Bryn Mawr Ave,969,1629,660,2598,0.25
Customer,Columbus Dr & Randolph St,Michigan Ave & Lake St,1511,906,605,2417,0.25
Customer,Canal St & Adams St,Wabash Ave & Roosevelt Rd,1464,880,584,2344,0.25
Customer,Clinton St & Madison St,Millennium Park,1467,871,596,2338,0.25
Customer,Desplaines St & Kinzie St,Franklin St & Jackson Blvd,1416,856,560,2272,0.25
Customer,Dearborn Pkwy & Delaware Pl,LaSalle St & Washington St,842,1394,552,2236,0.25
Customer,Columbus Dr & Randolph St,Canal St & Jackson Blvd,821,1367,546,2188,0.25
Customer,Wells St & Concord Ln,Franklin St & Lake St,818,1366,548,2184,0.25
Customer,Orleans St & Merchandise Mart Plaza,Columbus Dr & Randolph St,786,1321,535,2107,0.25
Customer,Green St & Madison St,Clinton St & Madison St,3082,5013,1931,8095,0.24
Customer,Canal St & Adams St,Wabash Ave & Wacker Pl,2443,3999,1556,6442,0.24
Customer,Kingsbury St & Kinzie St,Canal St & Madison St,2315,3795,1480,6110,0.24
Customer,Canal St & Adams St,Fairbanks Ct & Grand Ave,2253,3688,1435,5941,0.24
Customer,Canal St & Madison St,State St & Randolph St,2161,3537,1376,5698,0.24
Customer,Clinton St & Madison St,State St & Randolph St,1649,2686,1037,4335,0.24
Customer,Dearborn St & Erie St,Franklin St & Monroe St,1432,2314,882,3746,0.24
Customer,Canal St & Adams St,Clinton St & Lake St,1386,2258,872,3644,0.24
Customer,Green St & Madison St,Ada St & Washington Blvd,2203,1357,846,3560,0.24
Customer,Wells St & Elm St,Wells St & Hubbard St,2008,1227,781,3235,0.24
Customer,Lincoln Ave & Roscoe St,Wilton Ave & Belmont Ave,1185,1919,734,3104,0.24
Customer,Wells St & Concord Ln,Orleans St & Merchandise Mart Plaza,1159,1908,749,3067,0.24
Customer,Wells St & Concord Ln,Clark St & Schiller St,1150,1863,713,3013,0.24
Customer,Clark St & Lake St,St. Clair St & Erie St,1833,1118,715,2951,0.24
Customer,Orleans St & Merchandise Mart Plaza,McClurg Ct & Illinois St,1632,993,639,2625,0.24
Customer,St. Clair St & Erie St,Michigan Ave & Lake St,956,1575,619,2531,0.24
Customer,Canal St & Adams St,Indiana Ave & Roosevelt Rd,915,1504,589,2419,0.24
Customer,Clinton St & Washington Blvd,Wells St & Hubbard St,910,1496,586,2406,0.24
Customer,Wilton Ave & Diversey Pkwy,Lake Shore Dr & Diversey Pkwy,1389,857,532,2246,0.24
Customer,Theater on the Lake,Clarendon Ave & Gordon Ter,1336,818,518,2154,0.24
Customer,Clinton St & Madison St,Wabash Ave & Grand Ave,816,1324,508,2140,0.24
Customer,Larrabee St & Oak St,Franklin St & Chicago Ave,810,1329,519,2139,0.24
Customer,Canal St & Adams St,State St & Erie St,811,1323,512,2134,0.24
Customer,Larrabee St & Kingsbury St,McClurg Ct & Illinois St,797,1312,515,2109,0.24
Customer,Wells St & Walton St,Wells St & Huron St,1306,800,506,2106,0.24
Customer,Wells St & Elm St,Franklin St & Lake St,1300,792,508,2092,0.24
Customer,Clark St & Schiller St,Dearborn St & Erie St,1646,2633,987,4279,0.23
Customer,Clinton St & Madison St,Clinton St & Lake St,1352,2145,793,3497,0.23
Customer,LaSalle St & Jackson Blvd,Michigan Ave & Lake St,2102,1310,792,3412,0.23
Customer,Wabash Ave & Grand Ave,Fairbanks Ct & Grand Ave,1089,1738,649,2827,0.23
Customer,Franklin St & Monroe St,Michigan Ave & Lake St,1560,974,586,2534,0.23
Customer,Hermitage Ave & Polk St,Canal St & Jackson Blvd,1482,923,559,2405,0.23
Customer,Artesian Ave & Hubbard St,Wolcott Ave & Polk St,1408,880,528,2288,0.23
Customer,Indiana Ave & Roosevelt Rd,Franklin St & Jackson Blvd,1394,879,515,2273,0.23
Customer,Clinton St & Jackson Blvd,Larrabee St & Kingsbury St,873,1383,510,2256,0.23
Customer,Michigan Ave & Washington St,Canal St & Madison St,853,1377,524,2230,0.23
Customer,Columbus Dr & Randolph St,Dearborn St & Erie St,1254,784,470,2038,0.23
Customer,State St & Van Buren St,Clark St & Randolph St,1243,781,462,2024,0.23
Customer,Damen Ave & Division St,Ashland Ave & Division St,3550,5511,1961,9061,0.22
Customer,Columbus Dr & Randolph St,Wacker Dr & Washington St Corral,2448,3837,1389,6285,0.22
Customer,Canal St & Adams St,Green St & Madison St,3720,2356,1364,6076,0.22
Customer,Campbell Ave & Montrose Ave,Rockwell St & Eastwood Ave,2514,1616,898,4130,0.22
Customer,Larrabee St & Kingsbury St,Dearborn St & Erie St,1569,2436,867,4005,0.22
Customer,Canal St & Adams St,Michigan Ave & Jackson Blvd,2333,1506,827,3839,0.22
Customer,Sheridan Rd & Irving Park Rd,Clark St & Grace St,1375,2136,761,3511,0.22
Customer,Canal St & Adams St,Wabash Ave & Grand Ave,1145,1793,648,2938,0.22
Customer,Aberdeen St & Monroe St,Jefferson St & Monroe St,1716,1103,613,2819,0.22
Customer,Southport Ave & Roscoe St,Southport Ave & Clark St,1697,1091,606,2788,0.22
Customer,Lincoln Ave & Belle Plaine Ave,Ravenswood Ave & Lawrence Ave,1075,1676,601,2751,0.22
Customer,Desplaines St & Kinzie St,Desplaines St & Randolph St,1663,1069,594,2732,0.22
Customer,McClurg Ct & Illinois St,Lake Shore Dr & North Blvd,1548,996,552,2544,0.22
Customer,Aberdeen St & Monroe St,Green St & Madison St,958,1505,547,2463,0.22
Customer,Clark St & Lincoln Ave,Lake Shore Dr & North Blvd,959,1490,531,2449,0.22
Customer,Indiana Ave & Roosevelt Rd,State St & Van Buren St,1485,954,531,2439,0.22
Customer,Lake Park Ave & 53rd St,Ellis Ave & 53rd St,919,1445,526,2364,0.22
Customer,Clark St & Lincoln Ave,Lincoln Ave & Fullerton Ave,1429,920,509,2349,0.22
Customer,Canal St & Adams St,Hermitage Ave & Polk St,1378,880,498,2258,0.22
Customer,California Ave & Milwaukee Ave,Campbell Ave & Fullerton Ave,1303,835,468,2138,0.22
Customer,McClurg Ct & Illinois St,State St & Randolph St,799,1262,463,2061,0.22
Customer,Canal St & Adams St,Columbus Dr & Randolph St,7035,10738,3703,17773,0.21
Customer,Hermitage Ave & Polk St,Wolcott Ave & Polk St,2556,3944,1388,6500,0.21
Customer,Indiana Ave & 31st St,State St & 33rd St,3929,2564,1365,6493,0.21
Customer,Wabash Ave & Roosevelt Rd,Calumet Ave & 18th St,3567,2309,1258,5876,0.21
Customer,Clinton St & Roosevelt Rd,Wabash Ave & Roosevelt Rd,3512,2307,1205,5819,0.21
Customer,Peoria St & Jackson Blvd,Canal St & Jackson Blvd,2973,1956,1017,4929,0.21
Customer,Lincoln Ave & Belmont Ave,Wilton Ave & Belmont Ave,1920,2949,1029,4869,0.21
Customer,St. Clair St & Erie St,Kingsbury St & Erie St,1798,2753,955,4551,0.21
Customer,Morgan St & Polk St,900 W Harrison St,2225,1440,785,3665,0.21
Customer,Theater on the Lake,Pine Grove Ave & Waveland Ave,2044,1340,704,3384,0.21
Customer,Canal St & Adams St,Canal St & Taylor St,1973,1287,686,3260,0.21
Customer,Wabash Ave & Roosevelt Rd,Millennium Park,1213,1850,637,3063,0.21
Customer,Wells St & Elm St,Larrabee St & Kingsbury St,1215,1843,628,3058,0.21
Customer,Canal St & Adams St,Wabash Ave & Grand Ave,1176,1801,625,2977,0.21
Customer,Wabash Ave & Roosevelt Rd,Wabash Ave & 8th St,1162,1766,604,2928,0.21
Customer,Kingsbury St & Kinzie St,St. Clair St & Erie St,1756,1148,608,2904,0.21
Customer,Franklin St & Lake St,Columbus Dr & Randolph St,1045,1591,546,2636,0.21
Customer,Wells St & Polk St,Franklin St & Monroe St,1574,1019,555,2593,0.21
Customer,Fairbanks Ct & Grand Ave,Canal St & Madison St,1011,1537,526,2548,0.21
Customer,Kingsbury St & Erie St,Daley Center Plaza,1522,1002,520,2524,0.21
Customer,Clinton St & Madison St,Clark St & Elm St,971,1474,503,2445,0.21
Customer,Orleans St & Merchandise Mart Plaza,Sedgwick St & Huron St,1423,925,498,2348,0.21
Customer,Desplaines St & Jackson Blvd,Franklin St & Monroe St,1395,906,489,2301,0.21
Customer,Clinton St & Washington Blvd,Mies van der Rohe Way & Chestnut St,889,1371,482,2260,0.21
Customer,State St & Kinzie St,Clark St & Elm St,1312,861,451,2173,0.21
Customer,Theater on the Lake,Hampden Ct & Diversey Pkwy,1306,857,449,2163,0.21
Customer,Rush St & Hubbard St,Clark St & Lake St,813,1247,434,2060,0.21
Customer,Dearborn St & Adams St,Wabash Ave & 16th St,808,1248,440,2056,0.21
Customer,Clinton St & Madison St,Franklin St & Monroe St,1237,805,432,2042,0.21
Customer,Wells St & Huron St,Canal St & Madison St,801,1239,438,2040,0.21
Customer,Wabash Ave & Roosevelt Rd,Wabash Ave & 16th St,8838,5921,2917,14759,0.2
Customer,MLK Jr Dr & 29th St,Indiana Ave & 31st St,5661,3747,1914,9408,0.2
Customer,Damen Ave & Chicago Ave,Damen Ave & Pierce Ave,3495,5251,1756,8746,0.2
Customer,Sheffield Ave & Wellington Ave,Broadway & Barry Ave,3485,2312,1173,5797,0.2
Customer,Millennium Park,Canal St & Madison St,3048,2035,1013,5083,0.2
Customer,Lake Shore Dr & North Blvd,Lake Shore Dr & Monroe St,1857,2807,950,4664,0.2
Customer,Kingsbury St & Kinzie St,Franklin St & Monroe St,1458,2194,736,3652,0.2
Customer,Paulina Ave & North Ave,Ashland Ave & Division St,2136,1438,698,3574,0.2
Customer,Clark St & Drummond Pl,Wilton Ave & Diversey Pkwy,1315,1971,656,3286,0.2
Customer,Cornell Ave & Hyde Park Blvd,Ellis Ave & 60th St,1748,1168,580,2916,0.2
Customer,Campbell Ave & Montrose Ave,Western Ave & Leland Ave,1133,1690,557,2823,0.2
Customer,Southport Ave & Roscoe St,Lincoln Ave & Roscoe St,1625,1088,537,2713,0.2
Customer,Southport Ave & Waveland Ave,Wilton Ave & Belmont Ave,1067,1593,526,2660,0.2
Customer,California Ave & Milwaukee Ave,California Ave & North Ave,1027,1540,513,2567,0.2
Customer,Kingsbury St & Erie St,Sedgwick St & Huron St,978,1473,495,2451,0.2
Customer,Clinton St & Jackson Blvd,900 W Harrison St,901,1360,459,2261,0.2
Customer,McClurg Ct & Illinois St,LaSalle St & Jackson Blvd,897,1345,448,2242,0.2
Customer,Daley Center Plaza,LaSalle St & Jackson Blvd,883,1329,446,2212,0.2
Customer,Columbus Dr & Randolph St,Streeter Dr & Grand Ave,1317,880,437,2197,0.2
Customer,LaSalle St & Washington St,LaSalle St & Jackson Blvd,1311,881,430,2192,0.2
Customer,Canal St & Adams St,Franklin St & Chicago Ave,1310,880,430,2190,0.2
Customer,Ashland Ave & Lake St,Damen Ave & Grand Ave,1292,870,422,2162,0.2
Customer,Desplaines St & Jackson Blvd,Canal St & Adams St,836,1247,411,2083,0.2
Customer,Wilton Ave & Diversey Pkwy,Hampden Ct & Diversey Pkwy,5729,3935,1794,9664,0.19
Customer,Sheridan Rd & Irving Park Rd,Broadway & Sheridan Rd,3763,5534,1771,9297,0.19
Customer,Clinton St & Madison St,Columbus Dr & Randolph St,2999,4410,1411,7409,0.19
Customer,Dearborn St & Erie St,Clark St & Elm St,4310,2957,1353,7267,0.19
Customer,Dearborn St & Monroe St,Columbus Dr & Randolph St,2262,3350,1088,5612,0.19
Customer,Southport Ave & Roscoe St,Wilton Ave & Belmont Ave,2111,3073,962,5184,0.19
Customer,Clinton St & Madison St,Daley Center Plaza,3056,2061,995,5117,0.19
Customer,Kingsbury St & Kinzie St,Canal St & Monroe St,1690,2497,807,4187,0.19
Customer,Damen Ave & Pierce Ave,Leavitt St & North Ave,1558,2286,728,3844,0.19
Customer,MLK Jr Dr & 29th St,McCormick Place,2246,1537,709,3783,0.19
Customer,Hermitage Ave & Polk St,Clinton St & Madison St,2138,1448,690,3586,0.19
Customer,Michigan Ave & Oak St,Stockton Dr & Wrightwood Ave,1958,1333,625,3291,0.19
Customer,Calumet Ave & 33rd St,State St & 35th St,1892,1292,600,3184,0.19
Customer,Fort Dearborn Dr & 31st St,Lake Shore Dr & Monroe St,1849,1248,601,3097,0.19
Customer,Daley Center Plaza,LaSalle St & Jackson Blvd,1248,1815,567,3063,0.19
Customer,Clark St & Lake St,Fairbanks Ct & Grand Ave,1786,1204,582,2990,0.19
Customer,Canal St & Madison St,LaSalle St & Illinois St,1741,1191,550,2932,0.19
Customer,Ravenswood Ave & Montrose Ave,Ravenswood Ave & Lawrence Ave,1740,1182,558,2922,0.19
Customer,Aberdeen St & Monroe St,Franklin St & Monroe St,1728,1188,540,2916,0.19
Customer,Wabash Ave & Adams St,Wabash Ave & Roosevelt Rd,1729,1166,563,2895,0.19
Customer,Dearborn St & Monroe St,Franklin St & Jackson Blvd,1153,1710,557,2863,0.19
Customer,State St & Kinzie St,LaSalle St & Jackson Blvd,1082,1588,506,2670,0.19
Customer,Dearborn St & Adams St,Columbus Dr & Randolph St,1061,1559,498,2620,0.19
Customer,Franklin St & Lake St,Canal St & Madison St,1045,1531,486,2576,0.19
Customer,Sheffield Ave & Fullerton Ave,Southport Ave & Wellington Ave,1039,1531,492,2570,0.19
Customer,Wabash Ave & Roosevelt Rd,Delano Ct & Roosevelt Rd,980,1427,447,2407,0.19
Customer,Aberdeen St & Jackson Blvd,Loomis St & Lexington St,1379,947,432,2326,0.19
Customer,Desplaines St & Kinzie St,Canal St & Monroe St,922,1349,427,2271,0.19
Customer,Sedgwick St & Huron St,Canal St & Madison St,907,1328,421,2235,0.19
Customer,Dearborn St & Erie St,Wacker Dr & Washington St Corral,860,1265,405,2125,0.19
Customer,Clinton St & Washington Blvd,Wells St & Hubbard St,844,1238,394,2082,0.19
Customer,Halsted St & Roscoe St,Southport Ave & Waveland Ave,1204,828,376,2032,0.19
Customer,Kingsbury St & Kinzie St,Clinton St & Washington Blvd,7811,5421,2390,13232,0.18
Customer,Dearborn St & Monroe St,Federal St & Polk St,3809,2652,1157,6461,0.18
Customer,Kedzie Ave & Palmer Ct,Kedzie Ave & Milwaukee Ave,3787,2611,1176,6398,0.18
Customer,Damen Ave & Leland Ave,Ravenswood Ave & Lawrence Ave,3448,2394,1054,5842,0.18
Customer,Lakefront Trail & Bryn Mawr Ave,Montrose Harbor,2097,3049,952,5146,0.18
Customer,Carpenter St & Huron St,Clinton St & Washington Blvd,2335,1626,709,3961,0.18
Customer,Lake Park Ave & 53rd St,Kimbark Ave & 53rd St,1541,2214,673,3755,0.18
Customer,Emerald Ave & 31st St,Halsted St & Archer Ave,1385,1987,602,3372,0.18
Customer,Wells St & Elm St,Orleans St & Merchandise Mart Plaza,1360,1950,590,3310,0.18
Customer,Columbus Dr & Randolph St,Michigan Ave & Madison St,1808,1260,548,3068,0.18
Customer,Wells St & Concord Ln,Dearborn Pkwy & Delaware Pl,1228,1772,544,3000,0.18
Customer,Clinton St & Lake St,Franklin St & Monroe St,1728,1198,530,2926,0.18
Customer,Lincoln Ave & Winona St,Western Ave & Leland Ave,1704,1194,510,2898,0.18
Customer,Wabash Ave & Roosevelt Rd,Daley Center Plaza,1142,1648,506,2790,0.18
Customer,Dearborn St & Erie St,Canal St & Monroe St,1128,1627,499,2755,0.18
Customer,Theater on the Lake,Lake Shore Dr & Diversey Pkwy,1629,1122,507,2751,0.18
Customer,Dearborn St & Adams St,Michigan Ave & 14th St,1121,1626,505,2747,0.18
Customer,Broadway & Belmont Ave,Pine Grove Ave & Irving Park Rd,1120,1620,500,2740,0.18
Customer,Kingsbury St & Erie St,LaSalle St & Illinois St,1546,1067,479,2613,0.18
Customer,Canal St & Adams St,Federal St & Polk St,1539,1070,469,2609,0.18
Customer,Wabash Ave & Grand Ave,Streeter Dr & Grand Ave,979,1398,419,2377,0.18
Customer,St. Clair St & Erie St,Larrabee St & Kingsbury St,933,1338,405,2271,0.18
Customer,State St & Van Buren St,Daley Center Plaza,1279,887,392,2166,0.18
Customer,MLK Jr Dr & 29th St,State St & 35th St,1242,863,379,2105,0.18
Customer,Orleans St & Chestnut St (NEXT Apts),St. Clair St & Erie St,1242,855,387,2097,0.18
Customer,Canal St & Madison St,LaSalle St & Jackson Blvd,840,1220,380,2060,0.18
Customer,Milwaukee Ave & Wabansia Ave,Kedzie Ave & Milwaukee Ave,1213,838,375,2051,0.18
Customer,Sheffield Ave & Wellington Ave,Southport Ave & Wellington Ave,836,1200,364,2036,0.18
Customer,Franklin St & Monroe St,State St & Randolph St,1195,822,373,2017,0.18
Customer,Michigan Ave & 18th St,Wabash Ave & Roosevelt Rd,6086,8641,2555,14727,0.17
Customer,Clinton St & Washington Blvd,Michigan Ave & Lake St,6027,8534,2507,14561,0.17
Customer,Canal St & Adams St,Clinton St & Lake St,3279,4660,1381,7939,0.17
Customer,Broadway & Belmont Ave,Broadway & Waveland Ave,1729,2413,684,4142,0.17
Customer,Clinton St & Lake St,Kingsbury St & Erie St,1696,2404,708,4100,0.17
Customer,Clinton St & Jackson Blvd,Clinton St & Madison St,2334,1640,694,3974,0.17
Customer,Dearborn St & Monroe St,McClurg Ct & Illinois St,2291,1639,652,3930,0.17
Customer,Larrabee St & Kingsbury St,Franklin St & Chicago Ave,1563,2210,647,3773,0.17
Customer,Dearborn St & Adams St,Clinton St & Washington Blvd,1521,2147,626,3668,0.17
Customer,Dearborn Pkwy & Delaware Pl,Clark St & Lake St,1496,2089,593,3585,0.17
Customer,Clark St & Lincoln Ave,Bissell St & Armitage Ave,1953,1389,564,3342,0.17
Customer,Dearborn St & Monroe St,Michigan Ave & 14th St,1868,1331,537,3199,0.17
Customer,Clinton St & Tilden St,Clinton St & Roosevelt Rd,1735,1237,498,2972,0.17
Customer,Theater on the Lake,Broadway & Barry Ave,1660,1187,473,2847,0.17
Customer,LaSalle St & Jackson Blvd,Daley Center Plaza,1655,1177,478,2832,0.17
Customer,Clarendon Ave & Gordon Ter,Broadway & Waveland Ave,1173,1645,472,2818,0.17
Customer,Clinton St & Jackson Blvd,Morgan St & Polk St,1043,1458,415,2501,0.17
Customer,Canal St & Adams St,Daley Center Plaza,1016,1442,426,2458,0.17
Customer,Wells St & Concord Ln,Bissell St & Armitage Ave,1421,1012,409,2433,0.17
Customer,Fairbanks Ct & Grand Ave,Clark St & Randolph St,1406,1006,400,2412,0.17
Customer,Racine Ave & Belmont Ave,Southport Ave & Wellington Ave,1384,975,409,2359,0.17
Customer,Halsted St & Roscoe St,Halsted St & Diversey Pkwy,903,1279,376,2182,0.17
Customer,Larrabee St & Kingsbury St,Larrabee St & North Ave,891,1261,370,2152,0.17
Customer,Racine Ave & Belmont Ave,Southport Ave & Waveland Ave,1243,881,362,2124,0.17
Customer,Canal St & Adams St,Ashland Ave & Augusta Blvd,1190,842,348,2032,0.17
Customer,Rush St & Superior St,Wells St & Huron St,1166,835,331,2001,0.17
Customer,Canal St & Adams St,Michigan Ave & Lake St,6796,9300,2504,16096,0.16
Customer,Canal St & Madison St,Michigan Ave & Lake St,4625,6343,1718,10968,0.16
Customer,Clinton St & Washington Blvd,Kingsbury St & Erie St,4266,5949,1683,10215,0.16
Customer,Stetson Ave & South Water St,Clinton St & Washington Blvd,3936,2848,1088,6784,0.16
Customer,Federal St & Polk St,Wabash Ave & Roosevelt Rd,3642,2663,979,6305,0.16
Customer,Orleans St & Merchandise Mart Plaza,Kingsbury St & Erie St,3656,2634,1022,6290,0.16
Customer,Broadway & Ridge Ave,Clark St & Bryn Mawr Ave,2412,3301,889,5713,0.16
Customer,Canal St & Adams St,Clark St & Randolph St,2372,3300,928,5672,0.16
Customer,Clark St & Leland Ave,Ravenswood Ave & Lawrence Ave,2918,2125,793,5043,0.16
Customer,Desplaines St & Jackson Blvd,Clinton St & Madison St,2870,2079,791,4949,0.16
Customer,Desplaines St & Kinzie St,State St & Kinzie St,2821,2034,787,4855,0.16
Customer,Clinton St & Washington Blvd,Fairbanks Ct & Grand Ave,1947,2709,762,4656,0.16
Customer,Sheffield Ave & Webster Ave,Sedgwick St & Webster Ave,1816,2503,687,4319,0.16
Customer,St. Clair St & Erie St,Clinton St & Madison St,2438,1752,686,4190,0.16
Customer,Canal St & Adams St,LaSalle St & Washington St,1548,2122,574,3670,0.16
Customer,State St & Harrison St,Wabash Ave & Roosevelt Rd,2088,1509,579,3597,0.16
Customer,Clinton St & Washington Blvd,Franklin St & Lake St,1377,1908,531,3285,0.16
Customer,Kingsbury St & Kinzie St,Aberdeen St & Monroe St,1351,1851,500,3202,0.16
Customer,Sheridan Rd & Irving Park Rd,Sheffield Ave & Waveland Ave,1308,1802,494,3110,0.16
Customer,Ashland Ave & Chicago Ave,Ashland Ave & Division St,1305,1793,488,3098,0.16
Customer,Kingsbury St & Kinzie St,LaSalle St & Washington St,1720,1256,464,2976,0.16
Customer,Aberdeen St & Jackson Blvd,Jefferson St & Monroe St,1647,1183,464,2830,0.16
Customer,Indiana Ave & 31st St,Calumet Ave & 33rd St,1146,1586,440,2732,0.16
Customer,Damen Ave & Chicago Ave,Ashland Ave & Division St,1147,1580,433,2727,0.16
Customer,Ogden Ave & Congress Pkwy,Wolcott Ave & Polk St,1521,1096,425,2617,0.16
Customer,Sheffield Ave & Webster Ave,Clark St & Lincoln Ave,1078,1502,424,2580,0.16
Customer,Wells St & Concord Ln,Michigan Ave & Oak St,1035,1429,394,2464,0.16
Customer,Milwaukee Ave & Wabansia Ave,Damen Ave & Pierce Ave,1385,1004,381,2389,0.16
Customer,Kingsbury St & Kinzie St,Wells St & Evergreen Ave,987,1365,378,2352,0.16
Customer,Indiana Ave & Roosevelt Rd,Franklin St & Monroe St,1341,973,368,2314,0.16
Customer,Ashland Ave & Blackhawk St,Ashland Ave & Division St,1326,963,363,2289,0.16
Customer,State St & Pearson St,Larrabee St & Kingsbury St,1323,951,372,2274,0.16
Customer,Fort Dearborn Dr & 31st St,Rhodes Ave & 32nd St,955,1312,357,2267,0.16
Customer,Clark St & Lake St,Canal St & Madison St,1273,923,350,2196,0.16
Customer,Cityfront Plaza Dr & Pioneer Ct,Daley Center Plaza,1262,918,344,2180,0.16
Customer,Orleans St & Merchandise Mart Plaza,LaSalle St & Washington St,913,1263,350,2176,0.16
Customer,Kingsbury St & Kinzie St,Fairbanks Ct & Grand Ave,910,1260,350,2170,0.16
Customer,Lake Park Ave & 47th St,Greenwood Ave & 47th St,897,1247,350,2144,0.16
Customer,Stetson Ave & South Water St,Clinton St & Madison St,1221,893,328,2114,0.16
Customer,Kingsbury St & Kinzie St,Orleans St & Chestnut St (NEXT Apts),864,1198,334,2062,0.16
Customer,Clinton St & Lake St,St. Clair St & Erie St,1194,867,327,2061,0.16
Customer,Clinton St & Jackson Blvd,Sangamon St & Lake St,1199,861,338,2060,0.16
Customer,Sheridan Rd & Irving Park Rd,Clarendon Ave & Junior Ter,4896,3597,1299,8493,0.15
Customer,Daley Center Plaza,Canal St & Madison St,2217,2998,781,5215,0.15
Customer,Clark St & North Ave,Clark St & Elm St,2008,2732,724,4740,0.15
Customer,Theater on the Lake,Lake Shore Dr & Wellington Ave,2708,2005,703,4713,0.15
Customer,Kingsbury St & Kinzie St,Wells St & Elm St,1898,2543,645,4441,0.15
Customer,Columbus Dr & Randolph St,Millennium Park,2525,1874,651,4399,0.15
Customer,Halsted St & Roscoe St,Pine Grove Ave & Irving Park Rd,1866,2506,640,4372,0.15
Customer,Kingsbury St & Kinzie St,Larrabee St & Oak St,1813,2431,618,4244,0.15
Customer,Theater on the Lake,Pine Grove Ave & Irving Park Rd,2273,1696,577,3969,0.15
Customer,Lake Shore Dr & Belmont Ave,Wilton Ave & Belmont Ave,1672,2277,605,3949,0.15
Customer,Clark St & Bryn Mawr Ave,Ravenswood Ave & Lawrence Ave,1671,2246,575,3917,0.15
Customer,Wilton Ave & Diversey Pkwy,Burling St & Diversey Pkwy,1562,2130,568,3692,0.15
Customer,Wabash Ave & Roosevelt Rd,Shedd Aquarium,2091,1553,538,3644,0.15
Customer,Aberdeen St & Jackson Blvd,Loomis St & Lexington St,2067,1537,530,3604,0.15
Customer,Fort Dearborn Dr & 31st St,MLK Jr Dr & 29th St,1490,2014,524,3504,0.15
Customer,Dearborn St & Monroe St,Kingsbury St & Kinzie St,1418,1933,515,3351,0.15
Customer,Canal St & Adams St,Clinton St & Tilden St,1907,1403,504,3310,0.15
Customer,Wentworth Ave & 35th St,Wallace St & 35th St,1266,1729,463,2995,0.15
Customer,Lakeview Ave & Fullerton Pkwy,Hampden Ct & Diversey Pkwy,1711,1272,439,2983,0.15
Customer,Larrabee St & Oak St,Larrabee St & Kingsbury St,1260,1705,445,2965,0.15
Customer,Clinton St & Washington Blvd,Wells St & Walton St,1256,1700,444,2956,0.15
Customer,Milwaukee Ave & Wabansia Ave,Marshfield Ave & Cortland St,1241,1676,435,2917,0.15
Customer,MLK Jr Dr & 29th St,Calumet Ave & 35th St,1644,1206,438,2850,0.15
Customer,Wells St & Concord Ln,Franklin St & Monroe St,1135,1523,388,2658,0.15
Customer,Wood St & Milwaukee Ave,Damen Ave & Pierce Ave,1491,1098,393,2589,0.15
Customer,Clinton St & Madison St,LaSalle St & Illinois St,1094,1485,391,2579,0.15
Customer,Clark St & 9th St (AMLI),Daley Center Plaza,1468,1092,376,2560,0.15
Customer,Theater on the Lake,Clark St & Wrightwood Ave,1435,1059,376,2494,0.15
Customer,Canal St & Adams St,Millennium Park,1422,1059,363,2481,0.15
Customer,Broadway & Thorndale Ave,Lakefront Trail & Bryn Mawr Ave,1050,1428,378,2478,0.15
Customer,State St & 19th St,Wabash Ave & Roosevelt Rd,1039,1399,360,2438,0.15
Customer,Wells St & Concord Ln,Stockton Dr & Wrightwood Ave,1383,1028,355,2411,0.15
Customer,Dearborn St & Erie St,LaSalle St & Jackson Blvd,1025,1383,358,2408,0.15
Customer,Clark St & Wellington Ave,Theater on the Lake,1010,1380,370,2390,0.15
Customer,Clark St & Elm St,Clark St & Randolph St,1352,992,360,2344,0.15
Customer,Wabash Ave & Cermak Rd,Wabash Ave & Roosevelt Rd,986,1324,338,2310,0.15
Customer,Canal St & Adams St,Dearborn St & Adams St Corral,973,1315,342,2288,0.15
Customer,Dearborn Pkwy & Delaware Pl,Mies van der Rohe Way & Chicago Ave,1316,967,349,2283,0.15
Customer,Indiana Ave & Roosevelt Rd,Calumet Ave & 18th St,1277,948,329,2225,0.15
Customer,Clark St & Wellington Ave,Lake Shore Dr & Wellington Ave,1280,941,339,2221,0.15
Customer,Lake Shore Dr & Wellington Ave,Broadway & Barry Ave,927,1256,329,2183,0.15
Customer,Artesian Ave & Hubbard St,Damen Ave & Chicago Ave,1245,916,329,2161,0.15
Customer,Sedgwick St & Webster Ave,Halsted St & Dickens Ave,1236,919,317,2155,0.15
Customer,Rush St & Hubbard St,Dearborn St & Monroe St,1217,900,317,2117,0.15
Customer,California Ave & Milwaukee Ave,Milwaukee Ave & Rockwell St,1172,871,301,2043,0.15
Customer,Halsted St & Wrightwood Ave,Racine Ave & Wrightwood Ave,1162,857,305,2019,0.15
Customer,Halsted St & Wrightwood Ave,Theater on the Lake,860,1153,293,2013,0.15
Customer,Broadway & Belmont Ave,Wilton Ave & Belmont Ave,8174,6216,1958,14390,0.14
Customer,Halsted St & Wrightwood Ave,Sheffield Ave & Fullerton Ave,4785,3578,1207,8363,0.14
Customer,Halsted St & Wrightwood Ave,Clark St & Wrightwood Ave,2704,3550,846,6254,0.14
Customer,Woodlawn Ave & 55th St,Kimbark Ave & 53rd St,3227,2424,803,5651,0.14
Customer,Streeter Dr & Grand Ave,Lake Shore Dr & Monroe St,2305,3040,735,5345,0.14
Customer,Franklin St & Lake St,Kingsbury St & Erie St,2774,2095,679,4869,0.14
Customer,Aberdeen St & Jackson Blvd,Franklin St & Jackson Blvd,2703,2045,658,4748,0.14
Customer,Canal St & Adams St,Michigan Ave & Washington St,2626,1980,646,4606,0.14
Customer,Rush St & Hubbard St,Kingsbury St & Kinzie St,1669,2228,559,3897,0.14
Customer,Carpenter St & Huron St,Desplaines St & Kinzie St,1569,2085,516,3654,0.14
Customer,Kingsbury St & Kinzie St,State St & Kinzie St,2077,1576,501,3653,0.14
Customer,Marine Dr & Ainslie St,Clarendon Ave & Leland Ave,1572,2080,508,3652,0.14
Customer,Dearborn St & Erie St,McClurg Ct & Erie St,1920,1457,463,3377,0.14
Customer,Sheffield Ave & Waveland Ave,Pine Grove Ave & Waveland Ave,1409,1864,455,3273,0.14
Customer,Orleans St & Merchandise Mart Plaza,Dearborn St & Erie St,1841,1398,443,3239,0.14
Customer,Broadway & Belmont Ave,Pine Grove Ave & Waveland Ave,1231,1633,402,2864,0.14
Customer,Southport Ave & Roscoe St,Halsted St & Roscoe St,1199,1582,383,2781,0.14
Customer,State St & Van Buren St,Canal St & Jackson Blvd,1581,1198,383,2779,0.14
Customer,St. Clair St & Erie St,Sedgwick St & Huron St,1132,1513,381,2645,0.14
Customer,Desplaines St & Kinzie St,Wells St & Hubbard St,1490,1121,369,2611,0.14
Customer,Clinton St & Lake St,Dearborn St & Erie St,1120,1488,368,2608,0.14
Customer,Milwaukee Ave & Wabansia Ave,Ashland Ave & Division St,1478,1107,371,2585,0.14
Customer,Sedgwick St & North Ave,Lake Shore Dr & North Blvd,1456,1108,348,2564,0.14
Customer,Clinton St & Madison St,Clark St & Congress Pkwy,1451,1099,352,2550,0.14
Customer,Dearborn Pkwy & Delaware Pl,Clark St & North Ave,1422,1075,347,2497,0.14
Customer,Dearborn St & Erie St,McClurg Ct & Illinois St,1009,1335,326,2344,0.14
Customer,Lake Shore Dr & Belmont Ave,Broadway & Barry Ave,994,1317,323,2311,0.14
Customer,Canal St & Adams St,Wolcott Ave & Polk St,1299,971,328,2270,0.14
Customer,Sheffield Ave & Webster Ave,Halsted St & Wrightwood Ave,975,1293,318,2268,0.14
Customer,Clark St & Schiller St,Clark St & Armitage Ave,1268,965,303,2233,0.14
Customer,Franklin St & Monroe St,Wells St & Huron St,950,1266,316,2216,0.14
Customer,Michigan Ave & Washington St,Canal St & Madison St,938,1252,314,2190,0.14
Customer,Michigan Ave & Jackson Blvd,Calumet Ave & 18th St,1245,945,300,2190,0.14
Customer,Canal St & Monroe St,State St & Randolph St,1188,897,291,2085,0.14
Customer,Broadway & Belmont Ave,Broadway & Cornelia Ave,871,1162,291,2033,0.14
Customer,Greenview Ave & Fullerton Ave,Sheffield Ave & Fullerton Ave,6384,8240,1856,14624,0.13
Customer,Sheridan Rd & Irving Park Rd,Sheridan Rd & Montrose Ave,6018,4636,1382,10654,0.13
Customer,Canal St & Adams St,Kingsbury St & Erie St,4553,5922,1369,10475,0.13
Customer,Canal St & Adams St,State St & Randolph St,4409,5688,1279,10097,0.13
Customer,Sheffield Ave & Wrightwood Ave,Sheffield Ave & Fullerton Ave,4595,3568,1027,8163,0.13
Customer,State St & Van Buren St,Franklin St & Jackson Blvd,4439,3398,1041,7837,0.13
Customer,Pine Grove Ave & Irving Park Rd,Pine Grove Ave & Waveland Ave,3777,2910,867,6687,0.13
Customer,Kingsbury St & Kinzie St,Clinton St & Lake St,3478,2704,774,6182,0.13
Customer,Clinton St & Madison St,Morgan St & Lake St,2508,3260,752,5768,0.13
Customer,Ellis Ave & 60th St,Kimbark Ave & 53rd St,2151,2808,657,4959,0.13
Customer,Shore Dr & 55th St,Lake Park Ave & 56th St,2593,2008,585,4601,0.13
Customer,Dearborn Pkwy & Delaware Pl,Clark St & Elm St,2529,1953,576,4482,0.13
Customer,Clinton St & Madison St,Sedgwick St & Huron St,1932,2526,594,4458,0.13
Customer,Damen Ave & Pierce Ave,Damen Ave & Cortland St,1697,2190,493,3887,0.13
Customer,Canal St & Madison St,Clark St & Randolph St,1646,2126,480,3772,0.13
Customer,Canal St & Madison St,Morgan St & Lake St,1619,2097,478,3716,0.13
Customer,Rush St & Hubbard St,Canal St & Madison St,1528,1976,448,3504,0.13
Customer,Clark St & Winnemac Ave,Ravenswood Ave & Lawrence Ave,1493,1943,450,3436,0.13
Customer,Western Ave & Division St,Damen Ave & Pierce Ave,1485,1942,457,3427,0.13
Customer,Western Ave & Leland Ave,Damen Ave & Leland Ave,1449,1900,451,3349,0.13
Customer,Clybourn Ave & Division St,Sedgwick St & North Ave,1460,1887,427,3347,0.13
Customer,Desplaines St & Jackson Blvd,Aberdeen St & Jackson Blvd,1426,1866,440,3292,0.13
Customer,Halsted St & Roscoe St,Broadway & Waveland Ave,1846,1427,419,3273,0.13
Customer,Wells St & Erie St,Canal St & Madison St,1387,1796,409,3183,0.13
Customer,Clinton St & Tilden St,Canal St & Taylor St,1737,1328,409,3065,0.13
Customer,Sheffield Ave & Wellington Ave,Broadway & Barry Ave,1725,1332,393,3057,0.13
Customer,Dayton St & North Ave,Sedgwick St & North Ave,1291,1667,376,2958,0.13
Customer,Wood St & Milwaukee Ave,Ashland Ave & Division St,1663,1270,393,2933,0.13
Customer,Dearborn Pkwy & Delaware Pl,LaSalle St & Illinois St,1272,1637,365,2909,0.13
Customer,Sheffield Ave & Addison St,Southport Ave & Waveland Ave,1221,1602,381,2823,0.13
Customer,Michigan Ave & 18th St,Franklin St & Jackson Blvd,1541,1179,362,2720,0.13
Customer,Daley Center Plaza,Canal St & Monroe St,1163,1518,355,2681,0.13
Customer,Southport Ave & Belmont Ave,Southport Ave & Waveland Ave,1426,1102,324,2528,0.13
Customer,Kingsbury St & Kinzie St,Clinton St & Lake St,1423,1092,331,2515,0.13
Customer,Western Ave & Walton St,Ashland Ave & Division St,1093,1414,321,2507,0.13
Customer,Southport Ave & Roscoe St,Racine Ave & Belmont Ave,1069,1401,332,2470,0.13
Customer,Manor Ave & Leland Ave,Francisco Ave & Foster Ave,1043,1366,323,2409,0.13
Customer,Larrabee St & Kingsbury St,Halsted St & Clybourn Ave,1346,1036,310,2382,0.13
Customer,Canal St & Monroe St,Morgan St & Lake St,1020,1321,301,2341,0.13
Customer,Broadway & Belmont Ave,Clark St & Wrightwood Ave,1010,1316,306,2326,0.13
Customer,Lincoln Ave & Diversey Pkwy,Halsted St & Wrightwood Ave,1310,1011,299,2321,0.13
Customer,Marine Dr & Ainslie St,Theater on the Lake,976,1275,299,2251,0.13
Customer,Clark St & Schiller St,Wells St & Huron St,1265,975,290,2240,0.13
Customer,Lincoln Ave & Belmont Ave,Southport Ave & Wellington Ave,1266,969,297,2235,0.13
Customer,Dearborn St & Monroe St,Michigan Ave & 18th St,927,1214,287,2141,0.13
Customer,Wells St & Concord Ln,Clinton St & Washington Blvd,910,1173,263,2083,0.13
Customer,Desplaines St & Kinzie St,LaSalle St & Illinois St,1164,896,268,2060,0.13
Customer,Fairbanks Ct & Grand Ave,State St & Kinzie St,875,1144,269,2019,0.13
Customer,Kingsbury St & Kinzie St,Clinton St & Madison St,6105,4759,1346,10864,0.12
Customer,University Ave & 57th St,Ellis Ave & 55th St,3978,3154,824,7132,0.12
Customer,Canal St & Adams St,Dearborn St & Monroe St,3096,3978,882,7074,0.12
Customer,Franklin St & Jackson Blvd,Peoria St & Jackson Blvd,2659,3351,692,6010,0.12
Customer,Clinton St & Washington Blvd,Ada St & Washington Blvd,2629,3362,733,5991,0.12
Customer,Wolcott Ave & Polk St,Clinton St & Washington Blvd,2385,3062,677,5447,0.12
Customer,Cornell Ave & Hyde Park Blvd,Kimbark Ave & 53rd St,2353,2981,628,5334,0.12
Customer,Clark St & Lake St,Clinton St & Washington Blvd,2834,2247,587,5081,0.12
Customer,Indiana Ave & Roosevelt Rd,Columbus Dr & Randolph St,2119,2692,573,4811,0.12
Customer,Wabash Ave & Roosevelt Rd,Franklin St & Jackson Blvd,2021,2557,536,4578,0.12
Customer,LaSalle St & Illinois St,Clark St & Elm St,1997,2550,553,4547,0.12
Customer,Stetson Ave & South Water St,Canal St & Madison St,2500,1972,528,4472,0.12
Customer,Emerald Ave & 28th St,Halsted St & Archer Ave,2321,1839,482,4160,0.12
Customer,Ellis Ave & 58th St,Woodlawn Ave & 55th St,1682,2124,442,3806,0.12
Customer,Canal St & Adams St,LaSalle St & Jackson Blvd,1643,2104,461,3747,0.12
Customer,Theater on the Lake,Stockton Dr & Wrightwood Ave,2064,1633,431,3697,0.12
Customer,Clinton St & Washington Blvd,Clark St & Elm St,1612,2038,426,3650,0.12
Customer,Clark St & Schiller St,Dearborn Pkwy & Delaware Pl,1607,2030,423,3637,0.12
Customer,Kingsbury St & Kinzie St,Daley Center Plaza,1936,1507,429,3443,0.12
Customer,Clybourn Ave & Division St,Clinton St & Washington Blvd,1917,1518,399,3435,0.12
Customer,Sheffield Ave & Webster Ave,Sheffield Ave & Wrightwood Ave,1511,1917,406,3428,0.12
Customer,Canal St & Adams St,LaSalle St & Illinois St,1431,1836,405,3267,0.12
Customer,Columbus Dr & Randolph St,LaSalle St & Washington St,1373,1743,370,3116,0.12
Customer,Dearborn St & Monroe St,State St & Kinzie St,1738,1374,364,3112,0.12
Customer,Green St & Madison St,Canal St & Monroe St,1375,1733,358,3108,0.12
Customer,Clark St & Wellington Ave,Southport Ave & Wellington Ave,1330,1693,363,3023,0.12
Customer,Prairie Ave & Garfield Blvd,DuSable Museum,1333,1682,349,3015,0.12
Customer,Desplaines St & Kinzie St,Orleans St & Merchandise Mart Plaza,1325,1689,364,3014,0.12
Customer,Federal St & Polk St,Franklin St & Jackson Blvd,1647,1303,344,2950,0.12
Customer,Wells St & Concord Ln,Clark St & Wrightwood Ave,1651,1285,366,2936,0.12
Customer,Southport Ave & Waveland Ave,Southport Ave & Wellington Ave,1291,1641,350,2932,0.12
Customer,Clinton St & Washington Blvd,May St & Randolph St,1293,1633,340,2926,0.12
Customer,Dearborn St & Monroe St,Clark St & Elm St,1627,1280,347,2907,0.12
Customer,Damen Ave & Melrose Ave,Wilton Ave & Belmont Ave,1272,1633,361,2905,0.12
Customer,Wabash Ave & Adams St,Clinton St & Madison St,1246,1581,335,2827,0.12
Customer,McClurg Ct & Erie St,Canal St & Madison St,1241,1577,336,2818,0.12
Customer,Bissell St & Armitage Ave,Southport Ave & Clybourn Ave,1576,1238,338,2814,0.12
Customer,Wells St & Concord Ln,Lakeview Ave & Fullerton Pkwy,1562,1236,326,2798,0.12
Customer,Eckhart Park,Ogden Ave & Chicago Ave,1159,1471,312,2630,0.12
Customer,Shore Dr & 55th St,Ellis Ave & 60th St,1356,1068,288,2424,0.12
Customer,Loomis St & Jackson Blvd,Peoria St & Jackson Blvd,1318,1046,272,2364,0.12
Customer,Sheridan Rd & Buena Ave,Sheridan Rd & Montrose Ave,1312,1032,280,2344,0.12
Customer,Clinton St & Washington Blvd,Sheffield Ave & Willow St,1027,1300,273,2327,0.12
Customer,Milwaukee Ave & Grand Ave,Green St & Randolph St*,1001,1265,264,2266,0.12
Customer,Ellis Ave & 58th St,Blackstone Ave & Hyde Park Blvd,999,1266,267,2265,0.12
Customer,Ada St & Washington Blvd,Morgan St & Lake St,986,1267,281,2253,0.12
Customer,Canal St & Adams St,Mies van der Rohe Way & Chestnut St,980,1249,269,2229,0.12
Customer,Sheridan Rd & Lawrence Ave,Ravenswood Ave & Lawrence Ave,1231,960,271,2191,0.12
Customer,Broadway & Thorndale Ave,Broadway & Berwyn Ave,955,1215,260,2170,0.12
Customer,Canal St & Monroe St,Clark St & Randolph St,1182,938,244,2120,0.12
Customer,Desplaines St & Kinzie St,Ashland Ave & Division St,1175,927,248,2102,0.12
Customer,Franklin St & Jackson Blvd,Jefferson St & Monroe St,906,1156,250,2062,0.12
Customer,Clarendon Ave & Leland Ave,Theater on the Lake,888,1137,249,2025,0.12
Customer,Wells St & Concord Ln,Rush St & Cedar St,890,1134,244,2024,0.12
Customer,Kingsbury St & Kinzie St,Kingsbury St & Erie St,7078,8858,1780,15936,0.11
Customer,Clinton St & Tilden St,Clinton St & Madison St,4276,5387,1111,9663,0.11
Customer,Western Ave & Division St,Ashland Ave & Division St,4096,5100,1004,9196,0.11
Customer,Morgan St & Polk St,May St & Taylor St,4647,3740,907,8387,0.11
Customer,Ellis Ave & 58th St,Lake Park Ave & 56th St,3618,2910,708,6528,0.11
Customer,Desplaines St & Kinzie St,Kingsbury St & Erie St,3308,2651,657,5959,0.11
Customer,Canal St & Adams St,Desplaines St & Kinzie St,2650,2120,530,4770,0.11
Customer,Theater on the Lake,Streeter Dr & Illinois St,2009,2482,473,4491,0.11
Customer,Ellis Ave & 58th St,Harper Ave & 59th St,1900,2381,481,4281,0.11
Customer,Clinton St & Washington Blvd,Wabash Ave & Grand Ave,1890,2371,481,4261,0.11
Customer,Michigan Ave & Oak St,Streeter Dr & Grand Ave,1889,2363,474,4252,0.11
Customer,Shore Dr & 55th St,Ellis Ave & 55th St,1873,2338,465,4211,0.11
Customer,Indiana Ave & Roosevelt Rd,Lake Shore Dr & Monroe St,1836,2312,476,4148,0.11
Customer,Mies van der Rohe Way & Chestnut St,McClurg Ct & Erie St,1772,2207,435,3979,0.11
Customer,Milwaukee Ave & Grand Ave,Clinton St & Madison St,2197,1744,453,3941,0.11
Customer,Jefferson St & Monroe St,Peoria St & Jackson Blvd,2175,1759,416,3934,0.11
Customer,Central St Metra,Central St & Girard Ave,1694,2121,427,3815,0.11
Customer,Wells St & Concord Ln,Wells St & Huron St,1686,2104,418,3790,0.11
Customer,Clinton St & Washington Blvd,Franklin St & Monroe St,2075,1649,426,3724,0.11
Customer,Michigan Ave & 14th St,Michigan Ave & Jackson Blvd,1625,2043,418,3668,0.11
Customer,Hermitage Ave & Polk St,Clinton St & Washington Blvd,1621,2035,414,3656,0.11
Customer,Federal St & Polk St,Wabash Ave & 16th St,1993,1611,382,3604,0.11
Customer,Clark St & Lincoln Ave,Clark St & Armitage Ave,1577,1973,396,3550,0.11
Customer,Kingsbury St & Kinzie St,Morgan St & Lake St,1908,1525,383,3433,0.11
Customer,Clark St & Elm St,Lake Shore Dr & North Blvd,1872,1502,370,3374,0.11
Customer,Clinton St & Washington Blvd,Wabash Ave & Wacker Pl,1495,1875,380,3370,0.11
Customer,Halsted St & Polk St,Racine Ave & Congress Pkwy,1452,1820,368,3272,0.11
Customer,Franklin St & Monroe St,McClurg Ct & Illinois St,1749,1391,358,3140,0.11
Customer,Rush St & Superior St,McClurg Ct & Erie St,1740,1385,355,3125,0.11
Customer,Clinton St & Washington Blvd,Daley Center Plaza,1726,1388,338,3114,0.11
Customer,Wacker Dr & Washington St Corral,State St & Randolph St,1323,1663,340,2986,0.11
Customer,Dearborn Pkwy & Delaware Pl,Canal St & Madison St,1292,1627,335,2919,0.11
Customer,Green St & Madison St,Franklin St & Monroe St,1260,1571,311,2831,0.11
Customer,Racine Ave & Congress Pkwy,900 W Harrison St,1204,1487,283,2691,0.11
Customer,Clark St & Lake St,Dearborn St & Erie St,1478,1185,293,2663,0.11
Customer,Chicago Ave & Washington St,Elmwood Ave & Austin St,1453,1154,299,2607,0.11
Customer,Wilton Ave & Belmont Ave,Broadway & Cornelia Ave,1144,1428,284,2572,0.11
Customer,Rush St & Cedar St,Dearborn St & Erie St,1135,1409,274,2544,0.11
Customer,Broadway & Cornelia Ave,Broadway & Belmont Ave,1413,1128,285,2541,0.11
Customer,Field Blvd & South Water St,Lake Shore Dr & North Blvd,1335,1072,263,2407,0.11
Customer,MLK Jr Dr & 29th St,Wabash Ave & Cermak Rd,1071,1329,258,2400,0.11
Customer,Canal St & Adams St,Michigan Ave & Oak St,1067,1326,259,2393,0.11
Customer,Kingsbury St & Erie St,Wells St & Huron St,1058,1311,253,2369,0.11
Customer,Millennium Park,Calumet Ave & 18th St,1306,1043,263,2349,0.11
Customer,Clark St & Wellington Ave,Broadway & Barry Ave,1275,1020,255,2295,0.11
Customer,Dayton St & North Ave,Larrabee St & Kingsbury St,1020,1267,247,2287,0.11
Customer,Canal St & Taylor St,Canal St & Harrison St,1012,1270,258,2282,0.11
Customer,State St & Kinzie St,Clark St & Congress Pkwy,1256,998,258,2254,0.11
Customer,Kingsbury St & Kinzie St,Wells St & Concord Ln,1213,979,234,2192,0.11
Customer,Clark St & Montrose Ave,Clark St & Grace St,962,1212,250,2174,0.11
Customer,Clark St & Armitage Ave,Halsted St & Dickens Ave,1196,964,232,2160,0.11
Customer,Theater on the Lake,Sheffield Ave & Fullerton Ave,1158,928,230,2086,0.11
Customer,Clark St & Lincoln Ave,Halsted St & Dickens Ave,1162,924,238,2086,0.11
Customer,Daley Center Plaza,Fairbanks Ct & Grand Ave,1130,909,221,2039,0.11
Customer,Michigan Ave & 18th St,Calumet Ave & 18th St,902,1136,234,2038,0.11
Customer,Wabash Ave & Roosevelt Rd,Michigan Ave & Madison St,900,1118,218,2018,0.11
Customer,Green St & Madison St,Wacker Dr & Washington St Corral,1111,889,222,2000,0.11
Customer,Theater on the Lake,Streeter Dr & Grand Ave,5309,6521,1212,11830,0.1
Customer,Ellis Ave & 55th St,Kimbark Ave & 53rd St,6126,5022,1104,11148,0.1
Customer,Sheffield Ave & Wellington Ave,Southport Ave & Wellington Ave,4668,5728,1060,10396,0.1
Customer,Clinton St & Washington Blvd,Morgan St & Lake St,4705,3881,824,8586,0.1
Customer,Racine Ave & Fullerton Ave,Sheffield Ave & Fullerton Ave,3280,4045,765,7325,0.1
Customer,California Ave & Milwaukee Ave,Humboldt Blvd & Armitage Ave,3164,3846,682,7010,0.1
Customer,Broadway & Waveland Ave,Pine Grove Ave & Irving Park Rd,3708,3016,692,6724,0.1
Customer,Kingsbury St & Erie St,Dearborn St & Erie St,3392,2761,631,6153,0.1
Customer,Loomis St & Taylor St,May St & Taylor St,2724,3320,596,6044,0.1
Customer,Kingsbury St & Erie St,Larrabee St & Kingsbury St,3328,2700,628,6028,0.1
Customer,Cityfront Plaza Dr & Pioneer Ct,Canal St & Madison St,3013,2478,535,5491,0.1
Customer,Ravenswood Ave & Berteau Ave,Ravenswood Ave & Lawrence Ave,2873,2372,501,5245,0.1
Customer,Indiana Ave & Roosevelt Rd,Adler Planetarium,2328,2833,505,5161,0.1
Customer,Clinton St & Washington Blvd,Michigan Ave & Washington St,2238,2753,515,4991,0.1
Customer,Ellis Ave & 58th St,Ellis Ave & 53rd St,2086,2565,479,4651,0.1
Customer,Rush St & Hubbard St,Clinton St & Madison St,2376,1933,443,4309,0.1
Customer,Dearborn St & Monroe St,LaSalle St & Jackson Blvd,1844,2252,408,4096,0.1
Customer,Dearborn Pkwy & Delaware Pl,Franklin St & Monroe St,1804,2201,397,4005,0.1
Customer,Canal St & Adams St,Wells St & Huron St,1707,2077,370,3784,0.1
Customer,Ashland Ave & Grace St,Southport Ave & Waveland Ave,1669,2035,366,3704,0.1
Customer,Dearborn St & Monroe St,Kingsbury St & Erie St,1651,2034,383,3685,0.1
Customer,Wabash Ave & Roosevelt Rd,Adler Planetarium,1636,1996,360,3632,0.1
Customer,Clark St & Armitage Ave,Lake Shore Dr & North Blvd,1581,1913,332,3494,0.1
Customer,Damen Ave & Division St,Damen Ave & Pierce Ave,1906,1563,343,3469,0.1
Customer,Michigan Ave & Oak St,Clark St & Lincoln Ave,1895,1564,331,3459,0.1
Customer,Damen Ave & Sunnyside Ave,Ravenswood Ave & Lawrence Ave,1893,1540,353,3433,0.1
Customer,Ellis Ave & 55th St,Blackstone Ave & Hyde Park Blvd,1540,1888,348,3428,0.1
Customer,Wells St & Evergreen Ave,Wells St & Huron St,1867,1528,339,3395,0.1
Customer,Clark St & Wrightwood Ave,Broadway & Barry Ave,1851,1529,322,3380,0.1
Customer,Sheffield Ave & Webster Ave,Sheffield Ave & Fullerton Ave,1769,1433,336,3202,0.1
Customer,Sheffield Ave & Waveland Ave,Clark St & Grace St,1419,1740,321,3159,0.1
Customer,Clark St & Elm St,Clark St & Chicago Ave,1381,1679,298,3060,0.1
Customer,Clinton St & Madison St,900 W Harrison St,1320,1598,278,2918,0.1
Customer,Larrabee St & Kingsbury St,Clark St & Chicago Ave,1299,1602,303,2901,0.1
Customer,Western Ave & Walton St,Damen Ave & Pierce Ave,1540,1269,271,2809,0.1
Customer,Franklin St & Arcade Pl,Michigan Ave & Washington St,1537,1262,275,2799,0.1
Customer,Indiana Ave & Roosevelt Rd,Michigan Ave & Congress Pkwy,1217,1486,269,2703,0.1
Customer,Larrabee St & Menomonee St,Sheffield Ave & Willow St,1207,1489,282,2696,0.1
Customer,Halsted St & Maxwell St,May St & Taylor St,1151,1398,247,2549,0.1
Customer,Wood St & Augusta Blvd,Ashland Ave & Division St,1393,1143,250,2536,0.1
Customer,Desplaines St & Kinzie St,Morgan St & Lake St,1366,1120,246,2486,0.1
Customer,Wells St & Concord Ln,Larrabee St & Kingsbury St,1110,1354,244,2464,0.1
Customer,Campbell Ave & North Ave,Western Ave & Winnebago Ave,1347,1113,234,2460,0.1
Customer,Desplaines St & Jackson Blvd,Clinton St & Washington Blvd,1080,1310,230,2390,0.1
Customer,Ellis Ave & 58th St,University Ave & 57th St,1285,1061,224,2346,0.1
Customer,Canal St & Madison St,Daley Center Plaza,999,1213,214,2212,0.1
Customer,Pine Grove Ave & Waveland Ave,Pine Grove Ave & Irving Park Rd,951,1170,219,2121,0.1
Customer,Dearborn St & Erie St,Franklin St & Quincy St,946,1156,210,2102,0.1
Customer,Clinton St & Madison St,McClurg Ct & Illinois St,1153,939,214,2092,0.1
Customer,Halsted St & Wrightwood Ave,Clark St & Lincoln Ave,943,1144,201,2087,0.1
Customer,Kingsbury St & Kinzie St,LaSalle St & Jackson Blvd,1131,922,209,2053,0.1
Customer,St. Clair St & Erie St,Wabash Ave & Grand Ave,1113,915,198,2028,0.1
Customer,Morgan St & Polk St,Loomis St & Taylor St,4143,4966,823,9109,0.09
Customer,Ellis Ave & 58th St,Ellis Ave & 55th St,4582,3828,754,8410,0.09
Customer,Ellis Ave & 55th St,Ellis Ave & 53rd St,4559,3778,781,8337,0.09
Customer,Damen Ave & Division St,Damen Ave & Pierce Ave,4160,3482,678,7642,0.09
Customer,Kingsbury St & Kinzie St,Sedgwick St & Huron St,4010,3350,660,7360,0.09
Customer,Sheridan Rd & Irving Park Rd,Southport Ave & Clark St,2423,2886,463,5309,0.09
Customer,Broadway & Thorndale Ave,Clark St & Elmdale Ave,2402,2868,466,5270,0.09
Customer,Morgan St & 18th St,Morgan St & Polk St,2795,2356,439,5151,0.09
Customer,Dearborn St & Adams St,Wabash Ave & Roosevelt Rd,2801,2326,475,5127,0.09
Customer,Leavitt St & Lawrence Ave,Ravenswood Ave & Lawrence Ave,2774,2293,481,5067,0.09
Customer,Sheridan Rd & Montrose Ave,Broadway & Waveland Ave,2159,2608,449,4767,0.09
Customer,Theater on the Lake,Lakeview Ave & Fullerton Pkwy,2498,2091,407,4589,0.09
Customer,Ravenswood Ave & Irving Park Rd,Ashland Ave & Belle Plaine Ave,1988,2391,403,4379,0.09
Customer,Wells St & Concord Ln,Larrabee St & Webster Ave,2391,1978,413,4369,0.09
Customer,Larrabee St & Armitage Ave,Bissell St & Armitage Ave,2365,1984,381,4349,0.09
Customer,Loomis St & Taylor St,Wood St & Taylor St,2280,1914,366,4194,0.09
Customer,Ritchie Ct & Banks St,Clark St & Elm St,2272,1915,357,4187,0.09
Customer,Clinton St & Jackson Blvd,Clinton St & Lake St,2246,1859,387,4105,0.09
Customer,Woodlawn Ave & 55th St,Ellis Ave & 55th St,2223,1846,377,4069,0.09
Customer,Kingsbury St & Kinzie St,Wells St & Huron St,1852,2206,354,4058,0.09
Customer,Wells St & Concord Ln,Wells St & Walton St,1813,2178,365,3991,0.09
Customer,Broadway & Cornelia Ave,Wilton Ave & Belmont Ave,1735,2082,347,3817,0.09
Customer,Columbus Dr & Randolph St,Franklin St & Monroe St,1933,1602,331,3535,0.09
Customer,Marshfield Ave & Cortland St,Leavitt St & North Ave,1893,1585,308,3478,0.09
Customer,Stetson Ave & South Water St,State St & Randolph St,1838,1544,294,3382,0.09
Customer,Broadway & Waveland Ave,Clarendon Ave & Gordon Ter,1829,1537,292,3366,0.09
Customer,Lakeview Ave & Fullerton Pkwy,Stockton Dr & Wrightwood Ave,1837,1526,311,3363,0.09
Customer,Emerald Ave & 31st St,State St & 33rd St,1482,1777,295,3259,0.09
Customer,St. Clair St & Erie St,Wells St & Huron St,1483,1766,283,3249,0.09
Customer,Clark St & Wellington Ave,Clark St & Wrightwood Ave,1767,1461,306,3228,0.09
Customer,Ellis Ave & 58th St,Shore Dr & 55th St,1471,1749,278,3220,0.09
Customer,Woodlawn Ave & 55th St,Lake Park Ave & 56th St,1742,1466,276,3208,0.09
Customer,Ogden Ave & Race Ave,Clinton St & Washington Blvd,1749,1455,294,3204,0.09
Customer,Larrabee St & Webster Ave,Clark St & Armitage Ave,1447,1745,298,3192,0.09
Customer,Kingsbury St & Kinzie St,Clark St & Elm St,1446,1740,294,3186,0.09
Customer,Throop St & Taylor St,Halsted St & Polk St,1738,1446,292,3184,0.09
Customer,Racine Ave & Congress Pkwy,May St & Taylor St,1719,1441,278,3160,0.09
Customer,Halsted St & Wrightwood Ave,Halsted St & Dickens Ave,1698,1424,274,3122,0.09
Customer,St. Clair St & Erie St,McClurg Ct & Erie St,1681,1395,286,3076,0.09
Customer,Clybourn Ave & Division St,Clark St & Elm St,1393,1679,286,3072,0.09
Customer,Indiana Ave & Roosevelt Rd,Michigan Ave & Lake St,1647,1368,279,3015,0.09
Customer,Clinton St & Madison St,Green St & Randolph St*,1372,1631,259,3003,0.09
Customer,Broadway & Sheridan Rd,Halsted St & Roscoe St,1624,1352,272,2976,0.09
Customer,Aberdeen St & Monroe St,Clinton St & Madison St,1347,1626,279,2973,0.09
Customer,Clark St & Lake St,Clinton St & Madison St,1627,1346,281,2973,0.09
Customer,Clark St & Randolph St,Michigan Ave & Lake St,1314,1581,267,2895,0.09
Customer,Wells St & Concord Ln,Larrabee St & Menomonee St,1563,1309,254,2872,0.09
Customer,Clinton St & Madison St,Wells St & Huron St,1280,1519,239,2799,0.09
Customer,California Ave & Milwaukee Ave,Damen Ave & Pierce Ave,1516,1266,250,2782,0.09
Customer,Wells St & Elm St,Franklin St & Monroe St,1260,1520,260,2780,0.09
Customer,Benson Ave & Church St,Chicago Ave & Sheridan Rd,1242,1499,257,2741,0.09
Customer,Ashland Ave & Blackhawk St,Marshfield Ave & Cortland St,1499,1240,259,2739,0.09
Customer,Kingsbury St & Kinzie St,Desplaines St & Randolph St,1462,1226,236,2688,0.09
Customer,Dearborn St & Monroe St,State St & Harrison St,1431,1204,227,2635,0.09
Customer,Clinton St & Washington Blvd,Clinton St & Lake St,1423,1189,234,2612,0.09
Customer,Desplaines St & Jackson Blvd,Kingsbury St & Kinzie St,1386,1167,219,2553,0.09
Customer,Lake Park Ave & 47th St,Woodlawn Ave & Lake Park Ave,1376,1158,218,2534,0.09
Customer,Dearborn Pkwy & Delaware Pl,Kingsbury St & Erie St,1372,1139,233,2511,0.09
Customer,Broadway & Ridge Ave,Clark St & Berwyn Ave,1372,1137,235,2509,0.09
Customer,Rush St & Superior St,Clark St & Elm St,1350,1130,220,2480,0.09
Customer,Clark St & Lake St,Clark St & Elm St,1129,1345,216,2474,0.09
Customer,McClurg Ct & Illinois St,Mies van der Rohe Way & Chicago Ave,1325,1099,226,2424,0.09
Customer,Indiana Ave & 31st St,Rhodes Ave & 32nd St,1096,1317,221,2413,0.09
Customer,Desplaines St & Kinzie St,May St & Fulton St,1307,1101,206,2408,0.09
Customer,Clark St & Elm St,Ashland Ave & Division St,1306,1080,226,2386,0.09
Customer,Wabash Ave & Roosevelt Rd,Michigan Ave & Congress Pkwy,1079,1290,211,2369,0.09
Customer,Canal St & Taylor St,Wabash Ave & Roosevelt Rd,1291,1076,215,2367,0.09
Customer,Morgan St & Polk St,Clinton St & Washington Blvd,1292,1071,221,2363,0.09
Customer,Wentworth Ave & 33rd St,Calumet Ave & 33rd St,1060,1261,201,2321,0.09
Customer,Emerald Ave & 31st St,MLK Jr Dr & 29th St,1264,1056,208,2320,0.09
Customer,Larrabee St & Kingsbury St,Clinton St & Lake St,1052,1265,213,2317,0.09
Customer,Paulina Ave & North Ave,Wood St & Milwaukee Ave,1023,1224,201,2247,0.09
Customer,Clinton St & Roosevelt Rd,Morgan St & Polk St,1010,1204,194,2214,0.09
Customer,Clinton St & Washington Blvd,State St & Van Buren St,1189,983,206,2172,0.09
Customer,Clark St & 9th St (AMLI),Franklin St & Monroe St,1175,983,192,2158,0.09
Customer,Broadway & Thorndale Ave,Broadway & Granville Ave,981,1176,195,2157,0.09
Customer,Wells St & Concord Ln,Halsted St & Wrightwood Ave,1165,974,191,2139,0.09
Customer,Wells St & Concord Ln,Halsted St & Dickens Ave,1164,973,191,2137,0.09
Customer,LaSalle St & Jackson Blvd,Michigan Ave & Washington St,1162,968,194,2130,0.09
Customer,Franklin St & Monroe St,Wabash Ave & 16th St,948,1133,185,2081,0.09
Customer,State St & Chicago Ave,Clark St & Elm St,1132,938,194,2070,0.09
Customer,Federal St & Polk St,Michigan Ave & 14th St,1129,939,190,2068,0.09
Customer,Sheridan Rd & Lawrence Ave,Broadway & Wilson Ave,1111,933,178,2044,0.09
Customer,Wolcott Ave & Polk St,900 W Harrison St,928,1106,178,2034,0.09
Customer,Clark St & Montrose Ave,Sheridan Rd & Montrose Ave,1096,912,184,2008,0.09
Customer,LaSalle St & Washington St,Clark St & Elm St,1093,912,181,2005,0.09
Customer,University Ave & 57th St,Kimbark Ave & 53rd St,9344,8005,1339,17349,0.08
Customer,Morgan St & Polk St,Loomis St & Lexington St,7961,9318,1357,17279,0.08
Customer,Racine Ave & Wrightwood Ave,Sheffield Ave & Fullerton Ave,6984,5999,985,12983,0.08
Customer,Clinton St & Washington Blvd,Larrabee St & Kingsbury St,4912,5788,876,10700,0.08
Customer,Rush St & Hubbard St,Clinton St & Washington Blvd,4646,5421,775,10067,0.08
Customer,Clark St & Armitage Ave,Sedgwick St & North Ave,3682,4306,624,7988,0.08
Customer,Wabash Ave & Roosevelt Rd,Michigan Ave & 14th St,4112,3516,596,7628,0.08
Customer,Wolcott Ave & Polk St,Morgan St & Polk St,4073,3494,579,7567,0.08
Customer,Sheridan Rd & Irving Park Rd,Southport Ave & Irving Park Rd,3436,4028,592,7464,0.08
Customer,Canal St & Adams St,McClurg Ct & Illinois St,3690,3138,552,6828,0.08
Customer,Sedgwick St & Webster Ave,Sedgwick St & North Ave,3101,3609,508,6710,0.08
Customer,Ellis Ave & 53rd St,Kimbark Ave & 53rd St,2646,3105,459,5751,0.08
Customer,Clinton St & Madison St,Aberdeen St & Jackson Blvd,2440,2860,420,5300,0.08
Customer,Larrabee St & Kingsbury St,Clark St & Elm St,2620,2223,397,4843,0.08
Customer,Aberdeen St & Jackson Blvd,Peoria St & Jackson Blvd,2607,2230,377,4837,0.08
Customer,May St & Taylor St,Wood St & Taylor St,2547,2168,379,4715,0.08
Customer,Wilton Ave & Diversey Pkwy,Sheffield Ave & Fullerton Ave,2076,2442,366,4518,0.08
Customer,Lake Shore Dr & Wellington Ave,Lake Shore Dr & North Blvd,2067,2444,377,4511,0.08
Customer,Kingsbury St & Kinzie St,Dearborn Pkwy & Delaware Pl,2321,1992,329,4313,0.08
Customer,Hermitage Ave & Polk St,Morgan St & Polk St,2161,1858,303,4019,0.08
Customer,Clark St & Winnemac Ave,Broadway & Argyle St,2145,1815,330,3960,0.08
Customer,Clinton St & Jackson Blvd,Kingsbury St & Kinzie St,1677,1957,280,3634,0.08
Customer,Larrabee St & Webster Ave,Bissell St & Armitage Ave,1559,1844,285,3403,0.08
Customer,Lake Shore Dr & Ohio St,Lake Shore Dr & North Blvd,1812,1552,260,3364,0.08
Customer,Canal St & Adams St,Mies van der Rohe Way & Chicago Ave,1533,1796,263,3329,0.08
Customer,Desplaines St & Kinzie St,Green St & Madison St,1794,1531,263,3325,0.08
Customer,St. Clair St & Erie St,Daley Center Plaza,1750,1505,245,3255,0.08
Customer,Wells St & Evergreen Ave,Clark St & Armitage Ave,1441,1692,251,3133,0.08
Customer,Paulina St & 18th St,Racine Ave & 18th St,1651,1400,251,3051,0.08
Customer,Sheridan Rd & Irving Park Rd,Southport Ave & Waveland Ave,1347,1597,250,2944,0.08
Customer,Clark St & Lake St,McClurg Ct & Illinois St,1277,1506,229,2783,0.08
Customer,Cityfront Plaza Dr & Pioneer Ct,Michigan Ave & Lake St,1235,1448,213,2683,0.08
Customer,Shore Dr & 55th St,Cornell Ave & Hyde Park Blvd,1224,1444,220,2668,0.08
Customer,Sheridan Rd & Buena Ave,Broadway & Waveland Ave,1224,1440,216,2664,0.08
Customer,Sheridan Rd & Lawrence Ave,Sheridan Rd & Montrose Ave,1195,1401,206,2596,0.08
Customer,Kimbark Ave & 53rd St,Ellis Ave & 55th St,1168,1363,195,2531,0.08
Customer,Desplaines St & Randolph St,Michigan Ave & Washington St,1136,1343,207,2479,0.08
Customer,Wabash Ave & Grand Ave,McClurg Ct & Illinois St,1113,1314,201,2427,0.08
Customer,Wells St & Elm St,Larrabee St & Division St,1114,1309,195,2423,0.08
Customer,Morgan St & Polk St,Racine Ave & 18th St,1094,1287,193,2381,0.08
Customer,Marshfield Ave & Cortland St,Ashland Ave & Division St,1091,1290,199,2381,0.08
Customer,Dayton St & North Ave,Clybourn Ave & Division St,1058,1242,184,2300,0.08
Customer,Larrabee St & Webster Ave,Larrabee St & Kingsbury St,1226,1048,178,2274,0.08
Customer,Eckhart Park,Damen Ave & Chicago Ave,1223,1034,189,2257,0.08
Customer,Franklin St & Monroe St,Morgan St & Lake St,1025,1213,188,2238,0.08
Customer,Dearborn St & Monroe St,Daley Center Plaza,1203,1024,179,2227,0.08
Customer,Clark St & Lake St,Franklin St & Monroe St,1023,1203,180,2226,0.08
Customer,Canal St & Adams St,Noble St & Milwaukee Ave,1189,1020,169,2209,0.08
Customer,Michigan Ave & 14th St,Calumet Ave & 18th St,1196,1012,184,2208,0.08
Customer,Broadway & Sheridan Rd,Broadway & Barry Ave,1012,1194,182,2206,0.08
Customer,Sheffield Ave & Kingsbury St,Marshfield Ave & Cortland St,980,1146,166,2126,0.08
Customer,State St & Kinzie St,Clinton St & Washington Blvd,977,1143,166,2120,0.08
Customer,Racine Ave & Randolph St,Morgan St & Lake St,954,1113,159,2067,0.08
Customer,Halsted St & Roosevelt Rd,Loomis St & Lexington St,938,1109,171,2047,0.08
Customer,Western Ave & Howard St,Paulina St & Howard St,1095,933,162,2028,0.08
Customer,Clark St & Montrose Ave,Ravenswood Ave & Lawrence Ave,1083,917,166,2000,0.08
Customer,MLK Jr Dr & 29th St,State St & 33rd St,12928,11185,1743,24113,0.07
Customer,Canal St & Madison St,Michigan Ave & Washington St,11598,10147,1451,21745,0.07
Customer,Theater on the Lake,Lakefront Trail & Bryn Mawr Ave,4751,4097,654,8848,0.07
Customer,Southport Ave & Roscoe St,Ashland Ave & Grace St,3488,4016,528,7504,0.07
Customer,Halsted St & Wrightwood Ave,Wilton Ave & Diversey Pkwy,3901,3365,536,7266,0.07
Customer,Racine Ave & Congress Pkwy,Morgan St & Polk St,2941,3360,419,6301,0.07
Customer,Streeter Dr & Grand Ave,Lake Shore Dr & North Blvd,3353,2938,415,6291,0.07
Customer,Clinton St & Washington Blvd,Peoria St & Jackson Blvd,2819,3219,400,6038,0.07
Customer,Clark St & Wellington Ave,Sheffield Ave & Wellington Ave,2971,2587,384,5558,0.07
Customer,Larrabee St & Oak St,Clark St & Elm St,2318,2683,365,5001,0.07
Customer,Orleans St & Merchandise Mart Plaza,Clinton St & Madison St,2660,2335,325,4995,0.07
Customer,Shields Ave & 31st St,Wentworth Ave & 33rd St,2556,2222,334,4778,0.07
Customer,Broadway & Argyle St,Clark St & Winnemac Ave,2157,2457,300,4614,0.07
Customer,Michigan Ave & Oak St,Lakeview Ave & Fullerton Pkwy,2457,2140,317,4597,0.07
Customer,St. Clair St & Erie St,Clark St & Elm St,2330,2027,303,4357,0.07
Customer,Clinton St & Madison St,Ada St & Washington Blvd,1861,2150,289,4011,0.07
Customer,Paulina Ave & North Ave,Marshfield Ave & Cortland St,2141,1867,274,4008,0.07
Customer,Halsted St & Polk St,Morgan St & Polk St,1790,2045,255,3835,0.07
Customer,Rush St & Superior St,Clinton St & Washington Blvd,1724,2002,278,3726,0.07
Customer,Theater on the Lake,Lake Shore Dr & Ohio St,1678,1930,252,3608,0.07
Customer,Millennium Park,Streeter Dr & Grand Ave,1666,1936,270,3602,0.07
Customer,Clinton St & Washington Blvd,Mies van der Rohe Way & Chicago Ave,1606,1856,250,3462,0.07
Customer,Lakeview Ave & Fullerton Pkwy,Sheffield Ave & Fullerton Ave,1596,1824,228,3420,0.07
Customer,Indiana Ave & Roosevelt Rd,Streeter Dr & Grand Ave,1515,1750,235,3265,0.07
Customer,Wood St & Taylor St,Canal St & Jackson Blvd,1508,1744,236,3252,0.07
Customer,Orleans St & Merchandise Mart Plaza,Clark St & Elm St,1726,1496,230,3222,0.07
Customer,State St & 33rd St,State St & 35th St,1656,1441,215,3097,0.07
Customer,Southport Ave & Waveland Ave,Lincoln Ave & Roscoe St,1652,1435,217,3087,0.07
Customer,Wabash Ave & 9th St,Wabash Ave & Roosevelt Rd,1414,1625,211,3039,0.07
Customer,Dearborn St & Adams St,Daley Center Plaza,1597,1401,196,2998,0.07
Customer,Clark St & Wellington Ave,Broadway & Waveland Ave,1541,1352,189,2893,0.07
Customer,Dearborn St & Erie St,State St & Randolph St,1301,1509,208,2810,0.07
Customer,Clifton Ave & Lawrence Ave,Ravenswood Ave & Lawrence Ave,1487,1301,186,2788,0.07
Customer,Woodlawn Ave & 55th St,Cornell Ave & Hyde Park Blvd,1274,1470,196,2744,0.07
Customer,Sheffield Ave & Kingsbury St,Bissell St & Armitage Ave,1273,1470,197,2743,0.07
Customer,Dearborn Pkwy & Delaware Pl,Clinton St & Madison St,1275,1466,191,2741,0.07
Customer,Morgan St & Polk St,Canal St & Jackson Blvd,1435,1254,181,2689,0.07
Customer,Stockton Dr & Wrightwood Ave,Lake Shore Dr & North Blvd,1239,1425,186,2664,0.07
Customer,Clinton St & Washington Blvd,Green St & Randolph St*,1397,1215,182,2612,0.07
Customer,Sheffield Ave & Waveland Ave,Pine Grove Ave & Irving Park Rd,1212,1390,178,2602,0.07
Customer,Sheffield Ave & Addison St,Pine Grove Ave & Waveland Ave,1191,1359,168,2550,0.07
Customer,Pine Grove Ave & Irving Park Rd,Broadway & Cornelia Ave,1154,1339,185,2493,0.07
Customer,Orleans St & Merchandise Mart Plaza,Michigan Ave & Washington St,1158,1321,163,2479,0.07
Customer,Kingsbury St & Kinzie St,Larrabee St & North Ave,1113,1278,165,2391,0.07
Customer,Larrabee St & Armitage Ave,Clark St & Armitage Ave,1226,1064,162,2290,0.07
Customer,Woodlawn Ave & 55th St,Lake Park Ave & 53rd St,1057,1223,166,2280,0.07
Customer,900 W Harrison St,May St & Taylor St,1218,1057,161,2275,0.07
Customer,Albany Ave & Bloomingdale Ave,Marshfield Ave & Cortland St,1054,1215,161,2269,0.07
Customer,Canal St & Taylor St,Clinton St & Madison St,1051,1200,149,2251,0.07
Customer,Racine Ave & Congress Pkwy,Loomis St & Lexington St,1181,1030,151,2211,0.07
Customer,Stetson Ave & South Water St,Franklin St & Lake St,1171,1010,161,2181,0.07
Customer,Sheffield Ave & Waveland Ave,Broadway & Belmont Ave,1170,1007,163,2177,0.07
Customer,Clinton St & Lake St,Sedgwick St & Huron St,1002,1163,161,2165,0.07
Customer,Sheffield Ave & Webster Ave,Clark St & Wrightwood Ave,999,1150,151,2149,0.07
Customer,Clinton St & Lake St,Green St & Madison St,1147,998,149,2145,0.07
Customer,Clark St & Wrightwood Ave,Wilton Ave & Belmont Ave,1140,996,144,2136,0.07
Customer,Cityfront Plaza Dr & Pioneer Ct,Clark St & Congress Pkwy,1134,987,147,2121,0.07
Customer,Wells St & Elm St,Clinton St & Madison St,1130,986,144,2116,0.07
Customer,Franklin St & Lake St,Wells St & Huron St,973,1120,147,2093,0.07
Customer,Dearborn St & Monroe St,Fairbanks Ct & Grand Ave,1116,969,147,2085,0.07
Customer,Sheridan Rd & Montrose Ave,Halsted St & Roscoe St,969,1111,142,2080,0.07
Customer,Rush St & Cedar St,St. Clair St & Erie St,951,1087,136,2038,0.07
Customer,Spaulding Ave & Armitage Ave,Western Ave & Winnebago Ave,934,1077,143,2011,0.07
Customer,Sheridan Rd & Irving Park Rd,Pine Grove Ave & Irving Park Rd,9336,8207,1129,17543,0.06
Customer,Canal St & Adams St,Kingsbury St & Kinzie St,6792,7595,803,14387,0.06
Customer,Southport Ave & Roscoe St,Southport Ave & Irving Park Rd,4280,4789,509,9069,0.06
Customer,Damen Ave & Foster Ave,Damen Ave & Leland Ave,4739,4237,502,8976,0.06
Customer,Wilton Ave & Belmont Ave,Broadway & Barry Ave,3694,4146,452,7840,0.06
Customer,Dearborn Pkwy & Delaware Pl,Clinton St & Washington Blvd,3249,3632,383,6881,0.06
Customer,Halsted St & Polk St,May St & Taylor St,3585,3164,421,6749,0.06
Customer,Wells St & Concord Ln,Wells St & Evergreen Ave,3325,2977,348,6302,0.06
Customer,Wells St & Elm St,Wells St & Huron St,2886,3223,337,6109,0.06
Customer,Clinton St & Washington Blvd,McClurg Ct & Erie St,2859,3199,340,6058,0.06
Customer,Clinton St & Madison St,Kingsbury St & Erie St,2851,3197,346,6048,0.06
Customer,Ellis Ave & 55th St,Lake Park Ave & 56th St,3032,2680,352,5712,0.06
Customer,Theater on the Lake,Lake Shore Dr & North Blvd,2910,2602,308,5512,0.06
Customer,Blackstone Ave & 59th St,University Ave & 57th St,2882,2549,333,5431,0.06
Customer,Halsted St & Polk St,Loomis St & Lexington St,2434,2736,302,5170,0.06
Customer,Clinton St & Washington Blvd,McClurg Ct & Illinois St,2660,2337,323,4997,0.06
Customer,Clinton St & Washington Blvd,LaSalle St & Illinois St,2324,2623,299,4947,0.06
Customer,Racine Ave & Belmont Ave,Wilton Ave & Belmont Ave,2272,2564,292,4836,0.06
Customer,Halsted St & Dickens Ave,Bissell St & Armitage Ave,2494,2214,280,4708,0.06
Customer,Western Ave & Winnebago Ave,Albany Ave & Bloomingdale Ave,2129,2422,293,4551,0.06
Customer,Western Ave & Roscoe St,Lincoln Ave & Roscoe St,2320,2039,281,4359,0.06
Customer,Sheffield Ave & Willow St,Bissell St & Armitage Ave,2167,1909,258,4076,0.06
Customer,Wells St & Elm St,Clinton St & Washington Blvd,1918,2154,236,4072,0.06
Customer,Damen Ave & Chicago Ave,Damen Ave & Grand Ave,2017,1806,211,3823,0.06
Customer,Damen Ave & Thomas St (Augusta Blvd),Damen Ave & Pierce Ave,1705,1916,211,3621,0.06
Customer,Mies van der Rohe Way & Chestnut St,Clark St & Elm St,1899,1695,204,3594,0.06
Customer,Paulina St & Montrose Ave,Ravenswood Ave & Lawrence Ave,1853,1642,211,3495,0.06
Customer,Franklin St & Monroe St,Clark St & Elm St,1824,1622,202,3446,0.06
Customer,Broadway & Cornelia Ave,Broadway & Barry Ave,1615,1809,194,3424,0.06
Customer,Indiana Ave & Roosevelt Rd,Clark St & Congress Pkwy,1755,1562,193,3317,0.06
Customer,Canal St & Adams St,Morgan St & Polk St,1721,1531,190,3252,0.06
Customer,Damen Ave & Wellington Ave,Ashland Ave & Wellington Ave,1499,1679,180,3178,0.06
Customer,Ellis Ave & 58th St,Cornell Ave & Hyde Park Blvd,1491,1672,181,3163,0.06
Customer,University Ave & 57th St,Prairie Ave & Garfield Blvd,1453,1647,194,3100,0.06
Customer,Michigan Ave & Oak St,Clinton St & Washington Blvd,1635,1453,182,3088,0.06
Customer,Sheffield Ave & Webster Ave,Halsted St & Dickens Ave,1626,1437,189,3063,0.06
Customer,Canal St & Adams St,Sangamon St & Washington Blvd,1613,1442,171,3055,0.06
Customer,Clark St & Winnemac Ave,Ravenswood Ave & Lawrence Ave,1560,1396,164,2956,0.06
Customer,Streeter Dr & Illinois St,Lake Shore Dr & Monroe St,1389,1561,172,2950,0.06
Customer,Ellis Ave & 58th St,Prairie Ave & Garfield Blvd,1329,1497,168,2826,0.06
Customer,Larrabee St & Webster Ave,Sedgwick St & North Ave,1484,1306,178,2790,0.06
Customer,Loomis St & Jackson Blvd,Aberdeen St & Jackson Blvd,1476,1307,169,2783,0.06
Customer,Ashland Ave & Wellington Ave,Lincoln Ave & Roscoe St,1445,1294,151,2739,0.06
Customer,Wells St & Concord Ln,Larrabee St & Armitage Ave,1432,1259,173,2691,0.06
Customer,Wells St & Elm St,Wells St & Walton St,1395,1227,168,2622,0.06
Customer,Broadway & Thorndale Ave,Broadway & Ridge Ave,1369,1225,144,2594,0.06
Customer,Blackstone Ave & 59th St,University Ave & 59th St,1378,1211,167,2589,0.06
Customer,Aberdeen St & Randolph St,Clinton St & Washington Blvd,1373,1212,161,2585,0.06
Customer,Clinton St & Madison St,Noble St & Milwaukee Ave,1209,1371,162,2580,0.06
Customer,Damen Ave & Grand Ave,Damen Ave & Pierce Ave,1368,1205,163,2573,0.06
Customer,Michigan Ave & Oak St,Lake Shore Dr & Monroe St,1204,1359,155,2563,0.06
Customer,Chicago Ave & Sheridan Rd,University Library (NU),1340,1189,151,2529,0.06
Customer,Clarendon Ave & Junior Ter,Sheridan Rd & Montrose Ave,1193,1334,141,2527,0.06
Customer,Leavitt St & Lawrence Ave,Damen Ave & Leland Ave,1312,1167,145,2479,0.06
Customer,Streeter Dr & Illinois St,Lake Shore Dr & North Blvd,1298,1142,156,2440,0.06
Customer,Sheffield Ave & Addison St,Broadway & Cornelia Ave,1293,1140,153,2433,0.06
Customer,Wells St & Concord Ln,Dearborn St & Erie St,1138,1285,147,2423,0.06
Customer,Lincoln Ave & Diversey Pkwy,Racine Ave & Fullerton Ave,1125,1271,146,2396,0.06
Customer,Financial Pl & Ida B Wells Dr,Clinton St & Madison St,1263,1124,139,2387,0.06
Customer,Calumet Ave & 33rd St,State St & 35th St,1262,1117,145,2379,0.06
Customer,Wells St & Walton St,Wells St & Evergreen Ave,1260,1117,143,2377,0.06
Customer,State St & Chicago Ave,Wells St & Elm St,1240,1102,138,2342,0.06
Customer,Broadway & Thorndale Ave,Clark St & Bryn Mawr Ave,1230,1090,140,2320,0.06
Customer,Franklin St & Lake St,Clark St & Elm St,1084,1233,149,2317,0.06
Customer,Clarendon Ave & Junior Ter,Montrose Harbor,1217,1081,136,2298,0.06
Customer,Blackstone Ave & Hyde Park Blvd,Kimbark Ave & 53rd St,1215,1081,134,2296,0.06
Customer,Clark St & Lake St,Columbus Dr & Randolph St,1208,1082,126,2290,0.06
Customer,Lake Shore Dr & Ohio St,Wabash Ave & Grand Ave,1070,1218,148,2288,0.06
Customer,Clark St & Schiller St,State St & Pearson St,1207,1064,143,2271,0.06
Customer,Kingsbury St & Erie St,McClurg Ct & Illinois St,1186,1043,143,2229,0.06
Customer,State St & Van Buren St,Canal St & Jackson Blvd,1042,1174,132,2216,0.06
Customer,Stetson Ave & South Water St,Michigan Ave & Madison St,1021,1141,120,2162,0.06
Customer,Dearborn St & Monroe St,LaSalle St & Jackson Blvd,992,1128,136,2120,0.06
Customer,Wabash Ave & Adams St,Indiana Ave & Roosevelt Rd,992,1125,133,2117,0.06
Customer,Halsted St & Roosevelt Rd,May St & Taylor St,1118,985,133,2103,0.06
Customer,Clark St & Wrightwood Ave,Clark St & Elm St,981,1117,136,2098,0.06
Customer,Sedgwick St & North Ave,Sheffield Ave & Kingsbury St,1100,985,115,2085,0.06
Customer,Clark St & Grace St,Broadway & Sheridan Rd,1095,974,121,2069,0.06
Customer,Green St & Madison St,Peoria St & Jackson Blvd,958,1085,127,2043,0.06
Customer,Cannon Dr & Fullerton Ave,Lake Shore Dr & Wellington Ave,958,1079,121,2037,0.06
Customer,Indiana Ave & Roosevelt Rd,Michigan Ave & Jackson Blvd,7971,7229,742,15200,0.05
Customer,University Ave & 57th St,Cornell Ave & Hyde Park Blvd,4750,5224,474,9974,0.05
Customer,Clinton St & Madison St,Michigan Ave & Washington St,4552,5080,528,9632,0.05
Customer,Canal St & Adams St,Dearborn St & Erie St,4461,4952,491,9413,0.05
Customer,Wolcott Ave & Polk St,Loomis St & Lexington St,4187,4646,459,8833,0.05
Customer,Rhodes Ave & 32nd St,State St & 33rd St,4570,4095,475,8665,0.05
Customer,Desplaines St & Kinzie St,Clinton St & Washington Blvd,4027,3659,368,7686,0.05
Customer,Dearborn St & Adams St,Federal St & Polk St,3267,2947,320,6214,0.05
Customer,Richmond St & Diversey Ave,Kedzie Ave & Milwaukee Ave,2734,3029,295,5763,0.05
Customer,McClurg Ct & Illinois St,State St & Kinzie St,2716,2978,262,5694,0.05
Customer,Damen Ave & Charleston St,Damen Ave & Pierce Ave,2957,2700,257,5657,0.05
Customer,Theater on the Lake,Lake Shore Dr & Belmont Ave,2797,2524,273,5321,0.05
Customer,Spaulding Ave & Armitage Ave,California Ave & Milwaukee Ave,2399,2645,246,5044,0.05
Customer,Sheridan Rd & Loyola Ave,Clark St & Columbia Ave,2298,2529,231,4827,0.05
Customer,Clark St & Lincoln Ave,Larrabee St & Webster Ave,2472,2225,247,4697,0.05
Customer,Wells St & Concord Ln,Clark St & Lincoln Ave,2399,2187,212,4586,0.05
Customer,Indiana Ave & Roosevelt Rd,Shedd Aquarium,2164,1972,192,4136,0.05
Customer,Dodge Ave & Church St,Benson Ave & Church St,2144,1947,197,4091,0.05
Customer,Wells St & Concord Ln,Sedgwick St & North Ave,1817,2011,194,3828,0.05
Customer,Michigan Ave & Oak St,Lake Shore Dr & Diversey Pkwy,2008,1803,205,3811,0.05
Customer,Clark St & Lincoln Ave,Lakeview Ave & Fullerton Pkwy,1961,1782,179,3743,0.05
Customer,Clark St & Wellington Ave,Sheffield Ave & Wellington Ave,1961,1769,192,3730,0.05
Customer,Franklin St & Quincy St,Michigan Ave & Washington St,1677,1868,191,3545,0.05
Customer,Clark St & Lincoln Ave,Clark St & Wrightwood Ave,1848,1672,176,3520,0.05
Customer,Milwaukee Ave & Wabansia Ave,Wood St & Milwaukee Ave,1633,1822,189,3455,0.05
Customer,Sheffield Ave & Wrightwood Ave,Clark St & Wrightwood Ave,1634,1798,164,3432,0.05
Customer,California Ave & Milwaukee Ave,Milwaukee Ave & Wabansia Ave,1632,1798,166,3430,0.05
Customer,Dearborn Pkwy & Delaware Pl,LaSalle St & Illinois St,1603,1781,178,3384,0.05
Customer,Blackstone Ave & 59th St,Ellis Ave & 60th St,1547,1710,163,3257,0.05
Customer,Broadway & Waveland Ave,Broadway & Barry Ave,1540,1706,166,3246,0.05
Customer,MLK Jr Dr & 29th St,State St & 35th St,1687,1513,174,3200,0.05
Customer,Franklin St & Jackson Blvd,Michigan Ave & Jackson Blvd,1673,1524,149,3197,0.05
Customer,Desplaines St & Kinzie St,Clinton St & Lake St,1630,1475,155,3105,0.05
Customer,Fairbanks Ct & Grand Ave,LaSalle St & Illinois St,1596,1439,157,3035,0.05
Customer,Clinton St & Madison St,Fairbanks Ct & Grand Ave,1429,1572,143,3001,0.05
Customer,Wolcott Ave & Polk St,Racine Ave & Congress Pkwy,1561,1410,151,2971,0.05
Customer,Clark St & Montrose Ave,Ravenswood Ave & Montrose Ave,1527,1369,158,2896,0.05
Customer,Glenwood Ave & Morse Ave,Clark St & Columbia Ave,1361,1512,151,2873,0.05
Customer,Fairbanks Ct & Grand Ave,Mies van der Rohe Way & Chicago Ave,1362,1502,140,2864,0.05
Customer,Clinton St & Madison St,Canal St & Jackson Blvd,1499,1356,143,2855,0.05
Customer,Larrabee St & Kingsbury St,Sedgwick St & Huron St,1348,1484,136,2832,0.05
Customer,Throop St & Taylor St,Morgan St & Polk St,1333,1466,133,2799,0.05
Customer,Broadway & Thorndale Ave,Clark St & Berwyn Ave,1470,1319,151,2789,0.05
Customer,Hermitage Ave & Polk St,May St & Taylor St,1312,1444,132,2756,0.05
Customer,Clinton St & Madison St,LaSalle St & Washington St,1444,1309,135,2753,0.05
Customer,Peoria St & Jackson Blvd,Morgan St & Lake St,1415,1283,132,2698,0.05
Customer,Canal St & Taylor St,Canal St & Jackson Blvd,1286,1411,125,2697,0.05
Customer,Sedgwick St & Webster Ave,Clark St & Wrightwood Ave,1397,1268,129,2665,0.05
Customer,Broadway & Cornelia Ave,Broadway & Barry Ave,1257,1398,141,2655,0.05
Customer,Orleans St & Merchandise Mart Plaza,Larrabee St & Division St,1248,1377,129,2625,0.05
Customer,Broadway & Sheridan Rd,Broadway & Waveland Ave,1336,1205,131,2541,0.05
Customer,Wabash Ave & Cermak Rd,Calumet Ave & 21st St,1205,1335,130,2540,0.05
Customer,Clifton Ave & Armitage Ave,Marshfield Ave & Cortland St,1300,1171,129,2471,0.05
Customer,California Ave & Altgeld St,California Ave & Milwaukee Ave,1172,1297,125,2469,0.05
Customer,Kingsbury St & Kinzie St,Rush St & Superior St,1169,1292,123,2461,0.05
Customer,Clifton Ave & Armitage Ave,Clark St & Armitage Ave,1288,1162,126,2450,0.05
Customer,Wells St & Hubbard St,Clark St & Elm St,1155,1278,123,2433,0.05
Customer,Aberdeen St & Randolph St,Clinton St & Madison St,1267,1157,110,2424,0.05
Customer,Larrabee St & Armitage Ave,Clark St & Lincoln Ave,1269,1153,116,2422,0.05
Customer,Wilton Ave & Belmont Ave,Pine Grove Ave & Waveland Ave,1146,1274,128,2420,0.05
Customer,Dearborn St & Monroe St,Orleans St & Merchandise Mart Plaza,1139,1258,119,2397,0.05
Customer,Lakeview Ave & Fullerton Pkwy,Lake Shore Dr & North Blvd,1130,1261,131,2391,0.05
Customer,Western Ave & Walton St,Damen Ave & Chicago Ave,1256,1128,128,2384,0.05
Customer,Kingsbury St & Erie St,Clark St & Elm St,1122,1232,110,2354,0.05
Customer,Halsted St & Blackhawk St,Marshfield Ave & Cortland St,1115,1239,124,2354,0.05
Customer,Wood St & Milwaukee Ave,Damen Ave & Chicago Ave,1217,1094,123,2311,0.05
Customer,Clarendon Ave & Gordon Ter,Pine Grove Ave & Waveland Ave,1094,1199,105,2293,0.05
Customer,Stetson Ave & South Water St,Columbus Dr & Randolph St,1175,1072,103,2247,0.05
Customer,Ashland Ave & Lake St,Wood St & Grand Ave,1059,1181,122,2240,0.05
Customer,Desplaines St & Kinzie St,Daley Center Plaza,1168,1055,113,2223,0.05
Customer,Kingsbury St & Kinzie St,LaSalle St & Illinois St,1056,1164,108,2220,0.05
Customer,Broadway & Sheridan Rd,Broadway & Cornelia Ave,1047,1158,111,2205,0.05
Customer,Canal St & Adams St,Wells St & Hubbard St,1047,1156,109,2203,0.05
Customer,Green St & Madison St,Morgan St & Lake St,1154,1042,112,2196,0.05
Customer,Clark St & Wrightwood Ave,Lincoln Ave & Fullerton Ave,1043,1144,101,2187,0.05
Customer,Sheridan Rd & Montrose Ave,Montrose Harbor,1038,1146,108,2184,0.05
Customer,Clark St & Armitage Ave,Sheffield Ave & Willow St,1038,1143,105,2181,0.05
Customer,Millennium Park,Shedd Aquarium,1035,1136,101,2171,0.05
Customer,LaSalle St & Illinois St,Fairbanks Ct & Grand Ave,1128,1024,104,2152,0.05
Customer,California Ave & North Ave,Damen Ave & Pierce Ave,1123,1015,108,2138,0.05
Customer,Desplaines St & Kinzie St,Sedgwick St & Huron St,1017,1118,101,2135,0.05
Customer,Christiana Ave & Lawrence Ave,St. Louis Ave & Balmoral Ave,1118,1009,109,2127,0.05
Customer,Kingsbury St & Kinzie St,Franklin St & Quincy St,1112,1008,104,2120,0.05
Customer,Michigan Ave & 18th St,Clinton St & Madison St,1001,1115,114,2116,0.05
Customer,Clark St & Lincoln Ave,Sheffield Ave & Willow St,1113,1002,111,2115,0.05
Customer,Southport Ave & Roscoe St,Broadway & Belmont Ave,994,1106,112,2100,0.05
Customer,Southport Ave & Wrightwood Ave,Sheffield Ave & Fullerton Ave,6977,6482,495,13459,0.04
Customer,Claremont Ave & Hirsch St,Damen Ave & Pierce Ave,6034,5561,473,11595,0.04
Customer,Canal St & Adams St,State St & Kinzie St,5552,6021,469,11573,0.04
Customer,Canal St & Adams St,Orleans St & Merchandise Mart Plaza,5722,5254,468,10976,0.04
Customer,Halsted St & Polk St,Halsted St & Maxwell St,5530,5148,382,10678,0.04
Customer,Benson Ave & Church St,Sheridan Rd & Noyes St (NU),4063,4358,295,8421,0.04
Customer,Southport Ave & Wrightwood Ave,Sheffield Ave & Fullerton Ave,4186,3897,289,8083,0.04
Customer,Orleans St & Merchandise Mart Plaza,Clinton St & Washington Blvd,3966,3668,298,7634,0.04
Customer,Chicago Ave & Sheridan Rd,Sheridan Rd & Noyes St (NU),3932,3616,316,7548,0.04
Customer,Clinton St & Washington Blvd,Sedgwick St & Huron St,3498,3790,292,7288,0.04
Customer,Southport Ave & Belmont Ave,Wilton Ave & Belmont Ave,3713,3406,307,7119,0.04
Customer,Ellis Ave & 58th St,Kimbark Ave & 53rd St,3683,3387,296,7070,0.04
Customer,Kosciuszko Park,Kedzie Ave & Milwaukee Ave,3296,3578,282,6874,0.04
Customer,State St & Kinzie St,Canal St & Madison St,3298,3544,246,6842,0.04
Customer,Benson Ave & Church St,University Library (NU),3472,3189,283,6661,0.04
Customer,Federal St & Polk St,Daley Center Plaza,3175,3410,235,6585,0.04
Customer,University Ave & 57th St,Lake Park Ave & 53rd St,2835,3056,221,5891,0.04
Customer,Kingsbury St & Kinzie St,Milwaukee Ave & Grand Ave,2749,2967,218,5716,0.04
Customer,Clark St & Armitage Ave,Bissell St & Armitage Ave,2921,2694,227,5615,0.04
Customer,Ogden Ave & Chicago Ave,Larrabee St & Kingsbury St,2829,2594,235,5423,0.04
Customer,Canal St & Adams St,Dearborn Pkwy & Delaware Pl,2676,2454,222,5130,0.04
Customer,Clark St & Winnemac Ave,Ravenswood Ave & Lawrence Ave,2358,2535,177,4893,0.04
Customer,University Ave & 57th St,Blackstone Ave & Hyde Park Blvd,2342,2549,207,4891,0.04
Customer,Sheridan Rd & Montrose Ave,Pine Grove Ave & Irving Park Rd,2487,2309,178,4796,0.04
Customer,MLK Jr Dr & 29th St,Rhodes Ave & 32nd St,2281,2493,212,4774,0.04
Customer,Canal St & Adams St,Clinton St & Madison St,2234,2414,180,4648,0.04
Customer,Marshfield Ave & Cortland St,Damen Ave & Pierce Ave,2229,2418,189,4647,0.04
Customer,Wolcott Ave & Polk St,Clinton St & Madison St,2173,2376,203,4549,0.04
Customer,Southport Ave & Roscoe St,Southport Ave & Belmont Ave,2128,2323,195,4451,0.04
Customer,Leavitt St & Armitage Ave,Marshfield Ave & Cortland St,2274,2102,172,4376,0.04
Customer,Wells St & Concord Ln,Sedgwick St & Webster Ave,2264,2099,165,4363,0.04
Customer,Damen Ave & Chicago Ave,Damen Ave & Division St,2070,2262,192,4332,0.04
Customer,Broadway & Cornelia Ave,Wilton Ave & Belmont Ave,2223,2050,173,4273,0.04
Customer,Dearborn St & Erie St,Sedgwick St & Huron St,2202,2047,155,4249,0.04
Customer,Clark St & Lincoln Ave,Sedgwick St & North Ave,2012,2174,162,4186,0.04
Customer,Michigan Ave & Oak St,Lake Shore Dr & Wellington Ave,2173,1988,185,4161,0.04
Customer,Campbell Ave & North Ave,Damen Ave & Pierce Ave,1981,2158,177,4139,0.04
Customer,Sheridan Rd & Irving Park Rd,Broadway & Waveland Ave,1952,2105,153,4057,0.04
Customer,California Ave & Milwaukee Ave,Kedzie Ave & Milwaukee Ave,2041,1881,160,3922,0.04
Customer,Clark St & Lincoln Ave,Stockton Dr & Wrightwood Ave,1763,1907,144,3670,0.04
Customer,Clinton St & Washington Blvd,Wabash Ave & Grand Ave,1725,1872,147,3597,0.04
Customer,Clinton St & Lake St,Larrabee St & Kingsbury St,1867,1712,155,3579,0.04
Customer,Clark St & Lake St,Stetson Ave & South Water St,1808,1681,127,3489,0.04
Customer,Wells St & Elm St,Dearborn St & Erie St,1806,1655,151,3461,0.04
Customer,Shedd Aquarium,Lake Shore Dr & Monroe St,1759,1635,124,3394,0.04
Customer,Clark St & Wellington Ave,Halsted St & Roscoe St,1618,1769,151,3387,0.04
Customer,Green St & Madison St,Aberdeen St & Jackson Blvd,1737,1618,119,3355,0.04
Customer,Halsted St & Roscoe St,Broadway & Barry Ave,1613,1738,125,3351,0.04
Customer,Morgan Ave & 14th Pl,900 W Harrison St,1642,1512,130,3154,0.04
Customer,Sheffield Ave & Waveland Ave,Broadway & Waveland Ave,1489,1622,133,3111,0.04
Customer,Clark St & Congress Pkwy,Michigan Ave & Lake St,1465,1587,122,3052,0.04
Customer,Ashland Ave & Wellington Ave,Southport Ave & Wellington Ave,1523,1392,131,2915,0.04
Customer,Theater on the Lake,Field Blvd & South Water St,1393,1507,114,2900,0.04
Customer,Dayton St & North Ave,Marshfield Ave & Cortland St,1398,1501,103,2899,0.04
Customer,Lakeview Ave & Fullerton Pkwy,Broadway & Barry Ave,1465,1355,110,2820,0.04
Customer,Canal St & Adams St,State St & Van Buren St,1400,1297,103,2697,0.04
Customer,Lake Shore Dr & North Blvd,Lake Shore Dr & Diversey Pkwy,1395,1300,95,2695,0.04
Customer,Dearborn St & Monroe St,Indiana Ave & Roosevelt Rd,1262,1373,111,2635,0.04
Customer,Clinton St & Jackson Blvd,Clinton St & Washington Blvd,1257,1356,99,2613,0.04
Customer,Clinton St & Roosevelt Rd,Halsted St & Maxwell St,1249,1345,96,2594,0.04
Customer,May St & Fulton St,Morgan St & Lake St,1342,1238,104,2580,0.04
Customer,Clifton Ave & Armitage Ave,Bissell St & Armitage Ave,1328,1227,101,2555,0.04
Customer,Federal St & Polk St,Indiana Ave & Roosevelt Rd,1315,1215,100,2530,0.04
Customer,Wells St & Polk St,Franklin St & Jackson Blvd,1300,1208,92,2508,0.04
Customer,Blue Island Ave & 18th St,Morgan St & 18th St,1299,1203,96,2502,0.04
Customer,Sedgwick St & Webster Ave,Clark St & Elm St,1178,1270,92,2448,0.04
Customer,Morgan Ave & 14th Pl,Halsted St & Maxwell St,1170,1277,107,2447,0.04
Customer,Ashland Ave & Wrightwood Ave,Sheffield Ave & Wrightwood Ave,1259,1155,104,2414,0.04
Customer,Dearborn Pkwy & Delaware Pl,Franklin St & Lake St,1136,1229,93,2365,0.04
Customer,LaSalle St & Jackson Blvd,Clark St & Randolph St,1226,1139,87,2365,0.04
Customer,Montrose Harbor,Pine Grove Ave & Irving Park Rd,1120,1222,102,2342,0.04
Customer,Wabash Ave & Adams St,Canal St & Monroe St,1095,1183,88,2278,0.04
Customer,Kingsbury St & Erie St,Larrabee St & Division St,1092,1172,80,2264,0.04
Customer,Clark St & Ida B Wells Dr,Indiana Ave & Roosevelt Rd,1089,1169,80,2258,0.04
Customer,Clark St & Bryn Mawr Ave,Clark St & Berwyn Ave,1162,1068,94,2230,0.04
Customer,Larrabee St & Kingsbury St,Wells St & Evergreen Ave,1132,1053,79,2185,0.04
Customer,Pine Grove Ave & Irving Park Rd,Broadway & Barry Ave,1051,1128,77,2179,0.04
Customer,Clinton St & Madison St,Wells St & Hubbard St,1040,1125,85,2165,0.04
Customer,Lake Shore Dr & Diversey Pkwy,Broadway & Barry Ave,1002,1083,81,2085,0.04
Customer,Fort Dearborn Dr & 31st St,Shore Dr & 55th St,998,1086,88,2084,0.04
Customer,Streeter Dr & Grand Ave,Shedd Aquarium,1074,995,79,2069,0.04
Customer,Cityfront Plaza Dr & Pioneer Ct,Clark St & Randolph St,1063,983,80,2046,0.04
Customer,Kingsbury St & Kinzie St,Ogden Ave & Race Ave,1056,972,84,2028,0.04
Customer,University Ave & 57th St,Ellis Ave & 60th St,12122,12852,730,24974,0.03
Customer,Ellis Ave & 55th St,Ellis Ave & 60th St,12077,12852,775,24929,0.03
Customer,Canal St & Adams St,Michigan Ave & Washington St,11347,12010,663,23357,0.03
Customer,Kingsbury St & Kinzie St,Desplaines St & Kinzie St,7580,7106,474,14686,0.03
Customer,Sheridan Rd & Irving Park Rd,Clarendon Ave & Gordon Ter,6779,7155,376,13934,0.03
Customer,Wilton Ave & Diversey Pkwy,Clark St & Wrightwood Ave,6441,6874,433,13315,0.03
Customer,Southport Ave & Roscoe St,Southport Ave & Waveland Ave,6416,6769,353,13185,0.03
Customer,California Ave & Milwaukee Ave,Kedzie Ave & Palmer Ct,6575,6226,349,12801,0.03
Customer,Halsted St & Roscoe St,Wilton Ave & Belmont Ave,6067,6409,342,12476,0.03
Customer,Sheffield Ave & Wellington Ave,Southport Ave & Wellington Ave,5089,5393,304,10482,0.03
Customer,Morgan St & Polk St,Loomis St & Lexington St,4784,5064,280,9848,0.03
Customer,Kingsbury St & Kinzie St,Larrabee St & Kingsbury St,4696,5018,322,9714,0.03
Customer,Clinton St & Washington Blvd,Dearborn St & Erie St,3723,3945,222,7668,0.03
Customer,Canal St & Adams St,Morgan St & Lake St,3955,3705,250,7660,0.03
Customer,Wells St & Concord Ln,Clark St & Elm St,3552,3779,227,7331,0.03
Customer,Canal St & Adams St,State St & Pearson St,3196,3422,226,6618,0.03
Customer,Clinton St & Lake St,Clinton St & Madison St,3202,3042,160,6244,0.03
Customer,University Ave & 57th St,Shore Dr & 55th St,2940,3148,208,6088,0.03
Customer,Michigan Ave & Oak St,Lake Shore Dr & North Blvd,2872,2694,178,5566,0.03
Customer,Halsted St & Polk St,Loomis St & Lexington St,2831,2681,150,5512,0.03
Customer,Orleans St & Merchandise Mart Plaza,Larrabee St & Kingsbury St,2486,2639,153,5125,0.03
Customer,Damen Ave & Foster Ave,Ravenswood Ave & Lawrence Ave,2438,2598,160,5036,0.03
Customer,Millennium Park,Michigan Ave & 14th St,2533,2374,159,4907,0.03
Customer,Marshfield Ave & Cortland St,Damen Ave & Cortland St,2367,2523,156,4890,0.03
Customer,Sheridan Rd & Irving Park Rd,Pine Grove Ave & Waveland Ave,2330,2464,134,4794,0.03
Customer,Clark St & Wellington Ave,Wilton Ave & Belmont Ave,2319,2450,131,4769,0.03
Customer,Clinton St & Madison St,State St & Kinzie St,2404,2244,160,4648,0.03
Customer,Kingsbury St & Erie St,Canal St & Madison St,2185,2326,141,4511,0.03
Customer,Kingsbury St & Kinzie St,Green St & Madison St,2294,2159,135,4453,0.03
Customer,Clark St & Armitage Ave,Clark St & Elm St,2238,2118,120,4356,0.03
Customer,Clinton St & Washington Blvd,Franklin St & Chicago Ave,2086,1969,117,4055,0.03
Customer,Indiana Ave & Roosevelt Rd,Michigan Ave & 8th St,1972,2078,106,4050,0.03
Customer,Adler Planetarium,Lake Shore Dr & Monroe St,1964,2086,122,4050,0.03
Customer,Wolcott Ave & Polk St,Loomis St & Taylor St,2075,1963,112,4038,0.03
Customer,Sheffield Ave & Webster Ave,Bissell St & Armitage Ave,2067,1953,114,4020,0.03
Customer,Canal St & Adams St,Rush St & Superior St,1943,2071,128,4014,0.03
Customer,Damen Ave & Melrose Ave,Lincoln Ave & Roscoe St,2048,1925,123,3973,0.03
Customer,Larrabee St & Division St,Clark St & Elm St,2004,1878,126,3882,0.03
Customer,Indiana Ave & Roosevelt Rd,Michigan Ave & Washington St,1836,1969,133,3805,0.03
Customer,Harper Ave & 59th St,Ellis Ave & 60th St,1951,1841,110,3792,0.03
Customer,Southport Ave & Roscoe St,Southport Ave & Wellington Ave,1808,1912,104,3720,0.03
Customer,Sedgwick St & Webster Ave,Clark St & Lincoln Ave,1868,1758,110,3626,0.03
Customer,Carpenter St & Huron St,Kingsbury St & Kinzie St,1858,1733,125,3591,0.03
Customer,Canal St & Adams St,McClurg Ct & Erie St,1709,1799,90,3508,0.03
Customer,Canal St & Adams St,Green St & Randolph St*,1718,1608,110,3326,0.03
Customer,Federal St & Polk St,Franklin St & Monroe St,1592,1707,115,3299,0.03
Customer,California Ave & Milwaukee Ave,Albany Ave & Bloomingdale Ave,1594,1696,102,3290,0.03
Customer,Morgan St & 31st St,Halsted St & Archer Ave,1584,1690,106,3274,0.03
Customer,Pine Grove Ave & Waveland Ave,Broadway & Barry Ave,1675,1576,99,3251,0.03
Customer,Lake Park Ave & 53rd St,Ellis Ave & 55th St,1552,1649,97,3201,0.03
Customer,Kimbark Ave & 53rd St,University Ave & 57th St,1543,1648,105,3191,0.03
Customer,Shore Dr & 55th St,Lake Park Ave & 53rd St,1621,1540,81,3161,0.03
Customer,Lincoln Ave & Leavitt St,Ravenswood Ave & Lawrence Ave,1615,1510,105,3125,0.03
Customer,Woodlawn Ave & 55th St,Ellis Ave & 60th St,1587,1485,102,3072,0.03
Customer,Logan Blvd & Elston Ave,Kedzie Ave & Milwaukee Ave,1524,1421,103,2945,0.03
Customer,University Ave & 59th St,Ellis Ave & 60th St,1430,1512,82,2942,0.03
Customer,Clark St & Lunt Ave,Western Ave & Lunt Ave,1501,1407,94,2908,0.03
Customer,Loomis St & Jackson Blvd,Clinton St & Madison St,1487,1407,80,2894,0.03
Customer,Sedgwick St & Webster Ave,Sheffield Ave & Fullerton Ave,1398,1493,95,2891,0.03
Customer,Clark St & Lincoln Ave,Wells St & Evergreen Ave,1465,1382,83,2847,0.03
Customer,State St & Harrison St,Clinton St & Madison St,1343,1420,77,2763,0.03
Customer,Wells St & Concord Ln,Sheffield Ave & Willow St,1418,1344,74,2762,0.03
Customer,Federal St & Polk St,LaSalle St & Adams St,1384,1305,79,2689,0.03
Customer,Montrose Harbor,Lake Shore Dr & Belmont Ave,1297,1388,91,2685,0.03
Customer,Bissell St & Armitage Ave,Sheffield Ave & Fullerton Ave,1383,1294,89,2677,0.03
Customer,Orleans St & Merchandise Mart Plaza,Fairbanks Ct & Grand Ave,1265,1333,68,2598,0.03
Customer,Green St & Madison St,Daley Center Plaza,1332,1252,80,2584,0.03
Customer,Clark St & Armitage Ave,Lakeview Ave & Fullerton Pkwy,1304,1219,85,2523,0.03
Customer,Streeter Dr & Grand Ave,Lake Shore Dr & Wellington Ave,1280,1216,64,2496,0.03
Customer,Canal St & Adams St,LaSalle St & Illinois St,1187,1255,68,2442,0.03
Customer,Glenwood Ave & Morse Ave,Sheridan Rd & Loyola Ave,1182,1247,65,2429,0.03
Customer,Field Blvd & South Water St,Streeter Dr & Grand Ave,1178,1240,62,2418,0.03
Customer,Franklin St & Monroe St,Sedgwick St & North Ave,1247,1169,78,2416,0.03
Customer,Wells St & Evergreen Ave,Sedgwick St & North Ave,1171,1244,73,2415,0.03
Customer,Racine Ave & Congress Pkwy,Loomis St & Taylor St,1245,1168,77,2413,0.03
Customer,Eckhart Park,Ashland Ave & Division St,1162,1244,82,2406,0.03
Customer,Ellis Ave & 60th St,Ellis Ave & 53rd St,1162,1241,79,2403,0.03
Customer,Clinton St & 18th St,Morgan St & Polk St,1158,1233,75,2391,0.03
Customer,Clifton Ave & Armitage Ave,Sheffield Ave & Wrightwood Ave,1156,1218,62,2374,0.03
Customer,Morgan St & Polk St,Wood St & Taylor St,1141,1204,63,2345,0.03
Customer,Racine Ave & Congress Pkwy,Clinton St & Madison St,1204,1133,71,2337,0.03
Customer,Morgan Ave & 14th Pl,Clinton St & Madison St,1205,1125,80,2330,0.03
Customer,Larrabee St & Division St,Sedgwick St & North Ave,1198,1127,71,2325,0.03
Customer,Carpenter St & Huron St,Clinton St & Madison St,1193,1113,80,2306,0.03
Customer,Western Ave & Winnebago Ave,Milwaukee Ave & Wabansia Ave,1184,1122,62,2306,0.03
Customer,Honore St & Division St,Damen Ave & Pierce Ave,1114,1190,76,2304,0.03
Customer,Wells St & Walton St,Canal St & Madison St,1108,1188,80,2296,0.03
Customer,Ashland Ave & Wellington Ave,Sheffield Ave & Wellington Ave,1108,1180,72,2288,0.03
Customer,Canal St & Adams St,Racine Ave & Congress Pkwy,1102,1180,78,2282,0.03
Customer,Dearborn Pkwy & Delaware Pl,Clark St & Randolph St,1163,1101,62,2264,0.03
Customer,Halsted St & Dickens Ave,Sheffield Ave & Kingsbury St,1157,1100,57,2257,0.03
Customer,Michigan Ave & Oak St,Pine Grove Ave & Irving Park Rd,1095,1155,60,2250,0.03
Customer,Wabash Ave & Grand Ave,Clark St & Elm St,1154,1086,68,2240,0.03
Customer,Broadway & Barry Ave,Broadway & Cornelia Ave,1065,1129,64,2194,0.03
Customer,Franklin St & Chicago Ave,Clark St & Elm St,1131,1060,71,2191,0.03
Customer,Franklin St & Quincy St,State St & Randolph St,1065,1120,55,2185,0.03
Customer,Canal St & Adams St,Michigan Ave & Pearson St,1120,1061,59,2181,0.03
Customer,Desplaines St & Randolph St,Clinton St & Madison St,1030,1098,68,2128,0.03
Customer,Leavitt St & Armitage Ave,Milwaukee Ave & Wabansia Ave,1025,1095,70,2120,0.03
Customer,Kingsbury St & Erie St,Clark St & Randolph St,1082,1013,69,2095,0.03
Customer,Stetson Ave & South Water St,Wacker Dr & Washington St Corral,1062,1002,60,2064,0.03
Customer,Franklin St & Monroe St,Michigan Ave & Madison St,1058,1004,54,2062,0.03
Customer,Michigan Ave & Oak St,Clark St & North Ave,986,1037,51,2023,0.03
Customer,Clark St & Drummond Pl,Clark St & Armitage Ave,1038,977,61,2015,0.03
Customer,Calumet Ave & 33rd St,State St & 33rd St,18320,17517,803,35837,0.02
Customer,University Ave & 57th St,Lake Park Ave & 56th St,8773,8349,424,17122,0.02
Customer,Canal St & Adams St,Larrabee St & Kingsbury St,7794,7504,290,15298,0.02
Customer,Michigan Ave & Oak St,Theater on the Lake,6204,5942,262,12146,0.02
Customer,Desplaines St & Kinzie St,Clinton St & Madison St,4910,4760,150,9670,0.02
Customer,Dearborn St & Monroe St,Clinton St & Madison St,4220,4404,184,8624,0.02
Customer,Canal St & Adams St,St. Clair St & Erie St,4176,3980,196,8156,0.02
Customer,Clark St & Schiller St,Clark St & Elm St,3838,3996,158,7834,0.02
Customer,Canal St & Adams St,Daley Center Plaza,3504,3642,138,7146,0.02
Customer,Wells St & Concord Ln,Wells St & Elm St,3504,3621,117,7125,0.02
Customer,Larrabee St & Kingsbury St,Larrabee St & Division St,3362,3525,163,6887,0.02
Customer,Theater on the Lake,Montrose Harbor,3403,3272,131,6675,0.02
Customer,Damen Ave & Augusta Blvd,Damen Ave & Pierce Ave,3146,3244,98,6390,0.02
Customer,Woodlawn Ave & 55th St,University Ave & 57th St,3209,3111,98,6320,0.02
Customer,Larrabee St & Menomonee St,Sedgwick St & North Ave,2665,2580,85,5245,0.02
Customer,Clark St & Berwyn Ave,Ravenswood Ave & Lawrence Ave,2554,2681,127,5235,0.02
Customer,Western Ave & Leland Ave,Ravenswood Ave & Lawrence Ave,2664,2552,112,5216,0.02
Customer,Sheffield Ave & Webster Ave,Larrabee St & Webster Ave,2533,2616,83,5149,0.02
Customer,Clinton St & Washington Blvd,Green St & Madison St,2238,2342,104,4580,0.02
Customer,Morgan St & Polk St,Halsted St & Roosevelt Rd,2312,2201,111,4513,0.02
Customer,Sheridan Rd & Montrose Ave,Clarendon Ave & Gordon Ter,2154,2256,102,4410,0.02
Customer,Clinton St & Washington Blvd,Franklin St & Chicago Ave,2133,2228,95,4361,0.02
Customer,Halsted St & Polk St,Loomis St & Taylor St,2121,2044,77,4165,0.02
Customer,Emerald Ave & 31st St,Shields Ave & 31st St,2116,2032,84,4148,0.02
Customer,Lake Shore Dr & North Blvd,Lake Shore Dr & Belmont Ave,2102,2023,79,4125,0.02
Customer,Damen Ave & Augusta Blvd,Ashland Ave & Division St,2068,1980,88,4048,0.02
Customer,Wells St & Evergreen Ave,Clark St & Elm St,2040,1944,96,3984,0.02
Customer,Wolcott Ave & Polk St,Loomis St & Lexington St,1900,1982,82,3882,0.02
Customer,Morgan Ave & 14th Pl,Morgan St & Polk St,1979,1899,80,3878,0.02
Customer,Ravenswood Ave & Irving Park Rd,Ravenswood Ave & Berteau Ave,1881,1956,75,3837,0.02
Customer,Wells St & Elm St,Franklin St & Chicago Ave,1901,1841,60,3742,0.02
Customer,Halsted St & Polk St,Clinton St & Madison St,1893,1809,84,3702,0.02
Customer,Wacker Dr & Washington St Corral,Michigan Ave & Lake St,1806,1878,72,3684,0.02
Customer,Sheffield Ave & Waveland Ave,Southport Ave & Waveland Ave,1856,1796,60,3652,0.02
Customer,Desplaines St & Kinzie St,Milwaukee Ave & Grand Ave,1849,1759,90,3608,0.02
Customer,Dearborn St & Erie St,Clark St & Congress Pkwy,1759,1836,77,3595,0.02
Customer,Wabash Ave & Roosevelt Rd,Franklin St & Monroe St,1817,1739,78,3556,0.02
Customer,Broadway & Cornelia Ave,Pine Grove Ave & Irving Park Rd,1695,1636,59,3331,0.02
Customer,Adler Planetarium,Shedd Aquarium,1684,1619,65,3303,0.02
Customer,Ravenswood Ave & Irving Park Rd,Ravenswood Ave & Lawrence Ave,1668,1615,53,3283,0.02
Customer,Sheridan Rd & Irving Park Rd,Clarendon Ave & Gordon Ter,1668,1604,64,3272,0.02
Customer,Blue Island Ave & 18th St,Morgan St & Polk St,1571,1644,73,3215,0.02
Customer,Wilton Ave & Belmont Ave,Southport Ave & Wellington Ave,1635,1580,55,3215,0.02
Customer,Ellis Ave & 60th St,Lake Park Ave & 56th St,1623,1573,50,3196,0.02
Customer,Mies van der Rohe Way & Chicago Ave,Clark St & Elm St,1627,1557,70,3184,0.02
Customer,Mies van der Rohe Way & Chestnut St,Fairbanks Ct & Grand Ave,1524,1591,67,3115,0.02
Customer,Benson Ave & Church St,Chicago Ave & Washington St,1580,1507,73,3087,0.02
Customer,Larrabee St & Armitage Ave,Sedgwick St & North Ave,1507,1577,70,3084,0.02
Customer,Millennium Park,Lake Shore Dr & Monroe St,1553,1497,56,3050,0.02
Customer,Wolcott Ave & Polk St,May St & Taylor St,1498,1547,49,3045,0.02
Customer,Clark St & Lake St,Cityfront Plaza Dr & Pioneer Ct,1535,1482,53,3017,0.02
Customer,Clinton St & Madison St,Michigan Ave & Madison St,1462,1509,47,2971,0.02
Customer,Damen Ave & Thomas St (Augusta Blvd),Ashland Ave & Division St,1424,1486,62,2910,0.02
Customer,Desplaines St & Kinzie St,Franklin St & Lake St,1445,1382,63,2827,0.02
Customer,Dearborn Pkwy & Delaware Pl,Wells St & Huron St,1354,1399,45,2753,0.02
Customer,Dayton St & North Ave,Wells St & Concord Ln,1383,1341,42,2724,0.02
Customer,State St & Pearson St,Clark St & Elm St,1295,1354,59,2649,0.02
Customer,Clinton St & Washington Blvd,St Clair St & Erie St,1348,1285,63,2633,0.02
Customer,Sheridan Rd & Noyes St (NU),University Library (NU),1337,1279,58,2616,0.02
Customer,Wabash Ave & Adams St,Franklin St & Monroe St,1311,1259,52,2570,0.02
Customer,Wells St & Concord Ln,Clybourn Ave & Division St,1259,1302,43,2561,0.02
Customer,Wilton Ave & Diversey Pkwy,Broadway & Barry Ave,1254,1304,50,2558,0.02
Customer,Sheridan Rd & Loyola Ave,Broadway & Granville Ave,1229,1277,48,2506,0.02
Customer,Avondale Ave & Irving Park Rd,Kilbourn Ave & Irving Park Rd,1213,1251,38,2464,0.02
Customer,Dearborn Pkwy & Delaware Pl,Wells St & Evergreen Ave,1261,1201,60,2462,0.02
Customer,Wells St & Elm St,Larrabee St & Oak St,1184,1226,42,2410,0.02
Customer,Canal St & Taylor St,Franklin St & Jackson Blvd,1233,1176,57,2409,0.02
Customer,Streeter Dr & Grand Ave,Lake Shore Dr & Belmont Ave,1185,1223,38,2408,0.02
Customer,Dayton St & North Ave,Clifton Ave & Armitage Ave,1216,1174,42,2390,0.02
Customer,Woodlawn Ave & 55th St,Blackstone Ave & Hyde Park Blvd,1216,1160,56,2376,0.02
Customer,Sedgwick St & Webster Ave,Larrabee St & Webster Ave,1208,1160,48,2368,0.02
Customer,Montrose Harbor,Lake Shore Dr & Wellington Ave,1154,1209,55,2363,0.02
Customer,Clinton St & Madison St,McClurg Ct & Erie St,1156,1197,41,2353,0.02
Customer,Wilton Ave & Diversey Pkwy,Wilton Ave & Belmont Ave,1191,1138,53,2329,0.02
Customer,Lincoln Ave & Diversey Pkwy,Racine Ave & Belmont Ave,1125,1169,44,2294,0.02
Customer,Broadway & Cornelia Ave,Broadway & Waveland Ave,1092,1132,40,2224,0.02
Customer,Halsted St & Roosevelt Rd,900 W Harrison St,1090,1130,40,2220,0.02
Customer,Clark St & Schiller St,Clark St & Lake St,1132,1078,54,2210,0.02
Customer,Franklin St & Lake St,Clark St & Randolph St,1121,1073,48,2194,0.02
Customer,Dayton St & North Ave,Bissell St & Armitage Ave,1075,1108,33,2183,0.02
Customer,Dearborn St & Monroe St,Wabash Ave & 8th St,1066,1109,43,2175,0.02
Customer,Bissell St & Armitage Ave,Lake Shore Dr & North Blvd,1066,1109,43,2175,0.02
Customer,Halsted St & Maxwell St,Clinton St & Madison St,1098,1064,34,2162,0.02
Customer,Aberdeen St & Jackson Blvd,Franklin St & Monroe St,1101,1053,48,2154,0.02
Customer,Milwaukee Ave & Grand Ave,Ashland Ave & Division St,1090,1043,47,2133,0.02
Customer,Clark St & Drummond Pl,Lakeview Ave & Fullerton Pkwy,1089,1040,49,2129,0.02
Customer,Wood St & Division St,Damen Ave & Chicago Ave,1087,1040,47,2127,0.02
Customer,McClurg Ct & Erie St,Wells St & Huron St,1025,1070,45,2095,0.02
Customer,Kingsbury St & Erie St,Franklin St & Quincy St,1069,1019,50,2088,0.02
Customer,Wood St & Division St,Damen Ave & Pierce Ave,1062,1024,38,2086,0.02
Customer,Sedgwick St & North Ave,Clark St & Elm St,1056,1012,44,2068,0.02
Customer,Clarendon Ave & Junior Ter,Broadway & Sheridan Rd,1013,1053,40,2066,0.02
Customer,Dearborn St & Erie St,Wells St & Huron St,1005,1055,50,2060,0.02
Customer,Orleans St & Merchandise Mart Plaza,Clinton St & Lake St,1052,1004,48,2056,0.02
Customer,Franklin St & Monroe St,Fairbanks Ct & Grand Ave,1048,1002,46,2050,0.02
Customer,Dearborn St & Erie St,Franklin St & Chicago Ave,999,1038,39,2037,0.02
Customer,Clinton St & Washington Blvd,Racine Ave & Randolph St,993,1035,42,2028,0.02
Customer,Larrabee St & Webster Ave,Clark St & Wrightwood Ave,989,1039,50,2028,0.02
Customer,Stetson Ave & South Water St,Cityfront Plaza Dr & Pioneer Ct,1027,988,39,2015,0.02
Customer,Michigan Ave & 18th St,Michigan Ave & 14th St,983,1020,37,2003,0.02
Customer,Paulina St & 18th St,Morgan St & 18th St,1018,982,36,2000,0.02
Customer,Clinton St & Washington Blvd,Michigan Ave & Washington St,10920,10701,219,21621,0.01
Customer,Sheridan Rd & Irving Park Rd,Sheridan Rd & Buena Ave,8029,7861,168,15890,0.01
Customer,Clark St & Berwyn Ave,Broadway & Berwyn Ave,7729,7840,111,15569,0.01
Customer,Clinton St & Washington Blvd,St. Clair St & Erie St,6457,6389,68,12846,0.01
Customer,Clinton St & Washington Blvd,State St & Kinzie St,6136,6280,144,12416,0.01
Customer,University Ave & 57th St,Ellis Ave & 53rd St,5261,5190,71,10451,0.01
Customer,Ashland Ave & Wrightwood Ave,Sheffield Ave & Fullerton Ave,5001,5096,95,10097,0.01
Customer,Ellis Ave & 58th St,Ellis Ave & 60th St,4678,4726,48,9404,0.01
Customer,Wells St & Concord Ln,Clark St & Armitage Ave,4718,4644,74,9362,0.01
Customer,Seeley Ave & Roscoe St,Lincoln Ave & Roscoe St,3242,3283,41,6525,0.01
Customer,MLK Jr Dr & 29th St,Calumet Ave & 33rd St,3155,3235,80,6390,0.01
Customer,State St & Pearson St,Clinton St & Washington Blvd,3224,3166,58,6390,0.01
Customer,Morgan St & Polk St,Halsted St & Maxwell St,3114,3052,62,6166,0.01
Customer,Canal St & Adams St,Rush St & Hubbard St,3058,3105,47,6163,0.01
Customer,Kingsbury St & Kinzie St,Dearborn St & Erie St,2969,3004,35,5973,0.01
Customer,Wilton Ave & Diversey Pkwy,Greenview Ave & Diversey Pkwy,3007,2938,69,5945,0.01
Customer,Orleans St & Merchandise Mart Plaza,Canal St & Madison St,2947,2978,31,5925,0.01
Customer,Hermitage Ave & Polk St,Loomis St & Lexington St,2865,2817,48,5682,0.01
Customer,Southport Ave & Irving Park Rd,Southport Ave & Waveland Ave,2763,2723,40,5486,0.01
Customer,Glenwood Ave & Morse Ave,Clark St & Lunt Ave,2717,2766,49,5483,0.01
Customer,Clinton St & Washington Blvd,Daley Center Plaza,2690,2744,54,5434,0.01
Customer,Michigan Ave & Oak St,Lake Shore Dr & Belmont Ave,2518,2582,64,5100,0.01
Customer,Lincoln Ave & Diversey Pkwy,Sheffield Ave & Fullerton Ave,2577,2506,71,5083,0.01
Customer,Columbus Dr & Randolph St,Canal St & Monroe St,2442,2489,47,4931,0.01
Customer,Canal St & Adams St,Franklin St & Lake St,2350,2316,34,4666,0.01
Customer,Clinton St & Madison St,Dearborn St & Erie St,2275,2240,35,4515,0.01
Customer,Damen Ave & Pierce Ave,Ashland Ave & Division St,2266,2224,42,4490,0.01
Customer,Clarendon Ave & Junior Ter,Broadway & Waveland Ave,2258,2224,34,4482,0.01
Customer,State St & Harrison St,Franklin St & Jackson Blvd,2216,2191,25,4407,0.01
Customer,May St & Taylor St,Loomis St & Lexington St,2110,2082,28,4192,0.01
Customer,Broadway & Sheridan Rd,Sheridan Rd & Montrose Ave,2095,2068,27,4163,0.01
Customer,Morgan St & Polk St,Aberdeen St & Jackson Blvd,2040,1984,56,4024,0.01
Customer,Clark St & Lincoln Ave,Clark St & Elm St,1941,1997,56,3938,0.01
Customer,McClurg Ct & Illinois St,Wabash Ave & Grand Ave,1981,1925,56,3906,0.01
Customer,Canal St & Adams St,Desplaines St & Randolph St,1939,1966,27,3905,0.01
Customer,Franklin St & Lake St,Clinton St & Madison St,1918,1967,49,3885,0.01
Customer,Michigan Ave & Oak St,Clark St & Armitage Ave,1852,1875,23,3727,0.01
Customer,Wells St & Huron St,Clark St & Elm St,1883,1829,54,3712,0.01
Customer,Canal St & Adams St,Michigan Ave & Madison St,1821,1781,40,3602,0.01
Customer,Sheffield Ave & Webster Ave,Sheffield Ave & Willow St,1808,1755,53,3563,0.01
Customer,Lincoln Ave & Fullerton Ave,Marshfield Ave & Cortland St,1781,1731,50,3512,0.01
Customer,Larrabee St & Webster Ave,Sheffield Ave & Fullerton Ave,1774,1733,41,3507,0.01
Customer,Wilton Ave & Diversey Pkwy,Southport Ave & Wellington Ave,1581,1616,35,3197,0.01
Customer,Dearborn Pkwy & Delaware Pl,LaSalle St & Jackson Blvd,1593,1567,26,3160,0.01
Customer,Franklin St & Lake St,Michigan Ave & Washington St,1559,1592,33,3151,0.01
Customer,Halsted St & Maxwell St,900 W Harrison St,1489,1534,45,3023,0.01
Customer,Daley Center Plaza,McClurg Ct & Illinois St,1524,1493,31,3017,0.01
Customer,Sheffield Ave & Webster Ave,Wilton Ave & Diversey Pkwy,1527,1484,43,3011,0.01
Customer,Woodlawn Ave & 55th St,Shore Dr & 55th St,1486,1505,19,2991,0.01
Customer,Kingsbury St & Kinzie St,McClurg Ct & Illinois St,1452,1474,22,2926,0.01
Customer,Clinton St & Lake St,Morgan St & Lake St,1439,1424,15,2863,0.01
Customer,Lakefront Trail & Bryn Mawr Ave,Lake Shore Dr & Belmont Ave,1381,1410,29,2791,0.01
Customer,Canal St & Madison St,Wabash Ave & Grand Ave,1384,1348,36,2732,0.01
Customer,Orleans St & Merchandise Mart Plaza,Wells St & Evergreen Ave,1384,1344,40,2728,0.01
Customer,Bissell St & Armitage Ave,Marshfield Ave & Cortland St,1373,1349,24,2722,0.01
Customer,Broadway & Belmont Ave,Racine Ave & Belmont Ave,1344,1312,32,2656,0.01
Customer,Clinton St & Washington Blvd,LaSalle St & Illinois St,1313,1341,28,2654,0.01
Customer,Sheffield Ave & Webster Ave,Clark St & Armitage Ave,1295,1275,20,2570,0.01
Customer,Halsted St & Wrightwood Ave,Sheffield Ave & Wrightwood Ave,1259,1274,15,2533,0.01
Customer,Columbus Dr & Randolph St,Franklin St & Jackson Blvd,1229,1249,20,2478,0.01
Customer,Dayton St & North Ave,Halsted St & Dickens Ave,1229,1243,14,2472,0.01
Customer,Wells St & Evergreen Ave,Franklin St & Monroe St,1218,1234,16,2452,0.01
Customer,Racine Ave & Congress Pkwy,Aberdeen St & Jackson Blvd,1232,1209,23,2441,0.01
Customer,Kingsbury St & Erie St,Clinton St & Lake St,1195,1220,25,2415,0.01
Customer,Southport Ave & Roscoe St,Clark St & Wellington Ave,1169,1204,35,2373,0.01
Customer,McClurg Ct & Erie St,McClurg Ct & Illinois St,1170,1193,23,2363,0.01
Customer,Clark St & Grace St,Southport Ave & Waveland Ave,1184,1164,20,2348,0.01
Customer,Sheridan Rd & Irving Park Rd,Wilton Ave & Belmont Ave,1159,1178,19,2337,0.01
Customer,Sheffield Ave & Waveland Ave,Ashland Ave & Grace St,1145,1174,29,2319,0.01
Customer,Ellis Ave & 58th St,Lake Park Ave & 53rd St,1160,1130,30,2290,0.01
Customer,Halsted St & Polk St,Halsted St & Roosevelt Rd,1140,1124,16,2264,0.01
Customer,Noble St & Milwaukee Ave,Ashland Ave & Division St,1117,1141,24,2258,0.01
Customer,Sheffield Ave & Webster Ave,Clifton Ave & Armitage Ave,1119,1133,14,2252,0.01
Customer,Broadway & Sheridan Rd,Clarendon Ave & Gordon Ter,1132,1118,14,2250,0.01
Customer,Daley Center Plaza,McClurg Ct & Erie St,1126,1107,19,2233,0.01
Customer,Ashland Ave & Blackhawk St,Wood St & Milwaukee Ave,1106,1120,14,2226,0.01
Customer,Spaulding Ave & Armitage Ave,Kedzie Ave & Milwaukee Ave,1092,1117,25,2209,0.01
Customer,Clark St & Wellington Ave,Racine Ave & Belmont Ave,1084,1110,26,2194,0.01
Customer,Kimbark Ave & 53rd St,Lake Park Ave & 56th St,1110,1078,32,2188,0.01
Customer,Dearborn St & Adams St,Daley Center Plaza,1085,1073,12,2158,0.01
Customer,St. Clair St & Erie St,Clark St & Randolph St,1064,1081,17,2145,0.01
Customer,Green St & Madison St,Franklin St & Jackson Blvd,1064,1044,20,2108,0.01
Customer,Streeter Dr & Grand Ave,Stockton Dr & Wrightwood Ave,1057,1042,15,2099,0.01
Customer,Milwaukee Ave & Grand Ave,Clinton St & Washington Blvd,1043,1032,11,2075,0.01
Customer,Dearborn St & Monroe St,Franklin St & Quincy St,1051,1022,29,2073,0.01
Customer,Halsted St & Roscoe St,Pine Grove Ave & Waveland Ave,1035,1018,17,2053,0.01
Customer,Wabash Ave & Adams St,Wabash Ave & 9th St,1009,1030,21,2039,0.01
Customer,McClurg Ct & Illinois St,Clark St & Randolph St,997,1023,26,2020,0.01
Customer,Halsted St & 35th St,Wentworth Ave & 35th St,1016,993,23,2009,0.01
Customer,Indiana Ave & Roosevelt Rd,Millennium Park,6431,6430,1,12861,0.0
Customer,Clinton St & Madison St,Peoria St & Jackson Blvd,5605,5631,26,11236,0.0
Customer,Clark St & Wrightwood Ave,Sheffield Ave & Fullerton Ave,4435,4408,27,8843,0.0
Customer,Clinton St & Washington Blvd,Wells St & Huron St,3124,3098,26,6222,0.0
Customer,Blue Island Ave & 18th St,Paulina St & 18th St,2939,2928,11,5867,0.0
Customer,Canal St & Adams St,Cityfront Plaza Dr & Pioneer Ct,2536,2519,17,5055,0.0
Customer,Ellis Ave & 55th St,Cornell Ave & Hyde Park Blvd,2353,2352,1,4705,0.0
Customer,Canal St & Adams St,Sedgwick St & Huron St,2271,2278,7,4549,0.0
Customer,Clinton St & Washington Blvd,Cityfront Plaza Dr & Pioneer Ct,2241,2254,13,4495,0.0
Customer,Clinton St & Washington Blvd,May St & Fulton St,2159,2175,16,4334,0.0
Customer,Wood St & Milwaukee Ave,Marshfield Ave & Cortland St,2089,2099,10,4188,0.0
Customer,Michigan Ave & Washington St,Clark St & Congress Pkwy,2067,2048,19,4115,0.0
Customer,Honore St & Division St,Ashland Ave & Division St,2008,2003,5,4011,0.0
Customer,Clark St & Elm St,LaSalle St & Illinois St,1969,1955,14,3924,0.0
Customer,Canal St & Adams St,Clark St & Elm St,1926,1930,4,3856,0.0
Customer,Shields Ave & 31st St,State St & 33rd St,1856,1854,2,3710,0.0
Customer,Clark St & Armitage Ave,Clark St & Wrightwood Ave,1859,1850,9,3709,0.0
Customer,Dayton St & North Ave,Sheffield Ave & Willow St,1621,1634,13,3255,0.0
Customer,Damen Ave & Chicago Ave,Ashland Ave & Chicago Ave,1584,1578,6,3162,0.0
Customer,Michigan Ave & Oak St,Lake Shore Dr & Ohio St,1544,1540,4,3084,0.0
Customer,Kingsbury St & Kinzie St,Sedgwick St & North Ave,1531,1523,8,3054,0.0
Customer,Kingsbury St & Kinzie St,Wabash Ave & Grand Ave,1471,1466,5,2937,0.0
Customer,Ashland Ave & Augusta Blvd,Ashland Ave & Division St,1417,1431,14,2848,0.0
Customer,Halsted St & Polk St,900 W Harrison St,1390,1391,1,2781,0.0
Customer,Emerald Ave & 31st St,Wentworth Ave & 33rd St,1375,1373,2,2748,0.0
Customer,Michigan Ave & 18th St,Michigan Ave & Jackson Blvd,1311,1319,8,2630,0.0
Customer,Franklin St & Lake St,Dearborn St & Erie St,1269,1257,12,2526,0.0
Customer,Clarendon Ave & Junior Ter,Theater on the Lake,1255,1249,6,2504,0.0
Customer,McClurg Ct & Erie St,Clark St & Elm St,1237,1226,11,2463,0.0
Customer,Clark St & Armitage Ave,Stockton Dr & Wrightwood Ave,1223,1222,1,2445,0.0
Customer,Clinton St & Washington Blvd,Ashland Ave & Division St,1209,1198,11,2407,0.0
Customer,Sheffield Ave & Webster Ave,Sheffield Ave & Kingsbury St,1186,1188,2,2374,0.0
Customer,Clinton St & Tilden St,Jefferson St & Monroe St,1190,1180,10,2370,0.0
Customer,Shore Dr & 55th St,Kimbark Ave & 53rd St,1188,1178,10,2366,0.0
Customer,Hermitage Ave & Polk St,Loomis St & Taylor St,1175,1184,9,2359,0.0
Customer,Broadway & Belmont Ave,Halsted St & Roscoe St,1122,1125,3,2247,0.0
Customer,LaSalle St & Washington St,Fairbanks Ct & Grand Ave,1114,1125,11,2239,0.0
Customer,Milwaukee Ave & Wabansia Ave,Albany Ave & Bloomingdale Ave,1080,1082,2,2162,0.0
Customer,Franklin St & Lake St,State St & Randolph St,1068,1069,1,2137,0.0
Customer,Clark St & Wrightwood Ave,Halsted St & Dickens Ave,1061,1056,5,2117,0.0
Customer,Racine Ave & Fullerton Ave,Marshfield Ave & Cortland St,1043,1047,4,2090,0.0
Customer,Campbell Ave & Fullerton Ave,Western Ave & Winnebago Ave,1044,1044,0,2088,0.0
Customer,Larrabee St & Oak St,Larrabee St & Division St,1040,1036,4,2076,0.0
Customer,Morgan St & Polk St,Peoria St & Jackson Blvd,1034,1034,0,2068,0.0
Customer,Green St & Madison St,Jefferson St & Monroe St,1025,1018,7,2043,0.0
Customer,Dearborn Pkwy & Delaware Pl,Larrabee St & Oak St,1018,1020,2,2038,0.0
Subscriber,Dusable Harbor,Streeter Dr & Grand Ave,8039,1859,6180,9898,0.62
Subscriber,Streeter Dr & Illinois St,Lake Shore Dr & Ohio St,735,2256,1521,2991,0.51
Subscriber,Columbus Dr & Randolph St,Lake Shore Dr & North Blvd,1586,528,1058,2114,0.5
Subscriber,Columbus Dr & Randolph St,Streeter Dr & Illinois St,2337,885,1452,3222,0.45
Subscriber,Columbus Dr & Randolph St,Streeter Dr & Grand Ave,5475,2157,3318,7632,0.43
Subscriber,Wabash Ave & Wacker Pl,Lake Shore Dr & Monroe St,991,2427,1436,3418,0.42
Subscriber,Michigan Ave & Oak St,Columbus Dr & Randolph St,661,1630,969,2291,0.42
Subscriber,Field Blvd & South Water St,Streeter Dr & Grand Ave,2281,975,1306,3256,0.4
Subscriber,McCormick Place,Lake Shore Dr & Monroe St,1998,853,1145,2851,0.4
Subscriber,Columbus Dr & Randolph St,Lake Shore Dr & Monroe St,2410,1051,1359,3461,0.39
Subscriber,Streeter Dr & Grand Ave,Lake Shore Dr & Monroe St,15197,33708,18511,48905,0.38
Subscriber,Theater on the Lake,Lake Shore Dr & Monroe St,2656,5658,3002,8314,0.36
Subscriber,Wabash Ave & Roosevelt Rd,Lake Shore Dr & Monroe St,1789,853,936,2642,0.35
Subscriber,Wabash Ave & Grand Ave,Streeter Dr & Grand Ave,2096,4263,2167,6359,0.34
Subscriber,Streeter Dr & Grand Ave,Lake Shore Dr & Ohio St,1537,3114,1577,4651,0.34
Subscriber,Buckingham Fountain,Millennium Park,2848,1403,1445,4251,0.34
Subscriber,Streeter Dr & Grand Ave,DuSable Lake Shore Dr & Monroe St,4711,9142,4431,13853,0.32
Subscriber,McClurg Ct & Illinois St,Streeter Dr & Illinois St,3842,1968,1874,5810,0.32
Subscriber,Fairbanks Ct & Grand Ave,Lake Shore Dr & Monroe St,1121,2142,1021,3263,0.31
Subscriber,Theater on the Lake,Millennium Park,1008,1893,885,2901,0.31
Subscriber,Michigan Ave & Washington St,Lake Shore Dr & Monroe St,2834,1541,1293,4375,0.3
Subscriber,Cityfront Plaza Dr & Pioneer Ct,Streeter Dr & Grand Ave,2699,1468,1231,4167,0.3
Subscriber,Michigan Ave & Pearson St,Theater on the Lake,1351,752,599,2103,0.28
Subscriber,Streeter Dr & Grand Ave,Shedd Aquarium,9291,16142,6851,25433,0.27
Subscriber,Adler Planetarium,Streeter Dr & Grand Ave,8118,4689,3429,12807,0.27
Subscriber,Millennium Park,Field Museum,2227,3910,1683,6137,0.27
Subscriber,Streeter Dr & Illinois St,Wabash Ave & Grand Ave,2660,1537,1123,4197,0.27
Subscriber,St. Clair St & Erie St,Millennium Park,1122,1941,819,3063,0.27
Subscriber,Calumet Ave & 18th St,Lake Shore Dr & Monroe St,1642,944,698,2586,0.27
Subscriber,Field Museum,Michigan Ave & Jackson Blvd,1440,831,609,2271,0.27
Subscriber,Theater on the Lake,Mies van der Rohe Way & Chicago Ave,773,1343,570,2116,0.27
Subscriber,Fort Dearborn Dr & 31st St,Lake Shore Dr & Monroe St,3726,2197,1529,5923,0.26
Subscriber,Michigan Ave & Oak St,Michigan Ave & Pearson St,1363,2304,941,3667,0.26
Subscriber,Michigan Ave & Pearson St,Michigan Ave & Lake St,988,1679,691,2667,0.26
Subscriber,Lake Shore Dr & North Blvd,Lake Shore Dr & Monroe St,4981,8293,3312,13274,0.25
Subscriber,Field Museum,Streeter Dr & Grand Ave,4953,2946,2007,7899,0.25
Subscriber,Michigan Ave & Oak St,Dusable Harbor,845,1406,561,2251,0.25
Subscriber,Theater on the Lake,Dusable Harbor,764,1285,521,2049,0.25
Subscriber,Streeter Dr & Illinois St,Lake Shore Dr & Monroe St,11055,18191,7136,29246,0.24
Subscriber,Millennium Park,Michigan Ave & Jackson Blvd,2661,4379,1718,7040,0.24
Subscriber,Streeter Dr & Grand Ave,McClurg Ct & Illinois St,2390,3888,1498,6278,0.24
Subscriber,Millennium Park,Michigan Ave & 8th St,1927,3173,1246,5100,0.24
Subscriber,Indiana Ave & Roosevelt Rd,Michigan Ave & Jackson Blvd,2892,1772,1120,4664,0.24
Subscriber,Millennium Park,Michigan Ave & Washington St,1449,2371,922,3820,0.24
Subscriber,Dusable Harbor,Millennium Park,1832,1127,705,2959,0.24
Subscriber,Cannon Dr & Fullerton Ave,Streeter Dr & Illinois St,1717,1049,668,2766,0.24
Subscriber,Michigan Ave & Oak St,Mies van der Rohe Way & Chestnut St,1031,1689,658,2720,0.24
Subscriber,Clark St & Armitage Ave,Lake Shore Dr & North Blvd,2053,3273,1220,5326,0.23
Subscriber,Millennium Park,Lake Shore Dr & North Blvd,2679,1687,992,4366,0.23
Subscriber,State St & Kinzie St,Lake Shore Dr & Monroe St,799,1283,484,2082,0.23
Subscriber,Rush St & Superior St,Streeter Dr & Grand Ave,967,1502,535,2469,0.22
Subscriber,Lakefront Trail & Bryn Mawr Ave,Lake Shore Dr & Belmont Ave,1446,919,527,2365,0.22
Subscriber,Millennium Park,Wabash Ave & Grand Ave,1440,921,519,2361,0.22
Subscriber,Wabash Ave & Roosevelt Rd,Indiana Ave & Roosevelt Rd,1408,891,517,2299,0.22
Subscriber,Streeter Dr & Grand Ave,Fairbanks Ct & Grand Ave,3608,2342,1266,5950,0.21
Subscriber,Buckingham Fountain,Streeter Dr & Grand Ave,3240,2126,1114,5366,0.21
Subscriber,Adler Planetarium,Michigan Ave & Jackson Blvd,3213,2078,1135,5291,0.21
Subscriber,Wabash Ave & Wacker Pl,Streeter Dr & Grand Ave,1998,3055,1057,5053,0.21
Subscriber,Indiana Ave & Roosevelt Rd,Millennium Park,5771,3852,1919,9623,0.2
Subscriber,McClurg Ct & Illinois St,Lake Shore Dr & North Blvd,3123,2076,1047,5199,0.2
Subscriber,Clark St & Lincoln Ave,Streeter Dr & Illinois St,1576,1061,515,2637,0.2
Subscriber,Indiana Ave & Roosevelt Rd,Field Museum,912,1370,458,2282,0.2
Subscriber,St. Clair St & Erie St,Streeter Dr & Grand Ave,2206,3243,1037,5449,0.19
Subscriber,Millennium Park,McClurg Ct & Illinois St,2125,3102,977,5227,0.19
Subscriber,Theater on the Lake,Clark St & Armitage Ave,1665,1131,534,2796,0.19
Subscriber,Michigan Ave & Oak St,Michigan Ave & Lake St,1052,1536,484,2588,0.19
Subscriber,Theater on the Lake,Clark St & Lincoln Ave,1530,1033,497,2563,0.19
Subscriber,Clark St & Elm St,Lake Shore Dr & North Blvd,885,1290,405,2175,0.19
Subscriber,Millennium Park,Shedd Aquarium,7900,11462,3562,19362,0.18
Subscriber,Millennium Park,Franklin St & Jackson Blvd,2287,3315,1028,5602,0.18
Subscriber,Michigan Ave & Pearson St,Millennium Park,2228,3219,991,5447,0.18
Subscriber,Dusable Harbor,DuSable Lake Shore Dr & Monroe St,2141,3053,912,5194,0.18
Subscriber,Dusable Harbor,Shedd Aquarium,2090,2981,891,5071,0.18
Subscriber,Montrose Harbor,Lake Shore Dr & Belmont Ave,2568,1787,781,4355,0.18
Subscriber,Theater on the Lake,McClurg Ct & Illinois St,1680,2441,761,4121,0.18
Subscriber,Michigan Ave & Congress Pkwy,Lake Shore Dr & Monroe St,1922,1349,573,3271,0.18
Subscriber,Millennium Park,Cityfront Plaza Dr & Pioneer Ct,1842,1269,573,3111,0.18
Subscriber,Dearborn St & Erie St,Streeter Dr & Grand Ave,1090,1579,489,2669,0.18
Subscriber,Streeter Dr & Grand Ave,Stockton Dr & Wrightwood Ave,1022,1464,442,2486,0.18
Subscriber,Michigan Ave & Pearson St,Lake Shore Dr & Monroe St,1440,1000,440,2440,0.18
Subscriber,Indiana Ave & Roosevelt Rd,Lake Shore Dr & Monroe St,4496,3197,1299,7693,0.17
Subscriber,Lake Shore Dr & North Blvd,Lake Shore Dr & Diversey Pkwy,1711,2391,680,4102,0.17
Subscriber,Clark St & Lincoln Ave,Lake Shore Dr & North Blvd,1547,2188,641,3735,0.17
Subscriber,Streeter Dr & Grand Ave,Mies van der Rohe Way & Chicago Ave,2012,1440,572,3452,0.17
Subscriber,Millennium Park,Michigan Ave & Congress Pkwy,1666,2292,626,3958,0.16
Subscriber,University Ave & 57th St,Lake Park Ave & 56th St,1428,1038,390,2466,0.16
Subscriber,Adler Planetarium,Columbus Dr & Randolph St,981,1356,375,2337,0.16
Subscriber,Lake Shore Dr & North Blvd,Lake Shore Dr & Belmont Ave,2916,3983,1067,6899,0.15
Subscriber,Millennium Park,Michigan Ave & Lake St,3019,2230,789,5249,0.15
Subscriber,Columbus Dr & Randolph St,Shedd Aquarium,2399,1784,615,4183,0.15
Subscriber,Museum Campus,Michigan Ave & Jackson Blvd,2066,1533,533,3599,0.15
Subscriber,Streeter Dr & Grand Ave,Lake Shore Dr & Diversey Pkwy,1329,1796,467,3125,0.15
Subscriber,Theater on the Lake,Clark St & Wrightwood Ave,1415,1047,368,2462,0.15
Subscriber,Theater on the Lake,Streeter Dr & Illinois St,9360,7102,2258,16462,0.14
Subscriber,Clark St & Armitage Ave,Streeter Dr & Grand Ave,3828,2872,956,6700,0.14
Subscriber,Streeter Dr & Grand Ave,DuSable Lake Shore Dr & North Blvd,3594,2700,894,6294,0.14
Subscriber,Lake Shore Dr & Wellington Ave,Lake Shore Dr & North Blvd,2671,2012,659,4683,0.14
Subscriber,Streeter Dr & Grand Ave,Lake Shore Dr & Belmont Ave,1898,2536,638,4434,0.14
Subscriber,Michigan Ave & Pearson St,Streeter Dr & Illinois St,2117,1605,512,3722,0.14
Subscriber,Michigan Ave & Oak St,Adler Planetarium,1037,1373,336,2410,0.14
Subscriber,Michigan Ave & Oak St,Michigan Ave & Washington St,982,1305,323,2287,0.14
Subscriber,Millennium Park,Streeter Dr & Illinois St,6356,8291,1935,14647,0.13
Subscriber,Theater on the Lake,Lake Shore Dr & Belmont Ave,3211,4181,970,7392,0.13
Subscriber,Theater on the Lake,Lakefront Trail & Bryn Mawr Ave,2031,2614,583,4645,0.13
Subscriber,Adler Planetarium,Field Museum,1974,1523,451,3497,0.13
Subscriber,Wabash Ave & Roosevelt Rd,Millennium Park,1585,1229,356,2814,0.13
Subscriber,Montrose Harbor,Lake Shore Dr & Wellington Ave,1534,1170,364,2704,0.13
Subscriber,Indiana Ave & Roosevelt Rd,McCormick Place,1165,1519,354,2684,0.13
Subscriber,Montrose Harbor,Lake Shore Dr & North Blvd,1474,1142,332,2616,0.13
Subscriber,Lakefront Trail & Bryn Mawr Ave,Streeter Dr & Grand Ave,1191,912,279,2103,0.13
Subscriber,Mies van der Rohe Way & Chicago Ave,Lake Shore Dr & North Blvd,1159,888,271,2047,0.13
Subscriber,Michigan Ave & Oak St,Streeter Dr & Illinois St,7093,5615,1478,12708,0.12
Subscriber,Shedd Aquarium,Michigan Ave & Jackson Blvd,3988,3144,844,7132,0.12
Subscriber,University Ave & 57th St,Ellis Ave & 60th St,2174,2769,595,4943,0.12
Subscriber,Streeter Dr & Illinois St,Michigan Ave & Washington St,1668,2117,449,3785,0.12
Subscriber,Streeter Dr & Grand Ave,McClurg Ct & Erie St,1100,1411,311,2511,0.12
Subscriber,Fort Dearborn Dr & 31st St,Adler Planetarium,1021,1292,271,2313,0.12
Subscriber,Fort Dearborn Dr & 31st St,Lake Park Ave & 47th St,973,1250,277,2223,0.12
Subscriber,Lake Shore Dr & North Blvd,Broadway & Barry Ave,911,1148,237,2059,0.12
Subscriber,Theater on the Lake,Montrose Harbor,5288,6573,1285,11861,0.11
Subscriber,Streeter Dr & Grand Ave,Michigan Ave & Washington St,2496,3084,588,5580,0.11
Subscriber,Cannon Dr & Fullerton Ave,Streeter Dr & Grand Ave,2999,2413,586,5412,0.11
Subscriber,Michigan Ave & Jackson Blvd,Lake Shore Dr & Monroe St,2482,1978,504,4460,0.11
Subscriber,Columbus Dr & Randolph St,Millennium Park,1631,2032,401,3663,0.11
Subscriber,Streeter Dr & Grand Ave,Montrose Harbor,1605,2018,413,3623,0.11
Subscriber,Theater on the Lake,Pine Grove Ave & Waveland Ave,1511,1871,360,3382,0.11
Subscriber,Lakeview Ave & Fullerton Pkwy,Lake Shore Dr & North Blvd,1494,1848,354,3342,0.11
Subscriber,Rush St & Cedar St,Streeter Dr & Grand Ave,1183,1472,289,2655,0.11
Subscriber,Michigan Ave & Oak St,DuSable Lake Shore Dr & North Blvd,1456,1162,294,2618,0.11
Subscriber,Field Museum,DuSable Lake Shore Dr & Monroe St,1289,1030,259,2319,0.11
Subscriber,Clark St & North Ave,Lake Shore Dr & North Blvd,1024,1280,256,2304,0.11
Subscriber,Theater on the Lake,Wilton Ave & Belmont Ave,961,1196,235,2157,0.11
Subscriber,Michigan Ave & Oak St,Streeter Dr & Grand Ave,12058,14755,2697,26813,0.1
Subscriber,Adler Planetarium,Millennium Park,7348,5992,1356,13340,0.1
Subscriber,Millennium Park,Museum Campus,3710,4566,856,8276,0.1
Subscriber,Michigan Ave & Oak St,Millennium Park,3721,4553,832,8274,0.1
Subscriber,Theater on the Lake,Lake Shore Dr & Ohio St,2499,3030,531,5529,0.1
Subscriber,Lakeview Ave & Fullerton Pkwy,Streeter Dr & Grand Ave,2261,1838,423,4099,0.1
Subscriber,Clark St & North Ave,Streeter Dr & Illinois St,1574,1289,285,2863,0.1
Subscriber,Adler Planetarium,Michigan Ave & 8th St,1375,1118,257,2493,0.1
Subscriber,Michigan Ave & Oak St,Lake Shore Dr & Monroe St,6056,7244,1188,13300,0.09
Subscriber,Adler Planetarium,Shedd Aquarium,5933,7075,1142,13008,0.09
Subscriber,Lake Shore Dr & Ohio St,Lake Shore Dr & North Blvd,3508,2952,556,6460,0.09
Subscriber,Buckingham Fountain,Shedd Aquarium,2105,1763,342,3868,0.09
Subscriber,McCormick Place,Millennium Park,1919,1602,317,3521,0.09
Subscriber,Wabash Ave & Wacker Pl,Millennium Park,1536,1836,300,3372,0.09
Subscriber,Michigan Ave & Oak St,Stockton Dr & Wrightwood Ave,1327,1586,259,2913,0.09
Subscriber,DuSable Lake Shore Dr & Monroe St,DuSable Lake Shore Dr & North Blvd,1529,1284,245,2813,0.09
Subscriber,Wabash Ave & Roosevelt Rd,Adler Planetarium,1518,1257,261,2775,0.09
Subscriber,Dusable Harbor,Adler Planetarium,1213,1449,236,2662,0.09
Subscriber,Clarendon Ave & Junior Ter,Theater on the Lake,1361,1138,223,2499,0.09
Subscriber,Wabash Ave & Wacker Pl,Shedd Aquarium,1034,1232,198,2266,0.09
Subscriber,Benson Ave & Church St,Sheridan Rd & Noyes St (NU),1005,1196,191,2201,0.09
Subscriber,Dearborn St & Adams St,Millennium Park,1189,983,206,2172,0.09
Subscriber,Millennium Park,Streeter Dr & Grand Ave,13649,15966,2317,29615,0.08
Subscriber,Streeter Dr & Illinois St,Lake Shore Dr & North Blvd,6792,7905,1113,14697,0.08
Subscriber,Theater on the Lake,Lake Shore Dr & North Blvd,6984,6005,979,12989,0.08
Subscriber,Indiana Ave & Roosevelt Rd,Streeter Dr & Grand Ave,3815,3248,567,7063,0.08
Subscriber,Shedd Aquarium,Michigan Ave & 8th St,2023,1713,310,3736,0.08
Subscriber,Streeter Dr & Illinois St,Michigan Ave & Congress Pkwy,1795,1537,258,3332,0.08
Subscriber,Millennium Park,Lake Shore Dr & Ohio St,1375,1601,226,2976,0.08
Subscriber,Millennium Park,Mies van der Rohe Way & Chicago Ave,1313,1118,195,2431,0.08
Subscriber,Theater on the Lake,Clark St & North Ave,1194,1010,184,2204,0.08
Subscriber,Millennium Park,State St & Randolph St,1184,1010,174,2194,0.08
Subscriber,Shedd Aquarium,Michigan Ave & Lake St,1181,1013,168,2194,0.08
Subscriber,Theater on the Lake,Halsted St & Roscoe St,992,1153,161,2145,0.08
Subscriber,Michigan Ave & Oak St,Theater on the Lake,14514,12513,2001,27027,0.07
Subscriber,DuSable Lake Shore Dr & Monroe St,Shedd Aquarium,3375,3869,494,7244,0.07
Subscriber,McClurg Ct & Illinois St,Lake Shore Dr & Monroe St,3325,3793,468,7118,0.07
Subscriber,Michigan Ave & Oak St,Clark St & Armitage Ave,2362,2742,380,5104,0.07
Subscriber,Michigan Ave & Oak St,Shedd Aquarium,2175,2489,314,4664,0.07
Subscriber,Dusable Harbor,Lake Shore Dr & Monroe St,1584,1830,246,3414,0.07
Subscriber,Shedd Aquarium,Michigan Ave & Washington St,1394,1610,216,3004,0.07
Subscriber,Stockton Dr & Wrightwood Ave,Lake Shore Dr & North Blvd,1551,1353,198,2904,0.07
Subscriber,Theater on the Lake,Sheffield Ave & Fullerton Ave,1509,1308,201,2817,0.07
Subscriber,Fairbanks Ct & Grand Ave,Lake Shore Dr & North Blvd,1421,1245,176,2666,0.07
Subscriber,Streeter Dr & Grand Ave,Michigan Ave & Madison St,1147,1333,186,2480,0.07
Subscriber,Theater on the Lake,Sheffield Ave & Addison St,1051,1205,154,2256,0.07
Subscriber,Stetson Ave & South Water St,Millennium Park,1140,989,151,2129,0.07
Subscriber,Theater on the Lake,Streeter Dr & Grand Ave,15216,17174,1958,32390,0.06
Subscriber,Ellis Ave & 55th St,Ellis Ave & 60th St,3339,3757,418,7096,0.06
Subscriber,Michigan Ave & Pearson St,Streeter Dr & Grand Ave,2942,2598,344,5540,0.06
Subscriber,Theater on the Lake,Pine Grove Ave & Irving Park Rd,2333,2067,266,4400,0.06
Subscriber,Clark St & North Ave,Streeter Dr & Grand Ave,2050,1807,243,3857,0.06
Subscriber,Michigan Ave & Oak St,Lake Shore Dr & Ohio St,1753,1964,211,3717,0.06
Subscriber,Theater on the Lake,Stockton Dr & Wrightwood Ave,1364,1534,170,2898,0.06
Subscriber,Mies van der Rohe Way & Chicago Ave,Lake Shore Dr & Monroe St,1062,1201,139,2263,0.06
Subscriber,Montrose Harbor,Pine Grove Ave & Irving Park Rd,1029,1153,124,2182,0.06
Subscriber,Theater on the Lake,DuSable Lake Shore Dr & Monroe St,978,1109,131,2087,0.06
Subscriber,Michigan Ave & Oak St,Lake Shore Dr & North Blvd,5929,6607,678,12536,0.05
Subscriber,Shedd Aquarium,Streeter Dr & Illinois St,2318,2080,238,4398,0.05
Subscriber,Theater on the Lake,Lakeview Ave & Fullerton Pkwy,2161,1959,202,4120,0.05
Subscriber,Theater on the Lake,Lake Shore Dr & Wellington Ave,1952,2143,191,4095,0.05
Subscriber,Michigan Ave & Oak St,Lake Shore Dr & Wellington Ave,1972,1802,170,3774,0.05
Subscriber,Michigan Ave & Oak St,Clark St & North Ave,1586,1765,179,3351,0.05
Subscriber,Michigan Ave & Oak St,Lake Shore Dr & Diversey Pkwy,1568,1747,179,3315,0.05
Subscriber,Streeter Dr & Grand Ave,Lake Shore Dr & Wellington Ave,1395,1541,146,2936,0.05
Subscriber,Rush St & Hubbard St,Streeter Dr & Grand Ave,1234,1370,136,2604,0.05
Subscriber,Adler Planetarium,Michigan Ave & Congress Pkwy,1271,1150,121,2421,0.05
Subscriber,Sedgwick St & Webster Ave,Lake Shore Dr & North Blvd,1047,1149,102,2196,0.05
Subscriber,Indiana Ave & Roosevelt Rd,Michigan Ave & Oak St,1105,995,110,2100,0.05
Subscriber,Shedd Aquarium,Michigan Ave & Congress Pkwy,972,1075,103,2047,0.05
Subscriber,Streeter Dr & Grand Ave,Lake Shore Dr & North Blvd,15034,13785,1249,28819,0.04
Subscriber,Streeter Dr & Grand Ave,Michigan Ave & Jackson Blvd,2849,3059,210,5908,0.04
Subscriber,Adler Planetarium,Streeter Dr & Illinois St,2748,2519,229,5267,0.04
Subscriber,Michigan Ave & Oak St,Clark St & Lincoln Ave,2530,2342,188,4872,0.04
Subscriber,Michigan Ave & Oak St,McClurg Ct & Illinois St,1872,2026,154,3898,0.04
Subscriber,Fairbanks Ct & Grand Ave,Streeter Dr & Illinois St,1736,1870,134,3606,0.04
Subscriber,Fort Dearborn Dr & 31st St,Museum Campus,1723,1590,133,3313,0.04
Subscriber,Michigan Ave & Oak St,DuSable Lake Shore Dr & Monroe St,1553,1684,131,3237,0.04
Subscriber,Theater on the Lake,Broadway & Belmont Ave,1537,1425,112,2962,0.04
Subscriber,Michigan Ave & Pearson St,Michigan Ave & Washington St,1277,1378,101,2655,0.04
Subscriber,Streeter Dr & Grand Ave,Michigan Ave & Congress Pkwy,1302,1193,109,2495,0.04
Subscriber,Field Museum,Shedd Aquarium,1163,1251,88,2414,0.04
Subscriber,University Ave & 57th St,Kimbark Ave & 53rd St,1131,1044,87,2175,0.04
Subscriber,Millennium Park,Lake Shore Dr & Monroe St,8488,8029,459,16517,0.03
Subscriber,Streeter Dr & Illinois St,Museum Campus,4594,4351,243,8945,0.03
Subscriber,Indiana Ave & Roosevelt Rd,Shedd Aquarium,3321,3130,191,6451,0.03
Subscriber,Mies van der Rohe Way & Chestnut St,Streeter Dr & Grand Ave,2918,3129,211,6047,0.03
Subscriber,Field Museum,Lake Shore Dr & Monroe St,2631,2495,136,5126,0.03
Subscriber,Cannon Dr & Fullerton Ave,Lake Shore Dr & North Blvd,2273,2155,118,4428,0.03
Subscriber,Streeter Dr & Illinois St,Michigan Ave & Jackson Blvd,1961,1850,111,3811,0.03
Subscriber,Buckingham Fountain,Adler Planetarium,1551,1467,84,3018,0.03
Subscriber,Fort Dearborn Dr & 31st St,Shedd Aquarium,1508,1424,84,2932,0.03
Subscriber,Indiana Ave & Roosevelt Rd,Museum Campus,1124,1194,70,2318,0.03
Subscriber,Buckingham Fountain,Lake Shore Dr & Monroe St,1150,1093,57,2243,0.03
Subscriber,Michigan Ave & Oak St,Fairbanks Ct & Grand Ave,1051,1123,72,2174,0.03
Subscriber,Millennium Park,Mies van der Rohe Way & Chestnut St,1009,1071,62,2080,0.03
Subscriber,Clark St & Lincoln Ave,Streeter Dr & Grand Ave,3031,3139,108,6170,0.02
Subscriber,Lakefront Trail & Bryn Mawr Ave,Montrose Harbor,2277,2355,78,4632,0.02
Subscriber,Cannon Dr & Fullerton Ave,Theater on the Lake,2177,2099,78,4276,0.02
Subscriber,Adler Planetarium,DuSable Lake Shore Dr & Monroe St,1802,1738,64,3540,0.02
Subscriber,Michigan Ave & Lake St,Lake Shore Dr & Monroe St,1661,1599,62,3260,0.02
Subscriber,Streeter Dr & Illinois St,Mies van der Rohe Way & Chicago Ave,1491,1430,61,2921,0.02
Subscriber,Theater on the Lake,Lake Shore Dr & Diversey Pkwy,1399,1448,49,2847,0.02
Subscriber,Wabash Ave & Roosevelt Rd,Shedd Aquarium,1444,1384,60,2828,0.02
Subscriber,Theater on the Lake,Broadway & Barry Ave,1424,1370,54,2794,0.02
Subscriber,Michigan Ave & Oak St,Montrose Harbor,1311,1373,62,2684,0.02
Subscriber,Millennium Park,State St & Kinzie St,1153,1191,38,2344,0.02
Subscriber,Fort Dearborn Dr & 31st St,Shore Drive & 55th St,1076,1113,37,2189,0.02
Subscriber,Adler Planetarium,Lake Shore Dr & Monroe St,11065,11387,322,22452,0.01
Subscriber,Museum Campus,Lake Shore Dr & Monroe St,5616,5744,128,11360,0.01
Subscriber,Indiana Ave & Roosevelt Rd,Adler Planetarium,3384,3455,71,6839,0.01
Subscriber,Lake Shore Dr & Ohio St,Lake Shore Dr & Monroe St,2707,2650,57,5357,0.01
Subscriber,Cannon Dr & Fullerton Ave,Michigan Ave & Oak St,2617,2575,42,5192,0.01
Subscriber,Michigan Ave & Oak St,Lakeview Ave & Fullerton Pkwy,2191,2229,38,4420,0.01
Subscriber,Adler Planetarium,Museum Campus,2165,2120,45,4285,0.01
Subscriber,Indiana Ave & Roosevelt Rd,Streeter Dr & Illinois St,1804,1848,44,3652,0.01
Subscriber,Chicago Ave & Sheridan Rd,Sheridan Rd & Noyes St (NU),1740,1699,41,3439,0.01
Subscriber,Millennium Park,Fairbanks Ct & Grand Ave,1625,1650,25,3275,0.01
Subscriber,Michigan Ave & Washington St,Streeter Dr & Grand Ave,1535,1571,36,3106,0.01
Subscriber,Streeter Dr & Illinois St,Michigan Ave & Lake St,1438,1396,42,2834,0.01
Subscriber,Millennium Park,DuSable Lake Shore Dr & Monroe St,1380,1417,37,2797,0.01
Subscriber,Shedd Aquarium,McClurg Ct & Illinois St,1333,1365,32,2698,0.01
Subscriber,Indiana Ave & Roosevelt Rd,Michigan Ave & 8th St,1112,1082,30,2194,0.01
Subscriber,Michigan Ave & Pearson St,Lake Shore Dr & North Blvd,1099,1078,21,2177,0.01
Subscriber,Shedd Aquarium,Lake Shore Dr & Monroe St,10959,10888,71,21847,0.0
Subscriber,Streeter Dr & Grand Ave,Michigan Ave & 8th St,3408,3392,16,6800,0.0
Subscriber,Michigan Ave & Oak St,Lake Shore Dr & Belmont Ave,2822,2839,17,5661,0.0
Subscriber,Streeter Dr & Grand Ave,Michigan Ave & Lake St,2014,2000,14,4014,0.0
Subscriber,Streeter Dr & Grand Ave,State St & Kinzie St,1368,1368,0,2736,0.0
Subscriber,LaSalle St & Illinois St,Streeter Dr & Grand Ave,1274,1265,9,2539,0.0
Subscriber,Michigan Ave & Congress Pkwy,Museum Campus,1222,1223,1,2445,0.0
Subscriber,Lincoln Park Conservatory,Streeter Dr & Grand Ave,1152,1147,5,2299,0.0
