station_name,lat,lon,total_rides,subscriber_rides,customer_rides,path_id
"Streeter Dr & Grand Ave",41.892278,-87.612043,54250,5345,48905,1
"Lake Shore Dr & Monroe St",41.880958,-87.616743,54250,5345,48905,1
"Theater on the Lake",41.926277,-87.630834,44220,11830,32390,2
"Streeter Dr & Grand Ave",41.892278,-87.612043,44220,11830,32390,2
"Theater on the Lake",41.926277,-87.630834,39173,12146,27027,3
"Michigan Ave & Oak St",41.90096039,-87.62377664,39173,12146,27027,3
"State St & 33rd St",41.834734,-87.625813,37498,35837,1661,4
"Calumet Ave & 33rd St",41.8349,-87.61793,37498,35837,1661,4
"Lake Shore Dr & North Blvd",41.911722,-87.626804,35110,6291,28819,5
"Streeter Dr & Grand Ave",41.892278,-87.612043,35110,6291,28819,5
"Millennium Park",41.8810317,-87.62408432,33217,3602,29615,6
"Streeter Dr & Grand Ave",41.892278,-87.612043,33217,3602,29615,6
"Lake Shore Dr & Monroe St",41.880958,-87.616743,32196,2950,29246,7
"Streeter Dr & Illinois St",41.891071,-87.6122,32196,2950,29246,7
"Ellis Ave & 60th St",41.7850971464,-87.6010727606,32025,24929,7096,8
"Ellis Ave & 55th St",41.7943006205,-87.6014497734,32025,24929,7096,8
"Michigan Ave & Oak St",41.90096039,-87.62377664,31065,4252,26813,9
"Streeter Dr & Grand Ave",41.892278,-87.612043,31065,4252,26813,9
"Ellis Ave & 60th St",41.7850971464,-87.6010727606,29917,24974,4943,10
"University Ave & 57th St",41.791478,-87.599861,29917,24974,4943,10
"Shedd Aquarium",41.8672259568,-87.6153553902,27502,2069,25433,11
"Streeter Dr & Grand Ave",41.892278,-87.612043,27502,2069,25433,11
"Adler Planetarium",41.866095,-87.607267,26502,4050,22452,12
"Lake Shore Dr & Monroe St",41.880958,-87.616743,26502,4050,22452,12
"Lake Shore Dr & Monroe St",41.880958,-87.616743,25241,3394,21847,13
"Shedd Aquarium",41.8672259568,-87.6153553902,25241,3394,21847,13
"MLK Jr Dr & 29th St",41.842052,-87.617,24686,24113,573,14
"State St & 33rd St",41.834734,-87.625813,24686,24113,573,14
"Canal St & Adams St",41.879255,-87.639904,23974,23357,617,15
"Michigan Ave & Washington St",41.8838927658,-87.6246491409,23974,23357,617,15
"Canal St & Madison St",41.882091,-87.639833,22699,21745,954,16
"Michigan Ave & Washington St",41.8838927658,-87.6246491409,22699,21745,954,16
"Millennium Park",41.8810317,-87.62408432,22484,12861,9623,17
"Indiana Ave & Roosevelt Rd",41.867888,-87.623041,22484,12861,9623,17
"Columbus Dr & Randolph St",41.884728,-87.619521,22313,21649,664,18
"Clinton St & Washington Blvd",41.88338,-87.64117,22313,21649,664,18
"Michigan Ave & Washington St",41.8838927658,-87.6246491409,22222,21621,601,19
"Clinton St & Washington Blvd",41.88338,-87.64117,22222,21621,601,19
"Shedd Aquarium",41.8672259568,-87.6153553902,21533,2171,19362,20
"Millennium Park",41.8810317,-87.62408432,21533,2171,19362,20
"Theater on the Lake",41.926277,-87.630834,20953,4491,16462,21
"Streeter Dr & Illinois St",41.891071,-87.6122,20953,4491,16462,21
"Indiana Ave & Roosevelt Rd",41.867888,-87.623041,19864,15200,4664,22
"Michigan Ave & Jackson Blvd",41.87785,-87.62408,19864,15200,4664,22
"University Ave & 57th St",41.791478,-87.599861,19588,17122,2466,23
"Lake Park Ave & 56th St",41.793242,-87.587782,19588,17122,2466,23
"Lake Shore Dr & Monroe St",41.880958,-87.616743,19567,3050,16517,24
"Millennium Park",41.8810317,-87.62408432,19567,3050,16517,24
"Kimbark Ave & 53rd St",41.799568,-87.594747,19524,17349,2175,25
"University Ave & 57th St",41.791478,-87.599861,19524,17349,2175,25
"Theater on the Lake",41.926277,-87.630834,18536,6675,11861,26
"Montrose Harbor",41.963982,-87.638181,18536,6675,11861,26
"Lake Shore Dr & North Blvd",41.911722,-87.626804,18501,5512,12989,27
"Theater on the Lake",41.926277,-87.630834,18501,5512,12989,27
"Canal St & Adams St",41.879255,-87.639904,18460,17773,687,28
"Columbus Dr & Randolph St",41.884728,-87.619521,18460,17773,687,28
"Sheridan Rd & Irving Park Rd",41.954245,-87.654406,18371,17543,828,29
"Pine Grove Ave & Irving Park Rd",41.954383,-87.648043,18371,17543,828,29
"Lake Shore Dr & North Blvd",41.911722,-87.626804,18102,5566,12536,30
"Michigan Ave & Oak St",41.90096039,-87.62377664,18102,5566,12536,30
"Lake Shore Dr & North Blvd",41.911722,-87.626804,17938,4664,13274,31
"Lake Shore Dr & Monroe St",41.880958,-87.616743,17938,4664,13274,31
"Columbus Dr & Randolph St",41.884728,-87.619521,17837,17291,546,32
"Canal St & Madison St",41.882091,-87.639833,17837,17291,546,32
"Loomis St & Lexington St",41.872187,-87.661501,17583,17279,304,33
"Morgan St & Polk St",41.871737,-87.65103,17583,17279,304,33
"Streeter Dr & Illinois St",41.891071,-87.6122,17137,2440,14697,34
"Lake Shore Dr & North Blvd",41.911722,-87.626804,17137,2440,14697,34
"Sheridan Rd & Irving Park Rd",41.954245,-87.654406,16667,15890,777,35
"Sheridan Rd & Buena Ave",41.958494,-87.654966,16667,15890,777,35
"Michigan Ave & Lake St",41.886024,-87.624117,16597,16096,501,36
"Canal St & Adams St",41.879255,-87.639904,16597,16096,501,36
"Kingsbury St & Kinzie St",41.8891768326,-87.6385057718,16582,15936,646,37
"Kingsbury St & Erie St",41.8939139,-87.6417358,16582,15936,646,37
"Millennium Park",41.8810317,-87.62408432,16464,1817,14647,38
"Streeter Dr & Illinois St",41.891071,-87.6122,16464,1817,14647,38
"Clark St & Berwyn Ave",41.9780306225,-87.6685649157,16407,15569,838,39
"Broadway & Berwyn Ave",41.978353,-87.659753,16407,15569,838,39
"Adler Planetarium",41.866095,-87.607267,16311,3303,13008,40
"Shedd Aquarium",41.8672259568,-87.6153553902,16311,3303,13008,40
"Sheffield Ave & Fullerton Ave",41.9256018819,-87.6537080423,16307,14624,1683,41
"Greenview Ave & Fullerton Ave",41.92533,-87.6658,16307,14624,1683,41
"Michigan Ave & 18th St",41.857926,-87.624336,16091,14727,1364,42
"Wabash Ave & Roosevelt Rd",41.867227,-87.625961,16091,14727,1364,42
"Wabash Ave & Roosevelt Rd",41.867227,-87.625961,16014,14759,1255,43
"Wabash Ave & 16th St",41.860384,-87.625813,16014,14759,1255,43
"Kingsbury St & Kinzie St",41.8891768326,-87.6385057718,15991,14686,1305,44
"Desplaines St & Kinzie St",41.888716036,-87.6444478533,15991,14686,1305,44
"Michigan Ave & Oak St",41.90096039,-87.62377664,15863,2563,13300,45
"Lake Shore Dr & Monroe St",41.880958,-87.616743,15863,2563,13300,45
"Canal St & Adams St",41.879255,-87.639904,15754,15298,456,46
"Larrabee St & Kingsbury St",41.897764,-87.642884,15754,15298,456,46
"DuSable Lake Shore Dr & Monroe St",41.880958,-87.616743,15465,1612,13853,47
"Streeter Dr & Grand Ave",41.892278,-87.612043,15465,1612,13853,47
"Millennium Park",41.8810317,-87.62408432,15240,1900,13340,48
"Adler Planetarium",41.866095,-87.607267,15240,1900,13340,48
"Kingsbury St & Kinzie St",41.8891768326,-87.6385057718,15163,14387,776,49
"Canal St & Adams St",41.879255,-87.639904,15163,14387,776,49
"Wilton Ave & Belmont Ave",41.94018,-87.65304,15057,14390,667,50
"Broadway & Belmont Ave",41.940106,-87.645451,15057,14390,667,50
"Clinton St & Washington Blvd",41.88338,-87.64117,14955,14561,394,51
"Michigan Ave & Lake St",41.886024,-87.624117,14955,14561,394,51
"Sheffield Ave & Fullerton Ave",41.9256018819,-87.6537080423,14482,13459,1023,52
"Southport Ave & Wrightwood Ave",41.928773,-87.663913,14482,13459,1023,52
"Adler Planetarium",41.866095,-87.607267,14420,1613,12807,53
"Streeter Dr & Grand Ave",41.892278,-87.612043,14420,1613,12807,53
"Sheridan Rd & Irving Park Rd",41.954245,-87.654406,14329,13934,395,54
"Clarendon Ave & Gordon Ter",41.957879,-87.649519,14329,13934,395,54
"Wilton Ave & Diversey Pkwy",41.932418,-87.652705,14090,13315,775,55
"Clark St & Wrightwood Ave",41.929546,-87.643118,14090,13315,775,55
"Southport Ave & Roscoe St",41.943739,-87.66402,14014,13185,829,56
"Southport Ave & Waveland Ave",41.94815,-87.66394,14014,13185,829,56
"Michigan Ave & Oak St",41.90096039,-87.62377664,13980,1272,12708,57
"Streeter Dr & Illinois St",41.891071,-87.6122,13980,1272,12708,57
"Kingsbury St & Kinzie St",41.8891768326,-87.6385057718,13881,13232,649,58
"Clinton St & Washington Blvd",41.88338,-87.64117,13881,13232,649,58
"LaSalle St & Jackson Blvd",41.87817,-87.631985,13829,13603,226,59
"Canal St & Madison St",41.882091,-87.639833,13829,13603,226,59
"Kedzie Ave & Palmer Ct",41.921525,-87.707322,13789,12801,988,60
"California Ave & Milwaukee Ave",41.922695,-87.697153,13789,12801,988,60
"Lake Shore Dr & Monroe St",41.880958,-87.616743,13673,5359,8314,61
"Theater on the Lake",41.926277,-87.630834,13673,5359,8314,61
"Sheffield Ave & Fullerton Ave",41.9256018819,-87.6537080423,13620,12983,637,62
"Racine Ave & Wrightwood Ave",41.928887,-87.658971,13620,12983,637,62
"Lakefront Trail & Bryn Mawr Ave",41.9840441152,-87.6522812247,13493,8848,4645,63
"Theater on the Lake",41.926277,-87.630834,13493,8848,4645,63
"Clinton St & Washington Blvd",41.88338,-87.64117,13340,12846,494,64
"St. Clair St & Erie St",41.8943451374,-87.6227983832,13340,12846,494,64
"Wilton Ave & Belmont Ave",41.94018,-87.65304,13118,12476,642,65
"Halsted St & Roscoe St",41.94367,-87.64895,13118,12476,642,65
"Lake Shore Dr & Monroe St",41.880958,-87.616743,12903,1543,11360,66
"Museum Campus",41.865212,-87.617759,12903,1543,11360,66
"State St & Kinzie St",41.88918,-87.6277,12834,12416,418,67
"Clinton St & Washington Blvd",41.88338,-87.64117,12834,12416,418,67
"Lake Shore Dr & Belmont Ave",41.940775,-87.639192,12713,5321,7392,68
"Theater on the Lake",41.926277,-87.630834,12713,5321,7392,68
"Wacker Dr & Washington St Corral",41.88316,-87.63736,12672,12353,319,69
"Michigan Ave & Washington St",41.8838927658,-87.6246491409,12672,12353,319,69
"Dusable Harbor",41.886976,-87.612813,12668,2770,9898,70
"Streeter Dr & Grand Ave",41.892278,-87.612043,12668,2770,9898,70
"Ellis Ave & 55th St",41.7943006205,-87.6014497734,12444,11148,1296,71
"Kimbark Ave & 53rd St",41.799568,-87.594747,12444,11148,1296,71
"Damen Ave & Pierce Ave",41.9093960065,-87.6776919292,12391,11595,796,72
"Claremont Ave & Hirsch St",41.907781,-87.685854,12391,11595,796,72
"Halsted St & Polk St",41.87184,-87.64664,12155,10678,1477,73
"Halsted St & Maxwell St",41.864883,-87.647071,12155,10678,1477,73
"State St & Kinzie St",41.88918,-87.6277,12021,11573,448,74
"Canal St & Adams St",41.879255,-87.639904,12021,11573,448,74
"Adler Planetarium",41.866095,-87.607267,12000,5161,6839,75
"Indiana Ave & Roosevelt Rd",41.867888,-87.623041,12000,5161,6839,75
"Columbus Dr & Randolph St",41.884728,-87.619521,11898,11126,772,76
"State St & Randolph St",41.8847302006,-87.6277335692,11898,11126,772,76
"Sheridan Rd & Montrose Ave",41.96167,-87.65464,11848,10654,1194,77
"Sheridan Rd & Irving Park Rd",41.954245,-87.654406,11848,10654,1194,77
"Lake Shore Dr & Monroe St",41.880958,-87.616743,11841,4148,7693,78
"Indiana Ave & Roosevelt Rd",41.867888,-87.623041,11841,4148,7693,78
"Kingsbury St & Kinzie St",41.8891768326,-87.6385057718,11756,10864,892,79
"Clinton St & Madison St",41.8827519657,-87.6411902905,11756,10864,892,79
"University Ave & 57th St",41.791478,-87.599861,11655,10451,1204,80
"Ellis Ave & 53rd St",41.7993362626,-87.6009581145,11655,10451,1204,80
"Canal St & Adams St",41.879255,-87.639904,11576,10976,600,81
"Orleans St & Merchandise Mart Plaza",41.888243,-87.63639,11576,10976,600,81
"Clinton St & Washington Blvd",41.88338,-87.64117,11524,10700,824,82
"Larrabee St & Kingsbury St",41.897764,-87.642884,11524,10700,824,82
"Dearborn St & Monroe St",41.881319815,-87.6295209193,11520,11121,399,83
"Canal St & Madison St",41.882091,-87.639833,11520,11121,399,83
"Canal St & Madison St",41.882091,-87.639833,11494,10968,526,84
"Michigan Ave & Lake St",41.886024,-87.624117,11494,10968,526,84
"Clinton St & Madison St",41.8827519657,-87.6411902905,11423,11236,187,85
"Peoria St & Jackson Blvd",41.877749,-87.649633,11423,11236,187,85
"Cornell Ave & Hyde Park Blvd",41.802406,-87.586924,11302,9974,1328,86
"University Ave & 57th St",41.791478,-87.599861,11302,9974,1328,86
"Sheffield Ave & Fullerton Ave",41.9256018819,-87.6537080423,11193,10097,1096,87
"Ashland Ave & Wrightwood Ave",41.92883,-87.668507,11193,10097,1096,87
"Clinton St & Washington Blvd",41.88338,-87.64117,11125,10215,910,88
"Kingsbury St & Erie St",41.8939139,-87.6417358,11125,10215,910,88
"Lake Shore Dr & North Blvd",41.911722,-87.626804,11024,4125,6899,89
"Lake Shore Dr & Belmont Ave",41.940775,-87.639192,11024,4125,6899,89
"Chicago Ave & Sheridan Rd",42.050491,-87.677821,10987,7548,3439,90
"Sheridan Rd & Noyes St (NU)",42.058239,-87.677432,10987,7548,3439,90
"Sheffield Ave & Wellington Ave",41.936253,-87.653566,10959,10482,477,91
"Southport Ave & Wellington Ave",41.935733,-87.663576,10959,10482,477,91
"Kingsbury St & Erie St",41.8939139,-87.6417358,10889,10475,414,92
"Canal St & Adams St",41.879255,-87.639904,10889,10475,414,92
"Western Ave & Division St",41.902893,-87.687275,10762,9196,1566,93
"Ashland Ave & Division St",41.90345,-87.667747,10762,9196,1566,93
"Michigan Ave & Oak St",41.90096039,-87.62377664,10761,5100,5661,94
"Lake Shore Dr & Belmont Ave",41.940775,-87.639192,10761,5100,5661,94
"Loomis St & Lexington St",41.8722287322,-87.661363855,10723,9848,875,95
"Morgan St & Polk St",41.871737,-87.65103,10723,9848,875,95
"Clark St & Armitage Ave",41.918306,-87.636282,10679,9362,1317,96
"Wells St & Concord Ln",41.912133,-87.634656,10679,9362,1317,96
"Damen Ave & Chicago Ave",41.895769,-87.67722,10630,8746,1884,97
"Damen Ave & Pierce Ave",41.9093960065,-87.6776919292,10630,8746,1884,97
"Sheffield Ave & Wellington Ave",41.9362534831,-87.6526620984,10625,10396,229,98
"Southport Ave & Wellington Ave",41.935733,-87.663576,10625,10396,229,98
"Sheridan Rd & Noyes St (NU)",42.058239,-87.677432,10622,8421,2201,99
"Benson Ave & Church St",42.048214,-87.683485,10622,8421,2201,99
"Indiana Ave & Roosevelt Rd",41.867888,-87.623041,10587,4136,6451,100
"Shedd Aquarium",41.8672259568,-87.6153553902,10587,4136,6451,100
"Ellis Ave & 58th St",41.788746,-87.601334,10560,9404,1156,101
"Ellis Ave & 60th St",41.7850971464,-87.6010727606,10560,9404,1156,101
"Clinton St & Washington Blvd",41.88338,-87.64117,10506,10067,439,102
"Rush St & Hubbard St",41.890173,-87.626185,10506,10067,439,102
"State St & Randolph St",41.8847302006,-87.6277335692,10498,10097,401,103
"Canal St & Adams St",41.879255,-87.639904,10498,10097,401,103
"Kingsbury St & Kinzie St",41.8891768326,-87.6385057718,10441,9714,727,104
"Larrabee St & Kingsbury St",41.897764,-87.642884,10441,9714,727,104
"Streeter Dr & Grand Ave",41.892278,-87.612043,10328,3265,7063,105
"Indiana Ave & Roosevelt Rd",41.867888,-87.623041,10328,3265,7063,105
"Desplaines St & Kinzie St",41.888716036,-87.6444478533,10277,9670,607,106
"Clinton St & Madison St",41.8827519657,-87.6411902905,10277,9670,607,106
"Michigan Ave & Washington St",41.8838927658,-87.6246491409,10144,9632,512,107
"Clinton St & Madison St",41.8827519657,-87.6411902905,10144,9632,512,107
"Clinton St & Madison St",41.8827519657,-87.6411902905,10091,9663,428,108
"Clinton St & Tilden St",41.875885,-87.640795,10091,9663,428,108
"Broadway & Sheridan Rd",41.952833,-87.649993,10078,9297,781,109
"Sheridan Rd & Irving Park Rd",41.954245,-87.654406,10078,9297,781,109
"Clinton St & Madison St",41.8827519657,-87.6411902905,10070,9966,104,110
"LaSalle St & Jackson Blvd",41.87817,-87.631985,10070,9966,104,110
"Wilton Ave & Diversey Pkwy",41.932418,-87.652705,10027,9664,363,111
"Hampden Ct & Diversey Pkwy",41.93262,-87.642385,10027,9664,363,111
"Southport Ave & Roscoe St",41.943739,-87.66402,10012,9069,943,112
"Southport Ave & Irving Park Rd",41.954177,-87.664358,10012,9069,943,112
"Damen Ave & Foster Ave",41.9758109756,-87.6795098986,9925,8976,949,113
"Damen Ave & Leland Ave",41.967094,-87.679028,9925,8976,949,113
"Canal St & Adams St",41.879255,-87.639904,9887,9413,474,114
"Dearborn St & Erie St",41.893992,-87.629318,9887,9413,474,114
"Museum Campus",41.865212,-87.617759,9833,888,8945,115
"Streeter Dr & Illinois St",41.891071,-87.6122,9833,888,8945,115
"Streeter Dr & Grand Ave",41.892278,-87.612043,9829,2197,7632,116
"Columbus Dr & Randolph St",41.884728,-87.619521,9829,2197,7632,116
"Lake Shore Dr & North Blvd",41.911722,-87.626804,9824,3364,6460,117
"Lake Shore Dr & Ohio St",41.89257,-87.614492,9824,3364,6460,117
"Michigan Ave & Oak St",41.90096039,-87.62377664,9799,1525,8274,118
"Millennium Park",41.8810317,-87.62408432,9799,1525,8274,118
"Montrose Harbor",41.963982,-87.638181,9778,5146,4632,119
"Lakefront Trail & Bryn Mawr Ave",41.9840441152,-87.6522812247,9778,5146,4632,119
"Sheffield Ave & Fullerton Ave",41.9256018819,-87.6537080423,9740,8843,897,120
"Clark St & Wrightwood Ave",41.929546,-87.643118,9740,8843,897,120
"Clinton St & Madison St",41.8827519657,-87.6411902905,9667,9270,397,121
"Franklin St & Jackson Blvd",41.8777079559,-87.6353211408,9667,9270,397,121
"Ashland Ave & Division St",41.90345,-87.667747,9656,9061,595,122
"Damen Ave & Division St",41.90331,-87.67695,9656,9061,595,122
"Indiana Ave & 31st St",41.838842,-87.621857,9642,9408,234,123
"MLK Jr Dr & 29th St",41.842052,-87.617,9642,9408,234,123
"Morgan St & Polk St",41.871737,-87.65103,9461,9109,352,124
"Loomis St & Taylor St",41.869417,-87.660996,9461,9109,352,124
"Ellis Ave & 55th St",41.7943006205,-87.6014497734,9222,8410,812,125
"Ellis Ave & 58th St",41.788746,-87.601334,9222,8410,812,125
"Ellis Ave & 53rd St",41.7993362626,-87.6009581145,9213,8337,876,126
"Ellis Ave & 55th St",41.7943006205,-87.6014497734,9213,8337,876,126
"Lake Shore Dr & Wellington Ave",41.936669,-87.636794,9194,4511,4683,127
"Lake Shore Dr & North Blvd",41.911722,-87.626804,9194,4511,4683,127
"Michigan Ave & Madison St",41.882134,-87.625125,9166,8285,881,128
"Canal St & Madison St",41.882091,-87.639833,9166,8285,881,128
"Theater on the Lake",41.926277,-87.630834,9137,3608,5529,129
"Lake Shore Dr & Ohio St",41.89257,-87.614492,9137,3608,5529,129
"Dearborn St & Monroe St",41.881319815,-87.6295209193,9121,8624,497,130
"Clinton St & Madison St",41.8827519657,-87.6411902905,9121,8624,497,130
"Millennium Park",41.8810317,-87.62408432,9093,817,8276,131
"Museum Campus",41.865212,-87.617759,9093,817,8276,131
"Sheridan Rd & Irving Park Rd",41.954245,-87.654406,9054,8493,561,132
"Clarendon Ave & Junior Ter",41.961004,-87.649603,9054,8493,561,132
"Sedgwick St & North Ave",41.910983,-87.638525,9021,7988,1033,133
"Clark St & Armitage Ave",41.918306,-87.636282,9021,7988,1033,133
"Fort Dearborn Dr & 31st St",41.838556,-87.608218,9020,3097,5923,134
"Lake Shore Dr & Monroe St",41.880958,-87.616743,9020,3097,5923,134
"Michigan Ave & Oak St",41.90096039,-87.62377664,9017,4597,4420,135
"Lakeview Ave & Fullerton Pkwy",41.925858,-87.638973,9017,4597,4420,135
"State St & 33rd St",41.834734,-87.625813,9002,8665,337,136
"Rhodes Ave & 32nd St",41.836208,-87.613533,9002,8665,337,136
"Loomis St & Lexington St",41.872187,-87.661501,8977,8833,144,137
"Wolcott Ave & Polk St",41.871262,-87.673688,8977,8833,144,137
"State St & Van Buren St",41.877181,-87.627844,8974,7837,1137,138
"Franklin St & Jackson Blvd",41.8777079559,-87.6353211408,8974,7837,1137,138
"Sheffield Ave & Fullerton Ave",41.9256018819,-87.6537080423,8925,8363,562,139
"Halsted St & Wrightwood Ave",41.929143,-87.649077,8925,8363,562,139
"Lake Shore Dr & Monroe St",41.880958,-87.616743,8850,1732,7118,140
"McClurg Ct & Illinois St",41.89102,-87.6173,8850,1732,7118,140
"Michigan Ave & Oak St",41.90096039,-87.62377664,8831,3727,5104,141
"Clark St & Armitage Ave",41.918306,-87.636282,8831,3727,5104,141
"Morgan St & Lake St",41.8854833079,-87.6523048564,8825,8586,239,142
"Clinton St & Washington Blvd",41.88338,-87.64117,8825,8586,239,142
"Clark St & Armitage Ave",41.918306,-87.636282,8820,3494,5326,143
"Lake Shore Dr & North Blvd",41.911722,-87.626804,8820,3494,5326,143
"Lake Shore Dr & Wellington Ave",41.936669,-87.636794,8808,4713,4095,144
"Theater on the Lake",41.926277,-87.630834,8808,4713,4095,144
"Clark St & Schiller St",41.907993,-87.631501,8781,7834,947,145
"Clark St & Elm St",41.903233,-87.631253,8781,7834,947,145
"Sheffield Ave & Fullerton Ave",41.9256018819,-87.6537080423,8772,8163,609,146
"Sheffield Ave & Wrightwood Ave",41.928712,-87.653833,8772,8163,609,146
"LaSalle St & Jackson Blvd",41.87817,-87.631985,8757,8665,92,147
"Clinton St & Washington Blvd",41.88338,-87.64117,8757,8665,92,147
"Morgan St & Polk St",41.871737,-87.65103,8755,8387,368,148
"May St & Taylor St",41.8694821,-87.6554864,8755,8387,368,148
"Wabash Ave & Grand Ave",41.891466,-87.626761,8736,2377,6359,149
"Streeter Dr & Grand Ave",41.892278,-87.612043,8736,2377,6359,149
"Theater on the Lake",41.926277,-87.630834,8709,4589,4120,150
"Lakeview Ave & Fullerton Pkwy",41.925858,-87.638973,8709,4589,4120,150
"Wells St & Concord Ln",41.912133,-87.634656,8687,7331,1356,151
"Clark St & Elm St",41.903233,-87.631253,8687,7331,1356,151
"Canal St & Adams St",41.879255,-87.639904,8609,8156,453,152
"St. Clair St & Erie St",41.8943451374,-87.6227983832,8609,8156,453,152
"Field Museum",41.865312,-87.617867,8609,710,7899,153
"Streeter Dr & Grand Ave",41.892278,-87.612043,8609,710,7899,153
"Sheffield Ave & Fullerton Ave",41.9256018819,-87.6537080423,8577,8083,494,154
"Southport Ave & Wrightwood Ave",41.92888,-87.66317,8577,8083,494,154
"Damen Ave & Division St",41.90331,-87.67695,8570,7642,928,155
"Damen Ave & Pierce Ave",41.9093960065,-87.6776919292,8570,7642,928,155
"Canal St & Adams St",41.879255,-87.639904,8533,7939,594,156
"Clinton St & Lake St",41.885637,-87.641823,8533,7939,594,156
"Millennium Park",41.8810317,-87.62408432,8520,1480,7040,157
"Michigan Ave & Jackson Blvd",41.87785,-87.62408,8520,1480,7040,157
"Wells St & Concord Ln",41.912133,-87.634656,8500,7125,1375,158
"Wells St & Elm St",41.903222,-87.634324,8500,7125,1375,158
"Clinton St & Madison St",41.8827519657,-87.6411902905,8473,8095,378,159
"Green St & Madison St",41.881859328,-87.6492637396,8473,8095,378,159
"Wabash Ave & Roosevelt Rd",41.867227,-87.625961,8386,7628,758,160
"Michigan Ave & 14th St",41.864059,-87.623727,8386,7628,758,160
"Pine Grove Ave & Irving Park Rd",41.954383,-87.648043,8369,3969,4400,161
"Theater on the Lake",41.926277,-87.630834,8369,3969,4400,161
"Clark St & Elm St",41.903233,-87.631253,8348,7267,1081,162
"Dearborn St & Erie St",41.893992,-87.629318,8348,7267,1081,162
"Michigan Ave & Oak St",41.90096039,-87.62377664,8331,3459,4872,163
"Clark St & Lincoln Ave",41.915689,-87.6346,8331,3459,4872,163
"Wilton Ave & Belmont Ave",41.94018,-87.65304,8321,7840,481,164
"Broadway & Barry Ave",41.937725,-87.644095,8321,7840,481,164
"Clinton St & Washington Blvd",41.88338,-87.64117,8191,7686,505,165
"Desplaines St & Kinzie St",41.888716036,-87.6444478533,8191,7686,505,165
"Sheridan Rd & Irving Park Rd",41.954245,-87.654406,8185,7464,721,166
"Southport Ave & Irving Park Rd",41.954177,-87.664358,8185,7464,721,166
"Clark St & Armitage Ave",41.918306,-87.636282,8167,1467,6700,167
"Streeter Dr & Grand Ave",41.892278,-87.612043,8167,1467,6700,167
"Wolcott Ave & Polk St",41.871262,-87.673688,8161,7567,594,168
"Morgan St & Polk St",41.871737,-87.65103,8161,7567,594,168
"Kimbark Ave & 53rd St",41.799568,-87.594747,8154,7070,1084,169
"Ellis Ave & 58th St",41.788746,-87.601334,8154,7070,1084,169
"Clinton St & Washington Blvd",41.88338,-87.64117,8132,7668,464,170
"Dearborn St & Erie St",41.893992,-87.629318,8132,7668,464,170
"State St & Randolph St",41.8847302006,-87.6277335692,8130,7721,409,171
"Clinton St & Washington Blvd",41.88338,-87.64117,8130,7721,409,171
"Shedd Aquarium",41.8672259568,-87.6153553902,8105,973,7132,172
"Michigan Ave & Jackson Blvd",41.87785,-87.62408,8105,973,7132,172
"DuSable Lake Shore Dr & Monroe St",41.880958,-87.616743,8103,859,7244,173
"Shedd Aquarium",41.8672259568,-87.6153553902,8103,859,7244,173
"Wells St & Huron St",41.8947953,-87.6343743,8086,6109,1977,174
"Wells St & Elm St",41.903222,-87.634324,8086,6109,1977,174
"McClurg Ct & Illinois St",41.89102,-87.6173,8076,1798,6278,175
"Streeter Dr & Grand Ave",41.892278,-87.612043,8076,1798,6278,175
"Millennium Park",41.8810317,-87.62408432,8062,4399,3663,176
"Columbus Dr & Randolph St",41.884728,-87.619521,8062,4399,3663,176
"Ashland Ave & Grace St",41.950687,-87.6687,7973,7504,469,177
"Southport Ave & Roscoe St",41.943739,-87.66402,7973,7504,469,177
"Kosciuszko Park",41.9305853714,-87.7237773635,7970,6874,1096,178
"Kedzie Ave & Milwaukee Ave",41.929567,-87.707857,7970,6874,1096,178
"Sedgwick St & Webster Ave",41.922167,-87.638888,7957,6710,1247,179
"Sedgwick St & North Ave",41.910983,-87.638525,7957,6710,1247,179
"Clinton St & Washington Blvd",41.88338,-87.64117,7940,7634,306,180
"Orleans St & Merchandise Mart Plaza",41.888243,-87.63639,7940,7634,306,180
"Lake Shore Dr & Wellington Ave",41.936669,-87.636794,7935,4161,3774,181
"Michigan Ave & Oak St",41.90096039,-87.62377664,7935,4161,3774,181
"Canal St & Adams St",41.879255,-87.639904,7926,7074,852,182
"Dearborn St & Monroe St",41.881319815,-87.6295209193,7926,7074,852,182
"Sedgwick St & Huron St",41.894666,-87.638437,7887,7360,527,183
"Kingsbury St & Kinzie St",41.8891768326,-87.6385057718,7887,7360,527,183
"University Ave & 57th St",41.791478,-87.599861,7882,7132,750,184
"Ellis Ave & 55th St",41.7943006205,-87.6014497734,7882,7132,750,184
"DuSable Lake Shore Dr & North Blvd",41.911722,-87.626804,7882,1588,6294,185
"Streeter Dr & Grand Ave",41.892278,-87.612043,7882,1588,6294,185
"Wilton Ave & Diversey Pkwy",41.932418,-87.652705,7870,7266,604,186
"Halsted St & Wrightwood Ave",41.929143,-87.649077,7870,7266,604,186
"Columbus Dr & Randolph St",41.884728,-87.619521,7864,7241,623,187
"Clark St & Randolph St",41.884576228,-87.63188991,7864,7241,623,187
"Morgan St & Lake St",41.8854833079,-87.6523048564,7857,7660,197,188
"Canal St & Adams St",41.879255,-87.639904,7857,7660,197,188
"Columbus Dr & Randolph St",41.884728,-87.619521,7795,7409,386,189
"Clinton St & Madison St",41.8827519657,-87.6411902905,7795,7409,386,189
"McClurg Ct & Illinois St",41.89102,-87.6173,7743,2544,5199,190
"Lake Shore Dr & North Blvd",41.911722,-87.626804,7743,2544,5199,190
"Clinton St & Washington Blvd",41.88338,-87.64117,7727,7370,357,191
"Clark St & Randolph St",41.884576228,-87.63188991,7727,7370,357,191
"Sedgwick St & Huron St",41.894666,-87.638437,7693,7288,405,192
"Clinton St & Washington Blvd",41.88338,-87.64117,7693,7288,405,192
"Clark St & Lake St",41.8860208277,-87.6308760584,7676,7004,672,193
"Canal St & Adams St",41.879255,-87.639904,7676,7004,672,193
"Shore Dr & 55th St",41.795212,-87.580715,7665,6088,1577,194
"University Ave & 57th St",41.791478,-87.599861,7665,6088,1577,194
"University Library (NU)",42.052939,-87.673447,7649,6661,988,195
"Benson Ave & Church St",42.048214,-87.683485,7649,6661,988,195
"Sheffield Ave & Fullerton Ave",41.9256018819,-87.6537080423,7646,7325,321,196
"Racine Ave & Fullerton Ave",41.92556258,-87.65840426,7646,7325,321,196
"Canal St & Adams St",41.879255,-87.639904,7645,7146,499,197
"Daley Center Plaza",41.884241,-87.629634,7645,7146,499,197
"Clark St & Lincoln Ave",41.915689,-87.6346,7637,1467,6170,198
"Streeter Dr & Grand Ave",41.892278,-87.612043,7637,1467,6170,198
"Streeter Dr & Grand Ave",41.892278,-87.612043,7636,1686,5950,199
"Fairbanks Ct & Grand Ave",41.89186,-87.62062,7636,1686,5950,199
"California Ave & Milwaukee Ave",41.922695,-87.697153,7598,7010,588,200
"Humboldt Blvd & Armitage Ave",41.917513394,-87.7018089555,7598,7010,588,200
"Streeter Dr & Grand Ave",41.892278,-87.612043,7575,775,6800,201
"Michigan Ave & 8th St",41.872773,-87.623981,7575,775,6800,201
"Michigan Ave & 8th St",41.872773,-87.623981,7521,2421,5100,202
"Millennium Park",41.8810317,-87.62408432,7521,2421,5100,202
"Ellis Ave & 58th St",41.788746,-87.601334,7496,6528,968,203
"Lake Park Ave & 56th St",41.793242,-87.587782,7496,6528,968,203
"University Ave & 57th St",41.791478,-87.599861,7414,6320,1094,204
"Woodlawn Ave & 55th St",41.795264,-87.596471,7414,6320,1094,204
"Dearborn St & Adams St",41.8793563587,-87.6297910363,7410,7163,247,205
"Canal St & Madison St",41.882091,-87.639833,7410,7163,247,205
"Kedzie Ave & Milwaukee Ave",41.929567,-87.707857,7410,6398,1012,206
"Kedzie Ave & Palmer Ct",41.921525,-87.707322,7410,6398,1012,206
"Wilton Ave & Belmont Ave",41.94018,-87.65304,7400,7119,281,207
"Southport Ave & Belmont Ave",41.93949,-87.66378,7400,7119,281,207
"Larrabee St & Division St",41.90348607,-87.6433534936,7385,6887,498,208
"Larrabee St & Kingsbury St",41.897764,-87.642884,7385,6887,498,208
"Canal St & Madison St",41.882091,-87.639833,7355,6842,513,209
"State St & Kinzie St",41.88918,-87.6277,7355,6842,513,209
"Wabash Ave & Adams St",41.8794723523,-87.6256886059,7323,6778,545,210
"Canal St & Adams St",41.879255,-87.639904,7323,6778,545,210
"Dearborn Pkwy & Delaware Pl",41.898969,-87.629912,7322,6881,441,211
"Clinton St & Washington Blvd",41.88338,-87.64117,7322,6881,441,211
"Federal St & Polk St",41.8720776329,-87.6295437729,7286,6305,981,212
"Wabash Ave & Roosevelt Rd",41.867227,-87.625961,7286,6305,981,212
"Daley Center Plaza",41.884241,-87.629634,7265,6585,680,213
"Federal St & Polk St",41.8720776329,-87.6295437729,7265,6585,680,213
"Federal St & Polk St",41.8720776329,-87.6295437729,7259,6461,798,214
"Dearborn St & Monroe St",41.881319815,-87.6295209193,7259,6461,798,214
"Damen Ave & Augusta Blvd",41.899714,-87.677234,7255,6390,865,215
"Damen Ave & Pierce Ave",41.9093960065,-87.6776919292,7255,6390,865,215
"Lake Park Ave & 53rd St",41.7994942937,-87.5864498959,7223,5891,1332,216
"University Ave & 57th St",41.791478,-87.599861,7223,5891,1332,216
"Halsted St & Wrightwood Ave",41.929143,-87.649077,7128,6254,874,217
"Clark St & Wrightwood Ave",41.929546,-87.643118,7128,6254,874,217
"Lake Shore Dr & Diversey Pkwy",41.932684,-87.63625,7126,3811,3315,218
"Michigan Ave & Oak St",41.90096039,-87.62377664,7126,3811,3315,218
"Pine Grove Ave & Irving Park Rd",41.954383,-87.648043,7114,6724,390,219
"Broadway & Waveland Ave",41.949074,-87.648636,7114,6724,390,219
"Canal St & Adams St",41.879255,-87.639904,7112,6828,284,220
"McClurg Ct & Illinois St",41.89102,-87.6173,7112,6828,284,220
"Wells St & Evergreen Ave",41.906724,-87.63483,7108,6302,806,221
"Wells St & Concord Ln",41.912133,-87.634656,7108,6302,806,221
"Lake Shore Dr & Monroe St",41.880958,-87.616743,7105,1748,5357,222
"Lake Shore Dr & Ohio St",41.89257,-87.614492,7105,1748,5357,222
"Clinton St & Roosevelt Rd",41.8671177825,-87.6410879593,7084,5819,1265,223
"Wabash Ave & Roosevelt Rd",41.867227,-87.625961,7084,5819,1265,223
"May St & Taylor St",41.8694821,-87.6554864,7080,6749,331,224
"Halsted St & Polk St",41.87184,-87.64664,7080,6749,331,224
"Michigan Ave & Jackson Blvd",41.87785,-87.62408,7055,1147,5908,225
"Streeter Dr & Grand Ave",41.892278,-87.612043,7055,1147,5908,225
"Montrose Harbor",41.963982,-87.638181,7040,2685,4355,226
"Lake Shore Dr & Belmont Ave",41.940775,-87.639192,7040,2685,4355,226
"Pine Grove Ave & Irving Park Rd",41.954383,-87.648043,7038,6687,351,227
"Pine Grove Ave & Waveland Ave",41.949275,-87.646303,7038,6687,351,227
"Stetson Ave & South Water St",41.886835,-87.62232,7026,6784,242,228
"Clinton St & Washington Blvd",41.88338,-87.64117,7026,6784,242,228
"Canal St & Adams St",41.879255,-87.639904,7000,6442,558,229
"Wabash Ave & Wacker Pl",41.886875,-87.62603,7000,6442,558,229
"McClurg Ct & Illinois St",41.89102,-87.6173,6982,5694,1288,230
"State St & Kinzie St",41.88918,-87.6277,6982,5694,1288,230
"McClurg Ct & Illinois St",41.89102,-87.6173,6975,1748,5227,231
"Millennium Park",41.8810317,-87.62408432,6975,1748,5227,231
"Mies van der Rohe Way & Chestnut St",41.8985866514,-87.6219152258,6958,911,6047,232
"Streeter Dr & Grand Ave",41.892278,-87.612043,6958,911,6047,232
"Franklin St & Jackson Blvd",41.8777079559,-87.6353211408,6942,1340,5602,233
"Millennium Park",41.8810317,-87.62408432,6942,1340,5602,233
"Morgan St & Polk St",41.871737,-87.65103,6934,6166,768,234
"Halsted St & Maxwell St",41.864883,-87.647071,6934,6166,768,234
"Lake Shore Dr & Belmont Ave",41.940775,-87.639192,6842,2408,4434,235
"Streeter Dr & Grand Ave",41.892278,-87.612043,6842,2408,4434,235
"Orleans St & Merchandise Mart Plaza",41.888243,-87.63639,6837,6290,547,236
"Kingsbury St & Erie St",41.8939139,-87.6417358,6837,6290,547,236
"Wells St & Huron St",41.8947953,-87.6343743,6835,6222,613,237
"Clinton St & Washington Blvd",41.88338,-87.64117,6835,6222,613,237
"University Ave & 57th St",41.791478,-87.599861,6826,5431,1395,238
"Blackstone Ave & 59th St",41.787877,-87.590461,6826,5431,1395,238
"Bissell St & Armitage Ave",41.91844,-87.65222,6823,5615,1208,239
"Clark St & Armitage Ave",41.918306,-87.636282,6823,5615,1208,239
"Wabash Ave & Adams St",41.8794723523,-87.6256886059,6804,6630,174,240
"Canal St & Madison St",41.882091,-87.639833,6804,6630,174,240
"Lake Shore Dr & Ohio St",41.89257,-87.614492,6801,3084,3717,241
"Michigan Ave & Oak St",41.90096039,-87.62377664,6801,3084,3717,241
"Lake Shore Dr & Diversey Pkwy",41.932684,-87.63625,6797,2695,4102,242
"Lake Shore Dr & North Blvd",41.911722,-87.626804,6797,2695,4102,242
"Michigan Ave & Lake St",41.886024,-87.624117,6794,1545,5249,243
"Millennium Park",41.8810317,-87.62408432,6794,1545,5249,243
"Seeley Ave & Roscoe St",41.943403,-87.679618,6772,6525,247,244
"Lincoln Ave & Roscoe St",41.94334,-87.67097,6772,6525,247,244
"Theater on the Lake",41.926277,-87.630834,6766,3384,3382,245
"Pine Grove Ave & Waveland Ave",41.949275,-87.646303,6766,3384,3382,245
"Millennium Park",41.8810317,-87.62408432,6758,621,6137,246
"Field Museum",41.865312,-87.617867,6758,621,6137,246
"Dearborn St & Erie St",41.893992,-87.629318,6753,6153,600,247
"Kingsbury St & Erie St",41.8939139,-87.6417358,6753,6153,600,247
"State St & Pearson St",41.897448,-87.628722,6752,6618,134,248
"Canal St & Adams St",41.879255,-87.639904,6752,6618,134,248
"Millennium Park",41.8810317,-87.62408432,6722,5083,1639,249
"Canal St & Madison St",41.882091,-87.639833,6722,5083,1639,249
"Dearborn St & Erie St",41.893992,-87.629318,6711,5973,738,250
"Kingsbury St & Kinzie St",41.8891768326,-87.6385057718,6711,5973,738,250
"MLK Jr Dr & 29th St",41.842052,-87.617,6711,6390,321,251
"Calumet Ave & 33rd St",41.8349,-87.61793,6711,6390,321,251
"Wolcott Ave & Polk St",41.871262,-87.673688,6704,6500,204,252
"Hermitage Ave & Polk St",41.871514,-87.669886,6704,6500,204,252
"State St & 33rd St",41.834734,-87.625813,6697,6493,204,253
"Indiana Ave & 31st St",41.838842,-87.621857,6697,6493,204,253
"Kingsbury St & Erie St",41.8939139,-87.6417358,6692,5959,733,254
"Desplaines St & Kinzie St",41.888716036,-87.6444478533,6692,5959,733,254
"Columbus Dr & Randolph St",41.884728,-87.619521,6689,6284,405,255
"Daley Center Plaza",41.884241,-87.629634,6689,6284,405,255
"Millennium Park",41.8810317,-87.62408432,6684,3783,2901,256
"Theater on the Lake",41.926277,-87.630834,6684,3783,2901,256
"Michigan Ave & 14th St",41.864059,-87.623727,6684,4907,1777,257
"Millennium Park",41.8810317,-87.62408432,6684,4907,1777,257
"Clinton St & Washington Blvd",41.88338,-87.64117,6676,6377,299,258
"Dearborn St & Monroe St",41.881319815,-87.6295209193,6676,6377,299,258
"Clinton St & Lake St",41.885637,-87.641823,6637,6182,455,259
"Kingsbury St & Kinzie St",41.8891768326,-87.6385057718,6637,6182,455,259
"Michigan Ave & Oak St",41.90096039,-87.62377664,6633,1441,5192,260
"Cannon Dr & Fullerton Ave",41.9267559875,-87.6344287848,6633,1441,5192,260
"Morgan St & Polk St",41.871737,-87.65103,6630,6301,329,261
"Racine Ave & Congress Pkwy",41.87464,-87.65703,6630,6301,329,261
"Kingsbury St & Erie St",41.8939139,-87.6417358,6620,6048,572,262
"Clinton St & Madison St",41.8827519657,-87.6411902905,6620,6048,572,262
"McClurg Ct & Illinois St",41.89102,-87.6173,6611,2490,4121,263
"Theater on the Lake",41.926277,-87.630834,6611,2490,4121,263
"Streeter Dr & Illinois St",41.891071,-87.6122,6596,786,5810,264
"McClurg Ct & Illinois St",41.89102,-87.6173,6596,786,5810,264
"Stockton Dr & Wrightwood Ave",41.93132,-87.638742,6595,3697,2898,265
"Theater on the Lake",41.926277,-87.630834,6595,3697,2898,265
"Damen Ave & Pierce Ave",41.9093960065,-87.6776919292,6588,5657,931,266
"Damen Ave & Charleston St",41.920082,-87.677855,6588,5657,931,266
"Federal St & Polk St",41.8720776329,-87.6295437729,6582,6214,368,267
"Dearborn St & Adams St",41.8793563587,-87.6297910363,6582,6214,368,267
"Green St & Madison St",41.881859328,-87.6492637396,6579,6076,503,268
"Canal St & Adams St",41.879255,-87.639904,6579,6076,503,268
"Larrabee St & Webster Ave",41.921822,-87.64414,6579,4697,1882,269
"Clark St & Lincoln Ave",41.915689,-87.6346,6579,4697,1882,269
"Kimbark Ave & 53rd St",41.799568,-87.594747,6576,5651,925,270
"Woodlawn Ave & 55th St",41.795264,-87.596471,6576,5651,925,270
"Millennium Park",41.8810317,-87.62408432,6576,2210,4366,271
"Lake Shore Dr & North Blvd",41.911722,-87.626804,6576,2210,4366,271
"State St & Pearson St",41.897448,-87.628722,6549,6390,159,272
"Clinton St & Washington Blvd",41.88338,-87.64117,6549,6390,159,272
"Ellis Ave & 55th St",41.7943006205,-87.6014497734,6544,5712,832,273
"Lake Park Ave & 56th St",41.793242,-87.587782,6544,5712,832,273
"Wabash Ave & Roosevelt Rd",41.867227,-87.625961,6540,5876,664,274
"Calumet Ave & 18th St",41.857611,-87.619407,6540,5876,664,274
"Kingsbury St & Erie St",41.8939139,-87.6417358,6518,6028,490,275
"Larrabee St & Kingsbury St",41.897764,-87.642884,6518,6028,490,275
"Kimbark Ave & 53rd St",41.799568,-87.594747,6517,4959,1558,276
"Ellis Ave & 60th St",41.7850971464,-87.6010727606,6517,4959,1558,276
"Rush St & Hubbard St",41.890173,-87.626185,6475,6163,312,277
"Canal St & Adams St",41.879255,-87.639904,6475,6163,312,277
"Wabash Ave & Roosevelt Rd",41.867227,-87.625961,6472,3644,2828,278
"Shedd Aquarium",41.8672259568,-87.6153553902,6472,3644,2828,278
"Clinton St & Lake St",41.885637,-87.641823,6466,6244,222,279
"Clinton St & Madison St",41.8827519657,-87.6411902905,6466,6244,222,279
"Columbus Dr & Randolph St",41.884728,-87.619521,6461,6285,176,280
"Wacker Dr & Washington St Corral",41.88316,-87.63736,6461,6285,176,280
"DuSable Lake Shore Dr & Monroe St",41.880958,-87.616743,6445,1251,5194,281
"Dusable Harbor",41.886976,-87.612813,6445,1251,5194,281
"Ellis Ave & 53rd St",41.7993362626,-87.6009581145,6443,5751,692,282
"Kimbark Ave & 53rd St",41.799568,-87.594747,6443,5751,692,282
"Loomis St & Taylor St",41.869417,-87.660996,6442,6044,398,283
"May St & Taylor St",41.8694821,-87.6554864,6442,6044,398,283
"Millennium Park",41.8810317,-87.62408432,6430,983,5447,284
"Michigan Ave & Pearson St",41.89766,-87.62351,6430,983,5447,284
"Clinton St & Washington Blvd",41.88338,-87.64117,6418,5988,430,285
"Canal St & Adams St",41.879255,-87.639904,6418,5988,430,285
"Adler Planetarium",41.866095,-87.607267,6407,3632,2775,286
"Wabash Ave & Roosevelt Rd",41.867227,-87.625961,6407,3632,2775,286
"Adler Planetarium",41.866095,-87.607267,6386,1095,5291,287
"Michigan Ave & Jackson Blvd",41.87785,-87.62408,6386,1095,5291,287
"Canal St & Madison St",41.882091,-87.639833,6354,6110,244,288
"Kingsbury St & Kinzie St",41.8891768326,-87.6385057718,6354,6110,244,288
"Canal St & Adams St",41.879255,-87.639904,6338,6110,228,289
"Peoria St & Jackson Blvd",41.877749,-87.649633,6338,6110,228,289
"Franklin St & Jackson Blvd",41.8777079559,-87.6353211408,6335,6010,325,290
"Peoria St & Jackson Blvd",41.877749,-87.649633,6335,6010,325,290
"Cannon Dr & Fullerton Ave",41.9267559875,-87.6344287848,6326,914,5412,291
"Streeter Dr & Grand Ave",41.892278,-87.612043,6326,914,5412,291
"Streeter Dr & Grand Ave",41.892278,-87.612043,6326,877,5449,292
"St. Clair St & Erie St",41.8943451374,-87.6227983832,6326,877,5449,292
"Fairbanks Ct & Grand Ave",41.89186,-87.62062,6287,5034,1253,293
"Wabash Ave & Grand Ave",41.891738,-87.626937,6287,5034,1253,293
"Canal St & Adams St",41.879255,-87.639904,6278,5941,337,294
"Fairbanks Ct & Grand Ave",41.89186,-87.62062,6278,5941,337,294
"Blue Island Ave & 18th St",41.857556,-87.661535,6274,5867,407,295
"Paulina St & 18th St",41.857901,-87.668745,6274,5867,407,295
"Clark St & Elmdale Ave",41.9908604481,-87.66972363,6258,5270,988,296
"Broadway & Thorndale Ave",41.9897425114,-87.6601406209,6258,5270,988,296
"Michigan Ave & Washington St",41.8838927658,-87.6246491409,6257,677,5580,297
"Streeter Dr & Grand Ave",41.892278,-87.612043,6257,677,5580,297
"Indiana Ave & Roosevelt Rd",41.867888,-87.623041,6244,4050,2194,298
"Michigan Ave & 8th St",41.872773,-87.623981,6244,4050,2194,298
"Franklin St & Jackson Blvd",41.8777079559,-87.6353211408,6233,5890,343,299
"Canal St & Madison St",41.882091,-87.639833,6233,5890,343,299
"Clinton St & Washington Blvd",41.88338,-87.64117,6231,5991,240,300
"Ada St & Washington Blvd",41.88283,-87.661206,6231,5991,240,300
"Clinton St & Washington Blvd",41.88338,-87.64117,6230,6058,172,301
"McClurg Ct & Erie St",41.894503,-87.617854,6230,6058,172,301
"Orleans St & Merchandise Mart Plaza",41.888243,-87.63639,6229,5925,304,302
"Canal St & Madison St",41.882091,-87.639833,6229,5925,304,302
"Richmond St & Diversey Ave",41.9319019689,-87.7011951301,6226,5763,463,303
"Kedzie Ave & Milwaukee Ave",41.929567,-87.707857,6226,5763,463,303
"Columbus Dr & Randolph St",41.884728,-87.619521,6222,4811,1411,304
"Indiana Ave & Roosevelt Rd",41.867888,-87.623041,6222,4811,1411,304
"Greenview Ave & Diversey Pkwy",41.932595,-87.665939,6211,5945,266,305
"Wilton Ave & Diversey Pkwy",41.932418,-87.652705,6211,5945,266,305
"Michigan Ave & Oak St",41.90096039,-87.62377664,6204,3291,2913,306
"Stockton Dr & Wrightwood Ave",41.93132,-87.638742,6204,3291,2913,306
"Clark St & Armitage Ave",41.918306,-87.636282,6193,4356,1837,307
"Clark St & Elm St",41.903233,-87.631253,6193,4356,1837,307
"Clark St & Lincoln Ave",41.915689,-87.6346,6184,2449,3735,308
"Lake Shore Dr & North Blvd",41.911722,-87.626804,6184,2449,3735,308
"Clinton St & Washington Blvd",41.88338,-87.64117,6156,6038,118,309
"Peoria St & Jackson Blvd",41.877749,-87.649633,6156,6038,118,309
"Dearborn St & Monroe St",41.881319815,-87.6295209193,6140,5612,528,310
"Columbus Dr & Randolph St",41.884728,-87.619521,6140,5612,528,310
"Clark St & Bryn Mawr Ave",41.983593,-87.669154,6113,5713,400,311
"Broadway & Ridge Ave",41.9840446107,-87.6602738295,6113,5713,400,311
"State St & Randolph St",41.8847302006,-87.6277335692,6111,5698,413,312
"Canal St & Madison St",41.882091,-87.639833,6111,5698,413,312
"Southport Ave & Waveland Ave",41.94815,-87.66394,6110,5486,624,313
"Southport Ave & Irving Park Rd",41.954177,-87.664358,6110,5486,624,313
"Kingsbury St & Kinzie St",41.8891768326,-87.6385057718,6107,5716,391,314
"Milwaukee Ave & Grand Ave",41.891578,-87.648384,6107,5716,391,314
"Michigan Ave & Washington St",41.8838927658,-87.6246491409,6106,5890,216,315
"Canal St & Monroe St",41.8807,-87.63947,6106,5890,216,315
"Larrabee St & Webster Ave",41.921822,-87.64414,6095,5149,946,316
"Sheffield Ave & Webster Ave",41.92154,-87.653818,6095,5149,946,316
"Dearborn St & Adams St",41.8793563587,-87.6297910363,6078,5422,656,317
"Canal St & Adams St",41.879255,-87.639904,6078,5422,656,317
"Lakeview Ave & Fullerton Pkwy",41.925858,-87.638973,6075,1976,4099,318
"Streeter Dr & Grand Ave",41.892278,-87.612043,6075,1976,4099,318
"Sheffield Ave & Wellington Ave",41.9362534831,-87.6526620984,6056,5797,259,319
"Broadway & Barry Ave",41.937725,-87.644095,6056,5797,259,319
"Clinton St & Madison St",41.8827519657,-87.6411902905,6048,5768,280,320
"Morgan St & Lake St",41.8854833079,-87.6523048564,6048,5768,280,320
"Michigan Ave & Pearson St",41.89766,-87.62351,6042,502,5540,321
"Streeter Dr & Grand Ave",41.892278,-87.612043,6042,502,5540,321
"State St & Van Buren St",41.877181,-87.627844,6034,5720,314,322
"Canal St & Madison St",41.882091,-87.639833,6034,5720,314,322
"Damen Ave & Leland Ave",41.967094,-87.679028,5989,5842,147,323
"Ravenswood Ave & Lawrence Ave",41.96909,-87.674237,5989,5842,147,323
"Clark St & Elm St",41.903233,-87.631253,5987,4740,1247,324
"Clark St & North Ave",41.911974,-87.631942,5987,4740,1247,324
"Canal St & Adams St",41.879255,-87.639904,5980,5672,308,325
"Clark St & Randolph St",41.884576228,-87.63188991,5980,5672,308,325
"Shedd Aquarium",41.8672259568,-87.6153553902,5973,902,5071,326
"Dusable Harbor",41.886976,-87.612813,5973,902,5071,326
"Halsted St & Polk St",41.87184,-87.64664,5971,5512,459,327
"Loomis St & Lexington St",41.8722287322,-87.661363855,5971,5512,459,327
"Larrabee St & Webster Ave",41.921822,-87.64414,5969,4369,1600,328
"Wells St & Concord Ln",41.912133,-87.634656,5969,4369,1600,328
"Canal St & Adams St",41.879255,-87.639904,5936,5461,475,329
"Aberdeen St & Jackson Blvd",41.87772613,-87.65478743,5936,5461,475,329
"Larrabee St & Kingsbury St",41.897764,-87.642884,5930,5423,507,330
"Ogden Ave & Chicago Ave",41.896362458,-87.6540612729,5930,5423,507,330
"Sheffield Ave & Wellington Ave",41.9362534831,-87.6526620984,5918,5558,360,331
"Clark St & Wellington Ave",41.9364968219,-87.6475386582,5918,5558,360,331
"Cornell Ave & Hyde Park Blvd",41.802406,-87.586924,5913,5334,579,332
"Kimbark Ave & 53rd St",41.799568,-87.594747,5913,5334,579,332
"Lake Shore Dr & North Blvd",41.911722,-87.626804,5892,1464,4428,333
"Cannon Dr & Fullerton Ave",41.9267559875,-87.6344287848,5892,1464,4428,333
"Larrabee St & Kingsbury St",41.897764,-87.642884,5891,5484,407,334
"Franklin St & Chicago Ave",41.89679,-87.63564,5891,5484,407,334
"Clark St & Lunt Ave",42.0090111806,-87.6741117239,5878,5483,395,335
"Glenwood Ave & Morse Ave",42.0079719229,-87.6655023944,5878,5483,395,335
"Millennium Park",41.8810317,-87.62408432,5877,3063,2814,336
"Wabash Ave & Roosevelt Rd",41.867227,-87.625961,5877,3063,2814,336
"Canal St & Adams St",41.879255,-87.639904,5862,5510,352,337
"Stetson Ave & South Water St",41.886835,-87.62232,5862,5510,352,337
"Lake Shore Dr & Monroe St",41.880958,-87.616743,5853,727,5126,338
"Field Museum",41.865312,-87.617867,5853,727,5126,338
"California Ave & Milwaukee Ave",41.922695,-87.697153,5835,5044,791,339
"Spaulding Ave & Armitage Ave",41.9171080348,-87.7102209628,5835,5044,791,339
"Canal St & Madison St",41.882091,-87.639833,5832,5635,197,340
"LaSalle St & Washington St",41.882664,-87.63253,5832,5635,197,340
"Wells St & Concord Ln",41.912133,-87.634656,5797,4586,1211,341
"Clark St & Lincoln Ave",41.915689,-87.6346,5797,4586,1211,341
"Clinton St & Washington Blvd",41.88338,-87.64117,5790,5434,356,342
"Daley Center Plaza",41.884241,-87.629634,5790,5434,356,342
"Adler Planetarium",41.866095,-87.607267,5781,514,5267,343
"Streeter Dr & Illinois St",41.891071,-87.6122,5781,514,5267,343
"Wilton Ave & Belmont Ave",41.94018,-87.65304,5764,5184,580,344
"Southport Ave & Roscoe St",41.943739,-87.66402,5764,5184,580,344
"Loomis St & Lexington St",41.872187,-87.661501,5762,5682,80,345
"Hermitage Ave & Polk St",41.871514,-87.669886,5762,5682,80,345
"Buckingham Fountain",41.876368,-87.6205586,5743,377,5366,346
"Streeter Dr & Grand Ave",41.892278,-87.612043,5743,377,5366,346
"Lake Shore Dr & North Blvd",41.911722,-87.626804,5733,2391,3342,347
"Lakeview Ave & Fullerton Pkwy",41.925858,-87.638973,5733,2391,3342,347
"Canal St & Madison St",41.882091,-87.639833,5716,5491,225,348
"Cityfront Plaza Dr & Pioneer Ct",41.890573,-87.622072,5716,5491,225,348
"Franklin St & Monroe St",41.880317,-87.635185,5714,5125,589,349
"Michigan Ave & Washington St",41.8838927658,-87.6246491409,5714,5125,589,349
"Sheridan Rd & Irving Park Rd",41.954245,-87.654406,5712,5309,403,350
"Southport Ave & Clark St",41.957081,-87.664199,5712,5309,403,350
"Cannon Dr & Fullerton Ave",41.9267559875,-87.6344287848,5706,1430,4276,351
"Theater on the Lake",41.926277,-87.630834,5706,1430,4276,351
"Blackstone Ave & Hyde Park Blvd",41.802562,-87.590368,5697,4891,806,352
"University Ave & 57th St",41.791478,-87.599861,5697,4891,806,352
"Wabash Ave & Wacker Pl",41.886875,-87.62603,5692,639,5053,353
"Streeter Dr & Grand Ave",41.892278,-87.612043,5692,639,5053,353
"Field Blvd & South Water St",41.8863490627,-87.6175165471,5674,2418,3256,354
"Streeter Dr & Grand Ave",41.892278,-87.612043,5674,2418,3256,354
"Dearborn St & Adams St",41.8793563587,-87.6297910363,5654,5127,527,355
"Wabash Ave & Roosevelt Rd",41.867227,-87.625961,5654,5127,527,355
"Sheffield Ave & Fullerton Ave",41.9256018819,-87.6537080423,5653,5083,570,356
"Lincoln Ave & Diversey Pkwy",41.932225,-87.658617,5653,5083,570,356
"Dearborn St & Monroe St",41.881319815,-87.6295209193,5650,5085,565,357
"Wabash Ave & Roosevelt Rd",41.867227,-87.625961,5650,5085,565,357
"Theater on the Lake",41.926277,-87.630834,5641,2847,2794,358
"Broadway & Barry Ave",41.937725,-87.644095,5641,2847,2794,358
"Aberdeen St & Jackson Blvd",41.87772613,-87.65478743,5637,5300,337,359
"Clinton St & Madison St",41.8827519657,-87.6411902905,5637,5300,337,359
"Morgan St & 18th St",41.858086,-87.651073,5616,5151,465,360
"Morgan St & Polk St",41.871737,-87.65103,5616,5151,465,360
"Ashland Ave & Division St",41.90345,-87.667747,5607,4490,1117,361
"Damen Ave & Pierce Ave",41.9093960065,-87.6776919292,5607,4490,1117,361
"Theater on the Lake",41.926277,-87.630834,5598,2751,2847,362
"Lake Shore Dr & Diversey Pkwy",41.932684,-87.63625,5598,2751,2847,362
"Stockton Dr & Wrightwood Ave",41.93132,-87.638742,5568,2664,2904,363
"Lake Shore Dr & North Blvd",41.911722,-87.626804,5568,2664,2904,363
"Lake Shore Dr & North Blvd",41.911722,-87.626804,5549,3374,2175,364
"Clark St & Elm St",41.903233,-87.631253,5549,3374,2175,364
"McClurg Ct & Illinois St",41.89102,-87.6173,5547,1649,3898,365
"Michigan Ave & Oak St",41.90096039,-87.62377664,5547,1649,3898,365
"Broadway & Waveland Ave",41.949074,-87.648636,5546,4767,779,366
"Sheridan Rd & Montrose Ave",41.96167,-87.65464,5546,4767,779,366
"Ravenswood Ave & Lawrence Ave",41.96909,-87.674237,5545,5235,310,367
"Clark St & Berwyn Ave",41.9780306225,-87.6685649157,5545,5235,310,367
"Clark St & Elm St",41.903233,-87.631253,5543,3938,1605,368
"Clark St & Lincoln Ave",41.915689,-87.6346,5543,3938,1605,368
"Clark St & Elm St",41.903233,-87.631253,5537,4547,990,369
"LaSalle St & Illinois St",41.890762,-87.631697,5537,4547,990,369
"Marshfield Ave & Cortland St",41.916017,-87.668879,5533,4890,643,370
"Damen Ave & Cortland St",41.916027,-87.677411,5533,4890,643,370
"Indiana Ave & Roosevelt Rd",41.867888,-87.623041,5513,3805,1708,371
"Michigan Ave & Washington St",41.8838927658,-87.6246491409,5513,3805,1708,371
"Ravenswood Ave & Berteau Ave",41.957921,-87.673567,5508,5245,263,372
"Ravenswood Ave & Lawrence Ave",41.96909,-87.674237,5508,5245,263,372
"Michigan Ave & Oak St",41.90096039,-87.62377664,5493,829,4664,373
"Shedd Aquarium",41.8672259568,-87.6153553902,5493,829,4664,373
"Ravenswood Ave & Lawrence Ave",41.96909,-87.674237,5483,5216,267,374
"Western Ave & Leland Ave",41.966555,-87.688487,5483,5216,267,374
"Dearborn Pkwy & Delaware Pl",41.898969,-87.629912,5481,5130,351,375
"Canal St & Adams St",41.879255,-87.639904,5481,5130,351,375
"Clinton St & Washington Blvd",41.88338,-87.64117,5480,5447,33,376
"Wolcott Ave & Polk St",41.871262,-87.673688,5480,5447,33,376
"Orleans St & Merchandise Mart Plaza",41.888243,-87.63639,5475,5125,350,377
"Larrabee St & Kingsbury St",41.897764,-87.642884,5475,5125,350,377
"Clinton St & Madison St",41.8827519657,-87.6411902905,5466,5117,349,378
"Daley Center Plaza",41.884241,-87.629634,5466,5117,349,378
"Canal St & Madison St",41.882091,-87.639833,5463,5215,248,379
"Daley Center Plaza",41.884241,-87.629634,5463,5215,248,379
"Clinton St & Washington Blvd",41.88338,-87.64117,5459,5081,378,380
"Clark St & Lake St",41.8860208277,-87.6308760584,5459,5081,378,380
"Wabash Ave & Grand Ave",41.891738,-87.626937,5445,3906,1539,381
"McClurg Ct & Illinois St",41.89102,-87.6173,5445,3906,1539,381
"Canal St & Adams St",41.879255,-87.639904,5441,5055,386,382
"Cityfront Plaza Dr & Pioneer Ct",41.890573,-87.622072,5441,5055,386,382
"Wells St & Concord Ln",41.912133,-87.634656,5440,4363,1077,383
"Sedgwick St & Webster Ave",41.922167,-87.638888,5440,4363,1077,383
"Clinton St & Madison St",41.8827519657,-87.6411902905,5433,5286,147,384
"LaSalle St & Jackson Blvd",41.878166,-87.631929,5433,5286,147,384
"Streeter Dr & Grand Ave",41.892278,-87.612043,5432,2496,2936,385
"Lake Shore Dr & Wellington Ave",41.936669,-87.636794,5432,2496,2936,385
"Sedgwick St & North Ave",41.910983,-87.638525,5427,5245,182,386
"Larrabee St & Menomonee St",41.91468,-87.64332,5427,5245,182,386
"Marshfield Ave & Cortland St",41.916017,-87.668879,5426,4647,779,387
"Damen Ave & Pierce Ave",41.9093960065,-87.6776919292,5426,4647,779,387
"Larrabee St & Oak St",41.9002194932,-87.6429854676,5423,5001,422,388
"Clark St & Elm St",41.903233,-87.631253,5423,5001,422,388
"Clinton St & Washington Blvd",41.88338,-87.64117,5417,4991,426,389
"Michigan Ave & Washington St",41.8839840647,-87.6246839762,5417,4991,426,389
"Clinton St & Madison St",41.8827519657,-87.6411902905,5383,5007,376,390
"Larrabee St & Kingsbury St",41.897764,-87.642884,5383,5007,376,390
"Ellis Ave & 55th St",41.7943006205,-87.6014497734,5375,4705,670,391
"Cornell Ave & Hyde Park Blvd",41.802406,-87.586924,5375,4705,670,391
"Michigan Ave & Oak St",41.90096039,-87.62377664,5374,2023,3351,392
"Clark St & North Ave",41.911974,-87.631942,5374,2023,3351,392
"Shore Dr & 55th St",41.795212,-87.580715,5369,4211,1158,393
"Ellis Ave & 55th St",41.7943006205,-87.6014497734,5369,4211,1158,393
"Desplaines St & Kinzie St",41.888716036,-87.6444478533,5347,4855,492,394
"State St & Kinzie St",41.88918,-87.6277,5347,4855,492,394
"Lakeview Ave & Fullerton Pkwy",41.925858,-87.638973,5347,3743,1604,395
"Clark St & Lincoln Ave",41.915689,-87.6346,5347,3743,1604,395
"Lake Shore Dr & Monroe St",41.880958,-87.616743,5341,881,4460,396
"Michigan Ave & Jackson Blvd",41.87785,-87.62408,5341,881,4460,396
"Pine Grove Ave & Irving Park Rd",41.954383,-87.648043,5333,4796,537,397
"Sheridan Rd & Montrose Ave",41.96167,-87.65464,5333,4796,537,397
"Orleans St & Merchandise Mart Plaza",41.888243,-87.63639,5330,4995,335,398
"Clinton St & Madison St",41.8827519657,-87.6411902905,5330,4995,335,398
"Lake Shore Dr & Ohio St",41.89257,-87.614492,5329,678,4651,399
"Streeter Dr & Grand Ave",41.892278,-87.612043,5329,678,4651,399
"Clark St & Armitage Ave",41.918306,-87.636282,5324,3550,1774,400
"Clark St & Lincoln Ave",41.915689,-87.6346,5324,3550,1774,400
"Ravenswood Ave & Lawrence Ave",41.96909,-87.674237,5320,5036,284,401
"Damen Ave & Foster Ave",41.9758109756,-87.6795098986,5320,5036,284,401
"Michigan Ave & Washington St",41.8838927658,-87.6246491409,5319,3984,1335,402
"Franklin St & Jackson Blvd",41.8777079559,-87.6353211408,5319,3984,1335,402
"Franklin St & Jackson Blvd",41.8777079559,-87.6353211408,5306,4578,728,403
"Wabash Ave & Roosevelt Rd",41.867227,-87.625961,5306,4578,728,403
"Clark St & Elm St",41.903233,-87.631253,5300,4482,818,404
"Dearborn Pkwy & Delaware Pl",41.898969,-87.629912,5300,4482,818,404
"Kingsbury St & Kinzie St",41.8891768326,-87.6385057718,5299,4441,858,405
"Wells St & Elm St",41.903222,-87.634324,5299,4441,858,405
"California Ave & Milwaukee Ave",41.922695,-87.697153,5296,3922,1374,406
"Kedzie Ave & Milwaukee Ave",41.929567,-87.707857,5296,3922,1374,406
"Larrabee St & Kingsbury St",41.897764,-87.642884,5282,4843,439,407
"Clark St & Elm St",41.903233,-87.631253,5282,4843,439,407
"McClurg Ct & Illinois St",41.89102,-87.6173,5278,4997,281,408
"Clinton St & Washington Blvd",41.88338,-87.64117,5278,4997,281,408
"Franklin St & Monroe St",41.880317,-87.635185,5266,4975,291,409
"Orleans St & Merchandise Mart Plaza",41.888243,-87.63639,5266,4975,291,409
"Columbus Dr & Randolph St",41.884728,-87.619521,5263,1080,4183,410
"Shedd Aquarium",41.8672259568,-87.6153553902,5263,1080,4183,410
"Halsted St & Polk St",41.87184,-87.64664,5253,5170,83,411
"Loomis St & Lexington St",41.872187,-87.661501,5253,5170,83,411
"Wilton Ave & Belmont Ave",41.94018,-87.65304,5247,4869,378,412
"Lincoln Ave & Belmont Ave",41.939365,-87.668385,5247,4869,378,412
"State St & Harrison St",41.874053,-87.627716,5235,4407,828,413
"Franklin St & Jackson Blvd",41.8777079559,-87.6353211408,5235,4407,828,413
"Desplaines St & Kinzie St",41.888716036,-87.6444478533,5233,4770,463,414
"Canal St & Adams St",41.879255,-87.639904,5233,4770,463,414
"Wabash Ave & Grand Ave",41.891738,-87.626937,5233,1036,4197,415
"Streeter Dr & Illinois St",41.891071,-87.6122,5233,1036,4197,415
"Leavitt St & Lawrence Ave",41.968885,-87.684001,5222,5067,155,416
"Ravenswood Ave & Lawrence Ave",41.96909,-87.674237,5222,5067,155,416
"Green St & Madison St",41.881859328,-87.6492637396,5207,4453,754,417
"Kingsbury St & Kinzie St",41.8891768326,-87.6385057718,5207,4453,754,417
"Stockton Dr & Wrightwood Ave",41.93132,-87.638742,5203,3670,1533,418
"Clark St & Lincoln Ave",41.915689,-87.6346,5203,3670,1533,418
"LaSalle St & Washington St",41.882664,-87.63253,5198,5077,121,419
"Clinton St & Washington Blvd",41.88338,-87.64117,5198,5077,121,419
"Broadway & Waveland Ave",41.949074,-87.648636,5197,4482,715,420
"Clarendon Ave & Junior Ter",41.961004,-87.649603,5197,4482,715,420
"Sheridan Rd & Loyola Ave",42.0010437798,-87.6611982433,5188,4827,361,421
"Clark St & Columbia Ave",42.0044506293,-87.6724024047,5188,4827,361,421
"Aberdeen St & Jackson Blvd",41.87772613,-87.65478743,5179,4837,342,422
"Peoria St & Jackson Blvd",41.877749,-87.649633,5179,4837,342,422
"Buckingham Fountain",41.876368,-87.6205586,5176,925,4251,423
"Millennium Park",41.8810317,-87.62408432,5176,925,4251,423
"Fairbanks Ct & Grand Ave",41.89186,-87.62062,5176,1901,3275,424
"Millennium Park",41.8810317,-87.62408432,5176,1901,3275,424
"Canal St & Adams St",41.879255,-87.639904,5172,4606,566,425
"Michigan Ave & Washington St",41.8839840647,-87.6246839762,5172,4606,566,425
"Clark St & Leland Ave",41.967096,-87.667429,5171,5043,128,426
"Ravenswood Ave & Lawrence Ave",41.96909,-87.674237,5171,5043,128,426
"Wilton Ave & Belmont Ave",41.94018,-87.65304,5165,4836,329,427
"Racine Ave & Belmont Ave",41.939743,-87.658865,5165,4836,329,427
"Streeter Dr & Grand Ave",41.892278,-87.612043,5160,1303,3857,428
"Clark St & North Ave",41.911974,-87.631942,5160,1303,3857,428
"Lakefront Trail & Bryn Mawr Ave",41.9840441152,-87.6522812247,5156,2791,2365,429
"Lake Shore Dr & Belmont Ave",41.940775,-87.639192,5156,2791,2365,429
"Canal St & Adams St",41.879255,-87.639904,5152,4648,504,430
"Clinton St & Madison St",41.8827519657,-87.6411902905,5152,4648,504,430
"Ellis Ave & 53rd St",41.7993362626,-87.6009581145,5149,4651,498,431
"Ellis Ave & 58th St",41.788746,-87.601334,5149,4651,498,431
"LaSalle St & Illinois St",41.890749,-87.63206,5147,4947,200,432
"Clinton St & Washington Blvd",41.88338,-87.64117,5147,4947,200,432
"Sheffield Ave & Fullerton Ave",41.9256018819,-87.6537080423,5139,4518,621,433
"Wilton Ave & Diversey Pkwy",41.932418,-87.652705,5139,4518,621,433
"Lake Park Ave & 56th St",41.793242,-87.587782,5136,4601,535,434
"Shore Dr & 55th St",41.795212,-87.580715,5136,4601,535,434
"Columbus Dr & Randolph St",41.884728,-87.619521,5135,4931,204,435
"Canal St & Monroe St",41.8807,-87.63947,5135,4931,204,435
"Shields Ave & 31st St",41.838464,-87.635406,5134,4778,356,436
"Wentworth Ave & 33rd St",41.8345298856,-87.6318229814,5134,4778,356,436
"Franklin St & Lake St",41.885837,-87.6355,5128,4869,259,437
"Kingsbury St & Erie St",41.8939139,-87.6417358,5128,4869,259,437
"Streeter Dr & Grand Ave",41.892278,-87.612043,5127,960,4167,438
"Cityfront Plaza Dr & Pioneer Ct",41.890573,-87.622072,5127,960,4167,438
"Wilton Ave & Belmont Ave",41.94018,-87.65304,5124,4769,355,439
"Clark St & Wellington Ave",41.9364968219,-87.6475386582,5124,4769,355,439
"Canal St & Jackson Blvd",41.877988,-87.640769,5124,4929,195,440
"Peoria St & Jackson Blvd",41.877749,-87.649633,5124,4929,195,440
"Dodge Ave & Church St",42.048308,-87.698224,5123,4091,1032,441
"Benson Ave & Church St",42.048214,-87.683485,5123,4091,1032,441
"Clark St & Armitage Ave",41.918306,-87.636282,5118,3709,1409,442
"Clark St & Wrightwood Ave",41.929546,-87.643118,5118,3709,1409,442
"Clinton St & Madison St",41.8827519657,-87.6411902905,5114,4949,165,443
"Desplaines St & Jackson Blvd",41.8781189009,-87.6439476013,5114,4949,165,443
"Western Ave & Winnebago Ave",41.91552,-87.687022,5109,4551,558,444
"Albany Ave & Bloomingdale Ave",41.9140267127,-87.705126462,5109,4551,558,444
"Franklin St & Jackson Blvd",41.8777079559,-87.6353211408,5099,4488,611,445
"Orleans St & Merchandise Mart Plaza",41.888243,-87.63639,5099,4488,611,445
"Ravenswood Ave & Lawrence Ave",41.96909,-87.674237,5095,4893,202,446
"Clark St & Winnemac Ave",41.973385,-87.668365,5095,4893,202,446
"Sheffield Ave & Webster Ave",41.92154,-87.653818,5073,4319,754,447
"Sedgwick St & Webster Ave",41.922167,-87.638888,5073,4319,754,447
"Clinton St & Madison St",41.8827519657,-87.6411902905,5067,4648,419,448
"State St & Kinzie St",41.88918,-87.6277,5067,4648,419,448
"Montrose Harbor",41.963982,-87.638181,5067,2363,2704,449
"Lake Shore Dr & Wellington Ave",41.936669,-87.636794,5067,2363,2704,449
"Wabash Ave & Roosevelt Rd",41.867227,-87.625961,5052,4150,902,450
"State St & Van Buren St",41.877181,-87.627844,5052,4150,902,450
"Franklin St & Jackson Blvd",41.8777079559,-87.6353211408,5047,4754,293,451
"Clinton St & Washington Blvd",41.88338,-87.64117,5047,4754,293,451
"Michigan Ave & Jackson Blvd",41.87785,-87.62408,5047,4758,289,452
"Franklin St & Monroe St",41.880317,-87.635185,5047,4758,289,452
"Clark St & Wrightwood Ave",41.929546,-87.643118,5017,3520,1497,453
"Clark St & Lincoln Ave",41.915689,-87.6346,5017,3520,1497,453
"Clarendon Ave & Junior Ter",41.961004,-87.649603,5003,2504,2499,454
"Theater on the Lake",41.926277,-87.630834,5003,2504,2499,454
"MLK Jr Dr & 29th St",41.842052,-87.617,4993,4774,219,455
"Rhodes Ave & 32nd St",41.836208,-87.613533,4993,4774,219,455
"Campbell Ave & North Ave",41.910535,-87.689556,4990,4139,851,456
"Damen Ave & Pierce Ave",41.9093960065,-87.6776919292,4990,4139,851,456
"Aberdeen St & Jackson Blvd",41.87772613,-87.65478743,4989,4748,241,457
"Franklin St & Jackson Blvd",41.8777079559,-87.6353211408,4989,4748,241,457
"Franklin St & Lake St",41.885837,-87.6355,4979,4666,313,458
"Canal St & Adams St",41.879255,-87.639904,4979,4666,313,458
"Broadway & Sheridan Rd",41.952833,-87.649993,4979,4163,816,459
"Sheridan Rd & Montrose Ave",41.96167,-87.65464,4979,4163,816,459
"Pine Grove Ave & Waveland Ave",41.949275,-87.646303,4974,4794,180,460
"Sheridan Rd & Irving Park Rd",41.954245,-87.654406,4974,4794,180,460
"Streeter Dr & Illinois St",41.891071,-87.6122,4963,1311,3652,461
"Indiana Ave & Roosevelt Rd",41.867888,-87.623041,4963,1311,3652,461
"Michigan Ave & Washington St",41.8838927658,-87.6246491409,4959,584,4375,462
"Lake Shore Dr & Monroe St",41.880958,-87.616743,4959,584,4375,462
"Clark St & Wrightwood Ave",41.929546,-87.643118,4956,2494,2462,463
"Theater on the Lake",41.926277,-87.630834,4956,2494,2462,463
"Dearborn St & Monroe St",41.881319815,-87.6295209193,4951,4378,573,464
"Dearborn Pkwy & Delaware Pl",41.898969,-87.629912,4951,4378,573,464
"May St & Taylor St",41.8694821,-87.6554864,4937,4715,222,465
"Wood St & Taylor St",41.869154,-87.671045,4937,4715,222,465
"Clark St & Schiller St",41.907993,-87.631501,4935,4279,656,466
"Dearborn St & Erie St",41.893992,-87.629318,4935,4279,656,466
"Wells St & Huron St",41.8947953,-87.6343743,4931,3790,1141,467
"Wells St & Concord Ln",41.912133,-87.634656,4931,3790,1141,467
"Pine Grove Ave & Irving Park Rd",41.954383,-87.648043,4924,4372,552,468
"Halsted St & Roscoe St",41.94367,-87.64895,4924,4372,552,468
"Kingsbury St & Kinzie St",41.8891768326,-87.6385057718,4919,4313,606,469
"Dearborn Pkwy & Delaware Pl",41.898969,-87.629912,4919,4313,606,469
"Clinton St & Washington Blvd",41.88338,-87.64117,4917,4656,261,470
"Fairbanks Ct & Grand Ave",41.89186,-87.62062,4917,4656,261,470
"Streeter Dr & Grand Ave",41.892278,-87.612043,4910,1458,3452,471
"Mies van der Rohe Way & Chicago Ave",41.89691,-87.621743,4910,1458,3452,471
"Halsted St & Roosevelt Rd",41.867324,-87.648625,4908,4513,395,472
"Morgan St & Polk St",41.871737,-87.65103,4908,4513,395,472
"Bissell St & Armitage Ave",41.91844,-87.65222,4907,4708,199,473
"Halsted St & Dickens Ave",41.919936,-87.64883,4907,4708,199,473
"Museum Campus",41.865212,-87.617759,4906,621,4285,474
"Adler Planetarium",41.866095,-87.607267,4906,621,4285,474
"Theater on the Lake",41.926277,-87.630834,4903,2086,2817,475
"Sheffield Ave & Fullerton Ave",41.9256018819,-87.6537080423,4903,2086,2817,475
"St. Clair St & Erie St",41.8943451374,-87.6227983832,4899,4357,542,476
"Clark St & Elm St",41.903233,-87.631253,4899,4357,542,476
"Clinton St & Madison St",41.8827519657,-87.6411902905,4894,4527,367,477
"Michigan Ave & Lake St",41.886024,-87.624117,4894,4527,367,477
"Sedgwick St & Huron St",41.894666,-87.638437,4874,4458,416,478
"Clinton St & Madison St",41.8827519657,-87.6411902905,4874,4458,416,478
"Ellis Ave & 58th St",41.788746,-87.601334,4869,4281,588,479
"Harper Ave & 59th St",41.7879428129,-87.5883151702,4869,4281,588,479
"Columbus Dr & Randolph St",41.884728,-87.619521,4854,1393,3461,480
"Lake Shore Dr & Monroe St",41.880958,-87.616743,4854,1393,3461,480
"Dearborn St & Erie St",41.893992,-87.629318,4838,4515,323,481
"Clinton St & Madison St",41.8827519657,-87.6411902905,4838,4515,323,481
"Damen Ave & Chicago Ave",41.895769,-87.67722,4836,4332,504,482
"Damen Ave & Division St",41.90331,-87.67695,4836,4332,504,482
"Clinton St & Washington Blvd",41.88338,-87.64117,4834,4739,95,483
"LaSalle St & Jackson Blvd",41.878166,-87.631929,4834,4739,95,483
"Wells St & Huron St",41.8947953,-87.6343743,4834,3395,1439,484
"Wells St & Evergreen Ave",41.906724,-87.63483,4834,3395,1439,484
"Clinton St & Jackson Blvd",41.8783166118,-87.6409810781,4830,4105,725,485
"Clinton St & Lake St",41.885637,-87.641823,4830,4105,725,485
"Clark St & Lincoln Ave",41.915689,-87.6346,4829,4186,643,486
"Sedgwick St & North Ave",41.910983,-87.638525,4829,4186,643,486
"Clark St & Winnemac Ave",41.973385,-87.668365,4822,4614,208,487
"Broadway & Argyle St",41.972972,-87.659637,4822,4614,208,487
"Clinton St & Washington Blvd",41.88338,-87.64117,4811,4580,231,488
"Green St & Madison St",41.881859328,-87.6492637396,4811,4580,231,488
"Wells St & Walton St",41.89993001,-87.63443007,4808,3991,817,489
"Wells St & Concord Ln",41.912133,-87.634656,4808,3991,817,489
"Lake Shore Dr & Belmont Ave",41.940775,-87.639192,4803,3949,854,490
"Wilton Ave & Belmont Ave",41.94018,-87.65304,4803,3949,854,490
"McClurg Ct & Erie St",41.894503,-87.617854,4801,3979,822,491
"Mies van der Rohe Way & Chestnut St",41.8985866514,-87.6219152258,4801,3979,822,491
"Canal St & Adams St",41.879255,-87.639904,4793,4549,244,492
"Sedgwick St & Huron St",41.894666,-87.638437,4793,4549,244,492
"Theater on the Lake",41.926277,-87.630834,4780,1818,2962,493
"Broadway & Belmont Ave",41.940106,-87.645451,4780,1818,2962,493
"LaSalle St & Washington St",41.882664,-87.63253,4774,4376,398,494
"Michigan Ave & Washington St",41.8838927658,-87.6246491409,4774,4376,398,494
"Michigan Ave & Jackson Blvd",41.87785,-87.62408,4772,3197,1575,495
"Franklin St & Jackson Blvd",41.8777079559,-87.6353211408,4772,3197,1575,495
"Clinton St & Washington Blvd",41.88338,-87.64117,4751,4495,256,496
"Cityfront Plaza Dr & Pioneer Ct",41.890573,-87.622072,4751,4495,256,496
"Wells St & Huron St",41.8947953,-87.6343743,4746,4058,688,497
"Kingsbury St & Kinzie St",41.8891768326,-87.6385057718,4746,4058,688,497
"Shedd Aquarium",41.8672259568,-87.6153553902,4744,346,4398,498
"Streeter Dr & Illinois St",41.891071,-87.6122,4744,346,4398,498
"Stetson Ave & South Water St",41.886835,-87.62232,4743,4472,271,499
"Canal St & Madison St",41.882091,-87.639833,4743,4472,271,499
"Southport Ave & Belmont Ave",41.93949,-87.66378,4739,4451,288,500
"Southport Ave & Roscoe St",41.943739,-87.66402,4739,4451,288,500
"St. Clair St & Erie St",41.8943451374,-87.6227983832,4738,4551,187,501
"Kingsbury St & Erie St",41.8939139,-87.6417358,4738,4551,187,501
"Lake Shore Dr & Ohio St",41.89257,-87.614492,4734,1758,2976,502
"Millennium Park",41.8810317,-87.62408432,4734,1758,2976,502
"Damen Ave & Division St",41.903266,-87.678435,4731,4323,408,503
"Ashland Ave & Division St",41.90345,-87.667747,4731,4323,408,503
"Kingsbury St & Erie St",41.8939139,-87.6417358,4729,4511,218,504
"Canal St & Madison St",41.882091,-87.639833,4729,4511,218,504
"Clinton St & Madison St",41.8827519657,-87.6411902905,4726,4335,391,505
"State St & Randolph St",41.8847302006,-87.6277335692,4726,4335,391,505
"Michigan Ave & Congress Pkwy",41.8760656,-87.62443336,4714,756,3958,506
"Millennium Park",41.8810317,-87.62408432,4714,756,3958,506
"Clarendon Ave & Gordon Ter",41.957879,-87.649519,4694,4410,284,507
"Sheridan Rd & Montrose Ave",41.96167,-87.65464,4694,4410,284,507
"Dearborn Pkwy & Delaware Pl",41.898969,-87.629912,4687,4129,558,508
"Dearborn St & Erie St",41.893992,-87.629318,4687,4129,558,508
"Clark St & Randolph St",41.884576228,-87.63188991,4685,4428,257,509
"Clinton St & Madison St",41.8827519657,-87.6411902905,4685,4428,257,509
"Michigan Ave & Lake St",41.886024,-87.624117,4673,659,4014,510
"Streeter Dr & Grand Ave",41.892278,-87.612043,4673,659,4014,510
"Broadway & Belmont Ave",41.940106,-87.645451,4664,4142,522,511
"Broadway & Waveland Ave",41.949074,-87.648636,4664,4142,522,511
"Clark St & Elm St",41.903233,-87.631253,4663,4187,476,512
"Ritchie Ct & Banks St",41.906866,-87.626217,4663,4187,476,512
"Canal St & Monroe St",41.8807,-87.63947,4662,4323,339,513
"Dearborn St & Monroe St",41.881319815,-87.6295209193,4662,4323,339,513
"Clark St & Elm St",41.903233,-87.631253,4650,3984,666,514
"Wells St & Evergreen Ave",41.906724,-87.63483,4650,3984,666,514
"Michigan Ave & Lake St",41.886024,-87.624117,4642,3015,1627,515
"Indiana Ave & Roosevelt Rd",41.867888,-87.623041,4642,3015,1627,515
"Sedgwick St & Huron St",41.894666,-87.638437,4638,4249,389,516
"Dearborn St & Erie St",41.893992,-87.629318,4638,4249,389,516
"Wolcott Ave & Polk St",41.871262,-87.673688,4634,4549,85,517
"Clinton St & Madison St",41.8827519657,-87.6411902905,4634,4549,85,517
"Dearborn Pkwy & Delaware Pl",41.898969,-87.629912,4632,4153,479,518
"Daley Center Plaza",41.884241,-87.629634,4632,4153,479,518
"Milwaukee Ave & Wabansia Ave",41.912616,-87.681391,4630,3430,1200,519
"California Ave & Milwaukee Ave",41.922695,-87.697153,4630,3430,1200,519
"Larrabee St & Division St",41.90348607,-87.6433534936,4628,3882,746,520
"Clark St & Elm St",41.903233,-87.631253,4628,3882,746,520
"Michigan Ave & Jackson Blvd",41.87785,-87.62408,4627,3668,959,521
"Michigan Ave & 14th St",41.864059,-87.623727,4627,3668,959,521
"Woodlawn Ave & 55th St",41.795264,-87.596471,4618,3806,812,522
"Ellis Ave & 58th St",41.788746,-87.601334,4618,3806,812,522
"Rush St & Hubbard St",41.890173,-87.626185,4618,4309,309,523
"Clinton St & Madison St",41.8827519657,-87.6411902905,4618,4309,309,523
"Wood St & Milwaukee Ave",41.907655,-87.672552,4617,4188,429,524
"Marshfield Ave & Cortland St",41.916017,-87.668879,4617,4188,429,524
"Clark St & Lincoln Ave",41.915689,-87.6346,4611,3626,985,525
"Sedgwick St & Webster Ave",41.922167,-87.638888,4611,3626,985,525
"Clinton St & Washington Blvd",41.88338,-87.64117,4611,4261,350,526
"Wabash Ave & Grand Ave",41.891466,-87.626761,4611,4261,350,526
"Damen Ave & Pierce Ave",41.9093960065,-87.6776919292,4604,3621,983,527
"Damen Ave & Thomas St (Augusta Blvd)",41.901315,-87.677409,4604,3621,983,527
"Woodlawn Ave & 55th St",41.795264,-87.596471,4598,2991,1607,528
"Shore Dr & 55th St",41.795212,-87.580715,4598,2991,1607,528
"Bissell St & Armitage Ave",41.91844,-87.65222,4598,4349,249,529
"Larrabee St & Armitage Ave",41.918084,-87.643749,4598,4349,249,529
"Streeter Dr & Grand Ave",41.892278,-87.612043,4585,2099,2486,530
"Stockton Dr & Wrightwood Ave",41.93132,-87.638742,4585,2099,2486,530
"Ellis Ave & 55th St",41.7943006205,-87.6014497734,4584,4069,515,531
"Woodlawn Ave & 55th St",41.795264,-87.596471,4584,4069,515,531
"Leavitt St & Armitage Ave",41.917805,-87.682437,4574,4376,198,532
"Marshfield Ave & Cortland St",41.916017,-87.668879,4574,4376,198,532
"MLK Jr Dr & 29th St",41.842052,-87.617,4574,3504,1070,533
"Fort Dearborn Dr & 31st St",41.838556,-87.608218,4574,3504,1070,533
"McCormick Place",41.8513751729,-87.6188346489,4555,3783,772,534
"MLK Jr Dr & 29th St",41.842052,-87.617,4555,3783,772,534
"Theater on the Lake",41.926277,-87.630834,4552,1756,2796,535
"Clark St & Armitage Ave",41.918306,-87.636282,4552,1756,2796,535
"Damen Ave & Cortland St",41.916027,-87.677411,4550,3887,663,536
"Damen Ave & Pierce Ave",41.9093960065,-87.6776919292,4550,3887,663,536
"Clinton St & Washington Blvd",41.88338,-87.64117,4546,4072,474,537
"Wells St & Elm St",41.903222,-87.634324,4546,4072,474,537
"Michigan Ave & Lake St",41.886024,-87.624117,4546,4221,325,538
"Franklin St & Lake St",41.885837,-87.6355,4546,4221,325,538
"Michigan Ave & Washington St",41.8838927658,-87.6246491409,4546,726,3820,539
"Millennium Park",41.8810317,-87.62408432,4546,726,3820,539
"Clinton St & Washington Blvd",41.88338,-87.64117,4541,4436,105,540
"Sangamon St & Washington Blvd",41.883004,-87.651148,4541,4436,105,540
"Michigan Ave & Jackson Blvd",41.87785,-87.62408,4539,3839,700,541
"Canal St & Adams St",41.879255,-87.639904,4539,3839,700,541
"Calumet Ave & 18th St",41.857611,-87.619407,4532,1946,2586,542
"Lake Shore Dr & Monroe St",41.880958,-87.616743,4532,1946,2586,542
"Pine Grove Ave & Irving Park Rd",41.954383,-87.648043,4524,2342,2182,543
"Montrose Harbor",41.963982,-87.638181,4524,2342,2182,543
"Sheridan Rd & Irving Park Rd",41.954245,-87.654406,4523,4057,466,544
"Broadway & Waveland Ave",41.949074,-87.648636,4523,4057,466,544
"Wells St & Huron St",41.8947953,-87.6343743,4516,3712,804,545
"Clark St & Elm St",41.903233,-87.631253,4516,3712,804,545
"Broadway & Cornelia Ave",41.945512,-87.64598,4500,4273,227,546
"Wilton Ave & Belmont Ave",41.94018,-87.65304,4500,4273,227,546
"Franklin St & Chicago Ave",41.89680204,-87.63563839,4495,4361,134,547
"Clinton St & Washington Blvd",41.88338,-87.64117,4495,4361,134,547
"California Ave & Milwaukee Ave",41.922695,-87.697153,4494,2782,1712,548
"Damen Ave & Pierce Ave",41.9093960065,-87.6776919292,4494,2782,1712,548
"Michigan Ave & Oak St",41.90096039,-87.62377664,4485,818,3667,549
"Michigan Ave & Pearson St",41.89766,-87.62351,4485,818,3667,549
"Clinton St & Madison St",41.8827519657,-87.6411902905,4482,4171,311,550
"Morgan St & Polk St",41.871737,-87.65103,4482,4171,311,550
"Loomis St & Taylor St",41.869417,-87.660996,4477,4165,312,551
"Halsted St & Polk St",41.87184,-87.64664,4477,4165,312,551
"Canal St & Madison St",41.882091,-87.639833,4471,4293,178,552
"Desplaines St & Kinzie St",41.888716036,-87.6444478533,4471,4293,178,552
"Clark St & Winnemac Ave",41.9733476405,-87.6678554714,4469,3960,509,553
"Broadway & Argyle St",41.97423,-87.6597735,4469,3960,509,553
"St. Clair St & Erie St",41.8943451374,-87.6227983832,4466,4190,276,554
"Clinton St & Madison St",41.8827519657,-87.6411902905,4466,4190,276,554
"Cityfront Plaza Dr & Pioneer Ct",41.890573,-87.622072,4465,1354,3111,555
"Millennium Park",41.8810317,-87.62408432,4465,1354,3111,555
"Shields Ave & 31st St",41.838464,-87.635406,4464,4148,316,556
"Emerald Ave & 31st St",41.838198,-87.645143,4464,4148,316,556
"Lincoln Ave & Roscoe St",41.94334,-87.67097,4459,4359,100,557
"Western Ave & Roscoe St",41.943034,-87.687288,4459,4359,100,557
"Ravenswood Ave & Irving Park Rd",41.95469,-87.67393,4456,4379,77,558
"Ashland Ave & Belle Plaine Ave",41.956061,-87.668869,4456,4379,77,558
"Lake Shore Dr & North Blvd",41.911722,-87.626804,4449,1783,2666,559
"Fairbanks Ct & Grand Ave",41.89186,-87.62062,4449,1783,2666,559
"Clinton St & Jackson Blvd",41.8783166118,-87.6409810781,4442,3974,468,560
"Clinton St & Madison St",41.8827519657,-87.6411902905,4442,3974,468,560
"Shedd Aquarium",41.8672259568,-87.6153553902,4442,706,3736,561
"Michigan Ave & 8th St",41.872773,-87.623981,4442,706,3736,561
"LaSalle St & Illinois St",41.890749,-87.63206,4440,3924,516,562
"Clark St & Elm St",41.903233,-87.631253,4440,3924,516,562
"Dearborn Pkwy & Delaware Pl",41.898969,-87.629912,4436,3637,799,563
"Clark St & Schiller St",41.907993,-87.631501,4436,3637,799,563
"Streeter Dr & Grand Ave",41.892278,-87.612043,4429,1304,3125,564
"Lake Shore Dr & Diversey Pkwy",41.932684,-87.63625,4429,1304,3125,564
"Michigan Ave & Jackson Blvd",41.87785,-87.62408,4429,618,3811,565
"Streeter Dr & Illinois St",41.891071,-87.6122,4429,618,3811,565
"Dearborn St & Monroe St",41.881319815,-87.6295209193,4420,3930,490,566
"McClurg Ct & Illinois St",41.89102,-87.6173,4420,3930,490,566
"May St & Fulton St",41.886773,-87.656001,4418,4334,84,567
"Clinton St & Washington Blvd",41.88338,-87.64117,4418,4334,84,567
"State St & Van Buren St",41.877181,-87.627844,4418,4088,330,568
"Clinton St & Madison St",41.8827519657,-87.6411902905,4418,4088,330,568
"Dearborn St & Erie St",41.893992,-87.629318,4414,3944,470,569
"Daley Center Plaza",41.884241,-87.629634,4414,3944,470,569
"Wells St & Elm St",41.903222,-87.634324,4413,3235,1178,570
"Wells St & Hubbard St",41.889906,-87.634266,4413,3235,1178,570
"Clinton St & Lake St",41.885637,-87.641823,4413,4100,313,571
"Kingsbury St & Erie St",41.8939139,-87.6417358,4413,4100,313,571
"Morgan St & Polk St",41.871737,-87.65103,4407,4024,383,572
"Aberdeen St & Jackson Blvd",41.87772613,-87.65478743,4407,4024,383,572
"Kingsbury St & Kinzie St",41.8891768326,-87.6385057718,4406,4244,162,573
"Larrabee St & Oak St",41.9002194932,-87.6429854676,4406,4244,162,573
"Honore St & Division St",41.903119,-87.673935,4405,4011,394,574
"Ashland Ave & Division St",41.90345,-87.667747,4405,4011,394,574
"Canal St & Monroe St",41.8807,-87.63947,4399,4355,44,575
"LaSalle St & Jackson Blvd",41.87817,-87.631985,4399,4355,44,575
"Halsted St & Archer Ave",41.847203,-87.646795,4396,4160,236,576
"Emerald Ave & 28th St",41.84358,-87.645368,4396,4160,236,576
"Canal St & Adams St",41.879255,-87.639904,4394,2481,1913,577
"Millennium Park",41.8810317,-87.62408432,4394,2481,1913,577
"Canal St & Monroe St",41.8807,-87.63947,4394,4187,207,578
"Kingsbury St & Kinzie St",41.8891768326,-87.6385057718,4394,4187,207,578
"McClurg Ct & Illinois St",41.89102,-87.6173,4391,3171,1220,579
"LaSalle St & Illinois St",41.890749,-87.63206,4391,3171,1220,579
"May St & Taylor St",41.8694821,-87.6554864,4370,4192,178,580
"Loomis St & Lexington St",41.872187,-87.661501,4370,4192,178,580
"Morgan St & Polk St",41.871737,-87.65103,4369,3878,491,581
"Morgan Ave & 14th Pl",41.862378,-87.651062,4369,3878,491,581
"Ellis Ave & 60th St",41.7850971464,-87.6010727606,4369,3792,577,582
"Harper Ave & 59th St",41.7879428129,-87.5883151702,4369,3792,577,582
"Streeter Dr & Grand Ave",41.892278,-87.612043,4365,742,3623,583
"Montrose Harbor",41.963982,-87.638181,4365,742,3623,583
"Kingsbury St & Kinzie St",41.8891768326,-87.6385057718,4351,3897,454,584
"Rush St & Hubbard St",41.890173,-87.626185,4351,3897,454,584
"Clinton St & Madison St",41.8827519657,-87.6411902905,4345,3702,643,585
"Halsted St & Polk St",41.87184,-87.64664,4345,3702,643,585
"Dearborn St & Erie St",41.893992,-87.629318,4345,4005,340,586
"Larrabee St & Kingsbury St",41.897764,-87.642884,4345,4005,340,586
"Wabash Ave & Roosevelt Rd",41.867227,-87.625961,4332,3597,735,587
"State St & Harrison St",41.874053,-87.627716,4332,3597,735,587
"Streeter Dr & Illinois St",41.891071,-87.6122,4329,1107,3222,588
"Columbus Dr & Randolph St",41.884728,-87.619521,4329,1107,3222,588
"Lakeview Ave & Fullerton Pkwy",41.925858,-87.638973,4327,3420,907,589
"Sheffield Ave & Fullerton Ave",41.9256018819,-87.6537080423,4327,3420,907,589
"Clinton St & Washington Blvd",41.88338,-87.64117,4322,4055,267,590
"Franklin St & Chicago Ave",41.89679,-87.63564,4322,4055,267,590
"Clinton St & Madison St",41.8827519657,-87.6411902905,4320,3941,379,591
"Milwaukee Ave & Grand Ave",41.891578,-87.648384,4320,3941,379,591
"Franklin St & Quincy St",41.878724,-87.634793,4320,4121,199,592
"Orleans St & Merchandise Mart Plaza",41.888243,-87.63639,4320,4121,199,592
"Stockton Dr & Wrightwood Ave",41.93132,-87.638742,4314,3363,951,593
"Lakeview Ave & Fullerton Pkwy",41.925858,-87.638973,4314,3363,951,593
"Michigan Ave & Lake St",41.886024,-87.624117,4309,1642,2667,594
"Michigan Ave & Pearson St",41.89766,-87.62351,4309,1642,2667,594
"Woodlawn Ave & 55th St",41.795264,-87.596471,4300,3072,1228,595
"Ellis Ave & 60th St",41.7850971464,-87.6010727606,4300,3072,1228,595
"Michigan Ave & Washington St",41.8838927658,-87.6246491409,4300,4115,185,596
"Clark St & Congress Pkwy",41.8759326655,-87.6305845355,4300,4115,185,596
"Wells St & Elm St",41.903222,-87.634324,4288,3461,827,597
"Dearborn St & Erie St",41.893992,-87.629318,4288,3461,827,597
"Shore Dr & 55th St",41.795212,-87.580715,4286,3161,1125,598
"Lake Park Ave & 53rd St",41.7994942937,-87.5864498959,4286,3161,1125,598
"Rush St & Superior St",41.8957647456,-87.6259080327,4285,4014,271,599
"Canal St & Adams St",41.879255,-87.639904,4285,4014,271,599
"Kimbark Ave & 53rd St",41.799568,-87.594747,4284,3755,529,600
"Lake Park Ave & 53rd St",41.7994942937,-87.5864498959,4284,3755,529,600
"DuSable Lake Shore Dr & Monroe St",41.880958,-87.616743,4282,742,3540,601
"Adler Planetarium",41.866095,-87.607267,4282,742,3540,601
"Loomis St & Taylor St",41.869417,-87.660996,4282,4194,88,602
"Wood St & Taylor St",41.869154,-87.671045,4282,4194,88,602
"Morgan St & Polk St",41.871737,-87.65103,4279,4019,260,603
"Hermitage Ave & Polk St",41.871514,-87.669886,4279,4019,260,603
"Western Ave & Division St",41.902893,-87.687275,4276,3427,849,604
"Damen Ave & Pierce Ave",41.9093960065,-87.6776919292,4276,3427,849,604
"Dearborn St & Monroe St",41.881319815,-87.6295209193,4272,3818,454,605
"Franklin St & Monroe St",41.880317,-87.635185,4272,3818,454,605
"Wolcott Ave & Polk St",41.871262,-87.673688,4272,3882,390,606
"Loomis St & Lexington St",41.8722287322,-87.661363855,4272,3882,390,606
"Dearborn Pkwy & Delaware Pl",41.898969,-87.629912,4270,4005,265,607
"Franklin St & Monroe St",41.880317,-87.635185,4270,4005,265,607
"Kimbark Ave & 53rd St",41.7994549,-87.5947779,4265,3191,1074,608
"University Ave & 57th St",41.791478,-87.599861,4265,3191,1074,608
"Clark St & Lincoln Ave",41.915689,-87.6346,4265,3342,923,609
"Bissell St & Armitage Ave",41.91844,-87.65222,4265,3342,923,609
"Clark St & Grace St",41.95078,-87.659172,4256,3511,745,610
"Sheridan Rd & Irving Park Rd",41.954245,-87.654406,4256,3511,745,610
"Bissell St & Armitage Ave",41.91844,-87.65222,4256,4076,180,611
"Sheffield Ave & Willow St",41.913688,-87.652855,4256,4076,180,611
"Canal St & Adams St",41.879255,-87.639904,4253,3260,993,612
"Canal St & Taylor St",41.870257,-87.639474,4253,3260,993,612
"Damen Ave & Augusta Blvd",41.899714,-87.677234,4248,4048,200,613
"Ashland Ave & Division St",41.90345,-87.667747,4248,4048,200,613
"Indiana Ave & Roosevelt Rd",41.867888,-87.623041,4246,1947,2299,614
"Wabash Ave & Roosevelt Rd",41.867227,-87.625961,4246,1947,2299,614
"Clark St & Armitage Ave",41.918306,-87.636282,4245,3192,1053,615
"Larrabee St & Webster Ave",41.921822,-87.64414,4245,3192,1053,615
"Museum Campus",41.865212,-87.617759,4244,931,3313,616
"Fort Dearborn Dr & 31st St",41.838556,-87.608218,4244,931,3313,616
"Wells St & Evergreen Ave",41.906724,-87.63483,4244,3133,1111,617
"Clark St & Armitage Ave",41.918306,-87.636282,4244,3133,1111,617
"Bissell St & Armitage Ave",41.91844,-87.65222,4239,4020,219,618
"Sheffield Ave & Webster Ave",41.92154,-87.653818,4239,4020,219,618
"Kingsbury St & Kinzie St",41.8891768326,-87.6385057718,4237,3634,603,619
"Clinton St & Jackson Blvd",41.8783166118,-87.6409810781,4237,3634,603,619
"LaSalle St & Jackson Blvd",41.87817,-87.631985,4237,4096,141,620
"Dearborn St & Monroe St",41.881319815,-87.6295209193,4237,4096,141,620
"Clinton St & Madison St",41.8827519657,-87.6411902905,4237,4011,226,621
"Ada St & Washington Blvd",41.88283,-87.661206,4237,4011,226,621
"Central St Metra",42.063598,-87.69873,4234,3815,419,622
"Central St & Girard Ave",42.064313,-87.686152,4234,3815,419,622
"Clinton St & Washington Blvd",41.88338,-87.64117,4233,3820,413,623
"Michigan Ave & Pearson St",41.89766,-87.62351,4233,3820,413,623
"Sedgwick St & North Ave",41.910983,-87.638525,4232,3828,404,624
"Wells St & Concord Ln",41.912133,-87.634656,4232,3828,404,624
"Wolcott Ave & Polk St",41.871262,-87.673688,4232,4038,194,625
"Loomis St & Taylor St",41.869417,-87.660996,4232,4038,194,625
"Carpenter St & Huron St",41.894556,-87.653449,4225,3961,264,626
"Clinton St & Washington Blvd",41.88338,-87.64117,4225,3961,264,626
"Rockwell St & Eastwood Ave",41.9659001398,-87.6936384935,4221,4130,91,627
"Campbell Ave & Montrose Ave",41.961524,-87.691177,4221,4130,91,627
"Franklin St & Chicago Ave",41.89679,-87.63564,4214,3742,472,628
"Wells St & Elm St",41.903222,-87.634324,4214,3742,472,628
"California Ave & Francis Pl",41.91855,-87.69723,4212,4022,190,629
"California Ave & Milwaukee Ave",41.922695,-87.697153,4212,4022,190,629
"Field Museum",41.865312,-87.617867,4212,715,3497,630
"Adler Planetarium",41.866095,-87.607267,4212,715,3497,630
"Carpenter St & Huron St",41.894556,-87.653449,4206,3654,552,631
"Desplaines St & Kinzie St",41.888716036,-87.6444478533,4206,3654,552,631
"Southport Ave & Roscoe St",41.943739,-87.66402,4205,3720,485,632
"Southport Ave & Wellington Ave",41.935733,-87.663576,4205,3720,485,632
"Millennium Park",41.8810317,-87.62408432,4204,832,3372,633
"Wabash Ave & Wacker Pl",41.886875,-87.62603,4204,832,3372,633
"Clark St & Bryn Mawr Ave",41.983593,-87.669154,4198,3917,281,634
"Ravenswood Ave & Lawrence Ave",41.96909,-87.674237,4198,3917,281,634
"Lake Shore Dr & Monroe St",41.880958,-87.616743,4198,784,3414,635
"Dusable Harbor",41.886976,-87.612813,4198,784,3414,635
"Buckingham Fountain",41.876368,-87.6205586,4188,320,3868,636
"Shedd Aquarium",41.8672259568,-87.6153553902,4188,320,3868,636
"Streeter Dr & Illinois St",41.891071,-87.6122,4186,401,3785,637
"Michigan Ave & Washington St",41.8838927658,-87.6246491409,4186,401,3785,637
"Paulina Ave & North Ave",41.9098546522,-87.66993016,4185,4008,177,638
"Marshfield Ave & Cortland St",41.916017,-87.668879,4185,4008,177,638
"Clark St & Wellington Ave",41.9364968219,-87.6475386582,4185,2390,1795,639
"Theater on the Lake",41.926277,-87.630834,4185,2390,1795,639
"Sheffield Ave & Wrightwood Ave",41.928712,-87.653833,4182,3432,750,640
"Clark St & Wrightwood Ave",41.929546,-87.643118,4182,3432,750,640
"Damen Ave & Pierce Ave",41.9093960065,-87.6776919292,4180,3844,336,641
"Leavitt St & North Ave",41.910153,-87.68229,4180,3844,336,641
"Canal St & Adams St",41.879255,-87.639904,4173,3856,317,642
"Clark St & Elm St",41.903233,-87.631253,4173,3856,317,642
"Shedd Aquarium",41.8672259568,-87.6153553902,4165,1233,2932,643
"Fort Dearborn Dr & 31st St",41.838556,-87.608218,4165,1233,2932,643
"Lake Shore Dr & North Blvd",41.911722,-87.626804,4161,2047,2114,644
"Columbus Dr & Randolph St",41.884728,-87.619521,4161,2047,2114,644
"Larrabee St & Webster Ave",41.921822,-87.64414,4158,3507,651,645
"Sheffield Ave & Fullerton Ave",41.9256018819,-87.6537080423,4158,3507,651,645
"Michigan Ave & Congress Pkwy",41.8760656,-87.62443336,4154,2703,1451,646
"Indiana Ave & Roosevelt Rd",41.867888,-87.623041,4154,2703,1451,646
"Desplaines St & Randolph St",41.883703,-87.644238,4152,3905,247,647
"Canal St & Adams St",41.879255,-87.639904,4152,3905,247,647
"Benson Ave & Church St",42.048214,-87.683485,4152,3087,1065,648
"Chicago Ave & Washington St",42.032562,-87.679101,4152,3087,1065,648
"Mies van der Rohe Way & Chestnut St",41.8985866514,-87.6219152258,4152,3594,558,649
"Clark St & Elm St",41.903233,-87.631253,4152,3594,558,649
"Clark St & Lake St",41.8860208277,-87.6308760584,4146,3585,561,650
"Dearborn Pkwy & Delaware Pl",41.898969,-87.629912,4146,3585,561,650
"Larrabee St & Kingsbury St",41.897764,-87.642884,4146,3950,196,651
"Canal St & Madison St",41.882091,-87.639833,4146,3950,196,651
"Sheffield Ave & Wrightwood Ave",41.928712,-87.653833,4142,3428,714,652
"Sheffield Ave & Webster Ave",41.92154,-87.653818,4142,3428,714,652
"Dearborn St & Erie St",41.893992,-87.629318,4141,3746,395,653
"Franklin St & Monroe St",41.880317,-87.635185,4141,3746,395,653
"Damen Ave & Melrose Ave",41.9406,-87.6785,4140,3973,167,654
"Lincoln Ave & Roscoe St",41.94334,-87.67097,4140,3973,167,654
"Franklin St & Lake St",41.885837,-87.6355,4139,3885,254,655
"Clinton St & Madison St",41.8827519657,-87.6411902905,4139,3885,254,655
"Ellis Ave & 55th St",41.7943006205,-87.6014497734,4136,3428,708,656
"Blackstone Ave & Hyde Park Blvd",41.802562,-87.590368,4136,3428,708,656
"Southport Ave & Waveland Ave",41.94815,-87.66394,4132,3704,428,657
"Ashland Ave & Grace St",41.950687,-87.6687,4132,3704,428,657
"Streeter Dr & Illinois St",41.891071,-87.6122,4132,526,3606,658
"Fairbanks Ct & Grand Ave",41.89186,-87.62062,4132,526,3606,658
"Michigan Ave & Oak St",41.90096039,-87.62377664,4120,1532,2588,659
"Michigan Ave & Lake St",41.886024,-87.624117,4120,1532,2588,659
"St. Clair St & Erie St",41.8943451374,-87.6227983832,4120,3839,281,660
"Canal St & Madison St",41.882091,-87.639833,4120,3839,281,660
"Wabash Ave & 16th St",41.860384,-87.625813,4096,3604,492,661
"Federal St & Polk St",41.8720776329,-87.6295437729,4096,3604,492,661
"Orleans St & Merchandise Mart Plaza",41.888243,-87.63639,4095,3602,493,662
"Dearborn Pkwy & Delaware Pl",41.898969,-87.629912,4095,3602,493,662
"Canal St & Adams St",41.879255,-87.639904,4094,3784,310,663
"Wells St & Huron St",41.8947953,-87.6343743,4094,3784,310,663
"St. Clair St & Erie St",41.8943451374,-87.6227983832,4089,1026,3063,664
"Millennium Park",41.8810317,-87.62408432,4089,1026,3063,664
"Damen Ave & Grand Ave",41.89122,-87.67686,4086,3823,263,665
"Damen Ave & Chicago Ave",41.895769,-87.67722,4086,3823,263,665
"Franklin St & Quincy St",41.878724,-87.634793,4086,3545,541,666
"Michigan Ave & Washington St",41.8838927658,-87.6246491409,4086,3545,541,666
"Marine Dr & Ainslie St",41.9716,-87.650154,4083,3652,431,667
"Clarendon Ave & Leland Ave",41.967968,-87.650001,4083,3652,431,667
"DuSable Lake Shore Dr & Monroe St",41.880958,-87.616743,4077,840,3237,668
"Michigan Ave & Oak St",41.90096039,-87.62377664,4077,840,3237,668
"Broadway & Cornelia Ave",41.945529,-87.646439,4074,3817,257,669
"Wilton Ave & Belmont Ave",41.94018,-87.65304,4074,3817,257,669
"Kingsbury St & Kinzie St",41.8891768326,-87.6385057718,4072,3591,481,670
"Carpenter St & Huron St",41.894556,-87.653449,4072,3591,481,670
"Peoria St & Jackson Blvd",41.877749,-87.649633,4072,3934,138,671
"Jefferson St & Monroe St",41.880422,-87.642746,4072,3934,138,671
"Canal St & Madison St",41.882091,-87.639833,4069,3772,297,672
"Clark St & Randolph St",41.884576228,-87.63188991,4069,3772,297,672
"Southport Ave & Waveland Ave",41.94815,-87.66394,4068,3652,416,673
"Sheffield Ave & Waveland Ave",41.949399,-87.654529,4068,3652,416,673
"Hampden Ct & Diversey Pkwy",41.93262,-87.642385,4059,2163,1896,674
"Theater on the Lake",41.926277,-87.630834,4059,2163,1896,674
"Theater on the Lake",41.926277,-87.630834,4056,1493,2563,675
"Clark St & Lincoln Ave",41.915689,-87.6346,4056,1493,2563,675
"Ellis Ave & 60th St",41.7850971464,-87.6010727606,4054,3257,797,676
"Blackstone Ave & 59th St",41.787877,-87.590461,4054,3257,797,676
"Woodlawn Ave & 55th St",41.795264,-87.596471,4054,3208,846,677
"Lake Park Ave & 56th St",41.793242,-87.587782,4054,3208,846,677
"Fairbanks Ct & Grand Ave",41.89186,-87.62062,4054,791,3263,678
"Lake Shore Dr & Monroe St",41.880958,-87.616743,4054,791,3263,678
"Canal St & Adams St",41.879255,-87.639904,4053,3602,451,679
"Michigan Ave & Madison St",41.882134,-87.625125,4053,3602,451,679
"Michigan Ave & Jackson Blvd",41.87785,-87.62408,4041,442,3599,680
"Museum Campus",41.865212,-87.617759,4041,442,3599,680
"Morgan St & Polk St",41.871737,-87.65103,4020,3835,185,681
"Halsted St & Polk St",41.87184,-87.64664,4020,3835,185,681
"900 W Harrison St",41.874754,-87.649807,4020,3023,997,682
"Halsted St & Maxwell St",41.864883,-87.647071,4020,3023,997,682
"Rush St & Cedar St",41.9023087012,-87.627690528,4016,1361,2655,683
"Streeter Dr & Grand Ave",41.892278,-87.612043,4016,1361,2655,683
"Milwaukee Ave & Grand Ave",41.891578,-87.648384,4010,3608,402,684
"Desplaines St & Kinzie St",41.888716036,-87.6444478533,4010,3608,402,684
"Broadway & Granville Ave",41.9947796884,-87.6602845349,4001,2598,1403,685
"Lakefront Trail & Bryn Mawr Ave",41.9840441152,-87.6522812247,4001,2598,1403,685
"Lincoln Ave & Diversey Pkwy",41.932225,-87.658617,3997,3772,225,686
"Wilton Ave & Diversey Pkwy",41.932418,-87.652705,3997,3772,225,686
"Damen Ave & Division St",41.903266,-87.678435,3996,3469,527,687
"Damen Ave & Pierce Ave",41.9093960065,-87.6776919292,3996,3469,527,687
"Columbus Dr & Randolph St",41.884728,-87.619521,3993,2649,1344,688
"Theater on the Lake",41.926277,-87.630834,3993,2649,1344,688
"Franklin St & Chicago Ave",41.89680204,-87.63563839,3988,3773,215,689
"Larrabee St & Kingsbury St",41.897764,-87.642884,3988,3773,215,689
"Orleans St & Merchandise Mart Plaza",41.888243,-87.63639,3986,3310,676,690
"Wells St & Elm St",41.903222,-87.634324,3986,3310,676,690
"Sheffield Ave & Willow St",41.913688,-87.652855,3985,3563,422,691
"Sheffield Ave & Webster Ave",41.92154,-87.653818,3985,3563,422,691
"Fairbanks Ct & Grand Ave",41.89186,-87.62062,3985,3115,870,692
"Mies van der Rohe Way & Chestnut St",41.8985866514,-87.6219152258,3985,3115,870,692
"Lake Shore Dr & North Blvd",41.911722,-87.626804,3980,2370,1610,693
"Wells St & Concord Ln",41.912133,-87.634656,3980,2370,1610,693
"Theater on the Lake",41.926277,-87.630834,3980,1864,2116,694
"Mies van der Rohe Way & Chicago Ave",41.89691,-87.621743,3980,1864,2116,694
"Montrose Harbor",41.963982,-87.638181,3978,2184,1794,695
"Sheridan Rd & Montrose Ave",41.96167,-87.65464,3978,2184,1794,695
"Clinton St & Washington Blvd",41.88338,-87.64117,3972,3650,322,696
"Clark St & Elm St",41.903233,-87.631253,3972,3650,322,696
"Lakeview Ave & Fullerton Pkwy",41.925858,-87.638973,3971,2798,1173,697
"Wells St & Concord Ln",41.912133,-87.634656,3971,2798,1173,697
"Kingsbury St & Erie St",41.8939139,-87.6417358,3964,3685,279,698
"Dearborn St & Monroe St",41.881319815,-87.6295209193,3964,3685,279,698
"Wood St & Milwaukee Ave",41.907655,-87.672552,3963,3455,508,699
"Milwaukee Ave & Wabansia Ave",41.912616,-87.681391,3963,3455,508,699
"Marshfield Ave & Cortland St",41.916017,-87.668879,3963,2269,1694,700
"Albany Ave & Bloomingdale Ave",41.9140267127,-87.705126462,3963,2269,1694,700
"Lake Shore Dr & North Blvd",41.911722,-87.626804,3962,1346,2616,701
"Montrose Harbor",41.963982,-87.638181,3962,1346,2616,701
"Sheffield Ave & Waveland Ave",41.949399,-87.654529,3961,3110,851,702
"Sheridan Rd & Irving Park Rd",41.954245,-87.654406,3961,3110,851,702
"Dearborn St & Adams St",41.8793563587,-87.6297910363,3960,3268,692,703
"Indiana Ave & Roosevelt Rd",41.867888,-87.623041,3960,3268,692,703
"Theater on the Lake",41.926277,-87.630834,3955,2025,1930,704
"Clarendon Ave & Leland Ave",41.967968,-87.650001,3955,2025,1930,704
"Millennium Park",41.8810317,-87.62408432,3954,433,3521,705
"McCormick Place",41.8513751729,-87.6188346489,3954,433,3521,705
"Wells St & Concord Ln",41.912133,-87.634656,3952,2936,1016,706
"Clark St & Wrightwood Ave",41.929546,-87.643118,3952,2936,1016,706
"Canal St & Adams St",41.879255,-87.639904,3944,3747,197,707
"LaSalle St & Jackson Blvd",41.87817,-87.631985,3944,3747,197,707
"Lake Shore Dr & North Blvd",41.911722,-87.626804,3942,1746,2196,708
"Sedgwick St & Webster Ave",41.922167,-87.638888,3942,1746,2196,708
"Michigan Ave & Oak St",41.90096039,-87.62377664,3940,2464,1476,709
"Wells St & Concord Ln",41.912133,-87.634656,3940,2464,1476,709
"Clark St & Lincoln Ave",41.915689,-87.6346,3939,2847,1092,710
"Wells St & Evergreen Ave",41.906724,-87.63483,3939,2847,1092,710
"Streeter Dr & Illinois St",41.891071,-87.6122,3938,216,3722,711
"Michigan Ave & Pearson St",41.89766,-87.62351,3938,216,3722,711
"Columbus Dr & Randolph St",41.884728,-87.619521,3937,2460,1477,712
"Michigan Ave & Washington St",41.8838927658,-87.6246491409,3937,2460,1477,712
"Halsted St & Wrightwood Ave",41.929143,-87.649077,3934,3122,812,713
"Halsted St & Dickens Ave",41.919936,-87.64883,3934,3122,812,713
"900 W Harrison St",41.874754,-87.649807,3931,3665,266,714
"Morgan St & Polk St",41.871737,-87.65103,3931,3665,266,714
"Ravenswood Ave & Berteau Ave",41.957921,-87.673567,3923,3837,86,715
"Ravenswood Ave & Irving Park Rd",41.95469,-87.67393,3923,3837,86,715
"Desplaines St & Kinzie St",41.888716036,-87.6444478533,3918,3430,488,716
"Ogden Ave & Race Ave",41.891795,-87.658751,3918,3430,488,716
"Kingsbury St & Kinzie St",41.8891768326,-87.6385057718,3915,3653,262,717
"State St & Kinzie St",41.88918,-87.6277,3915,3653,262,717
"Ada St & Washington Blvd",41.88283,-87.661206,3914,3560,354,718
"Green St & Madison St",41.881859328,-87.6492637396,3914,3560,354,718
"Canal St & Adams St",41.879255,-87.639904,3913,3670,243,719
"LaSalle St & Washington St",41.882664,-87.63253,3913,3670,243,719
"Clarendon Ave & Gordon Ter",41.9578665242,-87.6495051384,3912,3272,640,720
"Sheridan Rd & Irving Park Rd",41.954245,-87.654406,3912,3272,640,720
"Clark St & Wellington Ave",41.9364968219,-87.6475386582,3911,3730,181,721
"Sheffield Ave & Wellington Ave",41.936253,-87.653566,3911,3730,181,721
"Aberdeen St & Jackson Blvd",41.87772613,-87.65478743,3908,3604,304,722
"Loomis St & Lexington St",41.872187,-87.661501,3908,3604,304,722
"Rush St & Superior St",41.8957647456,-87.6259080327,3907,3726,181,723
"Clinton St & Washington Blvd",41.88338,-87.64117,3907,3726,181,723
"Aberdeen St & Jackson Blvd",41.87772613,-87.65478743,3905,3355,550,724
"Green St & Madison St",41.881859328,-87.6492637396,3905,3355,550,724
"Ellis Ave & 55th St",41.7943006205,-87.6014497734,3902,3201,701,725
"Lake Park Ave & 53rd St",41.7994942937,-87.5864498959,3902,3201,701,725
"Ashland Ave & Division St",41.90345,-87.667747,3898,3574,324,726
"Paulina Ave & North Ave",41.9098546522,-87.66993016,3898,3574,324,726
"Clark St & Wellington Ave",41.9364968219,-87.6475386582,3898,3387,511,727
"Halsted St & Roscoe St",41.94367,-87.64895,3898,3387,511,727
"Kingsbury St & Kinzie St",41.8891768326,-87.6385057718,3896,3652,244,728
"Franklin St & Monroe St",41.880317,-87.635185,3896,3652,244,728
"Clark St & Wellington Ave",41.9364968219,-87.6475386582,3895,3228,667,729
"Clark St & Wrightwood Ave",41.929546,-87.643118,3895,3228,667,729
"Montrose Harbor",41.963982,-87.638181,3894,2298,1596,730
"Clarendon Ave & Junior Ter",41.961004,-87.649603,3894,2298,1596,730
"Michigan Ave & Oak St",41.90096039,-87.62377664,3893,1173,2720,731
"Mies van der Rohe Way & Chestnut St",41.8985866514,-87.6219152258,3893,1173,2720,731
"Shields Ave & 31st St",41.838464,-87.635406,3892,3710,182,732
"State St & 33rd St",41.834734,-87.625813,3892,3710,182,732
"LaSalle St & Illinois St",41.890749,-87.63206,3887,3384,503,733
"Dearborn Pkwy & Delaware Pl",41.898969,-87.629912,3887,3384,503,733
"Franklin St & Quincy St",41.878724,-87.634793,3886,3794,92,734
"Canal St & Madison St",41.882091,-87.639833,3886,3794,92,734
"Clinton St & Washington Blvd",41.88338,-87.64117,3883,3668,215,735
"Dearborn St & Adams St",41.8793563587,-87.6297910363,3883,3668,215,735
"Lake Shore Dr & North Blvd",41.911722,-87.626804,3878,1574,2304,736
"Clark St & North Ave",41.911974,-87.631942,3878,1574,2304,736
"Lake Shore Dr & North Blvd",41.911722,-87.626804,3875,1816,2059,737
"Broadway & Barry Ave",41.937725,-87.644095,3875,1816,2059,737
"Lake Shore Dr & North Blvd",41.911722,-87.626804,3869,2564,1305,738
"Sedgwick St & North Ave",41.910983,-87.638525,3869,2564,1305,738
"Morgan St & Lake St",41.8854833079,-87.6523048564,3865,3716,149,739
"Canal St & Madison St",41.882091,-87.639833,3865,3716,149,739
"Clinton St & Washington Blvd",41.88338,-87.64117,3858,3724,134,740
"Franklin St & Monroe St",41.880317,-87.635185,3858,3724,134,740
"Wacker Dr & Washington St Corral",41.88316,-87.63736,3856,3684,172,741
"Michigan Ave & Lake St",41.886024,-87.624117,3856,3684,172,741
"Halsted St & Archer Ave",41.847203,-87.646795,3855,3274,581,742
"Morgan St & 31st St",41.8378,-87.65114,3855,3274,581,742
"Burling St & Diversey Pkwy",41.93314,-87.64776,3847,3692,155,743
"Wilton Ave & Diversey Pkwy",41.932418,-87.652705,3847,3692,155,743
"Clinton St & Washington Blvd",41.88338,-87.64117,3846,3597,249,744
"Wabash Ave & Grand Ave",41.891738,-87.626937,3846,3597,249,744
"Harper Ave & 59th St",41.7879428129,-87.5883151702,3843,3426,417,745
"University Ave & 57th St",41.791478,-87.599861,3843,3426,417,745
"DuSable Lake Shore Dr & North Blvd",41.911722,-87.626804,3836,1218,2618,746
"Michigan Ave & Oak St",41.90096039,-87.62377664,3836,1218,2618,746
"Lake Shore Dr & Monroe St",41.880958,-87.616743,3836,418,3418,747
"Wabash Ave & Wacker Pl",41.886875,-87.62603,3836,418,3418,747
"Field Blvd & South Water St",41.8863490627,-87.6175165471,3836,2407,1429,748
"Lake Shore Dr & North Blvd",41.911722,-87.626804,3836,2407,1429,748
"Larrabee St & Webster Ave",41.921822,-87.64414,3830,3403,427,749
"Bissell St & Armitage Ave",41.91844,-87.65222,3830,3403,427,749
"Stetson Ave & South Water St",41.886835,-87.62232,3828,3382,446,750
"State St & Randolph St",41.8847302006,-87.6277335692,3828,3382,446,750
"Columbus Dr & Randolph St",41.884728,-87.619521,3827,3535,292,751
"Franklin St & Monroe St",41.880317,-87.635185,3827,3535,292,751
"Clinton St & Washington Blvd",41.88338,-87.64117,3826,3717,109,752
"Wabash Ave & Adams St",41.8794723523,-87.6256886059,3826,3717,109,752
"Sangamon St & Washington Blvd",41.883004,-87.651148,3826,3725,101,753
"Clinton St & Madison St",41.8827519657,-87.6411902905,3826,3725,101,753
"Dearborn St & Erie St",41.893992,-87.629318,3818,3377,441,754
"McClurg Ct & Erie St",41.894503,-87.617854,3818,3377,441,754
"Ellis Ave & 60th St",41.7850971464,-87.6010727606,3818,3196,622,755
"Lake Park Ave & 56th St",41.793242,-87.587782,3818,3196,622,755
"Michigan Ave & Oak St",41.90096039,-87.62377664,3816,1973,1843,756
"Clark St & Elm St",41.903233,-87.631253,3816,1973,1843,756
"Clark St & Elm St",41.903233,-87.631253,3813,3186,627,757
"Kingsbury St & Kinzie St",41.8891768326,-87.6385057718,3813,3186,627,757
"Theater on the Lake",41.926277,-87.630834,3809,2251,1558,758
"Marine Dr & Ainslie St",41.9716,-87.650154,3809,2251,1558,758
"Pine Grove Ave & Irving Park Rd",41.954383,-87.648043,3804,3331,473,759
"Broadway & Cornelia Ave",41.945529,-87.646439,3804,3331,473,759
"Wacker Dr & Washington St Corral",41.88316,-87.63736,3803,3704,99,760
"Daley Center Plaza",41.884241,-87.629634,3803,3704,99,760
"McClurg Ct & Erie St",41.894503,-87.617854,3802,1291,2511,761
"Streeter Dr & Grand Ave",41.892278,-87.612043,3802,1291,2511,761
"Michigan Ave & Lake St",41.886024,-87.624117,3798,538,3260,762
"Lake Shore Dr & Monroe St",41.880958,-87.616743,3798,538,3260,762
"Fairbanks Ct & Grand Ave",41.89186,-87.62062,3797,2864,933,763
"Mies van der Rohe Way & Chicago Ave",41.89691,-87.621743,3797,2864,933,763
"Franklin St & Monroe St",41.880317,-87.635185,3788,3564,224,764
"Kingsbury St & Erie St",41.8939139,-87.6417358,3788,3564,224,764
"Desplaines St & Jackson Blvd",41.8781189009,-87.6439476013,3778,3292,486,765
"Aberdeen St & Jackson Blvd",41.87772613,-87.65478743,3778,3292,486,765
"Stetson Ave & South Water St",41.886835,-87.62232,3778,3489,289,766
"Clark St & Lake St",41.8860208277,-87.6308760584,3778,3489,289,766
"Broadway & Barry Ave",41.937725,-87.644095,3778,3351,427,767
"Halsted St & Roscoe St",41.94367,-87.64895,3778,3351,427,767
"Broadway & Barry Ave",41.937725,-87.644095,3775,3380,395,768
"Clark St & Wrightwood Ave",41.929546,-87.643118,3775,3380,395,768
"Canal St & Adams St",41.879255,-87.639904,3774,2288,1486,769
"Dearborn St & Adams St Corral",41.87939,-87.62988,3774,2288,1486,769
"Emerald Ave & 31st St",41.838198,-87.645143,3772,3372,400,770
"Halsted St & Archer Ave",41.847203,-87.646795,3772,3372,400,770
"Lake Shore Dr & Monroe St",41.880958,-87.616743,3772,1130,2642,771
"Wabash Ave & Roosevelt Rd",41.867227,-87.625961,3772,1130,2642,771
"Desplaines St & Kinzie St",41.888716036,-87.6444478533,3771,3325,446,772
"Green St & Madison St",41.881859328,-87.6492637396,3771,3325,446,772
"Ravenswood Ave & Lawrence Ave",41.96909,-87.674237,3766,3436,330,773
"Clark St & Winnemac Ave",41.9733476405,-87.6678554714,3766,3436,330,773
"Wabash Ave & Roosevelt Rd",41.867227,-87.625961,3763,3556,207,774
"Franklin St & Monroe St",41.880317,-87.635185,3763,3556,207,774
"California Ave & Milwaukee Ave",41.922695,-87.697153,3757,3290,467,775
"Albany Ave & Bloomingdale Ave",41.9140267127,-87.705126462,3757,3290,467,775
"Dearborn St & Erie St",41.893992,-87.629318,3755,3239,516,776
"Orleans St & Merchandise Mart Plaza",41.888243,-87.63639,3755,3239,516,776
"Wells St & Concord Ln",41.912133,-87.634656,3753,3000,753,777
"Dearborn Pkwy & Delaware Pl",41.898969,-87.629912,3753,3000,753,777
"Clinton St & Washington Blvd",41.88338,-87.64117,3751,3370,381,778
"Wabash Ave & Wacker Pl",41.886875,-87.62603,3751,3370,381,778
"LaSalle St & Illinois St",41.890749,-87.63206,3751,3035,716,779
"Fairbanks Ct & Grand Ave",41.89186,-87.62062,3751,3035,716,779
"Clark St & Drummond Pl",41.931248,-87.644336,3749,3286,463,780
"Wilton Ave & Diversey Pkwy",41.932418,-87.652705,3749,3286,463,780
"Michigan Ave & Washington St",41.8838927658,-87.6246491409,3749,1462,2287,781
"Michigan Ave & Oak St",41.90096039,-87.62377664,3749,1462,2287,781
"Leavitt St & North Ave",41.910153,-87.68229,3740,3478,262,782
"Marshfield Ave & Cortland St",41.916017,-87.668879,3740,3478,262,782
"Larrabee St & Kingsbury St",41.897764,-87.642884,3738,3579,159,783
"Clinton St & Lake St",41.885637,-87.641823,3738,3579,159,783
"Clinton St & Washington Blvd",41.88338,-87.64117,3732,2831,901,784
"Millennium Park",41.8810317,-87.62408432,3732,2831,901,784
"Broadway & Waveland Ave",41.949074,-87.648636,3731,3273,458,785
"Halsted St & Roscoe St",41.94367,-87.64895,3731,3273,458,785
"McClurg Ct & Erie St",41.894503,-87.617854,3729,3508,221,786
"Canal St & Adams St",41.879255,-87.639904,3729,3508,221,786
"Clinton St & Lake St",41.88583274,-87.64138231,3728,3644,84,787
"Canal St & Adams St",41.879255,-87.639904,3728,3644,84,787
"Michigan Ave & Oak St",41.90096039,-87.62377664,3728,1044,2684,788
"Montrose Harbor",41.963982,-87.638181,3728,1044,2684,788
"Halsted St & Roscoe St",41.94367,-87.64895,3727,1582,2145,789
"Theater on the Lake",41.926277,-87.630834,3727,1582,2145,789
"Field Blvd & South Water St",41.8863490627,-87.6175165471,3721,2900,821,790
"Theater on the Lake",41.926277,-87.630834,3721,2900,821,790
"Michigan Ave & Lake St",41.886024,-87.624117,3720,3412,308,791
"LaSalle St & Jackson Blvd",41.87817,-87.631985,3720,3412,308,791
"Shore Dr & 55th St",41.795212,-87.580715,3719,3220,499,792
"Ellis Ave & 58th St",41.788746,-87.601334,3719,3220,499,792
"Clinton St & Washington Blvd",41.88338,-87.64117,3716,3656,60,793
"Hermitage Ave & Polk St",41.871514,-87.669886,3716,3656,60,793
"Clark St & Congress Pkwy",41.8759326655,-87.6305845355,3710,3459,251,794
"Wabash Ave & Roosevelt Rd",41.867227,-87.625961,3710,3459,251,794
"Clark St & Armitage Ave",41.918306,-87.636282,3710,2445,1265,795
"Stockton Dr & Wrightwood Ave",41.93132,-87.638742,3710,2445,1265,795
"Kingsbury St & Kinzie St",41.8891768326,-87.6385057718,3707,3433,274,796
"Morgan St & Lake St",41.8854833079,-87.6523048564,3707,3433,274,796
"LaSalle St & Illinois St",41.890762,-87.631697,3707,2909,798,797
"Dearborn Pkwy & Delaware Pl",41.898969,-87.629912,3707,2909,798,797
"Lake Shore Dr & Wellington Ave",41.936669,-87.636794,3702,2037,1665,798
"Cannon Dr & Fullerton Ave",41.9267559875,-87.6344287848,3702,2037,1665,798
"Bissell St & Armitage Ave",41.91844,-87.65222,3701,2175,1526,799
"Lake Shore Dr & North Blvd",41.911722,-87.626804,3701,2175,1526,799
"Benson Ave & Church St",42.048214,-87.683485,3700,2741,959,800
"Chicago Ave & Sheridan Rd",42.050491,-87.677821,3700,2741,959,800
"Millennium Park",41.8810317,-87.62408432,3698,901,2797,801
"DuSable Lake Shore Dr & Monroe St",41.880958,-87.616743,3698,901,2797,801
"Sheffield Ave & Waveland Ave",41.949399,-87.654529,3684,3111,573,802
"Broadway & Waveland Ave",41.949074,-87.648636,3684,3111,573,802
"Green St & Randolph St*",41.8836016573,-87.6486267149,3683,3326,357,803
"Canal St & Adams St",41.879255,-87.639904,3683,3326,357,803
"Dusable Harbor",41.886976,-87.612813,3679,720,2959,804
"Millennium Park",41.8810317,-87.62408432,3679,720,2959,804
"Ravenswood Ave & Lawrence Ave",41.96909,-87.674237,3674,3283,391,805
"Ravenswood Ave & Irving Park Rd",41.95469,-87.67393,3674,3283,391,805
"Theater on the Lake",41.926277,-87.630834,3674,1760,1914,806
"Larrabee St & Webster Ave",41.921822,-87.64414,3674,1760,1914,806
"Daley Center Plaza",41.884241,-87.629634,3672,3443,229,807
"Kingsbury St & Kinzie St",41.8891768326,-87.6385057718,3672,3443,229,807
"Clinton St & Madison St",41.8827519657,-87.6411902905,3671,3586,85,808
"Hermitage Ave & Polk St",41.871514,-87.669886,3671,3586,85,808
"Sedgwick St & North Ave",41.910983,-87.638525,3671,2958,713,809
"Dayton St & North Ave",41.9105780349,-87.6494219288,3671,2958,713,809
"Rush St & Hubbard St",41.890173,-87.626185,3670,3504,166,810
"Canal St & Madison St",41.882091,-87.639833,3670,3504,166,810
"Orleans St & Merchandise Mart Plaza",41.888243,-87.63639,3669,3222,447,811
"Clark St & Elm St",41.903233,-87.631253,3669,3222,447,811
"Clark St & Congress Pkwy",41.8759326655,-87.6305845355,3667,3595,72,812
"Dearborn St & Erie St",41.893992,-87.629318,3667,3595,72,812
"Clark St & Elm St",41.903233,-87.631253,3665,3446,219,813
"Franklin St & Monroe St",41.880317,-87.635185,3665,3446,219,813
"Pine Grove Ave & Waveland Ave",41.949275,-87.646303,3662,3251,411,814
"Broadway & Barry Ave",41.937725,-87.644095,3662,3251,411,814
"Dearborn St & Erie St",41.893992,-87.629318,3655,986,2669,815
"Streeter Dr & Grand Ave",41.892278,-87.612043,3655,986,2669,815
"Columbus Dr & Randolph St",41.884728,-87.619521,3654,3068,586,816
"Michigan Ave & Madison St",41.882134,-87.625125,3654,3068,586,816
"Clark St & Armitage Ave",41.918306,-87.636282,3653,2523,1130,817
"Lakeview Ave & Fullerton Pkwy",41.925858,-87.638973,3653,2523,1130,817
"Clarendon Ave & Gordon Ter",41.957879,-87.649519,3652,2154,1498,818
"Theater on the Lake",41.926277,-87.630834,3652,2154,1498,818
"Pine Grove Ave & Waveland Ave",41.949275,-87.646303,3650,1913,1737,819
"Lake Shore Dr & North Blvd",41.911722,-87.626804,3650,1913,1737,819
"Sheffield Ave & Fullerton Ave",41.9256018819,-87.6537080423,3641,3202,439,820
"Sheffield Ave & Webster Ave",41.92154,-87.653818,3641,3202,439,820
"Millennium Park",41.8810317,-87.62408432,3640,2338,1302,821
"Clinton St & Madison St",41.8827519657,-87.6411902905,3640,2338,1302,821
"Broadway & Cornelia Ave",41.945529,-87.646439,3639,3424,215,822
"Broadway & Barry Ave",41.937725,-87.644095,3639,3424,215,822
"Dearborn St & Monroe St",41.881319815,-87.6295209193,3638,3351,287,823
"Kingsbury St & Kinzie St",41.8891768326,-87.6385057718,3638,3351,287,823
"Damen Ave & Leland Ave",41.967094,-87.679028,3638,3349,289,824
"Western Ave & Leland Ave",41.966555,-87.688487,3638,3349,289,824
"Field Museum",41.865312,-87.617867,3636,1354,2282,825
"Indiana Ave & Roosevelt Rd",41.867888,-87.623041,3636,1354,2282,825
"Marshfield Ave & Cortland St",41.916017,-87.668879,3635,3512,123,826
"Lincoln Ave & Fullerton Ave",41.925905,-87.64926,3635,3512,123,826
"Dearborn St & Monroe St",41.881319815,-87.6295209193,3633,3112,521,827
"State St & Kinzie St",41.88918,-87.6277,3633,3112,521,827
"DuSable Lake Shore Dr & North Blvd",41.911722,-87.626804,3632,819,2813,828
"DuSable Lake Shore Dr & Monroe St",41.880958,-87.616743,3632,819,2813,828
"LaSalle St & Illinois St",41.890749,-87.63206,3630,3267,363,829
"Canal St & Adams St",41.879255,-87.639904,3630,3267,363,829
"Pine Grove Ave & Irving Park Rd",41.954383,-87.648043,3629,2250,1379,830
"Michigan Ave & Oak St",41.90096039,-87.62377664,3629,2250,1379,830
"Fort Dearborn Dr & 31st St",41.838556,-87.608218,3628,2084,1544,831
"Shore Dr & 55th St",41.795212,-87.580715,3628,2084,1544,831
"Theater on the Lake",41.926277,-87.630834,3628,1471,2157,832
"Wilton Ave & Belmont Ave",41.94018,-87.65304,3628,1471,2157,832
"Lakefront Trail & Bryn Mawr Ave",41.9840441152,-87.6522812247,3624,2478,1146,833
"Broadway & Thorndale Ave",41.9897425114,-87.6601406209,3624,2478,1146,833
"Michigan Ave & Oak St",41.90096039,-87.62377664,3618,1997,1621,834
"Broadway & Barry Ave",41.937725,-87.644095,3618,1997,1621,834
"Mies van der Rohe Way & Chicago Ave",41.89691,-87.621743,3618,3184,434,835
"Clark St & Elm St",41.903233,-87.631253,3618,3184,434,835
"Clinton St & Madison St",41.8827519657,-87.6411902905,3615,3497,118,836
"Clinton St & Lake St",41.88583274,-87.64138231,3615,3497,118,836
"Damen Ave & Pierce Ave",41.9093960065,-87.6776919292,3615,2809,806,837
"Western Ave & Walton St",41.8984176894,-87.6865960164,3615,2809,806,837
"Ravenswood Ave & Lawrence Ave",41.96909,-87.674237,3614,3495,119,838
"Paulina St & Montrose Ave",41.961507,-87.671387,3614,3495,119,838
"Damen Ave & Sunnyside Ave",41.96325,-87.679258,3613,3433,180,839
"Ravenswood Ave & Lawrence Ave",41.96909,-87.674237,3613,3433,180,839
"St. Clair St & Erie St",41.8943451374,-87.6227983832,3610,3076,534,840
"McClurg Ct & Erie St",41.894503,-87.617854,3610,3076,534,840
"Clinton St & Washington Blvd",41.88338,-87.64117,3605,3462,143,841
"Mies van der Rohe Way & Chicago Ave",41.89691,-87.621743,3605,3462,143,841
"Dearborn St & Monroe St",41.881319815,-87.6295209193,3601,2863,738,842
"Franklin St & Jackson Blvd",41.8777079559,-87.6353211408,3601,2863,738,842
"Wells St & Huron St",41.8947953,-87.6343743,3601,3249,352,843
"St. Clair St & Erie St",41.8943451374,-87.6227983832,3601,3249,352,843
"Clark St & North Ave",41.911974,-87.631942,3599,2497,1102,844
"Dearborn Pkwy & Delaware Pl",41.898969,-87.629912,3599,2497,1102,844
"St. Clair St & Erie St",41.8943451374,-87.6227983832,3599,2531,1068,845
"Michigan Ave & Lake St",41.886024,-87.624117,3599,2531,1068,845
"Halsted St & Polk St",41.87184,-87.64664,3598,3272,326,846
"Racine Ave & Congress Pkwy",41.87464,-87.65703,3598,3272,326,846
"Michigan Ave & Washington St",41.8838927658,-87.6246491409,3598,3151,447,847
"Franklin St & Lake St",41.885837,-87.6355,3598,3151,447,847
"Clark St & Lincoln Ave",41.915689,-87.6346,3588,2580,1008,848
"Sheffield Ave & Webster Ave",41.92154,-87.653818,3588,2580,1008,848
"Sheffield Ave & Waveland Ave",41.949399,-87.654529,3588,3159,429,849
"Clark St & Grace St",41.95078,-87.659172,3588,3159,429,849
"Cityfront Plaza Dr & Pioneer Ct",41.890573,-87.622072,3587,2683,904,850
"Michigan Ave & Lake St",41.886024,-87.624117,3587,2683,904,850
"Canal St & Madison St",41.882091,-87.639833,3587,3538,49,851
"LaSalle St & Jackson Blvd",41.878166,-87.631929,3587,3538,49,851
"Southport Ave & Roscoe St",41.943739,-87.66402,3585,2781,804,852
"Halsted St & Roscoe St",41.94367,-87.64895,3585,2781,804,852
"Wabash Ave & 8th St",41.871962,-87.626106,3579,2928,651,853
"Wabash Ave & Roosevelt Rd",41.867227,-87.625961,3579,2928,651,853
"Sheridan Rd & Noyes St (NU)",42.058239,-87.677432,3579,2616,963,854
"University Library (NU)",42.052939,-87.673447,3579,2616,963,854
"Cornell Ave & Hyde Park Blvd",41.802406,-87.586924,3578,3163,415,855
"Ellis Ave & 58th St",41.788746,-87.601334,3578,3163,415,855
"Daley Center Plaza",41.884241,-87.629634,3578,3255,323,856
"St. Clair St & Erie St",41.8943451374,-87.6227983832,3578,3255,323,856
"Broadway & Barry Ave",41.937725,-87.644095,3576,3246,330,857
"Broadway & Waveland Ave",41.949074,-87.648636,3576,3246,330,857
"Lake Shore Dr & Monroe St",41.880958,-87.616743,3573,302,3271,858
"Michigan Ave & Congress Pkwy",41.8760656,-87.62443336,3573,302,3271,858
"Indiana Ave & Roosevelt Rd",41.867888,-87.623041,3565,3317,248,859
"Clark St & Congress Pkwy",41.8759326655,-87.6305845355,3565,3317,248,859
"Damen Ave & Wellington Ave",41.93588,-87.67842,3562,3178,384,860
"Ashland Ave & Wellington Ave",41.936083,-87.669807,3562,3178,384,860
"Clark St & Randolph St",41.884576228,-87.63188991,3558,2759,799,861
"Michigan Ave & Washington St",41.8838927658,-87.6246491409,3558,2759,799,861
"Pine Grove Ave & Waveland Ave",41.949275,-87.646303,3557,3273,284,862
"Sheffield Ave & Waveland Ave",41.949399,-87.654529,3557,3273,284,862
"Desplaines St & Kinzie St",41.888716036,-87.6444478533,3555,3014,541,863
"Orleans St & Merchandise Mart Plaza",41.888243,-87.63639,3555,3014,541,863
"Clinton St & Tilden St",41.875885,-87.640795,3551,3310,241,864
"Canal St & Adams St",41.879255,-87.639904,3551,3310,241,864
"Halsted St & Wrightwood Ave",41.929143,-87.649077,3551,2013,1538,865
"Theater on the Lake",41.926277,-87.630834,3551,2013,1538,865
"Emerald Ave & 31st St",41.838198,-87.645143,3549,3259,290,866
"State St & 33rd St",41.834734,-87.625813,3549,3259,290,866
"Federal St & Polk St",41.8720776329,-87.6295437729,3546,3299,247,867
"Franklin St & Monroe St",41.880317,-87.635185,3546,3299,247,867
"Broadway & Waveland Ave",41.949074,-87.648636,3544,3366,178,868
"Clarendon Ave & Gordon Ter",41.957879,-87.649519,3544,3366,178,868
"Clybourn Ave & Division St",41.904613,-87.640552,3542,3347,195,869
"Sedgwick St & North Ave",41.910983,-87.638525,3542,3347,195,869
"Wilton Ave & Belmont Ave",41.94018,-87.65304,3538,3215,323,870
"Southport Ave & Wellington Ave",41.935733,-87.663576,3538,3215,323,870
"Mies van der Rohe Way & Chicago Ave",41.89691,-87.621743,3537,2424,1113,871
"McClurg Ct & Illinois St",41.89102,-87.6173,3537,2424,1113,871
"Milwaukee Ave & Wabansia Ave",41.912616,-87.681391,3536,2162,1374,872
"Albany Ave & Bloomingdale Ave",41.9140267127,-87.705126462,3536,2162,1374,872
"Canal St & Adams St",41.879255,-87.639904,3534,3290,244,873
"Aberdeen St & Monroe St",41.880419,-87.655519,3534,3290,244,873
"Clinton St & Washington Blvd",41.88338,-87.64117,3532,3338,194,874
"Aberdeen St & Jackson Blvd",41.87772613,-87.65478743,3532,3338,194,874
"McClurg Ct & Illinois St",41.89102,-87.6173,3532,1775,1757,875
"Michigan Ave & Lake St",41.886024,-87.624117,3532,1775,1757,875
"Michigan Ave & Madison St",41.882134,-87.625125,3526,2971,555,876
"Clinton St & Madison St",41.8827519657,-87.6411902905,3526,2971,555,876
"Sedgwick St & North Ave",41.910983,-87.638525,3521,2790,731,877
"Larrabee St & Webster Ave",41.921822,-87.64414,3521,2790,731,877
"Shore Drive & 55th St",41.795212,-87.580715,3517,1328,2189,878
"Fort Dearborn Dr & 31st St",41.838556,-87.608218,3517,1328,2189,878
"Shore Dr & 55th St",41.795212,-87.580715,3517,2668,849,879
"Cornell Ave & Hyde Park Blvd",41.802406,-87.586924,3517,2668,849,879
"Michigan Ave & Congress Pkwy",41.8760656,-87.62443336,3514,182,3332,880
"Streeter Dr & Illinois St",41.891071,-87.6122,3514,182,3332,880
"Racine Ave & 18th St",41.8581806068,-87.6564866473,3513,3051,462,881
"Paulina St & 18th St",41.857901,-87.668745,3513,3051,462,881
"Lake Shore Dr & North Blvd",41.911722,-87.626804,3513,1815,1698,882
"Larrabee St & Webster Ave",41.921822,-87.64414,3513,1815,1698,882
"Ellis Ave & 60th St",41.7850971464,-87.6010727606,3511,2424,1087,883
"Shore Dr & 55th St",41.795212,-87.580715,3511,2424,1087,883
"Kingsbury St & Kinzie St",41.8891768326,-87.6385057718,3501,2937,564,884
"Wabash Ave & Grand Ave",41.891466,-87.626761,3501,2937,564,884
"Michigan Ave & Oak St",41.90096039,-87.62377664,3500,1209,2291,885
"Columbus Dr & Randolph St",41.884728,-87.619521,3500,1209,2291,885
"Theater on the Lake",41.926277,-87.630834,3500,1821,1679,886
"Sedgwick St & Webster Ave",41.922167,-87.638888,3500,1821,1679,886
"Sheffield Ave & Willow St",41.913688,-87.652855,3498,3255,243,887
"Dayton St & North Ave",41.9105780349,-87.6494219288,3498,3255,243,887
"Streeter Dr & Grand Ave",41.892278,-87.612043,3496,390,3106,888
"Michigan Ave & Washington St",41.8839840647,-87.6246839762,3496,390,3106,888
"Southport Ave & Waveland Ave",41.94815,-87.66394,3495,2944,551,889
"Sheridan Rd & Irving Park Rd",41.954245,-87.654406,3495,2944,551,889
"Clybourn Ave & Division St",41.904613,-87.640552,3494,3435,59,890
"Clinton St & Washington Blvd",41.88338,-87.64117,3494,3435,59,890
"Kingsbury St & Kinzie St",41.8891768326,-87.6385057718,3493,2877,616,891
"Green St & Randolph St*",41.8836016573,-87.6486267149,3493,2877,616,891
"Canal St & Adams St",41.879255,-87.639904,3492,3329,163,892
"Mies van der Rohe Way & Chicago Ave",41.89691,-87.621743,3492,3329,163,892
"Fairbanks Ct & Grand Ave",41.89186,-87.62062,3491,1317,2174,893
"Michigan Ave & Oak St",41.90096039,-87.62377664,3491,1317,2174,893
"Clark St & Schiller St",41.907993,-87.631501,3486,3013,473,894
"Wells St & Concord Ln",41.912133,-87.634656,3486,3013,473,894
"Columbus Dr & Randolph St",41.884728,-87.619521,3486,2417,1069,895
"Michigan Ave & Lake St",41.886024,-87.624117,3486,2417,1069,895
"Prairie Ave & Garfield Blvd",41.794853,-87.618691,3485,3100,385,896
"University Ave & 57th St",41.791478,-87.599861,3485,3100,385,896
"Milwaukee Ave & Wabansia Ave",41.912616,-87.681391,3484,2917,567,897
"Marshfield Ave & Cortland St",41.916017,-87.668879,3484,2917,567,897
"Michigan Ave & 8th St",41.872773,-87.623981,3481,1830,1651,898
"Michigan Ave & Jackson Blvd",41.87785,-87.62408,3481,1830,1651,898
"Streeter Dr & Grand Ave",41.892278,-87.612043,3479,743,2736,899
"State St & Kinzie St",41.88918,-87.6277,3479,743,2736,899
"Adler Planetarium",41.866095,-87.607267,3477,815,2662,900
"Dusable Harbor",41.886976,-87.612813,3477,815,2662,900
"Clinton St & Madison St",41.8827519657,-87.6411902905,3477,2918,559,901
"900 W Harrison St",41.874754,-87.649807,3477,2918,559,901
"Sheffield Ave & Webster Ave",41.92154,-87.653818,3473,3011,462,902
"Wilton Ave & Diversey Pkwy",41.932418,-87.652705,3473,3011,462,902
"Franklin St & Monroe St",41.880317,-87.635185,3468,1669,1799,903
"Millennium Park",41.8810317,-87.62408432,3468,1669,1799,903
"Millennium Park",41.8810317,-87.62408432,3467,1036,2431,904
"Mies van der Rohe Way & Chicago Ave",41.89691,-87.621743,3467,1036,2431,904
"Rush St & Superior St",41.8957647456,-87.6259080327,3463,3125,338,905
"McClurg Ct & Erie St",41.894503,-87.617854,3463,3125,338,905
"Millennium Park",41.8810317,-87.62408432,3461,2349,1112,906
"Calumet Ave & 18th St",41.857611,-87.619407,3461,2349,1112,906
"Michigan Ave & Pearson St",41.89766,-87.62351,3457,802,2655,907
"Michigan Ave & Washington St",41.8838927658,-87.6246491409,3457,802,2655,907
"Indiana Ave & Roosevelt Rd",41.867888,-87.623041,3456,772,2684,908
"McCormick Place",41.8513751729,-87.6188346489,3456,772,2684,908
"Clinton St & Tilden St",41.875885,-87.640795,3453,2972,481,909
"Clinton St & Roosevelt Rd",41.8671177825,-87.6410879593,3453,2972,481,909
"Broadway & Sheridan Rd",41.952833,-87.649993,3452,2976,476,910
"Halsted St & Roscoe St",41.94367,-87.64895,3452,2976,476,910
"Dearborn St & Monroe St",41.881319815,-87.6295209193,3450,2901,549,911
"Dearborn St & Erie St",41.893992,-87.629318,3450,2901,549,911
"Franklin St & Monroe St",41.880317,-87.635185,3449,3314,135,912
"Dearborn St & Adams St",41.8793563587,-87.6297910363,3449,3314,135,912
"Clinton St & Washington Blvd",41.88338,-87.64117,3449,3285,164,913
"Franklin St & Lake St",41.885837,-87.6355,3449,3285,164,913
"Wabash Ave & 9th St",41.870769,-87.625734,3444,3039,405,914
"Wabash Ave & Roosevelt Rd",41.867227,-87.625961,3444,3039,405,914
"Dayton St & North Ave",41.9105780349,-87.6494219288,3441,2724,717,915
"Wells St & Concord Ln",41.912133,-87.634656,3441,2724,717,915
"Throop St & Taylor St",41.868968,-87.659141,3441,3184,257,916
"Halsted St & Polk St",41.87184,-87.64664,3441,3184,257,916
"Wilton Ave & Diversey Pkwy",41.932418,-87.652705,3440,3197,243,917
"Southport Ave & Wellington Ave",41.935733,-87.663576,3440,3197,243,917
"Clark St & Armitage Ave",41.918306,-87.636282,3437,2570,867,918
"Sheffield Ave & Webster Ave",41.92154,-87.653818,3437,2570,867,918
"Ravenswood Ave & Lawrence Ave",41.968445,-87.674226,3436,2956,480,919
"Clark St & Winnemac Ave",41.9733476405,-87.6678554714,3436,2956,480,919
"Clark St & Armitage Ave",41.918306,-87.636282,3436,2450,986,920
"Clifton Ave & Armitage Ave",41.918216,-87.656936,3436,2450,986,920
"Columbus Dr & Randolph St",41.884728,-87.619521,3434,3116,318,921
"LaSalle St & Washington St",41.882664,-87.63253,3434,3116,318,921
"McClurg Ct & Illinois St",41.89102,-87.6173,3432,3140,292,922
"Franklin St & Monroe St",41.880317,-87.635185,3432,3140,292,922
"Cityfront Plaza Dr & Pioneer Ct",41.890573,-87.622072,3427,3017,410,923
"Clark St & Lake St",41.8860208277,-87.6308760584,3427,3017,410,923
"Damen Ave & Thomas St (Augusta Blvd)",41.901315,-87.677409,3427,2910,517,924
"Ashland Ave & Division St",41.90345,-87.667747,3427,2910,517,924
"Canal St & Adams St",41.879255,-87.639904,3426,3252,174,925
"Morgan St & Polk St",41.871737,-87.65103,3426,3252,174,925
"Pine Grove Ave & Irving Park Rd",41.954383,-87.648043,3426,2602,824,926
"Sheffield Ave & Waveland Ave",41.949399,-87.654529,3426,2602,824,926
"Orleans St & Merchandise Mart Plaza",41.888243,-87.63639,3425,3067,358,927
"Wells St & Concord Ln",41.912133,-87.634656,3425,3067,358,927
"Buckingham Fountain",41.876368,-87.6205586,3425,407,3018,928
"Adler Planetarium",41.866095,-87.607267,3425,407,3018,928
"Clark St & Chicago Ave",41.896544,-87.630931,3425,3060,365,929
"Clark St & Elm St",41.903233,-87.631253,3425,3060,365,929
"Dearborn St & Monroe St",41.881319815,-87.6295209193,3424,3199,225,930
"Michigan Ave & 14th St",41.864059,-87.623727,3424,3199,225,930
"Blue Island Ave & 18th St",41.857556,-87.661535,3421,3215,206,931
"Morgan St & Polk St",41.871737,-87.65103,3421,3215,206,931
"Broadway & Thorndale Ave",41.9897425114,-87.6601406209,3419,2789,630,932
"Clark St & Berwyn Ave",41.9780306225,-87.6685649157,3419,2789,630,932
"Morgan Ave & 14th Pl",41.862378,-87.651062,3419,3154,265,933
"900 W Harrison St",41.874754,-87.649807,3419,3154,265,933
"Racine Ave & Congress Pkwy",41.87464,-87.65703,3418,3160,258,934
"May St & Taylor St",41.8694821,-87.6554864,3418,3160,258,934
"Sedgwick St & Webster Ave",41.922167,-87.638888,3418,2891,527,935
"Sheffield Ave & Fullerton Ave",41.9256018819,-87.6537080423,3418,2891,527,935
"Clinton St & Washington Blvd",41.88338,-87.64117,3415,3088,327,936
"Michigan Ave & Oak St",41.90096039,-87.62377664,3415,3088,327,936
"Kingsbury St & Kinzie St",41.8891768326,-87.6385057718,3413,3202,211,937
"Aberdeen St & Monroe St",41.880419,-87.655519,3413,3202,211,937
"Damen Ave & Chicago Ave",41.895769,-87.67722,3412,3162,250,938
"Ashland Ave & Chicago Ave",41.895966,-87.667747,3412,3162,250,938
"Logan Blvd & Elston Ave",41.930584,-87.685126,3412,2945,467,939
"Kedzie Ave & Milwaukee Ave",41.929567,-87.707857,3412,2945,467,939
"Indiana Ave & Roosevelt Rd",41.867888,-87.623041,3411,2273,1138,940
"Franklin St & Jackson Blvd",41.8777079559,-87.6353211408,3411,2273,1138,940
"Southport Ave & Waveland Ave",41.94815,-87.66394,3409,2932,477,941
"Southport Ave & Wellington Ave",41.935733,-87.663576,3409,2932,477,941
"State St & 35th St",41.831036314,-87.6267975569,3406,3184,222,942
"Calumet Ave & 33rd St",41.8349,-87.61793,3406,3184,222,942
"Daley Center Plaza",41.884241,-87.629634,3406,3063,343,943
"LaSalle St & Jackson Blvd",41.878166,-87.631929,3406,3063,343,943
"Michigan Ave & Lake St",41.886024,-87.624117,3406,2895,511,944
"Clark St & Randolph St",41.884576228,-87.63188991,3406,2895,511,944
"Clinton St & Washington Blvd",41.88338,-87.64117,3405,3204,201,945
"Clinton St & Tilden St",41.875885,-87.640795,3405,3204,201,945
"Clark St & Elm St",41.903233,-87.631253,3400,3072,328,946
"Clybourn Ave & Division St",41.904613,-87.640552,3400,3072,328,946
"Wabash Ave & Grand Ave",41.891466,-87.626761,3398,2977,421,947
"Canal St & Adams St",41.879255,-87.639904,3398,2977,421,947
"Clinton St & Tilden St",41.875885,-87.640795,3396,3065,331,948
"Canal St & Taylor St",41.870257,-87.639474,3396,3065,331,948
"Clark St & Lake St",41.8860208277,-87.6308760584,3396,3173,223,949
"Michigan Ave & Lake St",41.886024,-87.624117,3396,3173,223,949
"Indiana Ave & Roosevelt Rd",41.867888,-87.623041,3393,2439,954,950
"State St & Van Buren St",41.877181,-87.627844,3393,2439,954,950
"McClurg Ct & Illinois St",41.89102,-87.6173,3392,1711,1681,951
"Fairbanks Ct & Grand Ave",41.89186,-87.62062,3392,1711,1681,951
"Larrabee St & Armitage Ave",41.918084,-87.643749,3388,3084,304,952
"Sedgwick St & North Ave",41.910983,-87.638525,3388,3084,304,952
"Dearborn St & Erie St",41.893992,-87.629318,3388,2818,570,953
"St. Clair St & Erie St",41.8943451374,-87.6227983832,3388,2818,570,953
"Lake Shore Dr & Ohio St",41.89257,-87.614492,3388,2288,1100,954
"Wabash Ave & Grand Ave",41.891738,-87.626937,3388,2288,1100,954
"Lincoln Ave & Roscoe St",41.94334,-87.67097,3387,3104,283,955
"Wilton Ave & Belmont Ave",41.94018,-87.65304,3387,3104,283,955
"Fort Dearborn Dr & 31st St",41.838556,-87.608218,3386,2267,1119,956
"Rhodes Ave & 32nd St",41.836208,-87.613533,3386,2267,1119,956
"Clinton St & Washington Blvd",41.88338,-87.64117,3385,3204,181,957
"Ogden Ave & Race Ave",41.891795,-87.658751,3385,3204,181,957
"Chicago Ave & Sheridan Rd",42.050491,-87.677821,3384,2529,855,958
"University Library (NU)",42.052939,-87.673447,3384,2529,855,958
"Michigan Ave & Jackson Blvd",41.87785,-87.62408,3384,2249,1135,959
"Wabash Ave & Roosevelt Rd",41.867227,-87.625961,3384,2249,1135,959
"St. Clair St & Erie St",41.8943451374,-87.6227983832,3381,2951,430,960
"Clark St & Lake St",41.8860208277,-87.6308760584,3381,2951,430,960
"Franklin St & Jackson Blvd",41.8777079559,-87.6353211408,3378,2950,428,961
"Federal St & Polk St",41.8720776329,-87.6295437729,3378,2950,428,961
"Lakeview Ave & Fullerton Pkwy",41.925858,-87.638973,3377,2983,394,962
"Hampden Ct & Diversey Pkwy",41.93262,-87.642385,3377,2983,394,962
"Clinton St & Lake St",41.885637,-87.641823,3375,3105,270,963
"Desplaines St & Kinzie St",41.888716036,-87.6444478533,3375,3105,270,963
"Wentworth Ave & 35th St",41.830777,-87.632504,3374,2995,379,964
"Wallace St & 35th St",41.8307070514,-87.641255334,3374,2995,379,964
"Clinton St & Madison St",41.8827519657,-87.6411902905,3368,3053,315,965
"Wabash Ave & Roosevelt Rd",41.867227,-87.625961,3368,3053,315,965
"Western Ave & Leland Ave",41.966555,-87.688487,3368,2898,470,966
"Lincoln Ave & Winona St",41.9749112968,-87.6925025594,3368,2898,470,966
"Indiana Ave & Roosevelt Rd",41.867888,-87.623041,3364,1046,2318,967
"Museum Campus",41.865212,-87.617759,3364,1046,2318,967
"Theater on the Lake",41.926277,-87.630834,3363,1594,1769,968
"Sheffield Ave & Webster Ave",41.92154,-87.653818,3363,1594,1769,968
"Sheffield Ave & Willow St",41.913688,-87.652855,3363,2762,601,969
"Wells St & Concord Ln",41.912133,-87.634656,3363,2762,601,969
"Larrabee St & Kingsbury St",41.897764,-87.642884,3361,3058,303,970
"Wells St & Elm St",41.903222,-87.634324,3361,3058,303,970
"Indiana Ave & Roosevelt Rd",41.867888,-87.623041,3360,1260,2100,971
"Michigan Ave & Oak St",41.90096039,-87.62377664,3360,1260,2100,971
"Clark St & Lunt Ave",42.0090111806,-87.6741117239,3358,2908,450,972
"Western Ave & Lunt Ave",42.0085943972,-87.6904922389,3358,2908,450,972
"Wells St & Erie St",41.893832,-87.634195,3358,3183,175,973
"Canal St & Madison St",41.882091,-87.639833,3358,3183,175,973
"Halsted St & Dickens Ave",41.919936,-87.64883,3357,3063,294,974
"Sheffield Ave & Webster Ave",41.92154,-87.653818,3357,3063,294,974
"Broadway & Barry Ave",41.937725,-87.644095,3357,2820,537,975
"Lakeview Ave & Fullerton Pkwy",41.925858,-87.638973,3357,2820,537,975
"Wabash Ave & Adams St",41.8794723523,-87.6256886059,3352,2895,457,976
"Wabash Ave & Roosevelt Rd",41.867227,-87.625961,3352,2895,457,976
"Wells St & Concord Ln",41.912133,-87.634656,3352,2411,941,977
"Stockton Dr & Wrightwood Ave",41.93132,-87.638742,3352,2411,941,977
"Pine Grove Ave & Waveland Ave",41.949275,-87.646303,3347,1895,1452,978
"Michigan Ave & Oak St",41.90096039,-87.62377664,3347,1895,1452,978
"Wood St & Milwaukee Ave",41.907655,-87.672552,3346,2933,413,979
"Ashland Ave & Division St",41.90345,-87.667747,3346,2933,413,979
"Wells St & Concord Ln",41.912133,-87.634656,3345,2691,654,980
"Larrabee St & Armitage Ave",41.918084,-87.643749,3345,2691,654,980
"Wells St & Hubbard St",41.889906,-87.634266,3344,2611,733,981
"Desplaines St & Kinzie St",41.888716036,-87.6444478533,3344,2611,733,981
"Clark St & Schiller St",41.907993,-87.631501,3338,2233,1105,982
"Clark St & Armitage Ave",41.918306,-87.636282,3338,2233,1105,982
"Shedd Aquarium",41.8672259568,-87.6153553902,3335,637,2698,983
"McClurg Ct & Illinois St",41.89102,-87.6173,3335,637,2698,983
"Dearborn St & Monroe St",41.881319815,-87.6295209193,3332,2907,425,984
"Clark St & Elm St",41.903233,-87.631253,3332,2907,425,984
"Michigan Ave & Jackson Blvd",41.87785,-87.62408,3332,2630,702,985
"Michigan Ave & 18th St",41.857926,-87.624336,3332,2630,702,985
"Fairbanks Ct & Grand Ave",41.89186,-87.62062,3326,1830,1496,986
"Lake Shore Dr & Ohio St",41.89257,-87.614492,3326,1830,1496,986
"Ashland Ave & Division St",41.90345,-87.667747,3326,3098,228,987
"Ashland Ave & Chicago Ave",41.895966,-87.667747,3326,3098,228,987
"State St & 33rd St",41.834734,-87.625813,3317,3097,220,988
"State St & 35th St",41.83104,-87.62688,3317,3097,220,988
"Wabash Ave & Roosevelt Rd",41.867227,-87.625961,3316,2310,1006,989
"Wabash Ave & Cermak Rd",41.852619,-87.626488,3316,2310,1006,989
"Canal St & Madison St",41.882091,-87.639833,3316,3218,98,990
"Green St & Madison St",41.881859328,-87.6492637396,3316,3218,98,990
"Loomis St & Jackson Blvd",41.877945,-87.662007,3315,2783,532,991
"Aberdeen St & Jackson Blvd",41.87772613,-87.65478743,3315,2783,532,991
"Lincoln Ave & Roscoe St",41.94334,-87.67097,3315,3087,228,992
"Southport Ave & Waveland Ave",41.94815,-87.66394,3315,3087,228,992
"Fairbanks Ct & Grand Ave",41.89186,-87.62062,3313,2827,486,993
"Wabash Ave & Grand Ave",41.891466,-87.626761,3313,2827,486,993
"Streeter Dr & Grand Ave",41.892278,-87.612043,3309,705,2604,994
"Rush St & Hubbard St",41.890173,-87.626185,3309,705,2604,994
"Columbus Dr & Randolph St",41.884728,-87.619521,3308,971,2337,995
"Adler Planetarium",41.866095,-87.607267,3308,971,2337,995
"Ashland Ave & Division St",41.90345,-87.667747,3306,2727,579,996
"Damen Ave & Chicago Ave",41.895769,-87.67722,3306,2727,579,996
"Wood St & Taylor St",41.869154,-87.671045,3300,3252,48,997
"Canal St & Jackson Blvd",41.877988,-87.640769,3300,3252,48,997
"Dearborn St & Adams St",41.8793563587,-87.6297910363,3296,2998,298,998
"Daley Center Plaza",41.884241,-87.629634,3296,2998,298,998
"Prairie Ave & Garfield Blvd",41.794853,-87.618691,3293,3015,278,999
"DuSable Museum",41.7915680106,-87.6078521774,3293,3015,278,999
"Clark St & Wellington Ave",41.9364968219,-87.6475386582,3291,2893,398,1000
"Broadway & Waveland Ave",41.949074,-87.648636,3291,2893,398,1000
"LaSalle St & Jackson Blvd",41.87817,-87.631985,3289,3160,129,1001
"Dearborn Pkwy & Delaware Pl",41.898969,-87.629912,3289,3160,129,1001
"Southport Ave & Wellington Ave",41.935733,-87.663576,3288,3023,265,1002
"Clark St & Wellington Ave",41.9364968219,-87.6475386582,3288,3023,265,1002
"Blackstone Ave & 59th St",41.787877,-87.590461,3287,2589,698,1003
"University Ave & 59th St",41.787878,-87.598906,3287,2589,698,1003
"Fort Dearborn Dr & 31st St",41.838556,-87.608218,3287,974,2313,1004
"Adler Planetarium",41.866095,-87.607267,3287,974,2313,1004
"Field Blvd & South Water St",41.8863490627,-87.6175165471,3287,1454,1833,1005
"Shedd Aquarium",41.8672259568,-87.6153553902,3287,1454,1833,1005
"Clarendon Ave & Gordon Ter",41.9578665242,-87.6495051384,3286,2818,468,1006
"Broadway & Waveland Ave",41.949074,-87.648636,3286,2818,468,1006
"Lake Park Ave & 47th St",41.809443,-87.591875,3284,1061,2223,1007
"Fort Dearborn Dr & 31st St",41.838556,-87.608218,3284,1061,2223,1007
"Clinton St & Washington Blvd",41.88338,-87.64117,3284,3114,170,1008
"Daley Center Plaza",41.884451,-87.629892,3284,3114,170,1008
"Clinton St & Madison St",41.8827519657,-87.6411902905,3283,2799,484,1009
"Wells St & Huron St",41.8947953,-87.6343743,3283,2799,484,1009
"Daley Center Plaza",41.884241,-87.629634,3281,2992,289,1010
"Clark St & Elm St",41.903233,-87.631253,3281,2992,289,1010
"Fairbanks Ct & Grand Ave",41.89186,-87.62062,3280,1479,1801,1011
"Theater on the Lake",41.926277,-87.630834,3280,1479,1801,1011
"Federal St & Polk St",41.8720776329,-87.6295437729,3278,2530,748,1012
"Indiana Ave & Roosevelt Rd",41.867888,-87.623041,3278,2530,748,1012
"Clinton St & Madison St",41.8827519657,-87.6411902905,3278,3001,277,1013
"Fairbanks Ct & Grand Ave",41.89186,-87.62062,3278,3001,277,1013
"Clinton St & Washington Blvd",41.88338,-87.64117,3277,2905,372,1014
"Michigan Ave & Madison St",41.882134,-87.625125,3277,2905,372,1014
"Shedd Aquarium",41.8672259568,-87.6153553902,3277,273,3004,1015
"Michigan Ave & Washington St",41.8838927658,-87.6246491409,3277,273,3004,1015
"MLK Jr Dr & 29th St",41.842052,-87.617,3276,3200,76,1016
"State St & 35th St",41.83104,-87.62688,3276,3200,76,1016
"Kingsbury St & Kinzie St",41.8891768326,-87.6385057718,3275,2904,371,1017
"St. Clair St & Erie St",41.8943451374,-87.6227983832,3275,2904,371,1017
"Woodlawn Ave & 55th St",41.795264,-87.596471,3273,2744,529,1018
"Cornell Ave & Hyde Park Blvd",41.802406,-87.586924,3273,2744,529,1018
"Streeter Dr & Grand Ave",41.892278,-87.612043,3273,1522,1751,1019
"Clark St & Elm St",41.903233,-87.631253,3273,1522,1751,1019
"Kedzie Ave & Milwaukee Ave",41.929567,-87.707857,3270,1865,1405,1020
"Damen Ave & Pierce Ave",41.9093960065,-87.6776919292,3270,1865,1405,1020
"Streeter Dr & Illinois St",41.891071,-87.6122,3269,406,2863,1021
"Clark St & North Ave",41.911974,-87.631942,3269,406,2863,1021
"State St & Randolph St",41.8847302006,-87.6277335692,3269,2810,459,1022
"Dearborn St & Erie St",41.893992,-87.629318,3269,2810,459,1022
"Theater on the Lake",41.926277,-87.630834,3262,1213,2049,1023
"Dusable Harbor",41.886976,-87.612813,3262,1213,2049,1023
"Michigan Ave & Congress Pkwy",41.8760656,-87.62443336,3260,2369,891,1024
"Wabash Ave & Roosevelt Rd",41.867227,-87.625961,3260,2369,891,1024
"Clinton St & Roosevelt Rd",41.8671177825,-87.6410879593,3257,2594,663,1025
"Halsted St & Maxwell St",41.864883,-87.647071,3257,2594,663,1025
"Canal St & Monroe St",41.8807,-87.63947,3255,3108,147,1026
"Green St & Madison St",41.881859328,-87.6492637396,3255,3108,147,1026
"Millennium Park",41.8810317,-87.62408432,3255,911,2344,1027
"State St & Kinzie St",41.88918,-87.6277,3255,911,2344,1027
"McClurg Ct & Illinois St",41.89102,-87.6173,3254,2926,328,1028
"Kingsbury St & Kinzie St",41.8891768326,-87.6385057718,3254,2926,328,1028
"Broadway & Barry Ave",41.937725,-87.644095,3252,3057,195,1029
"Sheffield Ave & Wellington Ave",41.936253,-87.653566,3252,3057,195,1029
"Broadway & Belmont Ave",41.940106,-87.645451,3251,2601,650,1030
"Wilton Ave & Belmont Ave",41.9402319181,-87.6529437304,3251,2601,650,1030
"Fairbanks Ct & Grand Ave",41.89186,-87.62062,3251,2990,261,1031
"Clark St & Lake St",41.8860208277,-87.6308760584,3251,2990,261,1031
"Clark St & Elm St",41.903233,-87.631253,3250,1544,1706,1032
"Theater on the Lake",41.926277,-87.630834,3250,1544,1706,1032
"Clark St & Lake St",41.8860208277,-87.6308760584,3248,2663,585,1033
"Dearborn St & Erie St",41.893992,-87.629318,3248,2663,585,1033
"Wolcott Ave & Polk St",41.871262,-87.673688,3247,3045,202,1034
"May St & Taylor St",41.8694821,-87.6554864,3247,3045,202,1034
"LaSalle St & Adams St",41.8793443735,-87.6319852213,3246,3154,92,1035
"Canal St & Madison St",41.882091,-87.639833,3246,3154,92,1035
"Lincoln Ave & Leavitt St",41.962391,-87.684146,3245,3125,120,1036
"Ravenswood Ave & Lawrence Ave",41.96909,-87.674237,3245,3125,120,1036
"Wabash Ave & 16th St",41.860384,-87.625813,3243,3104,139,1037
"Daley Center Plaza",41.884241,-87.629634,3243,3104,139,1037
"Canal St & Madison St",41.882091,-87.639833,3242,2919,323,1038
"Dearborn Pkwy & Delaware Pl",41.898969,-87.629912,3242,2919,323,1038
"Streeter Dr & Grand Ave",41.892278,-87.612043,3241,702,2539,1039
"LaSalle St & Illinois St",41.890762,-87.631697,3241,702,2539,1039
"Racine Ave & Congress Pkwy",41.87464,-87.65703,3240,2971,269,1040
"Wolcott Ave & Polk St",41.871262,-87.673688,3240,2971,269,1040
"McClurg Ct & Illinois St",41.89102,-87.6173,3240,3017,223,1041
"Daley Center Plaza",41.884241,-87.629634,3240,3017,223,1041
"Marshfield Ave & Cortland St",41.916017,-87.668879,3238,2899,339,1042
"Dayton St & North Ave",41.9105780349,-87.6494219288,3238,2899,339,1042
"Shore Dr & 55th St",41.795212,-87.580715,3233,2366,867,1043
"Kimbark Ave & 53rd St",41.799568,-87.594747,3233,2366,867,1043
"Sheridan Rd & Loyola Ave",42.0010437798,-87.6611982433,3233,2506,727,1044
"Broadway & Granville Ave",41.9947796884,-87.6602845349,3233,2506,727,1044
"Broadway & Belmont Ave",41.940106,-87.645451,3231,1508,1723,1045
"Michigan Ave & Oak St",41.90096039,-87.62377664,3231,1508,1723,1045
"Green St & Randolph St*",41.8836016573,-87.6486267149,3229,3003,226,1046
"Clinton St & Madison St",41.8827519657,-87.6411902905,3229,3003,226,1046
"State St & Randolph St",41.8847302006,-87.6277335692,3229,1035,2194,1047
"Millennium Park",41.8810317,-87.62408432,3229,1035,2194,1047
"Sedgwick St & North Ave",41.910983,-87.638525,3225,3054,171,1048
"Kingsbury St & Kinzie St",41.8891768326,-87.6385057718,3225,3054,171,1048
"Wells St & Elm St",41.903222,-87.634324,3225,2780,445,1049
"Franklin St & Monroe St",41.880317,-87.635185,3225,2780,445,1049
"Lake Shore Dr & Ohio St",41.89257,-87.614492,3221,230,2991,1050
"Streeter Dr & Illinois St",41.891071,-87.6122,3221,230,2991,1050
"Sedgwick St & Webster Ave",41.922167,-87.638888,3218,2665,553,1051
"Clark St & Wrightwood Ave",41.929546,-87.643118,3218,2665,553,1051
"Ashland Ave & Division St",41.90345,-87.667747,3217,3012,205,1052
"Wood St & Division St",41.90332,-87.67273,3217,3012,205,1052
"Clark St & Congress Pkwy",41.8759326655,-87.6305845355,3217,3052,165,1053
"Michigan Ave & Lake St",41.886024,-87.624117,3217,3052,165,1053
"Kimbark Ave & 53rd St",41.7994549,-87.5947779,3214,2531,683,1054
"Ellis Ave & 55th St",41.7943006205,-87.6014497734,3214,2531,683,1054
"LaSalle St & Illinois St",41.890749,-87.63206,3211,2932,279,1055
"Canal St & Madison St",41.882091,-87.639833,3211,2932,279,1055
"Pine Grove Ave & Irving Park Rd",41.954383,-87.648043,3210,2740,470,1056
"Broadway & Belmont Ave",41.940106,-87.645451,3210,2740,470,1056
"Desplaines St & Kinzie St",41.888716036,-87.6444478533,3207,2827,380,1057
"Franklin St & Lake St",41.885837,-87.6355,3207,2827,380,1057
"Throop St & Taylor St",41.868968,-87.659141,3206,2799,407,1058
"Morgan St & Polk St",41.871737,-87.65103,3206,2799,407,1058
"Cornell Ave & Hyde Park Blvd",41.802406,-87.586924,3206,2916,290,1059
"Ellis Ave & 60th St",41.7850971464,-87.6010727606,3206,2916,290,1059
"Sheffield Ave & Waveland Ave",41.949399,-87.654529,3203,1884,1319,1060
"Sheridan Rd & Montrose Ave",41.96167,-87.65464,3203,1884,1319,1060
"Racine Ave & Belmont Ave",41.939743,-87.658865,3200,2656,544,1061
"Broadway & Belmont Ave",41.940106,-87.645451,3200,2656,544,1061
"Streeter Dr & Illinois St",41.891071,-87.6122,3200,366,2834,1062
"Michigan Ave & Lake St",41.886024,-87.624117,3200,366,2834,1062
"Wilton Ave & Belmont Ave",41.94018,-87.65304,3197,2905,292,1063
"Damen Ave & Melrose Ave",41.9406,-87.6785,3197,2905,292,1063
"Clark St & Lake St",41.8860208277,-87.6308760584,3196,2973,223,1064
"Clinton St & Madison St",41.8827519657,-87.6411902905,3196,2973,223,1064
"Canal St & Adams St",41.879255,-87.639904,3194,2938,256,1065
"Wabash Ave & Grand Ave",41.891738,-87.626937,3194,2938,256,1065
"Sedgwick St & Webster Ave",41.922167,-87.638888,3192,2368,824,1066
"Larrabee St & Webster Ave",41.921822,-87.64414,3192,2368,824,1066
"Calumet Ave & 18th St",41.857611,-87.619407,3191,1815,1376,1067
"Adler Planetarium",41.866095,-87.607267,3191,1815,1376,1067
"Broadway & Waveland Ave",41.949074,-87.648636,3185,2664,521,1068
"Sheridan Rd & Buena Ave",41.958494,-87.654966,3185,2664,521,1068
"Prairie Ave & Garfield Blvd",41.794853,-87.618691,3180,2826,354,1069
"Ellis Ave & 58th St",41.788746,-87.601334,3180,2826,354,1069
"State St & Van Buren St",41.877181,-87.627844,3180,2697,483,1070
"Canal St & Adams St",41.879255,-87.639904,3180,2697,483,1070
"Larrabee St & Kingsbury St",41.897764,-87.642884,3180,2965,215,1071
"Larrabee St & Oak St",41.9002194932,-87.6429854676,3180,2965,215,1071
"Clinton St & Madison St",41.8827519657,-87.6411902905,3177,2925,252,1072
"Dearborn St & Adams St",41.8793563587,-87.6297910363,3177,2925,252,1072
"DuSable Lake Shore Dr & Monroe St",41.880958,-87.616743,3177,1431,1746,1073
"Indiana Ave & Roosevelt Rd",41.867888,-87.623041,3177,1431,1746,1073
"Ellis Ave & 60th St",41.7850971464,-87.6010727606,3177,2942,235,1074
"University Ave & 59th St",41.787878,-87.598906,3177,2942,235,1074
"Sedgwick St & Webster Ave",41.922167,-87.638888,3175,2448,727,1075
"Clark St & Elm St",41.903233,-87.631253,3175,2448,727,1075
"McCormick Place",41.8513751729,-87.6188346489,3175,324,2851,1076
"Lake Shore Dr & Monroe St",41.880958,-87.616743,3175,324,2851,1076
"Clinton St & Madison St",41.8827519657,-87.6411902905,3170,2973,197,1077
"Aberdeen St & Monroe St",41.880419,-87.655519,3170,2973,197,1077
"Streeter Dr & Illinois St",41.891071,-87.6122,3169,248,2921,1078
"Mies van der Rohe Way & Chicago Ave",41.89691,-87.621743,3169,248,2921,1078
"Clark St & North Ave",41.911974,-87.631942,3168,964,2204,1079
"Theater on the Lake",41.926277,-87.630834,3168,964,2204,1079
"McClurg Ct & Illinois St",41.89102,-87.6173,3166,1543,1623,1080
"Michigan Ave & Pearson St",41.89766,-87.62351,3166,1543,1623,1080
"Theater on the Lake",41.926277,-87.630834,3164,1235,1929,1081
"Broadway & Cornelia Ave",41.945512,-87.64598,3164,1235,1929,1081
"Stetson Ave & South Water St",41.886835,-87.62232,3164,1035,2129,1082
"Millennium Park",41.8810317,-87.62408432,3164,1035,2129,1082
"Columbus Dr & Randolph St",41.884728,-87.619521,3164,1791,1373,1083
"Field Blvd & South Water St",41.8863490627,-87.6175165471,3164,1791,1373,1083
"Ashland Ave & Division St",41.90345,-87.667747,3160,2386,774,1084
"Clark St & Elm St",41.903233,-87.631253,3160,2386,774,1084
"Fairbanks Ct & Grand Ave",41.89186,-87.62062,3159,1822,1337,1085
"Michigan Ave & Pearson St",41.89766,-87.62351,3159,1822,1337,1085
"Damen Ave & Grand Ave",41.89122,-87.67686,3158,2573,585,1086
"Damen Ave & Pierce Ave",41.9093960065,-87.6776919292,3158,2573,585,1086
"Clark St & North Ave",41.911974,-87.631942,3157,1778,1379,1087
"Clark St & Armitage Ave",41.918306,-87.636282,3157,1778,1379,1087
"Marshfield Ave & Cortland St",41.916017,-87.668879,3157,2213,944,1088
"Clark St & Armitage Ave",41.918306,-87.636282,3157,2213,944,1088
"Broadway & Cornelia Ave",41.945529,-87.646439,3155,2572,583,1089
"Wilton Ave & Belmont Ave",41.9402319181,-87.6529437304,3155,2572,583,1089
"Noble St & Milwaukee Ave",41.90068,-87.6626,3155,3007,148,1090
"Clinton St & Washington Blvd",41.88338,-87.64117,3155,3007,148,1090
"Canal St & Adams St",41.879255,-87.639904,3150,3055,95,1091
"Sangamon St & Washington Blvd",41.883004,-87.651148,3150,3055,95,1091
"Canal St & Madison St",41.882091,-87.639833,3150,2941,209,1092
"Dearborn St & Erie St",41.893992,-87.629318,3150,2941,209,1092
"Clark St & Lake St",41.8860208277,-87.6308760584,3149,2783,366,1093
"McClurg Ct & Illinois St",41.89102,-87.6173,3149,2783,366,1093
"Pine Grove Ave & Waveland Ave",41.949275,-87.646303,3149,2864,285,1094
"Broadway & Belmont Ave",41.940106,-87.645451,3149,2864,285,1094
"Clark St & Randolph St",41.884576228,-87.63188991,3148,2889,259,1095
"Stetson Ave & South Water St",41.886835,-87.62232,3148,2889,259,1095
"McClurg Ct & Illinois St",41.89102,-87.6173,3148,1207,1941,1096
"Michigan Ave & Washington St",41.8838927658,-87.6246491409,3148,1207,1941,1096
"Orleans St & Merchandise Mart Plaza",41.888243,-87.63639,3146,3041,105,1097
"LaSalle St & Jackson Blvd",41.87817,-87.631985,3146,3041,105,1097
"Columbus Dr & Randolph St",41.884728,-87.619521,3146,2247,899,1098
"Stetson Ave & South Water St",41.886835,-87.62232,3146,2247,899,1098
"Franklin St & Monroe St",41.880317,-87.635185,3146,2831,315,1099
"Green St & Madison St",41.881859328,-87.6492637396,3146,2831,315,1099
"Rush St & Cedar St",41.9023087012,-87.627690528,3145,2544,601,1100
"Dearborn St & Erie St",41.893992,-87.629318,3145,2544,601,1100
"Wells St & Concord Ln",41.912133,-87.634656,3141,2139,1002,1101
"Halsted St & Wrightwood Ave",41.929143,-87.649077,3141,2139,1002,1101
"Clark St & Schiller St",41.907993,-87.631501,3140,1876,1264,1102
"Lake Shore Dr & North Blvd",41.911722,-87.626804,3140,1876,1264,1102
"State St & Randolph St",41.8847302006,-87.6277335692,3132,2986,146,1103
"Wacker Dr & Washington St Corral",41.88316,-87.63736,3132,2986,146,1103
"Clark St & Columbia Ave",42.0044506293,-87.6724024047,3130,2674,456,1104
"Clark St & Lunt Ave",42.0090111806,-87.6741117239,3130,2674,456,1104
"Milwaukee Ave & Wabansia Ave",41.912616,-87.681391,3129,2585,544,1105
"Ashland Ave & Division St",41.90345,-87.667747,3129,2585,544,1105
"Lake Shore Dr & North Blvd",41.911722,-87.626804,3128,1810,1318,1106
"Dearborn Pkwy & Delaware Pl",41.898969,-87.629912,3128,1810,1318,1106
"Dearborn Pkwy & Delaware Pl",41.898969,-87.629912,3127,2753,374,1107
"Wells St & Huron St",41.8947953,-87.6343743,3127,2753,374,1107
"Dearborn Pkwy & Delaware Pl",41.898969,-87.629912,3126,2462,664,1108
"Wells St & Evergreen Ave",41.906724,-87.63483,3126,2462,664,1108
"McClurg Ct & Erie St",41.894503,-87.617854,3125,1945,1180,1109
"Michigan Ave & Oak St",41.90096039,-87.62377664,3125,1945,1180,1109
"Wells St & Walton St",41.89993001,-87.63443007,3125,2956,169,1110
"Clinton St & Washington Blvd",41.88338,-87.64117,3125,2956,169,1110
"Lake Shore Dr & Wellington Ave",41.936669,-87.636794,3125,1989,1136,1111
"Lakefront Trail & Bryn Mawr Ave",41.9840441152,-87.6522812247,3125,1989,1136,1111
"Mies van der Rohe Way & Chicago Ave",41.89691,-87.621743,3123,1076,2047,1112
"Lake Shore Dr & North Blvd",41.911722,-87.626804,3123,1076,2047,1112
"Michigan Ave & Jackson Blvd",41.87785,-87.62408,3120,1270,1850,1113
"Michigan Ave & Lake St",41.886024,-87.624117,3120,1270,1850,1113
"Bissell St & Armitage Ave",41.91844,-87.65222,3119,2722,397,1114
"Marshfield Ave & Cortland St",41.916017,-87.668879,3119,2722,397,1114
"Dearborn St & Monroe St",41.881319815,-87.6295209193,3118,2635,483,1115
"Indiana Ave & Roosevelt Rd",41.867888,-87.623041,3118,2635,483,1115
"Adler Planetarium",41.866095,-87.607267,3118,625,2493,1116
"Michigan Ave & 8th St",41.872773,-87.623981,3118,625,2493,1116
"Theater on the Lake",41.926277,-87.630834,3117,1709,1408,1117
"Sheridan Rd & Montrose Ave",41.96167,-87.65464,3117,1709,1408,1117
"Larrabee St & Kingsbury St",41.897764,-87.642884,3116,2775,341,1118
"Wells St & Huron St",41.8947953,-87.6343743,3116,2775,341,1118
"McCormick Place",41.8513751729,-87.6188346489,3114,1787,1327,1119
"Wabash Ave & Cermak Rd",41.852619,-87.626488,3114,1787,1327,1119
"Damen Ave & Pierce Ave",41.9093960065,-87.6776919292,3114,2589,525,1120
"Wood St & Milwaukee Ave",41.907655,-87.672552,3114,2589,525,1120
"Aberdeen St & Jackson Blvd",41.87772613,-87.65478743,3113,2908,205,1121
"Canal St & Jackson Blvd",41.877988,-87.640769,3113,2908,205,1121
"Wilton Ave & Belmont Ave",41.94018,-87.65304,3112,2660,452,1122
"Southport Ave & Waveland Ave",41.94815,-87.66394,3112,2660,452,1122
"Theater on the Lake",41.926277,-87.630834,3108,1021,2087,1123
"DuSable Lake Shore Dr & Monroe St",41.880958,-87.616743,3108,1021,2087,1123
"Clark St & Lincoln Ave",41.915689,-87.6346,3107,2087,1020,1124
"Halsted St & Wrightwood Ave",41.929143,-87.649077,3107,2087,1020,1124
"Larrabee St & Menomonee St",41.91468,-87.64332,3105,2872,233,1125
"Wells St & Concord Ln",41.912133,-87.634656,3105,2872,233,1125
"Franklin St & Monroe St",41.880317,-87.635185,3105,2926,179,1126
"Clinton St & Lake St",41.885637,-87.641823,3105,2926,179,1126
"Aberdeen St & Monroe St",41.880419,-87.655519,3104,2916,188,1127
"Franklin St & Monroe St",41.880317,-87.635185,3104,2916,188,1127
"Michigan Ave & Oak St",41.90096039,-87.62377664,3103,1359,1744,1128
"DuSable Lake Shore Dr & Belmont Ave",41.940775,-87.639192,3103,1359,1744,1128
"Lake Shore Dr & Diversey Pkwy",41.932684,-87.63625,3102,1342,1760,1129
"Montrose Harbor",41.963982,-87.638181,3102,1342,1760,1129
"Cannon Dr & Fullerton Ave",41.9267559875,-87.6344287848,3101,335,2766,1130
"Streeter Dr & Illinois St",41.891071,-87.6122,3101,335,2766,1130
"Canal St & Madison St",41.882091,-87.639833,3098,2605,493,1131
"McClurg Ct & Illinois St",41.89102,-87.6173,3098,2605,493,1131
"Wabash Ave & Roosevelt Rd",41.867227,-87.625961,3094,2438,656,1132
"State St & 19th St",41.856594,-87.627542,3094,2438,656,1132
"Wentworth Ave & 33rd St",41.8345298856,-87.6318229814,3094,2748,346,1133
"Emerald Ave & 31st St",41.838198,-87.645143,3094,2748,346,1133
"Clark St & Montrose Ave",41.961588,-87.666036,3093,2174,919,1134
"Clark St & Grace St",41.95078,-87.659172,3093,2174,919,1134
"Sheffield Ave & Addison St",41.94688,-87.65445,3093,2823,270,1135
"Southport Ave & Waveland Ave",41.94815,-87.66394,3093,2823,270,1135
"Franklin St & Jackson Blvd",41.8777079559,-87.6353211408,3092,2478,614,1136
"Columbus Dr & Randolph St",41.884728,-87.619521,3092,2478,614,1136
"California Ave & North Ave",41.91044,-87.6972,3090,2567,523,1137
"California Ave & Milwaukee Ave",41.922695,-87.697153,3090,2567,523,1137
"Lake Shore Dr & North Blvd",41.911722,-87.626804,3090,1541,1549,1138
"Rush St & Cedar St",41.9023087012,-87.627690528,3090,1541,1549,1138
"Wells St & Concord Ln",41.912133,-87.634656,3088,2423,665,1139
"Dearborn St & Erie St",41.893992,-87.629318,3088,2423,665,1139
"Clark St & Lincoln Ave",41.915689,-87.6346,3087,2349,738,1140
"Lincoln Ave & Fullerton Ave",41.925905,-87.64926,3087,2349,738,1140
"Michigan Ave & Lake St",41.886024,-87.624117,3087,2828,259,1141
"Canal St & Jackson Blvd",41.877988,-87.640769,3087,2828,259,1141
"Broadway & Thorndale Ave",41.9897425114,-87.6601406209,3086,2594,492,1142
"Broadway & Ridge Ave",41.9840446107,-87.6602738295,3086,2594,492,1142
"Wells St & Evergreen Ave",41.906724,-87.63483,3083,1549,1534,1143
"Lake Shore Dr & North Blvd",41.911722,-87.626804,3083,1549,1534,1143
"Michigan Ave & Oak St",41.90096039,-87.62377664,3077,826,2251,1144
"Dusable Harbor",41.886976,-87.612813,3077,826,2251,1144
"Dearborn St & Adams St",41.8793563587,-87.6297910363,3076,2432,644,1145
"Michigan Ave & Lake St",41.886024,-87.624117,3076,2432,644,1145
"Larrabee St & Armitage Ave",41.918084,-87.643749,3076,2290,786,1146
"Clark St & Armitage Ave",41.918306,-87.636282,3076,2290,786,1146
"Wells St & Elm St",41.903222,-87.634324,3075,2342,733,1147
"State St & Chicago Ave",41.8966172004,-87.6285785437,3075,2342,733,1147
"Dearborn Pkwy & Delaware Pl",41.898969,-87.629912,3074,2741,333,1148
"Clinton St & Madison St",41.8827519657,-87.6411902905,3074,2741,333,1148
"Orleans St & Merchandise Mart Plaza",41.888243,-87.63639,3071,2728,343,1149
"Wells St & Evergreen Ave",41.906724,-87.63483,3071,2728,343,1149
"Clinton St & Madison St",41.8827519657,-87.6411902905,3070,2894,176,1150
"Loomis St & Jackson Blvd",41.877945,-87.662007,3070,2894,176,1150
"LaSalle St & Washington St",41.882664,-87.63253,3068,2976,92,1151
"Kingsbury St & Kinzie St",41.8891768326,-87.6385057718,3068,2976,92,1151
"Michigan Ave & Oak St",41.90096039,-87.62377664,3068,1151,1917,1152
"Mies van der Rohe Way & Chicago Ave",41.89691,-87.621743,3068,1151,1917,1152
"Larrabee St & Armitage Ave",41.918084,-87.643749,3066,2422,644,1153
"Clark St & Lincoln Ave",41.915689,-87.6346,3066,2422,644,1153
"Halsted St & Polk St",41.87184,-87.64664,3065,2781,284,1154
"900 W Harrison St",41.874754,-87.649807,3065,2781,284,1154
"Clinton St & Washington Blvd",41.88338,-87.64117,3065,2926,139,1155
"May St & Randolph St",41.88397,-87.655688,3065,2926,139,1155
"Dearborn St & Monroe St",41.881319815,-87.6295209193,3062,2635,427,1156
"State St & Harrison St",41.874053,-87.627716,3062,2635,427,1156
"Ashland Ave & Augusta Blvd",41.899643,-87.6677,3061,2848,213,1157
"Ashland Ave & Division St",41.90345,-87.667747,3061,2848,213,1157
"Indiana Ave & Roosevelt Rd",41.867888,-87.623041,3055,2225,830,1158
"Calumet Ave & 18th St",41.857611,-87.619407,3055,2225,830,1158
"Michigan Ave & 14th St",41.864059,-87.623727,3052,2747,305,1159
"Dearborn St & Adams St",41.8793563587,-87.6297910363,3052,2747,305,1159
"Clark St & Elm St",41.903233,-87.631253,3048,2649,399,1160
"State St & Pearson St",41.897448,-87.628722,3048,2649,399,1160
"MLK Jr Dr & 29th St",41.842052,-87.617,3046,2850,196,1161
"Calumet Ave & 35th St",41.831379,-87.618034,3046,2850,196,1161
"Desplaines St & Randolph St",41.883703,-87.644238,3045,2732,313,1162
"Desplaines St & Kinzie St",41.888716036,-87.6444478533,3045,2732,313,1162
"Chicago Ave & Washington St",42.032562,-87.679101,3045,2607,438,1163
"Elmwood Ave & Austin St",42.025784,-87.684107,3045,2607,438,1163
"Southport Ave & Clark St",41.957081,-87.664199,3045,2788,257,1164
"Southport Ave & Roscoe St",41.943739,-87.66402,3045,2788,257,1164
"Clark St & Chicago Ave",41.896544,-87.630931,3045,2901,144,1165
"Larrabee St & Kingsbury St",41.897764,-87.642884,3045,2901,144,1165
"Wabash Ave & Roosevelt Rd",41.867227,-87.625961,3044,1150,1894,1166
"McCormick Place",41.8513751729,-87.6188346489,3044,1150,1894,1166
"Orleans St & Merchandise Mart Plaza",41.888243,-87.63639,3040,2625,415,1167
"McClurg Ct & Illinois St",41.89102,-87.6173,3040,2625,415,1167
"Millennium Park",41.8810317,-87.62408432,3039,1405,1634,1168
"Franklin St & Quincy St",41.878724,-87.634793,3039,1405,1634,1168
"Lake Shore Dr & North Blvd",41.911722,-87.626804,3039,1483,1556,1169
"Clark St & Wrightwood Ave",41.929546,-87.643118,3039,1483,1556,1169
"Canal St & Madison St",41.882091,-87.639833,3038,2732,306,1170
"Wabash Ave & Grand Ave",41.891738,-87.626937,3038,2732,306,1170
"Clark St & Columbia Ave",42.0044506293,-87.6724024047,3036,2873,163,1171
"Glenwood Ave & Morse Ave",42.0079719229,-87.6655023944,3036,2873,163,1171
"Wells St & Elm St",41.903222,-87.634324,3035,2622,413,1172
"Wells St & Walton St",41.89993001,-87.63443007,3035,2622,413,1172
"Streeter Dr & Illinois St",41.891071,-87.6122,3032,395,2637,1173
"Clark St & Lincoln Ave",41.915689,-87.6346,3032,395,2637,1173
"Southport Ave & Roscoe St",41.943739,-87.66402,3031,2713,318,1174
"Lincoln Ave & Roscoe St",41.94334,-87.67097,3031,2713,318,1174
"Woodlawn Ave & Lake Park Ave",41.8140927105,-87.5970051479,3027,2534,493,1175
"Lake Park Ave & 47th St",41.809443,-87.591875,3027,2534,493,1175
"Clark St & Montrose Ave",41.961588,-87.666036,3026,2896,130,1176
"Ravenswood Ave & Montrose Ave",41.961615,-87.674365,3026,2896,130,1176
"Wells St & Erie St",41.893832,-87.634195,3023,2850,173,1177
"Clinton St & Washington Blvd",41.88338,-87.64117,3023,2850,173,1177
"Ashland Ave & Division St",41.90345,-87.667747,3022,2239,783,1178
"California Ave & Division St",41.903029,-87.697474,3022,2239,783,1178
"Jefferson St & Monroe St",41.880422,-87.642746,3021,2830,191,1179
"Aberdeen St & Jackson Blvd",41.87772613,-87.65478743,3021,2830,191,1179
"Southport Ave & Wellington Ave",41.935733,-87.663576,3020,2915,105,1180
"Ashland Ave & Wellington Ave",41.936083,-87.669807,3020,2915,105,1180
"Ogden Ave & Chicago Ave",41.896362458,-87.6540612729,3019,2622,397,1181
"Damen Ave & Chicago Ave",41.895769,-87.67722,3019,2622,397,1181
"Blue Island Ave & 18th St",41.857556,-87.661535,3018,2502,516,1182
"Morgan St & 18th St",41.858086,-87.651073,3018,2502,516,1182
"DuSable Lake Shore Dr & North Blvd",41.911722,-87.626804,3017,1118,1899,1183
"DuSable Lake Shore Dr & Belmont Ave",41.940775,-87.639192,3017,1118,1899,1183
"Michigan Ave & Washington St",41.8838927658,-87.6246491409,3011,2799,212,1184
"Franklin St & Arcade Pl",41.881131,-87.635185,3011,2799,212,1184
"Canal St & Taylor St",41.870257,-87.639474,3010,2697,313,1185
"Canal St & Jackson Blvd",41.87811421,-87.63997112,3010,2697,313,1185
"Clark St & Grace St",41.95078,-87.659172,3009,1950,1059,1186
"Halsted St & Waveland Ave",41.949375,-87.649626,3009,1950,1059,1186
"Desplaines St & Jackson Blvd",41.8781189009,-87.6439476013,3008,2765,243,1187
"Franklin St & Jackson Blvd",41.8777079559,-87.6353211408,3008,2765,243,1187
"Sedgwick St & Huron St",41.894666,-87.638437,3005,2645,360,1188
"St. Clair St & Erie St",41.8943451374,-87.6227983832,3005,2645,360,1188
"Western Ave & Leland Ave",41.966555,-87.688487,3003,2823,180,1189
"Campbell Ave & Montrose Ave",41.961524,-87.691177,3003,2823,180,1189
"State St & Harrison St",41.874053,-87.627716,3002,2763,239,1190
"Clinton St & Madison St",41.8827519657,-87.6411902905,3002,2763,239,1190
"Orleans St & Merchandise Mart Plaza",41.888243,-87.63639,3002,2479,523,1191
"Michigan Ave & Washington St",41.8838927658,-87.6246491409,3002,2479,523,1191
"Wabash Ave & Roosevelt Rd",41.867227,-87.625961,3001,2790,211,1192
"Daley Center Plaza",41.884241,-87.629634,3001,2790,211,1192
"State St & Van Buren St",41.877181,-87.627844,3001,2779,222,1193
"Canal St & Jackson Blvd",41.87811421,-87.63997112,3001,2779,222,1193
"Ravenswood Ave & Lawrence Ave",41.96909,-87.674237,3001,2922,79,1194
"Ravenswood Ave & Montrose Ave",41.961615,-87.674365,3001,2922,79,1194
"Sheffield Ave & Wrightwood Ave",41.928712,-87.653833,3000,2533,467,1195
"Halsted St & Wrightwood Ave",41.929143,-87.649077,3000,2533,467,1195
"Clinton St & Madison St",41.8827519657,-87.6411902905,2999,2827,172,1196
"Wabash Ave & Adams St",41.8794723523,-87.6256886059,2999,2827,172,1196
"Racine Ave & Congress Pkwy",41.87464,-87.65703,2997,2691,306,1197
"900 W Harrison St",41.874754,-87.649807,2997,2691,306,1197
"Larrabee St & Kingsbury St",41.897764,-87.642884,2997,2832,165,1198
"Sedgwick St & Huron St",41.894666,-87.638437,2997,2832,165,1198
"Franklin St & Monroe St",41.880317,-87.635185,2994,2534,460,1199
"Michigan Ave & Lake St",41.886024,-87.624117,2994,2534,460,1199
"Morgan St & Lake St",41.8854833079,-87.6523048564,2992,2863,129,1200
"Clinton St & Lake St",41.885637,-87.641823,2992,2863,129,1200
"Southport Ave & Clybourn Ave",41.921004,-87.663257,2991,2814,177,1201
"Bissell St & Armitage Ave",41.91844,-87.65222,2991,2814,177,1201
"Michigan Ave & Lake St",41.886024,-87.624117,2987,1893,1094,1202
"Fairbanks Ct & Grand Ave",41.89186,-87.62062,2987,1893,1094,1202
"Mies van der Rohe Way & Chicago Ave",41.89691,-87.621743,2986,723,2263,1203
"Lake Shore Dr & Monroe St",41.880958,-87.616743,2986,723,2263,1203
"Clinton St & Washington Blvd",41.88338,-87.64117,2984,2654,330,1204
"LaSalle St & Illinois St",41.890762,-87.631697,2984,2654,330,1204
"Clark St & Lincoln Ave",41.915689,-87.6346,2982,2086,896,1205
"Halsted St & Dickens Ave",41.919936,-87.64883,2982,2086,896,1205
"Columbus Dr & Randolph St",41.884728,-87.619521,2980,2620,360,1206
"Dearborn St & Adams St",41.8793563587,-87.6297910363,2980,2620,360,1206
"Field Blvd & South Water St",41.8863490627,-87.6175165471,2979,1791,1188,1207
"Michigan Ave & Oak St",41.90096039,-87.62377664,2979,1791,1188,1207
"Dearborn Pkwy & Delaware Pl",41.898969,-87.629912,2977,2511,466,1208
"Kingsbury St & Erie St",41.8939139,-87.6417358,2977,2511,466,1208
"Southport Ave & Roscoe St",41.943739,-87.66402,2975,2470,505,1209
"Racine Ave & Belmont Ave",41.939743,-87.658865,2975,2470,505,1209
"Stetson Ave & South Water St",41.886835,-87.62232,2974,2810,164,1210
"Daley Center Plaza",41.884241,-87.629634,2974,2810,164,1210
"Clark St & Lake St",41.8860208277,-87.6308760584,2973,2474,499,1211
"Clark St & Elm St",41.903233,-87.631253,2973,2474,499,1211
"Clinton St & Madison St",41.8827519657,-87.6411902905,2972,2855,117,1212
"Canal St & Jackson Blvd",41.877988,-87.640769,2972,2855,117,1212
"Franklin St & Monroe St",41.880317,-87.635185,2967,2593,374,1213
"Wells St & Polk St",41.8727315423,-87.6335164905,2967,2593,374,1213
"Damen Ave & Pierce Ave",41.9093960065,-87.6776919292,2967,2389,578,1214
"Milwaukee Ave & Wabansia Ave",41.912616,-87.681391,2967,2389,578,1214
"Kingsbury St & Kinzie St",41.8891768326,-87.6385057718,2966,2688,278,1215
"Desplaines St & Randolph St",41.883703,-87.644238,2966,2688,278,1215
"Theater on the Lake",41.926277,-87.630834,2966,710,2256,1216
"Sheffield Ave & Addison St",41.94688,-87.65445,2966,710,2256,1216
"Ashland Ave & Division St",41.90345,-87.667747,2960,2507,453,1217
"Western Ave & Walton St",41.8984176894,-87.6865960164,2960,2507,453,1217
"Franklin St & Lake St",41.885837,-87.6355,2959,2636,323,1218
"Columbus Dr & Randolph St",41.884728,-87.619521,2959,2636,323,1218
"Kingsbury St & Kinzie St",41.8891768326,-87.6385057718,2957,2352,605,1219
"Wells St & Evergreen Ave",41.906724,-87.63483,2957,2352,605,1219
"Rush St & Superior St",41.8957647456,-87.6259080327,2957,488,2469,1220
"Streeter Dr & Grand Ave",41.892278,-87.612043,2957,488,2469,1220
"Theater on the Lake",41.926277,-87.630834,2957,1979,978,1221
"Broadway & Berwyn Ave",41.978353,-87.659753,2957,1979,978,1221
"Halsted St & Waveland Ave",41.949375,-87.649626,2957,1915,1042,1222
"DuSable Lake Shore Dr & Belmont Ave",41.940775,-87.639192,2957,1915,1042,1222
"Wells St & Walton St",41.89993001,-87.63443007,2954,2377,577,1223
"Wells St & Evergreen Ave",41.906724,-87.63483,2954,2377,577,1223
"Clark St & Armitage Ave",41.918306,-87.636282,2951,2160,791,1224
"Halsted St & Dickens Ave",41.919936,-87.64883,2951,2160,791,1224
"Clinton St & Madison St",41.8827519657,-87.6411902905,2947,2753,194,1225
"LaSalle St & Washington St",41.882664,-87.63253,2947,2753,194,1225
"McClurg Ct & Erie St",41.894503,-87.617854,2945,2818,127,1226
"Canal St & Madison St",41.882091,-87.639833,2945,2818,127,1226
"Broadway & Cornelia Ave",41.945512,-87.64598,2943,2655,288,1227
"Broadway & Barry Ave",41.937725,-87.644095,2943,2655,288,1227
"Michigan Ave & Oak St",41.90096039,-87.62377664,2941,1173,1768,1228
"Lakefront Trail & Bryn Mawr Ave",41.9840441152,-87.6522812247,2941,1173,1768,1228
"Blackstone Ave & Hyde Park Blvd",41.802562,-87.590368,2939,2376,563,1229
"Woodlawn Ave & 55th St",41.795264,-87.596471,2939,2376,563,1229
"Southport Ave & Roscoe St",41.943739,-87.66402,2936,2373,563,1230
"Clark St & Wellington Ave",41.9364968219,-87.6475386582,2936,2373,563,1230
"Aberdeen St & Monroe St",41.880419,-87.655519,2935,2819,116,1231
"Jefferson St & Monroe St",41.880422,-87.642746,2935,2819,116,1231
"Ellis Ave & 53rd St",41.7993362626,-87.6009581145,2932,2364,568,1232
"Lake Park Ave & 53rd St",41.7994942937,-87.5864498959,2932,2364,568,1232
"McClurg Ct & Illinois St",41.89102,-87.6173,2931,2061,870,1233
"State St & Randolph St",41.8847302006,-87.6277335692,2931,2061,870,1233
"Clinton St & Washington Blvd",41.88338,-87.64117,2928,2613,315,1234
"Clinton St & Jackson Blvd",41.8783166118,-87.6409810781,2928,2613,315,1234
"Southport Ave & Waveland Ave",41.94815,-87.66394,2928,2348,580,1235
"Clark St & Grace St",41.95078,-87.659172,2928,2348,580,1235
"Sheridan Rd & Montrose Ave",41.96167,-87.65464,2927,2596,331,1236
"Sheridan Rd & Lawrence Ave",41.969517,-87.654691,2927,2596,331,1236
"Milwaukee Ave & Wabansia Ave",41.912616,-87.681391,2926,2051,875,1237
"Kedzie Ave & Milwaukee Ave",41.929567,-87.707857,2926,2051,875,1237
"Sheffield Ave & Willow St",41.913688,-87.652855,2925,2696,229,1238
"Larrabee St & Menomonee St",41.91468,-87.64332,2925,2696,229,1238
"Columbus Dr & Randolph St",41.884728,-87.619521,2925,2740,185,1239
"LaSalle St & Jackson Blvd",41.878166,-87.631929,2925,2740,185,1239
"Aberdeen St & Randolph St",41.884114,-87.654264,2924,2585,339,1240
"Clinton St & Washington Blvd",41.88338,-87.64117,2924,2585,339,1240
"Clark St & Elm St",41.903233,-87.631253,2924,2433,491,1241
"Wells St & Hubbard St",41.889906,-87.634266,2924,2433,491,1241
"Canal St & Madison St",41.882091,-87.639833,2924,2831,93,1242
"Franklin St & Chicago Ave",41.89680204,-87.63563839,2924,2831,93,1242
"Marshfield Ave & Cortland St",41.916017,-87.668879,2922,2739,183,1243
"Ashland Ave & Blackhawk St",41.907066,-87.667252,2922,2739,183,1243
"Kingsbury St & Kinzie St",41.8891768326,-87.6385057718,2921,2461,460,1244
"Rush St & Superior St",41.8957647456,-87.6259080327,2921,2461,460,1244
"State St & 33rd St",41.834734,-87.625813,2920,1564,1356,1245
"Fort Dearborn Dr & 31st St",41.838556,-87.608218,2920,1564,1356,1245
"Bissell St & Armitage Ave",41.91844,-87.65222,2920,2677,243,1246
"Sheffield Ave & Fullerton Ave",41.9256018819,-87.6537080423,2920,2677,243,1246
"Lakeview Ave & Fullerton Pkwy",41.925858,-87.638973,2918,1664,1254,1247
"Clark St & North Ave",41.911974,-87.631942,2918,1664,1254,1247
"Canal St & Adams St",41.879255,-87.639904,2917,2609,308,1248
"Federal St & Polk St",41.8720776329,-87.6295437729,2917,2609,308,1248
"Rush St & Superior St",41.8957647456,-87.6259080327,2917,2480,437,1249
"Clark St & Elm St",41.903233,-87.631253,2917,2480,437,1249
"Spaulding Ave & Armitage Ave",41.9171080348,-87.7102209628,2912,2209,703,1250
"Kedzie Ave & Milwaukee Ave",41.929567,-87.707857,2912,2209,703,1250
"LaSalle St & Jackson Blvd",41.87817,-87.631985,2908,2832,76,1251
"Daley Center Plaza",41.884451,-87.629892,2908,2832,76,1251
"Canal St & Madison St",41.882409,-87.639767,2906,2190,716,1252
"Michigan Ave & Washington St",41.8839840647,-87.6246839762,2906,2190,716,1252
"Clifton Ave & Lawrence Ave",41.968873,-87.658857,2906,2788,118,1253
"Ravenswood Ave & Lawrence Ave",41.96909,-87.674237,2906,2788,118,1253
"Broadway & Belmont Ave",41.940106,-87.645451,2903,2541,362,1254
"Broadway & Cornelia Ave",41.945529,-87.646439,2903,2541,362,1254
"Clinton St & Jackson Blvd",41.8783166118,-87.6409810781,2902,2261,641,1255
"900 W Harrison St",41.874754,-87.649807,2902,2261,641,1255
"Broadway & Ridge Ave",41.9840446107,-87.6602738295,2901,2509,392,1256
"Clark St & Berwyn Ave",41.9780306225,-87.6685649157,2901,2509,392,1256
"Shedd Aquarium",41.8672259568,-87.6153553902,2901,487,2414,1257
"Field Museum",41.865312,-87.617867,2901,487,2414,1257
"Streeter Dr & Grand Ave",41.892278,-87.612043,2900,1189,1711,1258
"McClurg Ct & Ohio St",41.8925921197,-87.6172891259,2900,1189,1711,1258
"Desplaines St & Kinzie St",41.888716036,-87.6444478533,2899,2625,274,1259
"Desplaines St & Jackson Blvd",41.8781189009,-87.6439476013,2899,2625,274,1259
"Canal St & Adams St",41.879255,-87.639904,2898,2442,456,1260
"LaSalle St & Illinois St",41.890762,-87.631697,2898,2442,456,1260
"Franklin St & Jackson Blvd",41.8777079559,-87.6353211408,2893,2321,572,1261
"Franklin St & Lake St",41.885837,-87.6355,2893,2321,572,1261
"Eckhart Park",41.89637337,-87.66098386,2889,2630,259,1262
"Ogden Ave & Chicago Ave",41.896362458,-87.6540612729,2889,2630,259,1262
"May St & Taylor St",41.8694821,-87.6554864,2889,2756,133,1263
"Hermitage Ave & Polk St",41.871514,-87.669886,2889,2756,133,1263
"Southport Ave & Belmont Ave",41.93949,-87.66378,2887,2528,359,1264
"Southport Ave & Waveland Ave",41.94815,-87.66394,2887,2528,359,1264
"Wentworth Ave & 35th St",41.830777,-87.632504,2885,2009,876,1265
"Halsted St & 35th St",41.830661,-87.647172,2885,2009,876,1265
"Columbus Dr & Randolph St",41.884728,-87.619521,2885,1879,1006,1266
"Michigan Ave & Jackson Blvd",41.87785,-87.62408,2885,1879,1006,1266
"McClurg Ct & Illinois St",41.89102,-87.6173,2884,2344,540,1267
"Dearborn St & Erie St",41.893992,-87.629318,2884,2344,540,1267
"Michigan Ave & Oak St",41.90096039,-87.62377664,2882,920,1962,1268
"Rush St & Cedar St",41.9023087012,-87.627690528,2882,920,1962,1268
"Ravenswood Ave & Lawrence Ave",41.96909,-87.674237,2882,2751,131,1269
"Lincoln Ave & Belle Plaine Ave",41.955927,-87.679259,2882,2751,131,1269
"Bissell St & Armitage Ave",41.91844,-87.65222,2881,2433,448,1270
"Wells St & Concord Ln",41.912133,-87.634656,2881,2433,448,1270
"Dearborn St & Erie St",41.893992,-87.629318,2877,2755,122,1271
"Canal St & Monroe St",41.8807,-87.63947,2877,2755,122,1271
"Clarendon Ave & Junior Ter",41.961004,-87.649603,2875,2527,348,1272
"Sheridan Rd & Montrose Ave",41.96167,-87.65464,2875,2527,348,1272
"Ellis Ave & 53rd St",41.7993362626,-87.6009581145,2873,2403,470,1273
"Ellis Ave & 60th St",41.7850971464,-87.6010727606,2873,2403,470,1273
"State St & Kinzie St",41.88918,-87.6277,2873,2670,203,1274
"LaSalle St & Jackson Blvd",41.87817,-87.631985,2873,2670,203,1274
"Dearborn St & Erie St",41.893992,-87.629318,2872,2608,264,1275
"Clinton St & Lake St",41.885637,-87.641823,2872,2608,264,1275
"Wabash Ave & Roosevelt Rd",41.867227,-87.625961,2871,2367,504,1276
"Canal St & Taylor St",41.870257,-87.639474,2871,2367,504,1276
"Michigan Ave & Oak St",41.90096039,-87.62377664,2869,459,2410,1277
"Adler Planetarium",41.866095,-87.607267,2869,459,2410,1277
"Orleans St & Merchandise Mart Plaza",41.888243,-87.63639,2865,2625,240,1278
"Larrabee St & Division St",41.90348607,-87.6433534936,2865,2625,240,1278
"Broadway & Waveland Ave",41.949074,-87.648636,2865,2541,324,1279
"Broadway & Sheridan Rd",41.952833,-87.649993,2865,2541,324,1279
"Fairbanks Ct & Grand Ave",41.89186,-87.62062,2864,2598,266,1280
"Orleans St & Merchandise Mart Plaza",41.888243,-87.63639,2864,2598,266,1280
"Indiana Ave & Roosevelt Rd",41.867888,-87.623041,2862,1351,1511,1281
"Fort Dearborn Dr & 31st St",41.838556,-87.608218,2862,1351,1511,1281
"Franklin St & Jackson Blvd",41.8777079559,-87.6353211408,2861,1802,1059,1282
"Michigan Ave & Lake St",41.886024,-87.624117,2861,1802,1059,1282
"Peoria St & Jackson Blvd",41.877749,-87.649633,2860,2698,162,1283
"Morgan St & Lake St",41.8854833079,-87.6523048564,2860,2698,162,1283
"Wells St & Elm St",41.903222,-87.634324,2859,2423,436,1284
"Larrabee St & Division St",41.90348607,-87.6433534936,2859,2423,436,1284
"Bissell St & Armitage Ave",41.91844,-87.65222,2859,2743,116,1285
"Sheffield Ave & Kingsbury St",41.910522,-87.653106,2859,2743,116,1285
"Halsted St & Maxwell St",41.864883,-87.647071,2858,2549,309,1286
"May St & Taylor St",41.8694821,-87.6554864,2858,2549,309,1286
"Michigan Ave & 18th St",41.857926,-87.624336,2856,2720,136,1287
"Franklin St & Jackson Blvd",41.8777079559,-87.6353211408,2856,2720,136,1287
"Theater on the Lake",41.926277,-87.630834,2856,753,2103,1288
"Michigan Ave & Pearson St",41.89766,-87.62351,2856,753,2103,1288
"Daley Center Plaza",41.884241,-87.629634,2855,2584,271,1289
"Green St & Madison St",41.881859328,-87.6492637396,2855,2584,271,1289
"Canal St & Madison St",41.882091,-87.639833,2854,2548,306,1290
"Fairbanks Ct & Grand Ave",41.89186,-87.62062,2854,2548,306,1290
"Larrabee St & Kingsbury St",41.897764,-87.642884,2853,2650,203,1291
"Franklin St & Lake St",41.885837,-87.6355,2853,2650,203,1291
"Broadway & Thorndale Ave",41.9897425114,-87.6601406209,2852,2320,532,1292
"Clark St & Bryn Mawr Ave",41.983593,-87.669154,2852,2320,532,1292
"Desplaines St & Randolph St",41.883703,-87.644238,2852,2479,373,1293
"Michigan Ave & Washington St",41.8838927658,-87.6246491409,2852,2479,373,1293
"Broadway & Granville Ave",41.9947796884,-87.6602845349,2851,2157,694,1294
"Broadway & Thorndale Ave",41.9897425114,-87.6601406209,2851,2157,694,1294
"Sheridan Rd & Loyola Ave",42.0010437798,-87.6611982433,2850,2429,421,1295
"Glenwood Ave & Morse Ave",42.0079719229,-87.6655023944,2850,2429,421,1295
"Indiana Ave & Roosevelt Rd",41.867888,-87.623041,2850,1762,1088,1296
"Michigan Ave & 14th St",41.864059,-87.623727,2850,1762,1088,1296
"Broadway & Barry Ave",41.937725,-87.644095,2849,2183,666,1297
"Lake Shore Dr & Wellington Ave",41.936669,-87.636794,2849,2183,666,1297
"Michigan Ave & Oak St",41.90096039,-87.62377664,2848,1016,1832,1298
"St. Clair St & Erie St",41.8943451374,-87.6227983832,2848,1016,1832,1298
"Halsted St & Wrightwood Ave",41.929143,-87.649077,2846,2268,578,1299
"Sheffield Ave & Webster Ave",41.92154,-87.653818,2846,2268,578,1299
"Wabash Ave & Grand Ave",41.891466,-87.626761,2845,2427,418,1300
"McClurg Ct & Illinois St",41.89102,-87.6173,2845,2427,418,1300
"Pine Grove Ave & Waveland Ave",41.949275,-87.646303,2845,1456,1389,1301
"Montrose Harbor",41.963982,-87.638181,2845,1456,1389,1301
"Green St & Randolph St*",41.8836016573,-87.6486267149,2844,2612,232,1302
"Clinton St & Washington Blvd",41.88338,-87.64117,2844,2612,232,1302
"Sheridan Rd & Irving Park Rd",41.954245,-87.654406,2842,1535,1307,1303
"Montrose Harbor",41.963982,-87.638181,2842,1535,1307,1303
"Ashland Ave & Wellington Ave",41.936083,-87.669807,2842,2739,103,1304
"Lincoln Ave & Roscoe St",41.94334,-87.67097,2842,2739,103,1304
"Clark St & Congress Pkwy",41.8759326655,-87.6305845355,2842,2707,135,1305
"Canal St & Madison St",41.882091,-87.639833,2842,2707,135,1305
"Halsted St & Dickens Ave",41.919936,-87.64883,2840,2472,368,1306
"Dayton St & North Ave",41.9105780349,-87.6494219288,2840,2472,368,1306
"Wood St & Milwaukee Ave",41.907655,-87.672552,2838,2247,591,1307
"Paulina Ave & North Ave",41.9098546522,-87.66993016,2838,2247,591,1307
"Theater on the Lake",41.926277,-87.630834,2838,1291,1547,1308
"Broadway & Waveland Ave",41.949074,-87.648636,2838,1291,1547,1308
"Calumet Ave & 33rd St",41.8349,-87.61793,2837,2732,105,1309
"Indiana Ave & 31st St",41.838842,-87.621857,2837,2732,105,1309
"Millennium Park",41.8810317,-87.62408432,2836,1788,1048,1310
"Michigan Ave & 18th St",41.857926,-87.624336,2836,1788,1048,1310
"Clark St & Elm St",41.903233,-87.631253,2835,2463,372,1311
"McClurg Ct & Erie St",41.894503,-87.617854,2835,2463,372,1311
"Wells St & Concord Ln",41.912133,-87.634656,2833,952,1881,1312
"Streeter Dr & Grand Ave",41.892278,-87.612043,2833,952,1881,1312
"Franklin St & Lake St",41.885837,-87.6355,2833,2526,307,1313
"Dearborn St & Erie St",41.893992,-87.629318,2833,2526,307,1313
"Delano Ct & Roosevelt Rd",41.867491,-87.63219,2830,2407,423,1314
"Wabash Ave & Roosevelt Rd",41.867227,-87.625961,2830,2407,423,1314
"Franklin St & Monroe St",41.880317,-87.635185,2828,2658,170,1315
"Wells St & Concord Ln",41.912133,-87.634656,2828,2658,170,1315
"Millennium Park",41.8810317,-87.62408432,2828,467,2361,1316
"Wabash Ave & Grand Ave",41.891738,-87.626937,2828,467,2361,1316
"Desplaines St & Jackson Blvd",41.8781189009,-87.6439476013,2824,2553,271,1317
"Kingsbury St & Kinzie St",41.8891768326,-87.6385057718,2824,2553,271,1317
"Canal St & Adams St",41.879255,-87.639904,2824,2393,431,1318
"Michigan Ave & Oak St",41.90096039,-87.62377664,2824,2393,431,1318
"Southport Ave & Wellington Ave",41.935733,-87.663576,2824,2570,254,1319
"Sheffield Ave & Fullerton Ave",41.9256018819,-87.6537080423,2824,2570,254,1319
"Franklin St & Jackson Blvd",41.8777079559,-87.6353211408,2820,2508,312,1320
"Wells St & Polk St",41.8727315423,-87.6335164905,2820,2508,312,1320
"Kingsbury St & Erie St",41.8939139,-87.6417358,2820,2613,207,1321
"LaSalle St & Illinois St",41.890749,-87.63206,2820,2613,207,1321
"Clark St & Elm St",41.903233,-87.631253,2820,2240,580,1322
"Wabash Ave & Grand Ave",41.891466,-87.626761,2820,2240,580,1322
"Streeter Dr & Grand Ave",41.892278,-87.612043,2819,339,2480,1323
"Michigan Ave & Madison St",41.882134,-87.625125,2819,339,2480,1323
"Kedzie Ave & Milwaukee Ave",41.929567,-87.707857,2818,1896,922,1324
"Humboldt Blvd & Armitage Ave",41.917513394,-87.7018089555,2818,1896,922,1324
"Woodlawn Ave & 55th St",41.795264,-87.596471,2816,2280,536,1325
"Lake Park Ave & 53rd St",41.7994942937,-87.5864498959,2816,2280,536,1325
"Clark St & Lincoln Ave",41.915689,-87.6346,2813,1626,1187,1326
"Dearborn Pkwy & Delaware Pl",41.898969,-87.629912,2813,1626,1187,1326
"Michigan Ave & Pearson St",41.89766,-87.62351,2812,1181,1631,1327
"Lake Shore Dr & Ohio St",41.89257,-87.614492,2812,1181,1631,1327
"Museum Campus",41.865212,-87.617759,2811,366,2445,1328
"Michigan Ave & Congress Pkwy",41.8760656,-87.62443336,2811,366,2445,1328
"Ellis Ave & 58th St",41.788746,-87.601334,2810,2346,464,1329
"University Ave & 57th St",41.791478,-87.599861,2810,2346,464,1329
"Clinton St & Lake St",41.88583274,-87.64138231,2810,2660,150,1330
"Canal St & Jackson Blvd",41.877988,-87.640769,2810,2660,150,1330
"Ashland Ave & Wrightwood Ave",41.92883,-87.668507,2809,2414,395,1331
"Sheffield Ave & Wrightwood Ave",41.928712,-87.653833,2809,2414,395,1331
"Lincoln Ave & Diversey Pkwy",41.932225,-87.658617,2809,2321,488,1332
"Halsted St & Wrightwood Ave",41.929143,-87.649077,2809,2321,488,1332
"Michigan Ave & Washington St",41.8839840647,-87.6246839762,2808,2528,280,1333
"Clinton St & Madison St",41.8827519657,-87.6411902905,2808,2528,280,1333
"Damen Ave & Pierce Ave",41.9093960065,-87.6776919292,2807,2304,503,1334
"Honore St & Division St",41.903119,-87.673935,2807,2304,503,1334
"Michigan Ave & 14th St",41.864059,-87.623727,2805,1001,1804,1335
"McCormick Place",41.8513751729,-87.6188346489,2805,1001,1804,1335
"LaSalle St & Illinois St",41.890749,-87.63206,2805,2579,226,1336
"Clinton St & Madison St",41.8827519657,-87.6411902905,2805,2579,226,1336
"Michigan Ave & Oak St",41.90096039,-87.62377664,2803,1480,1323,1337
"Clark St & Wrightwood Ave",41.929546,-87.643118,2803,1480,1323,1337
"Canal St & Jackson Blvd",41.877988,-87.640769,2802,2689,113,1338
"Morgan St & Polk St",41.871737,-87.65103,2802,2689,113,1338
"Loomis St & Lexington St",41.8722287322,-87.661363855,2801,2326,475,1339
"Aberdeen St & Jackson Blvd",41.87772613,-87.65478743,2801,2326,475,1339
"Indiana Ave & Roosevelt Rd",41.867888,-87.623041,2798,2419,379,1340
"Canal St & Adams St",41.879255,-87.639904,2798,2419,379,1340
"Indiana Ave & Roosevelt Rd",41.867888,-87.623041,2797,2117,680,1341
"Wabash Ave & Adams St",41.8794723523,-87.6256886059,2797,2117,680,1341
"Lakefront Trail & Bryn Mawr Ave",41.9840441152,-87.6522812247,2797,694,2103,1342
"Streeter Dr & Grand Ave",41.892278,-87.612043,2797,694,2103,1342
"Daley Center Plaza",41.884241,-87.629634,2795,2557,238,1343
"Franklin St & Monroe St",41.880317,-87.635185,2795,2557,238,1343
"Federal St & Polk St",41.8720776329,-87.6295437729,2794,2689,105,1344
"LaSalle St & Adams St",41.8793443735,-87.6319852213,2794,2689,105,1344
"Franklin St & Jackson Blvd",41.8777079559,-87.6353211408,2793,2409,384,1345
"Canal St & Taylor St",41.870257,-87.639474,2793,2409,384,1345
"Columbus Dr & Randolph St",41.884728,-87.619521,2792,2290,502,1346
"Clark St & Lake St",41.8860208277,-87.6308760584,2792,2290,502,1346
"Stetson Ave & South Water St",41.886835,-87.62232,2791,2505,286,1347
"Dearborn St & Monroe St",41.881319815,-87.6295209193,2791,2505,286,1347
"Clark St & Drummond Pl",41.931248,-87.644336,2791,2015,776,1348
"Clark St & Armitage Ave",41.918306,-87.636282,2791,2015,776,1348
"Sedgwick St & Webster Ave",41.922167,-87.638888,2791,1099,1692,1349
"Michigan Ave & Oak St",41.90096039,-87.62377664,2791,1099,1692,1349
"Clark St & 9th St (AMLI)",41.870816,-87.631246,2789,2560,229,1350
"Daley Center Plaza",41.884241,-87.629634,2789,2560,229,1350
"Daley Center Plaza",41.884241,-87.629634,2788,2681,107,1351
"Canal St & Monroe St",41.8807,-87.63947,2788,2681,107,1351
"Lake Shore Dr & Wellington Ave",41.936669,-87.636794,2788,1379,1409,1352
"Lake Shore Dr & Diversey Pkwy",41.932684,-87.63625,2788,1379,1409,1352
"Sheridan Rd & Irving Park Rd",41.954245,-87.654406,2786,1238,1548,1353
"Theater on the Lake",41.926277,-87.630834,2786,1238,1548,1353
"Wabash Ave & 8th St",41.871962,-87.626106,2784,1205,1579,1354
"Millennium Park",41.8810317,-87.62408432,2784,1205,1579,1354
"Dearborn St & Adams St",41.8793563587,-87.6297910363,2783,611,2172,1355
"Millennium Park",41.8810317,-87.62408432,2783,611,2172,1355
"Sheffield Ave & Addison St",41.94688,-87.65445,2783,2433,350,1356
"Broadway & Cornelia Ave",41.945512,-87.64598,2783,2433,350,1356
"Fairbanks Ct & Grand Ave",41.89186,-87.62062,2782,2412,370,1357
"Clark St & Randolph St",41.884576228,-87.63188991,2782,2412,370,1357
"Dearborn St & Monroe St",41.881319815,-87.6295209193,2780,2397,383,1358
"Orleans St & Merchandise Mart Plaza",41.888243,-87.63639,2780,2397,383,1358
"Clark St & Wellington Ave",41.9364968219,-87.6475386582,2776,2221,555,1359
"Lake Shore Dr & Wellington Ave",41.936669,-87.636794,2776,2221,555,1359
"Michigan Ave & Pearson St",41.89766,-87.62351,2776,599,2177,1360
"Lake Shore Dr & North Blvd",41.911722,-87.626804,2776,599,2177,1360
"Indiana Ave & Roosevelt Rd",41.867888,-87.623041,2775,1221,1554,1361
"Dusable Harbor",41.886976,-87.612813,2775,1221,1554,1361
"Morgan St & Polk St",41.871737,-87.65103,2774,2501,273,1362
"Clinton St & Jackson Blvd",41.8783166118,-87.6409810781,2774,2501,273,1362
"Ellis Ave & 58th St",41.788746,-87.601334,2774,2290,484,1363
"Lake Park Ave & 53rd St",41.7994942937,-87.5864498959,2774,2290,484,1363
"Clark St & Elm St",41.903233,-87.631253,2774,2445,329,1364
"Clinton St & Madison St",41.8827519657,-87.6411902905,2774,2445,329,1364
"Franklin St & Monroe St",41.880317,-87.635185,2773,2570,203,1365
"Wabash Ave & Adams St",41.8794723523,-87.6256886059,2773,2570,203,1365
"Lincoln Ave & Fullerton Ave",41.925905,-87.64926,2773,1296,1477,1366
"Theater on the Lake",41.926277,-87.630834,2773,1296,1477,1366
"Marshfield Ave & Cortland St",41.916017,-87.668879,2771,2471,300,1367
"Clifton Ave & Armitage Ave",41.918216,-87.656936,2771,2471,300,1367
"Southport Ave & Roscoe St",41.943739,-87.66402,2771,2100,671,1368
"Broadway & Belmont Ave",41.940106,-87.645451,2771,2100,671,1368
"Clinton St & Washington Blvd",41.88338,-87.64117,2771,2612,159,1369
"Clinton St & Lake St",41.885637,-87.641823,2771,2612,159,1369
"Larrabee St & Division St",41.90348607,-87.6433534936,2771,2264,507,1370
"Kingsbury St & Erie St",41.8939139,-87.6417358,2771,2264,507,1370
"Clark St & Wrightwood Ave",41.929546,-87.643118,2771,2326,445,1371
"Broadway & Belmont Ave",41.940106,-87.645451,2771,2326,445,1371
"Clark St & Wrightwood Ave",41.929546,-87.643118,2771,2117,654,1372
"Halsted St & Dickens Ave",41.919936,-87.64883,2771,2117,654,1372
"Ellis Ave & 58th St",41.788746,-87.601334,2770,2265,505,1373
"Blackstone Ave & Hyde Park Blvd",41.802562,-87.590368,2770,2265,505,1373
"Michigan Ave & Pearson St",41.89766,-87.62351,2770,330,2440,1374
"Lake Shore Dr & Monroe St",41.880958,-87.616743,2770,330,2440,1374
"Clark St & Wrightwood Ave",41.929546,-87.643118,2770,2098,672,1375
"Clark St & Elm St",41.903233,-87.631253,2770,2098,672,1375
"Broadway & Cornelia Ave",41.945512,-87.64598,2770,2493,277,1376
"Pine Grove Ave & Irving Park Rd",41.954383,-87.648043,2770,2493,277,1376
"Kimbark Ave & 53rd St",41.799568,-87.594747,2768,2296,472,1377
"Blackstone Ave & Hyde Park Blvd",41.802562,-87.590368,2768,2296,472,1377
"Clinton St & Madison St",41.8827519657,-87.6411902905,2766,2580,186,1378
"Noble St & Milwaukee Ave",41.90068,-87.6626,2766,2580,186,1378
"Michigan Ave & Oak St",41.90096039,-87.62377664,2763,1371,1392,1379
"DuSable Lake Shore Dr & Diversey Pkwy",41.932588,-87.636427,2763,1371,1392,1379
"McClurg Ct & Illinois St",41.89102,-87.6173,2763,2363,400,1380
"McClurg Ct & Erie St",41.894503,-87.617854,2763,2363,400,1380
"Michigan Ave & Jackson Blvd",41.87785,-87.62408,2763,2190,573,1381
"Calumet Ave & 18th St",41.857611,-87.619407,2763,2190,573,1381
"Broadway & Barry Ave",41.937725,-87.644095,2762,2558,204,1382
"Wilton Ave & Diversey Pkwy",41.932418,-87.652705,2762,2558,204,1382
"Sheffield Ave & Webster Ave",41.92154,-87.653818,2760,2374,386,1383
"Sheffield Ave & Kingsbury St",41.910522,-87.653106,2760,2374,386,1383
"Canal St & Madison St",41.882091,-87.639833,2760,2576,184,1384
"Franklin St & Lake St",41.885837,-87.6355,2760,2576,184,1384
"Eckhart Park",41.89637337,-87.66098386,2759,2406,353,1385
"Ashland Ave & Division St",41.90345,-87.667747,2759,2406,353,1385
"Columbus Dr & Randolph St",41.884728,-87.619521,2759,2168,591,1386
"St. Clair St & Erie St",41.8943451374,-87.6227983832,2759,2168,591,1386
"Halsted St & Roosevelt Rd",41.867324,-87.648625,2759,2220,539,1387
"900 W Harrison St",41.874754,-87.649807,2759,2220,539,1387
"Dearborn Pkwy & Delaware Pl",41.898969,-87.629912,2758,2309,449,1388
"Dearborn St & Adams St",41.8793563587,-87.6297910363,2758,2309,449,1388
"Wells St & Walton St",41.89993001,-87.63443007,2758,2365,393,1389
"Orleans St & Merchandise Mart Plaza",41.888243,-87.63639,2758,2365,393,1389
"Clark St & Armitage Ave",41.918306,-87.636282,2758,1975,783,1390
"Clark St & Wellington Ave",41.9364968219,-87.6475386582,2758,1975,783,1390
"Mies van der Rohe Way & Chestnut St",41.8985866514,-87.6219152258,2758,1123,1635,1391
"Lake Shore Dr & North Blvd",41.911722,-87.626804,2758,1123,1635,1391
"Wells St & Evergreen Ave",41.906724,-87.63483,2752,2415,337,1392
"Sedgwick St & North Ave",41.910983,-87.638525,2752,2415,337,1392
"Cityfront Plaza Dr & Pioneer Ct",41.890573,-87.622072,2751,2452,299,1393
"Clinton St & Madison St",41.8827519657,-87.6411902905,2751,2452,299,1393
"Clinton St & Washington Blvd",41.88338,-87.64117,2747,2633,114,1394
"St Clair St & Erie St",41.894448,-87.622663,2747,2633,114,1394
"Clark St & Elm St",41.903233,-87.631253,2744,2354,390,1395
"Kingsbury St & Erie St",41.8939139,-87.6417358,2744,2354,390,1395
"Sheffield Ave & Addison St",41.94688,-87.65445,2744,2550,194,1396
"Pine Grove Ave & Waveland Ave",41.949275,-87.646303,2744,2550,194,1396
"Michigan Ave & Oak St",41.90096039,-87.62377664,2743,1174,1569,1397
"Dearborn Pkwy & Delaware Pl",41.898969,-87.629912,2743,1174,1569,1397
"DuSable Lake Shore Dr & North Blvd",41.911722,-87.626804,2742,747,1995,1398
"Dusable Harbor",41.886976,-87.612813,2742,747,1995,1398
"Broadway & Belmont Ave",41.940106,-87.645451,2741,1050,1691,1399
"Lake Shore Dr & North Blvd",41.911722,-87.626804,2741,1050,1691,1399
"Western Ave & Winnebago Ave",41.91552,-87.687022,2740,2460,280,1400
"Campbell Ave & North Ave",41.910535,-87.689556,2740,2460,280,1400
"Lakeview Ave & Fullerton Pkwy",41.925858,-87.638973,2740,1936,804,1401
"Clark St & Elm St",41.903233,-87.631253,2740,1936,804,1401
"Sedgwick St & Huron St",41.894666,-87.638437,2738,2451,287,1402
"Kingsbury St & Erie St",41.8939139,-87.6417358,2738,2451,287,1402
"Wood St & Augusta Blvd",41.899181,-87.6722,2737,2536,201,1403
"Ashland Ave & Division St",41.90345,-87.667747,2737,2536,201,1403
"Clinton St & Madison St",41.8827519657,-87.6411902905,2735,2424,311,1404
"Aberdeen St & Randolph St",41.884114,-87.654264,2735,2424,311,1404
"Morgan St & Lake St",41.8854833079,-87.6523048564,2733,2486,247,1405
"Desplaines St & Kinzie St",41.888716036,-87.6444478533,2733,2486,247,1405
"Bissell St & Armitage Ave",41.91844,-87.65222,2733,2555,178,1406
"Clifton Ave & Armitage Ave",41.918216,-87.656936,2733,2555,178,1406
"Ashland Ave & Division St",41.90345,-87.667747,2732,2102,630,1407
"Desplaines St & Kinzie St",41.888716036,-87.6444478533,2732,2102,630,1407
"MLK Jr Dr & 29th St",41.842052,-87.617,2732,2400,332,1408
"Wabash Ave & Cermak Rd",41.852619,-87.626488,2732,2400,332,1408
"Rush St & Cedar St",41.9023087012,-87.627690528,2732,1713,1019,1409
"Clark St & Armitage Ave",41.918306,-87.636282,2732,1713,1019,1409
"Clark St & Schiller St",41.907993,-87.631501,2728,1914,814,1410
"Clark St & Lincoln Ave",41.915689,-87.6346,2728,1914,814,1410
"LaSalle St & Jackson Blvd",41.87817,-87.631985,2728,2577,151,1411
"Columbus Dr & Randolph St",41.884728,-87.619521,2728,2577,151,1411
"Sheffield Ave & Wrightwood Ave",41.928712,-87.653833,2727,2374,353,1412
"Clifton Ave & Armitage Ave",41.918216,-87.656936,2727,2374,353,1412
"Franklin St & Lake St",41.885837,-87.6355,2727,2483,244,1413
"Franklin St & Monroe St",41.880317,-87.635185,2727,2483,244,1413
"Western Ave & Walton St",41.8984176894,-87.6865960164,2725,2384,341,1414
"Damen Ave & Chicago Ave",41.895769,-87.67722,2725,2384,341,1414
"Franklin St & Lake St",41.885837,-87.6355,2724,2365,359,1415
"Dearborn Pkwy & Delaware Pl",41.898969,-87.629912,2724,2365,359,1415
"Canal St & Adams St",41.879255,-87.639904,2723,2533,190,1416
"Loomis St & Jackson Blvd",41.877945,-87.662007,2723,2533,190,1416
"Mies van der Rohe Way & Chicago Ave",41.89691,-87.621743,2723,1652,1071,1417
"Lake Shore Dr & Ohio St",41.89257,-87.614492,2723,1652,1071,1417
"Clybourn Ave & Division St",41.904613,-87.640552,2721,2561,160,1418
"Wells St & Concord Ln",41.912133,-87.634656,2721,2561,160,1418
"Michigan Ave & 14th St",41.864059,-87.623727,2720,2208,512,1419
"Calumet Ave & 18th St",41.857611,-87.619407,2720,2208,512,1419
"Broadway & Barry Ave",41.937725,-87.644095,2719,2311,408,1420
"Lake Shore Dr & Belmont Ave",41.940775,-87.639192,2719,2311,408,1420
"Lake Shore Dr & North Blvd",41.911722,-87.626804,2718,1598,1120,1421
"Dearborn St & Erie St",41.893992,-87.629318,2718,1598,1120,1421
"Sheridan Rd & Buena Ave",41.958494,-87.654966,2717,2344,373,1422
"Sheridan Rd & Montrose Ave",41.96167,-87.65464,2717,2344,373,1422
"Broadway & Cornelia Ave",41.945529,-87.646439,2716,2194,522,1423
"Broadway & Barry Ave",41.937582316,-87.644097805,2716,2194,522,1423
"Wilton Ave & Belmont Ave",41.94018,-87.65304,2714,2337,377,1424
"Sheridan Rd & Irving Park Rd",41.954245,-87.654406,2714,2337,377,1424
"Canal St & Monroe St",41.8807,-87.63947,2713,2529,184,1425
"Kingsbury St & Erie St",41.8939139,-87.6417358,2713,2529,184,1425
"Fairbanks Ct & Grand Ave",41.89186,-87.62062,2713,2019,694,1426
"State St & Kinzie St",41.88918,-87.6277,2713,2019,694,1426
"Sheffield Ave & Waveland Ave",41.949399,-87.654529,2712,2319,393,1427
"Ashland Ave & Grace St",41.950687,-87.6687,2712,2319,393,1427
"Michigan Ave & 18th St",41.857926,-87.624336,2711,2003,708,1428
"Michigan Ave & 14th St",41.864059,-87.623727,2711,2003,708,1428
"Wabash Ave & Cermak Rd",41.852619,-87.626488,2711,2540,171,1429
"Calumet Ave & 21st St",41.8541842495,-87.6191537415,2711,2540,171,1429
"Larrabee St & Kingsbury St",41.897764,-87.642884,2709,2464,245,1430
"Wells St & Concord Ln",41.912133,-87.634656,2709,2464,245,1430
"Wilton Ave & Belmont Ave",41.94018,-87.65304,2709,2420,289,1431
"Pine Grove Ave & Waveland Ave",41.949275,-87.646303,2709,2420,289,1431
"Wells St & Huron St",41.8947953,-87.6343743,2708,2212,496,1432
"Wells St & Hubbard St",41.889906,-87.634266,2708,2212,496,1432
"Ogden Ave & Congress Pkwy",41.87501,-87.67328,2704,2617,87,1433
"Wolcott Ave & Polk St",41.871262,-87.673688,2704,2617,87,1433
"Kingsbury St & Kinzie St",41.8891768326,-87.6385057718,2703,1866,837,1434
"Halsted St & Fulton St",41.886871,-87.648089,2703,1866,837,1434
"Damen Ave & Chicago Ave",41.895769,-87.67722,2701,2311,390,1435
"Wood St & Milwaukee Ave",41.907655,-87.672552,2701,2311,390,1435
"Wells St & Concord Ln",41.912133,-87.634656,2700,2137,563,1436
"Halsted St & Dickens Ave",41.919936,-87.64883,2700,2137,563,1436
"Avondale Ave & Irving Park Rd",41.953393,-87.732002,2698,2464,234,1437
"Kilbourn Ave & Irving Park Rd",41.953733,-87.740569,2698,2464,234,1437
"Dearborn St & Erie St",41.893992,-87.629318,2698,1913,785,1438
"Wells St & Evergreen Ave",41.906724,-87.63483,2698,1913,785,1438
"Streeter Dr & Grand Ave",41.892278,-87.612043,2697,1788,909,1439
"Canal St & Adams St",41.879255,-87.639904,2697,1788,909,1439
"Wells St & Evergreen Ave",41.906724,-87.63483,2697,1777,920,1440
"Larrabee St & Webster Ave",41.921822,-87.64414,2697,1777,920,1440
"Canal St & Adams St",41.879255,-87.639904,2695,2344,351,1441
"Wabash Ave & Roosevelt Rd",41.867227,-87.625961,2695,2344,351,1441
"Wilton Ave & Belmont Ave",41.94018,-87.65304,2695,2136,559,1442
"Clark St & Wrightwood Ave",41.929546,-87.643118,2695,2136,559,1442
"Sheffield Ave & Waveland Ave",41.949399,-87.654529,2692,2177,515,1443
"Broadway & Belmont Ave",41.940106,-87.645451,2692,2177,515,1443
"Clark St & Wrightwood Ave",41.929546,-87.643118,2691,2149,542,1444
"Sheffield Ave & Webster Ave",41.92154,-87.653818,2691,2149,542,1444
"McClurg Ct & Illinois St",41.89102,-87.6173,2689,1983,706,1445
"Mies van der Rohe Way & Chestnut St",41.8985866514,-87.6219152258,2689,1983,706,1445
"Racine Ave & Fullerton Ave",41.92556258,-87.65840426,2689,2534,155,1446
"Greenview Ave & Fullerton Ave",41.92533,-87.6658,2689,2534,155,1446
"Sheridan Rd & Montrose Ave",41.96167,-87.65464,2688,2080,608,1447
"Halsted St & Roscoe St",41.94367,-87.64895,2688,2080,608,1447
"Milwaukee Ave & Rockwell St",41.920195,-87.693033,2688,1974,714,1448
"Kedzie Ave & Milwaukee Ave",41.929567,-87.707857,2688,1974,714,1448
"Wabash Ave & Wacker Pl",41.886875,-87.62603,2687,1910,777,1449
"Dearborn St & Erie St",41.893992,-87.629318,2687,1910,777,1449
"Ada St & Washington Blvd",41.88283,-87.661206,2687,2583,104,1450
"Sangamon St & Washington Blvd",41.883004,-87.651148,2687,2583,104,1450
"Marine Dr & Ainslie St",41.9716,-87.650154,2686,1270,1416,1451
"Montrose Harbor",41.963982,-87.638181,2686,1270,1416,1451
"Sedgwick St & Huron St",41.894666,-87.638437,2684,2348,336,1452
"Orleans St & Merchandise Mart Plaza",41.888243,-87.63639,2684,2348,336,1452
"Kingsbury St & Erie St",41.8939139,-87.6417358,2684,2524,160,1453
"Daley Center Plaza",41.884241,-87.629634,2684,2524,160,1453
"Dearborn St & Adams St",41.8793563587,-87.6297910363,2683,2475,208,1454
"Franklin St & Quincy St",41.878724,-87.634793,2683,2475,208,1454
"Clark St & Lincoln Ave",41.915689,-87.6346,2681,1659,1022,1455
"Sheffield Ave & Wrightwood Ave",41.928712,-87.653833,2681,1659,1022,1455
"Lincoln Ave & Diversey Pkwy",41.932225,-87.658617,2679,2396,283,1456
"Racine Ave & Fullerton Ave",41.92556258,-87.65840426,2679,2396,283,1456
"Adler Planetarium",41.866095,-87.607267,2677,256,2421,1457
"Michigan Ave & Congress Pkwy",41.8760656,-87.62443336,2677,256,2421,1457
"Streeter Dr & Grand Ave",41.892278,-87.612043,2674,179,2495,1458
"Michigan Ave & Congress Pkwy",41.8760656,-87.62443336,2674,179,2495,1458
"Clinton St & Jackson Blvd",41.8783166118,-87.6409810781,2673,2232,441,1459
"Halsted St & Polk St",41.87184,-87.64664,2673,2232,441,1459
"Broadway & Sheridan Rd",41.952833,-87.649993,2673,2069,604,1460
"Clark St & Grace St",41.95078,-87.659172,2673,2069,604,1460
"Broadway & Belmont Ave",41.940106,-87.645451,2673,2247,426,1461
"Halsted St & Roscoe St",41.94367,-87.64895,2673,2247,426,1461
"Leavitt St & Lawrence Ave",41.968885,-87.684001,2672,2479,193,1462
"Damen Ave & Leland Ave",41.967094,-87.679028,2672,2479,193,1462
"Wells St & Elm St",41.903222,-87.634324,2671,2410,261,1463
"Larrabee St & Oak St",41.9002194932,-87.6429854676,2671,2410,261,1463
"Clark St & Elm St",41.903233,-87.631253,2671,2173,498,1464
"State St & Kinzie St",41.88918,-87.6277,2671,2173,498,1464
"Federal St & Polk St",41.8720776329,-87.6295437729,2670,2068,602,1465
"Michigan Ave & 14th St",41.864059,-87.623727,2670,2068,602,1465
"Sheffield Ave & Willow St",41.913688,-87.652855,2667,2115,552,1466
"Clark St & Lincoln Ave",41.915689,-87.6346,2667,2115,552,1466
"Clark St & Randolph St",41.884576228,-87.63188991,2666,2344,322,1467
"Clark St & Elm St",41.903233,-87.631253,2666,2344,322,1467
"California Ave & Altgeld St",41.92669,-87.697668,2665,2469,196,1468
"California Ave & Milwaukee Ave",41.922695,-87.697153,2665,2469,196,1468
"Wood St & Division St",41.90332,-87.67273,2665,2086,579,1469
"Damen Ave & Pierce Ave",41.9093960065,-87.6776919292,2665,2086,579,1469
"Clark St & Armitage Ave",41.918306,-87.636282,2664,1706,958,1470
"Dearborn Pkwy & Delaware Pl",41.898969,-87.629912,2664,1706,958,1470
"Milwaukee Ave & Wabansia Ave",41.912616,-87.681391,2664,2306,358,1471
"Western Ave & Winnebago Ave",41.91552,-87.687022,2664,2306,358,1471
"Lake Park Ave & 56th St",41.793242,-87.587782,2664,2188,476,1472
"Kimbark Ave & 53rd St",41.799568,-87.594747,2664,2188,476,1472
"Morgan Ave & 14th Pl",41.862378,-87.651062,2663,2447,216,1473
"Halsted St & Maxwell St",41.864883,-87.647071,2663,2447,216,1473
"Racine Ave & Congress Pkwy",41.87464,-87.65703,2660,2441,219,1474
"Aberdeen St & Jackson Blvd",41.87772613,-87.65478743,2660,2441,219,1474
"Clifton Ave & Armitage Ave",41.918216,-87.656936,2658,2390,268,1475
"Dayton St & North Ave",41.9105780349,-87.6494219288,2658,2390,268,1475
"Wells St & Elm St",41.903222,-87.634324,2657,1858,799,1476
"Clark St & Lincoln Ave",41.915689,-87.6346,2657,1858,799,1476
"Franklin St & Lake St",41.885837,-87.6355,2656,2317,339,1477
"Clark St & Elm St",41.903233,-87.631253,2656,2317,339,1477
"Dayton St & North Ave",41.9105780349,-87.6494219288,2653,2300,353,1478
"Clybourn Ave & Division St",41.904613,-87.640552,2653,2300,353,1478
"Kingsbury St & Erie St",41.8939139,-87.6417358,2653,2369,284,1479
"Wells St & Huron St",41.8947953,-87.6343743,2653,2369,284,1479
"Wilton Ave & Diversey Pkwy",41.932418,-87.652705,2648,1190,1458,1480
"Theater on the Lake",41.926277,-87.630834,2648,1190,1458,1480
"Clinton St & Washington Blvd",41.88338,-87.64117,2645,2407,238,1481
"Ashland Ave & Division St",41.90345,-87.667747,2645,2407,238,1481
"Morgan St & 18th St",41.858086,-87.651073,2644,2000,644,1482
"Paulina St & 18th St",41.857901,-87.668745,2644,2000,644,1482
"Clark St & Armitage Ave",41.918306,-87.636282,2644,2181,463,1483
"Sheffield Ave & Willow St",41.913688,-87.652855,2644,2181,463,1483
"Lincoln Ave & Diversey Pkwy",41.932225,-87.658617,2642,2294,348,1484
"Racine Ave & Belmont Ave",41.939743,-87.658865,2642,2294,348,1484
"Sheffield Ave & Wellington Ave",41.9362534831,-87.6526620984,2641,2288,353,1485
"Ashland Ave & Wellington Ave",41.936083,-87.669807,2641,2288,353,1485
"Sedgwick St & North Ave",41.910983,-87.638525,2636,2325,311,1486
"Larrabee St & Division St",41.90348607,-87.6433534936,2636,2325,311,1486
"Clinton St & Madison St",41.8827519657,-87.6411902905,2635,2550,85,1487
"Clark St & Congress Pkwy",41.8759326655,-87.6305845355,2635,2550,85,1487
"Sheridan Rd & Buena Ave",41.958494,-87.654966,2633,1782,851,1488
"Sheffield Ave & Waveland Ave",41.949399,-87.654529,2633,1782,851,1488
"Michigan Ave & Washington St",41.8838927658,-87.6246491409,2632,1939,693,1489
"Wabash Ave & Roosevelt Rd",41.867227,-87.625961,2632,1939,693,1489
"Sedgwick St & Webster Ave",41.922167,-87.638888,2632,2155,477,1490
"Halsted St & Dickens Ave",41.919936,-87.64883,2632,2155,477,1490
"New St & Illinois St",41.8908470406,-87.6186168194,2632,814,1818,1491
"Streeter Dr & Grand Ave",41.892278,-87.612043,2632,814,1818,1491
"Rush St & Cedar St",41.9023087012,-87.627690528,2631,2038,593,1492
"St. Clair St & Erie St",41.8943451374,-87.6227983832,2631,2038,593,1492
"Halsted St & Clybourn Ave",41.909668,-87.648128,2631,2382,249,1493
"Larrabee St & Kingsbury St",41.897764,-87.642884,2631,2382,249,1493
"May St & Fulton St",41.886773,-87.656001,2630,2580,50,1494
"Morgan St & Lake St",41.8854833079,-87.6523048564,2630,2580,50,1494
"Racine Ave & Belmont Ave",41.939743,-87.658865,2628,2124,504,1495
"Southport Ave & Waveland Ave",41.94815,-87.66394,2628,2124,504,1495
"Rush St & Cedar St",41.9023087012,-87.627690528,2624,2024,600,1496
"Wells St & Concord Ln",41.912133,-87.634656,2624,2024,600,1496
"Streeter Dr & Grand Ave",41.892278,-87.612043,2621,322,2299,1497
"Lincoln Park Conservatory",41.9239313114,-87.6358245313,2621,322,2299,1497
"State St & Randolph St",41.8847302006,-87.6277335692,2619,1940,679,1498
"Michigan Ave & Lake St",41.886024,-87.624117,2619,1940,679,1498
"Michigan Ave & Pearson St",41.89766,-87.62351,2618,2181,437,1499
"Canal St & Adams St",41.879255,-87.639904,2618,2181,437,1499
"Green St & Madison St",41.881859328,-87.6492637396,2618,2463,155,1500
"Aberdeen St & Monroe St",41.880419,-87.655519,2618,2463,155,1500
"Canal St & Monroe St",41.8807,-87.63947,2618,2387,231,1501
"Orleans St & Merchandise Mart Plaza",41.888243,-87.63639,2618,2387,231,1501
"Calumet Ave & 18th St",41.857611,-87.619407,2617,2038,579,1502
"Michigan Ave & 18th St",41.857926,-87.624336,2617,2038,579,1502
"Museum Campus",41.865212,-87.617759,2617,1087,1530,1503
"Wabash Ave & Roosevelt Rd",41.867227,-87.625961,2617,1087,1530,1503
"Theater on the Lake",41.926277,-87.630834,2617,1197,1420,1504
"Southport Ave & Roscoe St",41.943739,-87.66402,2617,1197,1420,1504
"Sedgwick St & North Ave",41.910983,-87.638525,2616,2068,548,1505
"Clark St & Elm St",41.903233,-87.631253,2616,2068,548,1505
"Ashland Ave & Division St",41.90345,-87.667747,2616,2381,235,1506
"Marshfield Ave & Cortland St",41.916017,-87.668879,2616,2381,235,1506
"Wells St & Evergreen Ave",41.906724,-87.63483,2615,2452,163,1507
"Franklin St & Monroe St",41.880317,-87.635185,2615,2452,163,1507
"Ashland Ave & Division St",41.90345,-87.667747,2614,2133,481,1508
"Milwaukee Ave & Grand Ave",41.891578,-87.648384,2614,2133,481,1508
"Clark St & Schiller St",41.907993,-87.631501,2613,2240,373,1509
"Wells St & Huron St",41.8947953,-87.6343743,2613,2240,373,1509
"Broadway & Barry Ave",41.937725,-87.644095,2613,2295,318,1510
"Clark St & Wellington Ave",41.9364968219,-87.6475386582,2613,2295,318,1510
"Dearborn St & Erie St",41.893992,-87.629318,2613,2408,205,1511
"LaSalle St & Jackson Blvd",41.878166,-87.631929,2613,2408,205,1511
"State St & Kinzie St",41.88918,-87.6277,2613,1902,711,1512
"State St & Randolph St",41.8847302006,-87.6277335692,2613,1902,711,1512
"Hampden Ct & Diversey Pkwy",41.93262,-87.642385,2612,1187,1425,1513
"Lake Shore Dr & North Blvd",41.911722,-87.626804,2612,1187,1425,1513
"Field Museum",41.865312,-87.617867,2611,1336,1275,1514
"Wabash Ave & Roosevelt Rd",41.867227,-87.625961,2611,1336,1275,1514
"Canal St & Harrison St",41.874255,-87.639573,2610,2282,328,1515
"Canal St & Taylor St",41.870257,-87.639474,2610,2282,328,1515
"Loomis St & Taylor St",41.869417,-87.660996,2609,2413,196,1516
"Racine Ave & Congress Pkwy",41.87464,-87.65703,2609,2413,196,1516
"Clark St & Armitage Ave",41.918306,-87.636282,2608,1866,742,1517
"Halsted St & Wrightwood Ave",41.929143,-87.649077,2608,1866,742,1517
"Clark St & Lincoln Ave",41.915689,-87.6346,2607,1705,902,1518
"Clark St & Wellington Ave",41.9364968219,-87.6475386582,2607,1705,902,1518
"Lake Shore Dr & Diversey Pkwy",41.932684,-87.63625,2606,2246,360,1519
"Wilton Ave & Diversey Pkwy",41.932418,-87.652705,2606,2246,360,1519
"Broadway & Sheridan Rd",41.952833,-87.649993,2606,2205,401,1520
"Broadway & Cornelia Ave",41.945529,-87.646439,2606,2205,401,1520
"Millennium Park",41.8810317,-87.62408432,2606,526,2080,1521
"Mies van der Rohe Way & Chestnut St",41.8985866514,-87.6219152258,2606,526,2080,1521
"Wilton Ave & Diversey Pkwy",41.932418,-87.652705,2599,2329,270,1522
"Wilton Ave & Belmont Ave",41.94018,-87.65304,2599,2329,270,1522
"Kingsbury St & Erie St",41.8939139,-87.6417358,2597,2415,182,1523
"Clinton St & Lake St",41.88583274,-87.64138231,2597,2415,182,1523
"DuSable Lake Shore Dr & Monroe St",41.880958,-87.616743,2594,1074,1520,1524
"Burnham Harbor",41.8574117871,-87.6137915254,2594,1074,1520,1524
"Streeter Dr & Grand Ave",41.892278,-87.612043,2593,646,1947,1525
"State St & Randolph St",41.8847302006,-87.6277335692,2593,646,1947,1525
"Field Museum",41.865312,-87.617867,2592,273,2319,1526
"DuSable Lake Shore Dr & Monroe St",41.880958,-87.616743,2592,273,2319,1526
"Lake Shore Dr & Monroe St",41.880958,-87.616743,2591,509,2082,1527
"State St & Kinzie St",41.88918,-87.6277,2591,509,2082,1527
"Dearborn Pkwy & Delaware Pl",41.898969,-87.629912,2589,2264,325,1528
"Clark St & Randolph St",41.884576228,-87.63188991,2589,2264,325,1528
"Clark St & Lake St",41.8860208277,-87.6308760584,2585,930,1655,1529
"Streeter Dr & Grand Ave",41.892278,-87.612043,2585,930,1655,1529
"Southport Ave & Wellington Ave",41.9357746177,-87.6636001468,2584,2036,548,1530
"Sheffield Ave & Wellington Ave",41.9362534831,-87.6526620984,2584,2036,548,1530
"Broadway & Barry Ave",41.937725,-87.644095,2584,2179,405,1531
"Pine Grove Ave & Irving Park Rd",41.954383,-87.648043,2584,2179,405,1531
"Michigan Ave & Jackson Blvd",41.87785,-87.62408,2581,310,2271,1532
"Field Museum",41.865312,-87.617867,2581,310,2271,1532
"Mies van der Rohe Way & Chestnut St",41.8985866514,-87.6219152258,2579,938,1641,1533
"Theater on the Lake",41.926277,-87.630834,2579,938,1641,1533
"Lake Shore Dr & Diversey Pkwy",41.932684,-87.63625,2578,1227,1351,1534
"Cannon Dr & Fullerton Ave",41.9267559875,-87.6344287848,2578,1227,1351,1534
"Clarendon Ave & Leland Ave",41.967968,-87.650001,2576,1190,1386,1535
"Montrose Harbor",41.963982,-87.638181,2576,1190,1386,1535
"McClurg Ct & Illinois St",41.89102,-87.6173,2576,1478,1098,1536
"Indiana Ave & Roosevelt Rd",41.867888,-87.623041,2576,1478,1098,1536
"McClurg Ct & Illinois St",41.89102,-87.6173,2576,1800,776,1537
"St. Clair St & Erie St",41.8943451374,-87.6227983832,2576,1800,776,1537
"Clinton St & Polk St",41.8714665178,-87.6409491327,2575,2365,210,1538
"Clinton St & Madison St",41.8827519657,-87.6411902905,2575,2365,210,1538
"Damen Ave & Chicago Ave",41.895769,-87.67722,2573,2257,316,1539
"Eckhart Park",41.89637337,-87.66098386,2573,2257,316,1539
"Larrabee St & Kingsbury St",41.897764,-87.642884,2573,2274,299,1540
"State St & Pearson St",41.897448,-87.628722,2573,2274,299,1540
"Lake Shore Dr & Monroe St",41.880958,-87.616743,2573,330,2243,1541
"Buckingham Fountain",41.876368,-87.6205586,2573,330,2243,1541
"Daley Center Plaza",41.884451,-87.629892,2571,2458,113,1542
"Canal St & Adams St",41.879255,-87.639904,2571,2458,113,1542
"Larrabee St & Webster Ave",41.921822,-87.64414,2570,2274,296,1543
"Larrabee St & Kingsbury St",41.897764,-87.642884,2570,2274,296,1543
"Wacker Dr & Washington St Corral",41.88316,-87.63736,2570,2497,73,1544
"Ada St & Washington Blvd",41.88283,-87.661206,2570,2497,73,1544
"Kingsbury St & Kinzie St",41.8891768326,-87.6385057718,2568,2515,53,1545
"Clinton St & Lake St",41.88583274,-87.64138231,2568,2515,53,1545
"Wabash Ave & Adams St",41.8794723523,-87.6256886059,2567,2085,482,1546
"Franklin St & Jackson Blvd",41.8777079559,-87.6353211408,2567,2085,482,1546
"Lakefront Trail & Bryn Mawr Ave",41.9840441152,-87.6522812247,2567,1528,1039,1547
"Sheridan Rd & Loyola Ave",42.0010437798,-87.6611982433,2567,1528,1039,1547
"California Ave & North Ave",41.91044,-87.6972,2567,2138,429,1548
"Damen Ave & Pierce Ave",41.9093960065,-87.6776919292,2567,2138,429,1548
"Cannon Dr & Fullerton Ave",41.9267559875,-87.6344287848,2565,1181,1384,1549
"Lake Shore Dr & Belmont Ave",41.940775,-87.639192,2565,1181,1384,1549
"MLK Jr Dr & 29th St",41.842052,-87.617,2563,2285,278,1550
"Wabash Ave & Roosevelt Rd",41.867227,-87.625961,2563,2285,278,1550
"Daley Center Plaza",41.884241,-87.629634,2562,2227,335,1551
"Dearborn St & Monroe St",41.881319815,-87.6295209193,2562,2227,335,1551
"Wells St & Concord Ln",41.912133,-87.634656,2561,2192,369,1552
"Kingsbury St & Kinzie St",41.8891768326,-87.6385057718,2561,2192,369,1552
"Broadway & Barry Ave",41.937582316,-87.644097805,2559,1861,698,1553
"Broadway & Waveland Ave",41.949074,-87.648636,2559,1861,698,1553
"Dayton St & North Ave",41.9105780349,-87.6494219288,2558,2287,271,1554
"Larrabee St & Kingsbury St",41.897764,-87.642884,2558,2287,271,1554
"Larrabee St & North Ave",41.91021,-87.6435,2556,2391,165,1555
"Kingsbury St & Kinzie St",41.8891768326,-87.6385057718,2556,2391,165,1555
"Clinton St & Madison St",41.8827519657,-87.6411902905,2553,2306,247,1556
"Carpenter St & Huron St",41.894556,-87.653449,2553,2306,247,1556
"Clarendon Ave & Junior Ter",41.961004,-87.649603,2553,2066,487,1557
"Broadway & Sheridan Rd",41.952833,-87.649993,2553,2066,487,1557
"Milwaukee Ave & Rockwell St",41.920195,-87.693033,2553,2043,510,1558
"California Ave & Milwaukee Ave",41.922695,-87.697153,2553,2043,510,1558
"Clinton St & Madison St",41.8827519657,-87.6411902905,2550,2251,299,1559
"Canal St & Taylor St",41.870257,-87.639474,2550,2251,299,1559
"Clinton St & Madison St",41.8827519657,-87.6411902905,2550,2387,163,1560
"Financial Pl & Ida B Wells Dr",41.875023628,-87.6330940425,2550,2387,163,1560
"Racine Ave & 18th St",41.8581806068,-87.6564866473,2550,2381,169,1561
"Morgan St & Polk St",41.871737,-87.65103,2550,2381,169,1561
"Mies van der Rohe Way & Chestnut St",41.8985866514,-87.6219152258,2549,1745,804,1562
"St. Clair St & Erie St",41.8943451374,-87.6227983832,2549,1745,804,1562
"Michigan Ave & Oak St",41.90096039,-87.62377664,2548,1270,1278,1563
"Dearborn St & Erie St",41.893992,-87.629318,2548,1270,1278,1563
"Michigan Ave & Pearson St",41.89766,-87.62351,2548,1845,703,1564
"Clark St & Elm St",41.903233,-87.631253,2548,1845,703,1564
"Michigan Ave & Congress Pkwy",41.8760656,-87.62443336,2548,777,1771,1565
"Michigan Ave & Washington St",41.8838927658,-87.6246491409,2548,777,1771,1565
"Lake Park Ave & 47th St",41.809443,-87.591875,2547,2144,403,1566
"Greenwood Ave & 47th St",41.809835,-87.599383,2547,2144,403,1566
"Ashland Ave & Blackhawk St",41.907066,-87.667252,2547,2289,258,1567
"Ashland Ave & Division St",41.90345,-87.667747,2547,2289,258,1567
"Wells St & Hubbard St",41.889906,-87.634266,2545,2203,342,1568
"Canal St & Adams St",41.879255,-87.639904,2545,2203,342,1568
"Sheridan Rd & Montrose Ave",41.96167,-87.65464,2543,2008,535,1569
"Clark St & Montrose Ave",41.961588,-87.666036,2543,2008,535,1569
"Manor Ave & Leland Ave",41.965875,-87.700825,2541,2409,132,1570
"Francisco Ave & Foster Ave",41.9756327252,-87.7014194389,2541,2409,132,1570
"Stetson Ave & South Water St",41.886835,-87.62232,2540,2162,378,1571
"Michigan Ave & Madison St",41.882134,-87.625125,2540,2162,378,1571
"Montrose Harbor",41.963982,-87.638181,2540,1612,928,1572
"Clarendon Ave & Gordon Ter",41.957879,-87.649519,2540,1612,928,1572
"Franklin St & Jackson Blvd",41.8777079559,-87.6353211408,2539,2272,267,1573
"Desplaines St & Kinzie St",41.888716036,-87.6444478533,2539,2272,267,1573
"Clark St & Lake St",41.8860208277,-87.6308760584,2536,2210,326,1574
"Clark St & Schiller St",41.907993,-87.631501,2536,2210,326,1574
"Michigan Ave & Madison St",41.882134,-87.625125,2536,2018,518,1575
"Wabash Ave & Roosevelt Rd",41.867227,-87.625961,2536,2018,518,1575
"Theater on the Lake",41.926277,-87.630834,2535,853,1682,1576
"Sheffield Ave & Waveland Ave",41.949399,-87.654529,2535,853,1682,1576
"Wells St & Walton St",41.89993001,-87.63443007,2533,2106,427,1577
"Wells St & Huron St",41.8947953,-87.6343743,2533,2106,427,1577
"Southport Ave & Wellington Ave",41.935733,-87.663576,2533,2359,174,1578
"Racine Ave & Belmont Ave",41.939743,-87.658865,2533,2359,174,1578
"Lake Shore Dr & North Blvd",41.911722,-87.626804,2533,1094,1439,1579
"Pine Grove Ave & Irving Park Rd",41.954383,-87.648043,2533,1094,1439,1579
"Indiana Ave & Roosevelt Rd",41.867888,-87.623041,2531,1227,1304,1580
"Lake Shore Dr & North Blvd",41.911722,-87.626804,2531,1227,1304,1580
"Sheffield Ave & Webster Ave",41.92154,-87.653818,2530,2252,278,1581
"Clifton Ave & Armitage Ave",41.918216,-87.656936,2530,2252,278,1581
"Broadway & Waveland Ave",41.949074,-87.648636,2530,2224,306,1582
"Broadway & Cornelia Ave",41.945529,-87.646439,2530,2224,306,1582
"Dearborn Pkwy & Delaware Pl",41.898969,-87.629912,2528,2283,245,1583
"Mies van der Rohe Way & Chicago Ave",41.89691,-87.621743,2528,2283,245,1583
"Dearborn St & Adams St",41.8793563587,-87.6297910363,2525,1399,1126,1584
"LaSalle St & Washington St",41.882664,-87.63253,2525,1399,1126,1584
"Clinton St & Washington Blvd",41.88338,-87.64117,2525,2406,119,1585
"Wells St & Hubbard St",41.889933,-87.634262,2525,2406,119,1585
"Millennium Park",41.8810317,-87.62408432,2525,1279,1246,1586
"Field Blvd & South Water St",41.8863490627,-87.6175165471,2525,1279,1246,1586
"Indiana Ave & Roosevelt Rd",41.867888,-87.623041,2523,2314,209,1587
"Franklin St & Monroe St",41.880317,-87.635185,2523,2314,209,1587
"Rush St & Superior St",41.8957647456,-87.6259080327,2523,1998,525,1588
"Wabash Ave & Grand Ave",41.891466,-87.626761,2523,1998,525,1588
"Wells St & Huron St",41.8947953,-87.6343743,2523,2093,430,1589
"Franklin St & Lake St",41.885837,-87.6355,2523,2093,430,1589
"Broadway & Barry Ave",41.937725,-87.644095,2522,2085,437,1590
"Lake Shore Dr & Diversey Pkwy",41.932684,-87.63625,2522,2085,437,1590
"Dearborn St & Monroe St",41.881319815,-87.6295209193,2521,1222,1299,1591
"Streeter Dr & Grand Ave",41.892278,-87.612043,2521,1222,1299,1591
"Franklin St & Lake St",41.885837,-87.6355,2520,2092,428,1592
"Wells St & Elm St",41.903222,-87.634324,2520,2092,428,1592
"Halsted St & Polk St",41.87184,-87.64664,2520,2264,256,1593
"Halsted St & Roosevelt Rd",41.867324,-87.648625,2520,2264,256,1593
"Canal St & Madison St",41.882091,-87.639833,2520,2438,82,1594
"Ada St & Washington Blvd",41.88283,-87.661206,2520,2438,82,1594
"Wabash Ave & Grand Ave",41.891738,-87.626937,2518,657,1861,1595
"Streeter Dr & Grand Ave",41.892278,-87.612043,2518,657,1861,1595
"Mies van der Rohe Way & Chestnut St",41.8985866514,-87.6219152258,2517,2229,288,1596
"Canal St & Adams St",41.879255,-87.639904,2517,2229,288,1596
"Jefferson St & Monroe St",41.880422,-87.642746,2517,2318,199,1597
"Dearborn St & Monroe St",41.881319815,-87.6295209193,2517,2318,199,1597
"Wells St & Elm St",41.903222,-87.634324,2517,1959,558,1598
"Orleans St & Chestnut St (NEXT Apts)",41.898203,-87.637536,2517,1959,558,1598
"Wells St & Evergreen Ave",41.906724,-87.63483,2515,2185,330,1599
"Larrabee St & Kingsbury St",41.897764,-87.642884,2515,2185,330,1599
"Clark St & Schiller St",41.907993,-87.631501,2514,2271,243,1600
"State St & Pearson St",41.897448,-87.628722,2514,2271,243,1600
"Ellis Ave & 60th St",41.7850971464,-87.6010727606,2514,1914,600,1601
"Lake Park Ave & 53rd St",41.7994942937,-87.5864498959,2514,1914,600,1601
"Clinton St & Madison St",41.8827519657,-87.6411902905,2513,2337,176,1602
"Racine Ave & Congress Pkwy",41.87464,-87.65703,2513,2337,176,1602
"Noble St & Milwaukee Ave",41.90068,-87.6626,2513,2258,255,1603
"Ashland Ave & Division St",41.90345,-87.667747,2513,2258,255,1603
"Clinton St & Washington Blvd",41.88338,-87.64117,2512,2390,122,1604
"Desplaines St & Jackson Blvd",41.8781189009,-87.6439476013,2512,2390,122,1604
"Franklin St & Monroe St",41.880317,-87.635185,2512,2226,286,1605
"Clark St & Lake St",41.8860208277,-87.6308760584,2512,2226,286,1605
"Desplaines St & Kinzie St",41.888716036,-87.6444478533,2511,2408,103,1606
"May St & Fulton St",41.886773,-87.656001,2511,2408,103,1606
"Ritchie Ct & Banks St",41.906866,-87.626217,2511,835,1676,1607
"Streeter Dr & Grand Ave",41.892278,-87.612043,2511,835,1676,1607
"Canal St & Monroe St",41.8807,-87.63947,2508,2363,145,1608
"Dearborn St & Adams St",41.8793563587,-87.6297910363,2508,2363,145,1608
"Paulina St & Howard St",42.019159,-87.673573,2507,2028,479,1609
"Western Ave & Howard St",42.018901,-87.690048,2507,2028,479,1609
"Millennium Park",41.8810317,-87.62408432,2507,729,1778,1610
"State St & Van Buren St",41.877181,-87.627844,2507,729,1778,1610
"Kingsbury St & Kinzie St",41.8891768326,-87.6385057718,2506,2028,478,1611
"Ogden Ave & Race Ave",41.891795,-87.658751,2506,2028,478,1611
"Green St & Randolph St*",41.8836016573,-87.6486267149,2506,2266,240,1612
"Milwaukee Ave & Grand Ave",41.891578,-87.648384,2506,2266,240,1612
"LaSalle St & Jackson Blvd",41.87817,-87.631985,2506,2365,141,1613
"Clark St & Randolph St",41.884576228,-87.63188991,2506,2365,141,1613
"Daley Center Plaza",41.884241,-87.629634,2505,1118,1387,1614
"Streeter Dr & Grand Ave",41.892278,-87.612043,2505,1118,1387,1614
"Clark St & Berwyn Ave",41.9780306225,-87.6685649157,2504,2230,274,1615
"Clark St & Bryn Mawr Ave",41.983593,-87.669154,2504,2230,274,1615
"Broadway & Sheridan Rd",41.952833,-87.649993,2503,1828,675,1616
"Sheffield Ave & Waveland Ave",41.949399,-87.654529,2503,1828,675,1616
"Wood St & Milwaukee Ave",41.907655,-87.672552,2502,2226,276,1617
"Ashland Ave & Blackhawk St",41.907066,-87.667252,2502,2226,276,1617
"Indiana Ave & 31st St",41.838842,-87.621857,2502,2413,89,1618
"Rhodes Ave & 32nd St",41.836208,-87.613533,2502,2413,89,1618
"Racine Ave & Belmont Ave",41.939743,-87.658865,2502,2194,308,1619
"Clark St & Wellington Ave",41.9364968219,-87.6475386582,2502,2194,308,1619
"900 W Harrison St",41.874754,-87.649807,2502,2275,227,1620
"May St & Taylor St",41.8694821,-87.6554864,2502,2275,227,1620
"Hermitage Ave & Polk St",41.871514,-87.669886,2500,2359,141,1621
"Loomis St & Taylor St",41.869417,-87.660996,2500,2359,141,1621
"Broadway & Thorndale Ave",41.9897425114,-87.6601406209,2500,2170,330,1622
"Broadway & Berwyn Ave",41.978353,-87.659753,2500,2170,330,1622
"Kingsbury St & Erie St",41.8939139,-87.6417358,2500,2229,271,1623
"McClurg Ct & Illinois St",41.89102,-87.6173,2500,2229,271,1623
"Shedd Aquarium",41.8672259568,-87.6153553902,2500,234,2266,1624
"Wabash Ave & Wacker Pl",41.886875,-87.62603,2500,234,2266,1624
"Calumet Ave & 33rd St",41.8349,-87.61793,2499,2379,120,1625
"State St & 35th St",41.83104,-87.62688,2499,2379,120,1625
"Larrabee St & North Ave",41.91021,-87.6435,2499,2152,347,1626
"Larrabee St & Kingsbury St",41.897764,-87.642884,2499,2152,347,1626
"Sheridan Rd & Buena Ave",41.958494,-87.654966,2497,1815,682,1627
"Theater on the Lake",41.926277,-87.630834,2497,1815,682,1627
"Kingsbury St & Kinzie St",41.8891768326,-87.6385057718,2497,2220,277,1628
"LaSalle St & Illinois St",41.890762,-87.631697,2497,2220,277,1628
"Stockton Dr & Wrightwood Ave",41.93132,-87.638742,2497,2081,416,1629
"Wilton Ave & Diversey Pkwy",41.932418,-87.652705,2497,2081,416,1629
"Broadway & Barry Ave",41.937582316,-87.644097805,2497,1889,608,1630
"Sheffield Ave & Wellington Ave",41.9362534831,-87.6526620984,2497,1889,608,1630
"Franklin St & Monroe St",41.880317,-87.635185,2496,2062,434,1631
"Michigan Ave & Madison St",41.882134,-87.625125,2496,2062,434,1631
"McClurg Ct & Illinois St",41.89102,-87.6173,2495,2020,475,1632
"Clark St & Randolph St",41.884576228,-87.63188991,2495,2020,475,1632
"Streeter Dr & Grand Ave",41.892278,-87.612043,2494,612,1882,1633
"Fairbanks Ct & Grand Ave",41.8918473721,-87.6205801964,2494,612,1882,1633
"Michigan Ave & Madison St",41.882134,-87.625125,2493,1722,771,1634
"Indiana Ave & Roosevelt Rd",41.867888,-87.623041,2493,1722,771,1634
"Canal St & Madison St",41.882409,-87.639767,2491,2060,431,1635
"LaSalle St & Jackson Blvd",41.878166,-87.631929,2491,2060,431,1635
"Lakeview Ave & Fullerton Pkwy",41.925858,-87.638973,2489,2129,360,1636
"Clark St & Drummond Pl",41.931248,-87.644336,2489,2129,360,1636
"Clark St & Elm St",41.903233,-87.631253,2489,2191,298,1637
"Franklin St & Chicago Ave",41.89679,-87.63564,2489,2191,298,1637
"Mies van der Rohe Way & Chestnut St",41.8985866514,-87.6219152258,2487,1810,677,1638
"Dearborn St & Erie St",41.893992,-87.629318,2487,1810,677,1638
"State St & Randolph St",41.8847302006,-87.6277335692,2487,1862,625,1639
"Fairbanks Ct & Grand Ave",41.89186,-87.62062,2487,1862,625,1639
"Loomis St & Jackson Blvd",41.877945,-87.662007,2484,2364,120,1640
"Peoria St & Jackson Blvd",41.877749,-87.649633,2484,2364,120,1640
"Theater on the Lake",41.926277,-87.630834,2484,845,1639,1641
"DuSable Lake Shore Dr & North Blvd",41.911722,-87.626804,2484,845,1639,1641
"Franklin St & Jackson Blvd",41.8777079559,-87.6353211408,2483,1462,1021,1642
"Adler Planetarium",41.866095,-87.607267,2483,1462,1021,1642
"Green St & Madison St",41.881859328,-87.6492637396,2480,2108,372,1643
"Franklin St & Jackson Blvd",41.8777079559,-87.6353211408,2480,2108,372,1643
"Millennium Park",41.8810317,-87.62408432,2479,869,1610,1644
"State St & Harrison St",41.874053,-87.627716,2479,869,1610,1644
"St. Clair St & Erie St",41.8943451374,-87.6227983832,2479,2028,451,1645
"Wabash Ave & Grand Ave",41.891466,-87.626761,2479,2028,451,1645
"Michigan Ave & Washington St",41.8838927658,-87.6246491409,2479,1220,1259,1646
"State St & Kinzie St",41.88918,-87.6277,2479,1220,1259,1646
"Sedgwick St & North Ave",41.910983,-87.638525,2478,2416,62,1647
"Franklin St & Monroe St",41.880317,-87.635185,2478,2416,62,1647
"State St & Randolph St",41.8847302006,-87.6277335692,2478,1696,782,1648
"Wabash Ave & Grand Ave",41.891738,-87.626937,2478,1696,782,1648
"State St & Kinzie St",41.88918,-87.6277,2476,2254,222,1649
"Clark St & Congress Pkwy",41.8759326655,-87.6305845355,2476,2254,222,1649
"Clark St & Lincoln Ave",41.915689,-87.6346,2475,703,1772,1650
"Lake Shore Dr & Monroe St",41.880958,-87.616743,2475,703,1772,1650
"Montrose Harbor",41.963982,-87.638181,2474,1431,1043,1651
"Sheridan Rd & Buena Ave",41.958494,-87.654966,2474,1431,1043,1651
"Calumet Ave & 33rd St",41.8349,-87.61793,2474,2321,153,1652
"Wentworth Ave & 33rd St",41.8345298856,-87.6318229814,2474,2321,153,1652
"Larrabee St & Webster Ave",41.921822,-87.64414,2474,2028,446,1653
"Clark St & Wrightwood Ave",41.929546,-87.643118,2474,2028,446,1653
"Millennium Park",41.8810317,-87.62408432,2473,943,1530,1654
"Dearborn St & Monroe St",41.881319815,-87.6295209193,2473,943,1530,1654
"Wabash Ave & Roosevelt Rd",41.867227,-87.625961,2473,864,1609,1655
"Streeter Dr & Grand Ave",41.892278,-87.612043,2473,864,1609,1655
"Clinton St & Madison St",41.8827519657,-87.6411902905,2471,2129,342,1656
"Clinton St & Roosevelt Rd",41.8671177825,-87.6410879593,2471,2129,342,1656
"Southport Ave & Roscoe St",41.943739,-87.66402,2471,1830,641,1657
"Clark St & Grace St",41.95078,-87.659172,2471,1830,641,1657
"LaSalle St & Jackson Blvd",41.87817,-87.631985,2471,2130,341,1658
"Michigan Ave & Washington St",41.8838927658,-87.6246491409,2471,2130,341,1658
"LaSalle St & Washington St",41.882664,-87.63253,2470,2236,234,1659
"Dearborn Pkwy & Delaware Pl",41.898969,-87.629912,2470,2236,234,1659
"Morgan St & Polk St",41.871737,-87.65103,2469,2363,106,1660
"Clinton St & Washington Blvd",41.88338,-87.64117,2469,2363,106,1660
"St. Clair St & Erie St",41.8943451374,-87.6227983832,2469,2271,198,1661
"Larrabee St & Kingsbury St",41.897764,-87.642884,2469,2271,198,1661
"Millennium Park",41.8810317,-87.62408432,2468,502,1966,1662
"Wabash Ave & Grand Ave",41.891466,-87.626761,2468,502,1966,1662
"Clark St & North Ave",41.911974,-87.631942,2468,1369,1099,1663
"Stockton Dr & Wrightwood Ave",41.93132,-87.638742,2468,1369,1099,1663
"Clinton St & Madison St",41.8827519657,-87.6411902905,2467,2165,302,1664
"Wells St & Hubbard St",41.889906,-87.634266,2467,2165,302,1664
"Halsted St & Dickens Ave",41.919936,-87.64883,2467,2257,210,1665
"Sheffield Ave & Kingsbury St",41.910522,-87.653106,2467,2257,210,1665
"Clark St & Elm St",41.903233,-87.631253,2465,2070,395,1666
"State St & Chicago Ave",41.8966172004,-87.6285785437,2465,2070,395,1666
"Wells St & Elm St",41.903222,-87.634324,2464,1836,628,1667
"Halsted St & Clybourn Ave",41.909668,-87.648128,2464,1836,628,1667
"Columbus Dr & Randolph St",41.884728,-87.619521,2464,2107,357,1668
"Orleans St & Merchandise Mart Plaza",41.888243,-87.63639,2464,2107,357,1668
"Broadway & Barry Ave",41.937725,-87.644095,2464,2206,258,1669
"Broadway & Sheridan Rd",41.952833,-87.649993,2464,2206,258,1669
"Halsted St & Roscoe St",41.94367,-87.64895,2464,2182,282,1670
"Halsted St & Diversey Pkwy",41.933341,-87.648747,2464,2182,282,1670
"Clark St & Drummond Pl",41.931248,-87.644336,2462,1574,888,1671
"Clark St & Lincoln Ave",41.915689,-87.6346,2462,1574,888,1671
"McClurg Ct & Erie St",41.894503,-87.617854,2462,2353,109,1672
"Clinton St & Madison St",41.8827519657,-87.6411902905,2462,2353,109,1672
"Franklin St & Jackson Blvd",41.8777079559,-87.6353211408,2462,507,1955,1673
"Streeter Dr & Grand Ave",41.892278,-87.612043,2462,507,1955,1673
"Canal St & Jackson Blvd",41.877988,-87.640769,2459,2216,243,1674
"State St & Van Buren St",41.877181,-87.627844,2459,2216,243,1674
"Clinton St & Washington Blvd",41.88338,-87.64117,2455,2260,195,1675
"Mies van der Rohe Way & Chestnut St",41.8985866514,-87.6219152258,2455,2260,195,1675
"State St & Kinzie St",41.8893754666,-87.6270765066,2454,2120,334,1676
"Clinton St & Washington Blvd",41.88338,-87.64117,2454,2120,334,1676
"Stetson Ave & South Water St",41.886835,-87.62232,2453,2181,272,1677
"Franklin St & Lake St",41.885837,-87.6355,2453,2181,272,1677
"Clark St & Armitage Ave",41.918306,-87.636282,2453,1890,563,1678
"St. Clair St & Erie St",41.8943451374,-87.6227983832,2453,1890,563,1678
"Clinton St & Madison St",41.8827519657,-87.6411902905,2453,2140,313,1679
"Wabash Ave & Grand Ave",41.891466,-87.626761,2453,2140,313,1679
"Stetson Ave & South Water St",41.886835,-87.62232,2452,2015,437,1680
"Cityfront Plaza Dr & Pioneer Ct",41.890573,-87.622072,2452,2015,437,1680
"Pine Grove Ave & Waveland Ave",41.9494727409,-87.6464527845,2452,2121,331,1681
"Pine Grove Ave & Irving Park Rd",41.954383,-87.648043,2452,2121,331,1681
"State St & Kinzie St",41.88918,-87.6277,2451,1857,594,1682
"Dearborn St & Adams St",41.8793563587,-87.6297910363,2451,1857,594,1682
"Larrabee St & Kingsbury St",41.897764,-87.642884,2451,1707,744,1683
"State St & Chicago Ave",41.8966172004,-87.6285785437,2451,1707,744,1683
"Clinton St & Tilden St",41.875885,-87.640795,2450,2370,80,1684
"Jefferson St & Monroe St",41.880422,-87.642746,2450,2370,80,1684
"Broadway & Cornelia Ave",41.945529,-87.646439,2450,1210,1240,1685
"Theater on the Lake",41.926277,-87.630834,2450,1210,1240,1685
"Franklin St & Quincy St",41.878724,-87.634793,2450,2117,333,1686
"Michigan Ave & Jackson Blvd",41.87785,-87.62408,2450,2117,333,1686
"Pine Grove Ave & Waveland Ave",41.949275,-87.646303,2450,2293,157,1687
"Clarendon Ave & Gordon Ter",41.957879,-87.649519,2450,2293,157,1687
"McClurg Ct & Illinois St",41.89102,-87.6173,2449,2092,357,1688
"Clinton St & Madison St",41.8827519657,-87.6411902905,2449,2092,357,1688
"Clinton St & Jackson Blvd",41.8783166118,-87.6409810781,2448,2256,192,1689
"Larrabee St & Kingsbury St",41.897764,-87.642884,2448,2256,192,1689
"Michigan Ave & Oak St",41.90096039,-87.62377664,2448,1386,1062,1690
"Clark St & Schiller St",41.907993,-87.631501,2448,1386,1062,1690
"Streeter Dr & Grand Ave",41.892278,-87.612043,2448,468,1980,1691
"Stetson Ave & South Water St",41.886835,-87.62232,2448,468,1980,1691
"Wells St & Huron St",41.8947953,-87.6343743,2445,2216,229,1692
"Franklin St & Monroe St",41.880317,-87.635185,2445,2216,229,1692
"LaSalle St & Washington St",41.882664,-87.63253,2445,2239,206,1693
"Fairbanks Ct & Grand Ave",41.89186,-87.62062,2445,2239,206,1693
"Hermitage Ave & Polk St",41.871514,-87.669886,2443,2405,38,1694
"Canal St & Jackson Blvd",41.877988,-87.640769,2443,2405,38,1694
"Wood St & Taylor St",41.869154,-87.671045,2443,2345,98,1695
"Morgan St & Polk St",41.871737,-87.65103,2443,2345,98,1695
"Cityfront Plaza Dr & Pioneer Ct",41.890573,-87.622072,2443,2180,263,1696
"Daley Center Plaza",41.884241,-87.629634,2443,2180,263,1696
"Theater on the Lake",41.926277,-87.630834,2442,1243,1199,1697
"McClurg Ct & Erie St",41.894503,-87.617854,2442,1243,1199,1697
"Michigan Ave & Lake St",41.886024,-87.624117,2442,248,2194,1698
"Shedd Aquarium",41.8672259568,-87.6153553902,2442,248,2194,1698
"Clark St & North Ave",41.911974,-87.631942,2439,1804,635,1699
"Clark St & Schiller St",41.907993,-87.631501,2439,1804,635,1699
"Marshfield Ave & Cortland St",41.916017,-87.668879,2439,2354,85,1700
"Halsted St & Blackhawk St",41.90854,-87.648568,2439,2354,85,1700
"Adler Planetarium",41.866095,-87.607267,2438,682,1756,1701
"McClurg Ct & Illinois St",41.89102,-87.6173,2438,682,1756,1701
"Dearborn St & Monroe St",41.881319815,-87.6295209193,2434,2230,204,1702
"Franklin St & Lake St",41.885837,-87.6355,2434,2230,204,1702
"Morgan St & Polk St",41.871737,-87.65103,2433,2214,219,1703
"Clinton St & Roosevelt Rd",41.8671177825,-87.6410879593,2433,2214,219,1703
"Wacker Dr & Washington St Corral",41.88316,-87.63736,2433,2302,131,1704
"Michigan Ave & Madison St",41.882134,-87.625125,2433,2302,131,1704
"Fairbanks Ct & Grand Ave",41.89186,-87.62062,2431,2085,346,1705
"Dearborn St & Monroe St",41.881319815,-87.6295209193,2431,2085,346,1705
"Canal St & Monroe St",41.8807,-87.63947,2430,2293,137,1706
"State St & Van Buren St",41.877181,-87.627844,2430,2293,137,1706
"Dearborn St & Adams St",41.8793563587,-87.6297910363,2429,2158,271,1707
"Daley Center Plaza",41.884451,-87.629892,2429,2158,271,1707
"Halsted St & Wrightwood Ave",41.929143,-87.649077,2425,2019,406,1708
"Racine Ave & Wrightwood Ave",41.928887,-87.658971,2425,2019,406,1708
"Larrabee St & Webster Ave",41.921822,-87.64414,2425,1731,694,1709
"Sheffield Ave & Wrightwood Ave",41.928712,-87.653833,2425,1731,694,1709
"Shedd Aquarium",41.8672259568,-87.6153553902,2425,442,1983,1710
"Lake Shore Dr & Ohio St",41.89257,-87.614492,2425,442,1983,1710
"Wabash Ave & Adams St",41.8794723523,-87.6256886059,2424,2039,385,1711
"Wabash Ave & 9th St",41.870769,-87.625734,2424,2039,385,1711
"Damen Ave & Pierce Ave",41.9093960065,-87.6776919292,2423,1922,501,1712
"Leavitt St & Armitage Ave",41.917805,-87.682437,2423,1922,501,1712
"Canal St & Monroe St",41.8807,-87.63947,2421,2271,150,1713
"Desplaines St & Kinzie St",41.888716036,-87.6444478533,2421,2271,150,1713
"Michigan Ave & Congress Pkwy",41.8760656,-87.62443336,2421,374,2047,1714
"Shedd Aquarium",41.8672259568,-87.6153553902,2421,374,2047,1714
"Streeter Dr & Illinois St",41.891071,-87.6122,2421,819,1602,1715
"Lake Shore Dr & Belmont Ave",41.940775,-87.639192,2421,819,1602,1715
"Broadway & Wilson Ave",41.965221,-87.658139,2420,2044,376,1716
"Sheridan Rd & Lawrence Ave",41.969517,-87.654691,2420,2044,376,1716
"Wells St & Concord Ln",41.912133,-87.634656,2419,1736,683,1717
"Sheffield Ave & Webster Ave",41.92154,-87.653818,2419,1736,683,1717
"Columbus Dr & Randolph St",41.884728,-87.619521,2419,2065,354,1718
"Wabash Ave & Adams St",41.8794723523,-87.6256886059,2419,2065,354,1718
"Canal St & Madison St",41.882091,-87.639833,2419,2230,189,1719
"Michigan Ave & Washington St",41.8839840647,-87.6246839762,2419,2230,189,1719
"Franklin St & Jackson Blvd",41.8777079559,-87.6353211408,2419,1575,844,1720
"Michigan Ave & Madison St",41.882134,-87.625125,2419,1575,844,1720
"Halsted St & Roscoe St",41.94367,-87.64895,2418,1723,695,1721
"Halsted St & Wrightwood Ave",41.929143,-87.649077,2418,1723,695,1721
"Columbus Dr & Randolph St",41.884728,-87.619521,2418,2038,380,1722
"Dearborn St & Erie St",41.893992,-87.629318,2418,2038,380,1722
"LaSalle St & Jackson Blvd",41.87817,-87.631985,2417,2242,175,1723
"McClurg Ct & Illinois St",41.89102,-87.6173,2417,2242,175,1723
"Dearborn St & Monroe St",41.881319815,-87.6295209193,2415,2175,240,1724
"Wabash Ave & 8th St",41.871962,-87.626106,2415,2175,240,1724
"Clinton St & Roosevelt Rd",41.8671177825,-87.6410879593,2414,1481,933,1725
"Indiana Ave & Roosevelt Rd",41.867888,-87.623041,2414,1481,933,1725
"Clark St & Randolph St",41.884576228,-87.63188991,2414,2145,269,1726
"St. Clair St & Erie St",41.8943451374,-87.6227983832,2414,2145,269,1726
"Franklin St & Quincy St",41.878724,-87.634793,2414,2185,229,1727
"State St & Randolph St",41.8847302006,-87.6277335692,2414,2185,229,1727
"Wood St & Milwaukee Ave",41.907655,-87.672552,2412,1701,711,1728
"California Ave & Milwaukee Ave",41.922695,-87.697153,2412,1701,711,1728
"Canal St & Adams St",41.879255,-87.639904,2411,2282,129,1729
"Racine Ave & Congress Pkwy",41.87464,-87.65703,2411,2282,129,1729
"Aberdeen St & Jackson Blvd",41.87772613,-87.65478743,2411,1948,463,1730
"Peoria St & Jackson Blvd",41.8776415963,-87.6496177912,2411,1948,463,1730
"Loomis St & Lexington St",41.8722287322,-87.661363855,2410,1948,462,1731
"900 W Harrison St",41.874754,-87.649807,2410,1948,462,1731
"Franklin St & Jackson Blvd",41.8777079559,-87.6353211408,2410,1963,447,1732
"Daley Center Plaza",41.884241,-87.629634,2410,1963,447,1732
"Desplaines St & Jackson Blvd",41.8781189009,-87.6439476013,2409,2301,108,1733
"Franklin St & Monroe St",41.880317,-87.635185,2409,2301,108,1733
"Desplaines St & Kinzie St",41.888716036,-87.6444478533,2409,2223,186,1734
"Daley Center Plaza",41.884241,-87.629634,2409,2223,186,1734
"Clinton St & Lake St",41.88583274,-87.64138231,2408,2317,91,1735
"Larrabee St & Kingsbury St",41.897764,-87.642884,2408,2317,91,1735
"Broadway & Waveland Ave",41.949074,-87.648636,2407,1954,453,1736
"Clark St & Grace St",41.95078,-87.659172,2407,1954,453,1736
"Morgan St & Polk St",41.871737,-87.65103,2405,2391,14,1737
"Clinton St & 18th St",41.85795,-87.640826,2405,2391,14,1737
"State St & Kinzie St",41.88918,-87.6277,2405,1936,469,1738
"Dearborn Pkwy & Delaware Pl",41.898969,-87.629912,2405,1936,469,1738
"Canal St & Monroe St",41.8807,-87.63947,2405,2235,170,1739
"Michigan Ave & Lake St",41.886024,-87.624117,2405,2235,170,1739
"Michigan Ave & Washington St",41.8838927658,-87.6246491409,2405,982,1423,1740
"Michigan Ave & Jackson Blvd",41.87785,-87.62408,2405,982,1423,1740
"University Ave & 57th St",41.791478,-87.599861,2404,1850,554,1741
"Drexel Ave & 60th St",41.785861,-87.604553,2404,1850,554,1741
"Morgan Ave & 14th Pl",41.862378,-87.651062,2404,2330,74,1742
"Clinton St & Madison St",41.8827519657,-87.6411902905,2404,2330,74,1742
"Southport Ave & Waveland Ave",41.94815,-87.66394,2404,2032,372,1743
"Halsted St & Roscoe St",41.94367,-87.64895,2404,2032,372,1743
"Morgan St & Lake St",41.8854833079,-87.6523048564,2403,2253,150,1744
"Ada St & Washington Blvd",41.88283,-87.661206,2403,2253,150,1744
"Sedgwick St & Webster Ave",41.922167,-87.638888,2402,1807,595,1745
"Clark St & Armitage Ave",41.918306,-87.636282,2402,1807,595,1745
"Marshfield Ave & Cortland St",41.916017,-87.668879,2402,2374,28,1746
"Larrabee St & Kingsbury St",41.897764,-87.642884,2402,2374,28,1746
"Michigan Ave & Congress Pkwy",41.8760656,-87.62443336,2402,2129,273,1747
"Canal St & Madison St",41.882091,-87.639833,2402,2129,273,1747
"MLK Jr Dr & 29th St",41.842052,-87.617,2400,2320,80,1748
"Emerald Ave & 31st St",41.838198,-87.645143,2400,2320,80,1748
"Halsted St & Wrightwood Ave",41.929143,-87.649077,2400,1774,626,1749
"Southport Ave & Wrightwood Ave",41.928773,-87.663913,2400,1774,626,1749
"Lincoln Ave & Fullerton Ave",41.925905,-87.64926,2400,2187,213,1750
"Clark St & Wrightwood Ave",41.929546,-87.643118,2400,2187,213,1750
"Milwaukee Ave & Grand Ave",41.891578,-87.648384,2399,2075,324,1751
"Clinton St & Washington Blvd",41.88338,-87.64117,2399,2075,324,1751
"Daley Center Plaza",41.884451,-87.629892,2397,2212,185,1752
"Canal St & Madison St",41.882091,-87.639833,2397,2212,185,1752
"McClurg Ct & Erie St",41.894503,-87.617854,2396,2233,163,1753
"Daley Center Plaza",41.884241,-87.629634,2396,2233,163,1753
"Clarendon Ave & Gordon Ter",41.957879,-87.649519,2395,2250,145,1754
"Broadway & Sheridan Rd",41.952833,-87.649993,2395,2250,145,1754
"Clark St & Lincoln Ave",41.915689,-87.6346,2395,1453,942,1755
"Lake Shore Dr & Wellington Ave",41.936669,-87.636794,2395,1453,942,1755
"Fairbanks Ct & Grand Ave",41.89186,-87.62062,2395,2152,243,1756
"LaSalle St & Illinois St",41.890762,-87.631697,2395,2152,243,1756
"Franklin St & Jackson Blvd",41.8777079559,-87.6353211408,2392,1977,415,1757
"Canal St & Adams St",41.879255,-87.639904,2392,1977,415,1757
"Cornell Ave & Hyde Park Blvd",41.802406,-87.586924,2392,1928,464,1758
"Lake Park Ave & 56th St",41.793242,-87.587782,2392,1928,464,1758
"Clark St & Wellington Ave",41.9364968219,-87.6475386582,2391,1756,635,1759
"Clark St & Grace St",41.95078,-87.659172,2391,1756,635,1759
"Michigan Ave & Madison St",41.882134,-87.625125,2390,665,1725,1760
"Millennium Park",41.8810317,-87.62408432,2390,665,1725,1760
"Rush St & Superior St",41.8957647456,-87.6259080327,2389,1928,461,1761
"Rush St & Cedar St",41.9023087012,-87.627690528,2389,1928,461,1761
"Clark St & Wrightwood Ave",41.929546,-87.643118,2389,1891,498,1762
"Racine Ave & Wrightwood Ave",41.928887,-87.658971,2389,1891,498,1762
"Franklin St & Lake St",41.885837,-87.6355,2388,2184,204,1763
"Wells St & Concord Ln",41.912133,-87.634656,2388,2184,204,1763
"Wolcott Ave & Polk St",41.871262,-87.673688,2388,2034,354,1764
"900 W Harrison St",41.874754,-87.649807,2388,2034,354,1764
"McClurg Ct & Illinois St",41.89102,-87.6173,2388,1213,1175,1765
"Columbus Dr & Randolph St",41.884728,-87.619521,2388,1213,1175,1765
"Clark St & 9th St (AMLI)",41.870816,-87.631246,2387,1762,625,1766
"Dearborn St & Monroe St",41.881319815,-87.6295209193,2387,1762,625,1766
"Sedgwick St & Huron St",41.894666,-87.638437,2387,2135,252,1767
"Desplaines St & Kinzie St",41.888716036,-87.6444478533,2387,2135,252,1767
"Kingsbury St & Kinzie St",41.8891768326,-87.6385057718,2385,2170,215,1768
"Fairbanks Ct & Grand Ave",41.89186,-87.62062,2385,2170,215,1768
"Dayton St & North Ave",41.9105780349,-87.6494219288,2385,1851,534,1769
"Clark St & Elm St",41.903233,-87.631253,2385,1851,534,1769
"Sheffield Ave & Kingsbury St",41.910522,-87.653106,2385,2085,300,1770
"Sedgwick St & North Ave",41.910983,-87.638525,2385,2085,300,1770
"Canal St & Madison St",41.882091,-87.639833,2384,2296,88,1771
"Wells St & Walton St",41.89993001,-87.63443007,2384,2296,88,1771
"Canal St & Monroe St",41.8807,-87.63947,2384,2341,43,1772
"Morgan St & Lake St",41.8854833079,-87.6523048564,2384,2341,43,1772
"Lincoln Ave & Diversey Pkwy",41.932225,-87.658617,2383,1620,763,1773
"Clark St & Lincoln Ave",41.915689,-87.6346,2383,1620,763,1773
"Ravenswood Ave & Lawrence Ave",41.96909,-87.674237,2382,2191,191,1774
"Sheridan Rd & Lawrence Ave",41.969517,-87.654691,2382,2191,191,1774
"900 W Harrison St",41.874754,-87.649807,2381,1802,579,1775
"Aberdeen St & Jackson Blvd",41.87772613,-87.65478743,2381,1802,579,1775
"State St & Randolph St",41.8847302006,-87.6277335692,2380,2017,363,1776
"Franklin St & Monroe St",41.880317,-87.635185,2380,2017,363,1776
"Canal St & Monroe St",41.8807,-87.63947,2379,2315,64,1777
"Canal St & Taylor St",41.870257,-87.639474,2379,2315,64,1777
"Daley Center Plaza",41.884241,-87.629634,2379,2166,213,1778
"State St & Van Buren St",41.877181,-87.627844,2379,2166,213,1778
"Wilton Ave & Diversey Pkwy",41.932418,-87.652705,2377,1948,429,1779
"Lakeview Ave & Fullerton Pkwy",41.925858,-87.638973,2377,1948,429,1779
"Michigan Ave & 8th St",41.872773,-87.623981,2377,416,1961,1780
"McCormick Place",41.8513751729,-87.6188346489,2377,416,1961,1780
"Canal St & Monroe St",41.8807,-87.63947,2376,2278,98,1781
"Wabash Ave & Adams St",41.8794723523,-87.6256886059,2376,2278,98,1781
"Dayton St & North Ave",41.9105780349,-87.6494219288,2376,2183,193,1782
"Bissell St & Armitage Ave",41.91844,-87.65222,2376,2183,193,1782
"Michigan Ave & Oak St",41.90096039,-87.62377664,2376,1313,1063,1783
"Hampden Ct & Diversey Pkwy",41.93262,-87.642385,2376,1313,1063,1783
"Clinton St & Washington Blvd",41.88338,-87.64117,2376,2172,204,1784
"State St & Van Buren St",41.877181,-87.627844,2376,2172,204,1784
"Sheffield Ave & Willow St",41.913688,-87.652855,2374,2327,47,1785
"Clinton St & Washington Blvd",41.88338,-87.64117,2374,2327,47,1785
"Christiana Ave & Lawrence Ave",41.9683544936,-87.7118306675,2372,2127,245,1786
"St. Louis Ave & Balmoral Ave",41.9803942348,-87.7161149615,2372,2127,245,1786
"Western Ave & Winnebago Ave",41.91552,-87.687022,2372,2011,361,1787
"Spaulding Ave & Armitage Ave",41.9171080348,-87.7102209628,2372,2011,361,1787
"Franklin St & Lake St",41.885837,-87.6355,2372,2137,235,1788
"State St & Randolph St",41.8847302006,-87.6277335692,2372,2137,235,1788
"DuSable Lake Shore Dr & North Blvd",41.911722,-87.626804,2371,853,1518,1789
"DuSable Lake Shore Dr & Diversey Pkwy",41.932588,-87.636427,2371,853,1518,1789
"St. Clair St & Erie St",41.8943451374,-87.6227983832,2371,2097,274,1790
"Orleans St & Chestnut St (NEXT Apts)",41.898203,-87.637536,2371,2097,274,1790
"Lincoln Ave & Fullerton Ave",41.925905,-87.64926,2371,1917,454,1791
"Lakeview Ave & Fullerton Pkwy",41.925858,-87.638973,2371,1917,454,1791
"Lake Shore Dr & Belmont Ave",41.940775,-87.639192,2371,1568,803,1792
"Lake Shore Dr & Diversey Pkwy",41.932684,-87.63625,2371,1568,803,1792
"Broadway & Argyle St",41.97423,-87.6597735,2370,1909,461,1793
"Clark St & Berwyn Ave",41.9780306225,-87.6685649157,2370,1909,461,1793
"Woodlawn Ave & 58th St",41.789381,-87.596479,2369,1989,380,1794
"Blackstone Ave & 59th St",41.787877,-87.590461,2369,1989,380,1794
"Artesian Ave & Hubbard St",41.8895,-87.688257,2369,2288,81,1795
"Wolcott Ave & Polk St",41.871262,-87.673688,2369,2288,81,1795
"Ellis Ave & 55th St",41.7943006205,-87.6014497734,2367,1868,499,1796
"University Ave & 59th St",41.787878,-87.598906,2367,1868,499,1796
"Lake Park Ave & 53rd St",41.7994942937,-87.5864498959,2366,1814,552,1797
"Cornell Ave & Hyde Park Blvd",41.802406,-87.586924,2366,1814,552,1797
"Lakeview Ave & Fullerton Pkwy",41.925858,-87.638973,2365,1300,1065,1798
"Cannon Dr & Fullerton Ave",41.9267559875,-87.6344287848,2365,1300,1065,1798
"Lake Shore Dr & Wellington Ave",41.936669,-87.636794,2364,1370,994,1799
"Clark St & North Ave",41.911974,-87.631942,2364,1370,994,1799
"LaSalle St & Illinois St",41.890749,-87.63206,2364,458,1906,1800
"Streeter Dr & Grand Ave",41.892278,-87.612043,2364,458,1906,1800
"May St & Taylor St",41.8694821,-87.6554864,2363,2103,260,1801
"Halsted St & Roosevelt Rd",41.867324,-87.648625,2363,2103,260,1801
"Field Museum",41.865312,-87.617867,2362,426,1936,1802
"Michigan Ave & 8th St",41.872773,-87.623981,2362,426,1936,1802
"Southport Ave & Wellington Ave",41.935733,-87.663576,2362,2235,127,1803
"Lincoln Ave & Belmont Ave",41.939365,-87.668385,2362,2235,127,1803
"Clinton St & Madison St",41.8827519657,-87.6411902905,2361,2116,245,1804
"Wells St & Elm St",41.903222,-87.634324,2361,2116,245,1804
"Larrabee St & Division St",41.90348607,-87.6433534936,2361,1830,531,1805
"Wells St & Evergreen Ave",41.906724,-87.63483,2361,1830,531,1805
"California Ave & Milwaukee Ave",41.922695,-87.697153,2360,2138,222,1806
"Campbell Ave & Fullerton Ave",41.9246324716,-87.6893070063,2360,2138,222,1806
"Clark St & Lake St",41.8860208277,-87.6308760584,2358,2196,162,1807
"Canal St & Madison St",41.882091,-87.639833,2358,2196,162,1807
"Indiana Ave & Roosevelt Rd",41.867888,-87.623041,2357,2258,99,1808
"Clark St & Ida B Wells Dr",41.8759326655,-87.6305845355,2357,2258,99,1808
"Ashland Ave & Blackhawk St",41.907066,-87.667252,2356,1968,388,1809
"Damen Ave & Pierce Ave",41.9093960065,-87.6776919292,2356,1968,388,1809
"LaSalle St & Jackson Blvd",41.87817,-87.631985,2356,2192,164,1810
"LaSalle St & Washington St",41.882664,-87.63253,2356,2192,164,1810
"Sedgwick St & Webster Ave",41.922167,-87.638888,2355,1744,611,1811
"Wells St & Evergreen Ave",41.906724,-87.63483,2355,1744,611,1811
"Wells St & Concord Ln",41.912133,-87.634656,2354,1878,476,1812
"Wells St & Hubbard St",41.889906,-87.634266,2354,1878,476,1812
"Orleans St & Merchandise Mart Plaza",41.888243,-87.63639,2353,2176,177,1813
"LaSalle St & Washington St",41.882664,-87.63253,2353,2176,177,1813
"Kingsbury St & Kinzie St",41.8891768326,-87.6385057718,2352,1948,404,1814
"Ashland Ave & Division St",41.90345,-87.667747,2352,1948,404,1814
"Streeter Dr & Illinois St",41.891071,-87.6122,2352,428,1924,1815
"LaSalle St & Illinois St",41.890749,-87.63206,2352,428,1924,1815
"Canal St & Adams St",41.879255,-87.639904,2350,1952,398,1816
"Wells St & Elm St",41.903222,-87.634324,2350,1952,398,1816
"State St & Randolph St",41.8847302006,-87.6277335692,2350,1594,756,1817
"Franklin St & Jackson Blvd",41.8777079559,-87.6353211408,2350,1594,756,1817
"Marine Dr & Ainslie St",41.9716,-87.650154,2348,1373,975,1818
"Lakefront Trail & Bryn Mawr Ave",41.9840441152,-87.6522812247,2348,1373,975,1818
"Wells St & Evergreen Ave",41.906724,-87.63483,2347,1905,442,1819
"LaSalle St & Illinois St",41.890749,-87.63206,2347,1905,442,1819
"Wells St & Evergreen Ave",41.906724,-87.63483,2345,1718,627,1820
"Wells St & Hubbard St",41.889906,-87.634266,2345,1718,627,1820
"Clark St & Elm St",41.903233,-87.631253,2345,1581,764,1821
"Larrabee St & Webster Ave",41.921822,-87.64414,2345,1581,764,1821
"Fairbanks Ct & Grand Ave",41.89186,-87.62062,2345,2050,295,1822
"Franklin St & Monroe St",41.880317,-87.635185,2345,2050,295,1822
"Sedgwick St & North Ave",41.910983,-87.638525,2345,1958,387,1823
"Sheffield Ave & Willow St",41.913688,-87.652855,2345,1958,387,1823
"Rush St & Hubbard St",41.890173,-87.626185,2342,2117,225,1824
"Dearborn St & Monroe St",41.881319815,-87.6295209193,2342,2117,225,1824
"Clinton St & Madison St",41.8827519657,-87.6411902905,2342,2162,180,1825
"Halsted St & Maxwell St",41.864883,-87.647071,2342,2162,180,1825
"Daley Center Plaza",41.884241,-87.629634,2341,2096,245,1826
"Clark St & Schiller St",41.907993,-87.631501,2341,2096,245,1826
"Kingsbury St & Erie St",41.8939139,-87.6417358,2341,2190,151,1827
"Michigan Ave & Lake St",41.886024,-87.624117,2341,2190,151,1827
"Ogden Ave & Chicago Ave",41.896362458,-87.6540612729,2338,1842,496,1828
"Ashland Ave & Division St",41.90345,-87.667747,2338,1842,496,1828
"Sedgwick St & Huron St",41.894666,-87.638437,2338,2165,173,1829
"Clinton St & Lake St",41.885637,-87.641823,2338,2165,173,1829
"Canal St & Madison St",41.882091,-87.639833,2334,2235,99,1830
"Sedgwick St & Huron St",41.894666,-87.638437,2334,2235,99,1830
"Artesian Ave & Hubbard St",41.8895,-87.688257,2331,2161,170,1831
"Damen Ave & Chicago Ave",41.895769,-87.67722,2331,2161,170,1831
"Wells St & Huron St",41.8947953,-87.6343743,2331,2001,330,1832
"Rush St & Superior St",41.8957647456,-87.6259080327,2331,2001,330,1832
"Clark St & Lincoln Ave",41.915689,-87.6346,2331,1658,673,1833
"Broadway & Barry Ave",41.937725,-87.644095,2331,1658,673,1833
"Wells St & Hubbard St",41.889906,-87.634266,2331,2082,249,1834
"Clinton St & Washington Blvd",41.88338,-87.64117,2331,2082,249,1834
"Michigan Ave & Congress Pkwy",41.8760656,-87.62443336,2331,1235,1096,1835
"Franklin St & Jackson Blvd",41.8777079559,-87.6353211408,2331,1235,1096,1835
"Halsted St & Dickens Ave",41.919936,-87.64883,2330,1944,386,1836
"Larrabee St & Webster Ave",41.921822,-87.64414,2330,1944,386,1836
"Halsted St & Roscoe St",41.94367,-87.64895,2329,1851,478,1837
"Sheridan Rd & Irving Park Rd",41.954245,-87.654406,2329,1851,478,1837
"Aberdeen St & Jackson Blvd",41.87772613,-87.65478743,2328,1989,339,1838
"Clinton St & Jackson Blvd",41.8783166118,-87.6409810781,2328,1989,339,1838
"Franklin St & Lake St",41.885837,-87.6355,2327,2194,133,1839
"Clark St & Randolph St",41.884576228,-87.63188991,2327,2194,133,1839
"Dearborn St & Erie St",41.893992,-87.629318,2325,2060,265,1840
"Wells St & Huron St",41.8947953,-87.6343743,2325,2060,265,1840
"Wood St & Division St",41.90332,-87.67273,2325,2127,198,1841
"Damen Ave & Chicago Ave",41.895769,-87.67722,2325,2127,198,1841
"Racine Ave & Congress Pkwy",41.87464,-87.65703,2324,2211,113,1842
"Loomis St & Lexington St",41.872187,-87.661501,2324,2211,113,1842
"Wood St & Hubbard St",41.889715,-87.671966,2324,1863,461,1843
"Ashland Ave & Lake St",41.88592,-87.66717,2324,1863,461,1843
"Wabash Ave & Grand Ave",41.891466,-87.626761,2322,1786,536,1844
"Rush St & Cedar St",41.9023087012,-87.627690528,2322,1786,536,1844
"Dearborn St & Adams St",41.8793563587,-87.6297910363,2320,2140,180,1845
"Michigan Ave & 18th St",41.857926,-87.624336,2320,2140,180,1845
"Wilton Ave & Belmont Ave",41.9402319181,-87.6529437304,2320,1807,513,1846
"Halsted St & Roscoe St",41.94367,-87.64895,2320,1807,513,1846
"Sheffield Ave & Wrightwood Ave",41.928712,-87.653833,2320,1992,328,1847
"Southport Ave & Wrightwood Ave",41.928773,-87.663913,2320,1992,328,1847
"Dearborn St & Erie St",41.893992,-87.629318,2320,2223,97,1848
"LaSalle St & Jackson Blvd",41.87817,-87.631985,2320,2223,97,1848
"Wells St & Elm St",41.903222,-87.634324,2319,1929,390,1849
"Sedgwick St & Huron St",41.894666,-87.638437,2319,1929,390,1849
"Halsted St & Maxwell St",41.864883,-87.647071,2318,1952,366,1850
"Morgan St & 18th St",41.858086,-87.651073,2318,1952,366,1850
"Wabash Ave & Grand Ave",41.891466,-87.626761,2317,2010,307,1851
"Clinton St & Lake St",41.885637,-87.641823,2317,2010,307,1851
"Wabash Ave & Wacker Pl",41.886875,-87.62603,2317,1464,853,1852
"Wabash Ave & Grand Ave",41.891466,-87.626761,2317,1464,853,1852
"LaSalle St & Illinois St",41.890749,-87.63206,2316,2060,256,1853
"Desplaines St & Kinzie St",41.888716036,-87.6444478533,2316,2060,256,1853
"Clinton St & Lake St",41.885637,-87.641823,2315,2145,170,1854
"Green St & Madison St",41.881859328,-87.6492637396,2315,2145,170,1854
"Michigan Ave & 18th St",41.857926,-87.624336,2314,2141,173,1855
"Dearborn St & Monroe St",41.881319815,-87.6295209193,2314,2141,173,1855
"Morgan St & Lake St",41.8854833079,-87.6523048564,2313,2238,75,1856
"Franklin St & Monroe St",41.880317,-87.635185,2313,2238,75,1856
"Larrabee St & Division St",41.90348607,-87.6433534936,2311,1780,531,1857
"Ashland Ave & Division St",41.90345,-87.667747,2311,1780,531,1857
"Dearborn Pkwy & Delaware Pl",41.898969,-87.629912,2310,2038,272,1858
"Larrabee St & Oak St",41.9002194932,-87.6429854676,2310,2038,272,1858
"Canal St & Adams St",41.879255,-87.639904,2309,2270,39,1859
"Wolcott Ave & Polk St",41.871262,-87.673688,2309,2270,39,1859
"Green St & Madison St",41.881859328,-87.6492637396,2308,2196,112,1860
"Morgan St & Lake St",41.8854833079,-87.6523048564,2308,2196,112,1860
"McClurg Ct & Erie St",41.894503,-87.617854,2308,2095,213,1861
"Wells St & Huron St",41.8947953,-87.6343743,2308,2095,213,1861
"Orleans St & Merchandise Mart Plaza",41.888243,-87.63639,2306,2098,208,1862
"Orleans St & Elm St",41.902924,-87.637715,2306,2098,208,1862
"Shedd Aquarium",41.8672259568,-87.6153553902,2306,499,1807,1863
"Franklin St & Jackson Blvd",41.8777079559,-87.6353211408,2306,499,1807,1863
"State St & Van Buren St",41.877181,-87.627844,2304,2024,280,1864
"Clark St & Randolph St",41.884576228,-87.63188991,2304,2024,280,1864
"Bissell St & Armitage Ave",41.91844,-87.65222,2303,1872,431,1865
"Sedgwick St & Webster Ave",41.922167,-87.638888,2303,1872,431,1865
"Streeter Dr & Illinois St",41.891071,-87.6122,2303,305,1998,1866
"State St & Kinzie St",41.88918,-87.6277,2303,305,1998,1866
"Lakeview Ave & Fullerton Pkwy",41.925858,-87.638973,2302,502,1800,1867
"Streeter Dr & Illinois St",41.891071,-87.6122,2302,502,1800,1867
"Canal St & Madison St",41.882091,-87.639833,2302,2199,103,1868
"Noble St & Milwaukee Ave",41.90068,-87.6626,2302,2199,103,1868
"Orleans St & Chestnut St (NEXT Apts)",41.898203,-87.637536,2301,2062,239,1869
"Kingsbury St & Kinzie St",41.8891768326,-87.6385057718,2301,2062,239,1869
"Clark St & Wellington Ave",41.9364968219,-87.6475386582,2300,1945,355,1870
"Halsted St & Wrightwood Ave",41.929143,-87.649077,2300,1945,355,1870
"Milwaukee Ave & Wabansia Ave",41.912616,-87.681391,2299,2120,179,1871
"Leavitt St & Armitage Ave",41.917805,-87.682437,2299,2120,179,1871
"Canal St & Adams St",41.879255,-87.639904,2298,2258,40,1872
"Hermitage Ave & Polk St",41.871514,-87.669886,2298,2258,40,1872
"Clark St & Elm St",41.903233,-87.631253,2298,1868,430,1873
"Wabash Ave & Grand Ave",41.891738,-87.626937,2298,1868,430,1873
"Halsted St & Wrightwood Ave",41.929143,-87.649077,2295,1447,848,1874
"Clark St & Grace St",41.95078,-87.659172,2295,1447,848,1874
"Clark St & Drummond Pl",41.931248,-87.644336,2295,1948,347,1875
"Sedgwick St & Webster Ave",41.922167,-87.638888,2295,1948,347,1875
"Pine Grove Ave & Waveland Ave",41.949275,-87.646303,2293,2053,240,1876
"Halsted St & Roscoe St",41.94367,-87.64895,2293,2053,240,1876
"Damen Ave & Chicago Ave",41.895769,-87.67722,2292,1998,294,1877
"Honore St & Division St",41.903119,-87.673935,2292,1998,294,1877
"Indiana Ave & Roosevelt Rd",41.867888,-87.623041,2290,1392,898,1878
"Michigan Ave & 18th St",41.857926,-87.624336,2290,1392,898,1878
"Wells St & Elm St",41.903222,-87.634324,2290,1563,727,1879
"LaSalle St & Illinois St",41.890762,-87.631697,2290,1563,727,1879
"McClurg Ct & Illinois St",41.89102,-87.6173,2290,324,1966,1880
"Museum Campus",41.865212,-87.617759,2290,324,1966,1880
"Halsted St & Polk St",41.87184,-87.64664,2289,1971,318,1881
"Clinton St & Roosevelt Rd",41.8671177825,-87.6410879593,2289,1971,318,1881
"LaSalle St & Adams St",41.8793443735,-87.6319852213,2289,2135,154,1882
"McClurg Ct & Illinois St",41.89102,-87.6173,2289,2135,154,1882
"Stetson Ave & South Water St",41.886835,-87.62232,2289,2114,175,1883
"Clinton St & Madison St",41.8827519657,-87.6411902905,2289,2114,175,1883
"Canal St & Monroe St",41.8807,-87.63947,2289,1675,614,1884
"Millennium Park",41.8810317,-87.62408432,2289,1675,614,1884
"Michigan Ave & Oak St",41.90096039,-87.62377664,2286,1129,1157,1885
"DuSable Lake Shore Dr & Wellington Ave",41.9366884495,-87.6368290186,2286,1129,1157,1885
"Broadway & Belmont Ave",41.940106,-87.645451,2286,1851,435,1886
"Broadway & Sheridan Rd",41.952833,-87.649993,2286,1851,435,1886
"DuSable Lake Shore Dr & Belmont Ave",41.940775,-87.639192,2282,645,1637,1887
"Streeter Dr & Grand Ave",41.892278,-87.612043,2282,645,1637,1887
"Fairbanks Ct & Grand Ave",41.89186,-87.62062,2282,936,1346,1888
"Michigan Ave & Washington St",41.8838927658,-87.6246491409,2282,936,1346,1888
"State St & Van Buren St",41.877181,-87.627844,2281,1918,363,1889
"Dearborn St & Monroe St",41.881319815,-87.6295209193,2281,1918,363,1889
"Wells St & Polk St",41.8727315423,-87.6335164905,2281,2039,242,1890
"Daley Center Plaza",41.884241,-87.629634,2281,2039,242,1890
"Wood St & Grand Ave",41.89113,-87.67203,2281,2240,41,1891
"Ashland Ave & Lake St",41.88541,-87.66732,2281,2240,41,1891
"Green St & Madison St",41.881859328,-87.6492637396,2280,1953,327,1892
"Milwaukee Ave & Grand Ave",41.891578,-87.648384,2280,1953,327,1892
"Columbus Dr & Randolph St",41.884728,-87.619521,2280,1366,914,1893
"Cityfront Plaza Dr & Pioneer Ct",41.890573,-87.622072,2280,1366,914,1893
"Canal St & Adams St",41.879255,-87.639904,2279,2083,196,1894
"Desplaines St & Jackson Blvd",41.8781189009,-87.6439476013,2279,2083,196,1894
"Michigan Ave & Lake St",41.886024,-87.624117,2279,1924,355,1895
"Orleans St & Merchandise Mart Plaza",41.888243,-87.63639,2279,1924,355,1895
"Canal St & Jackson Blvd",41.877988,-87.640769,2278,2188,90,1896
"Columbus Dr & Randolph St",41.884728,-87.619521,2278,2188,90,1896
"State St & Kinzie St",41.88918,-87.6277,2278,1939,339,1897
"Franklin St & Monroe St",41.880317,-87.635185,2278,1939,339,1897
"Noble St & Milwaukee Ave",41.90068,-87.6626,2277,2209,68,1898
"Canal St & Adams St",41.879255,-87.639904,2277,2209,68,1898
"Broadway & Granville Ave",41.9947796884,-87.6602845349,2276,1867,409,1899
"Glenwood Ave & Morse Ave",42.0079719229,-87.6655023944,2276,1867,409,1899
"Dearborn St & Monroe St",41.881319815,-87.6295209193,2276,2073,203,1900
"Franklin St & Quincy St",41.878724,-87.634793,2276,2073,203,1900
"Campbell Ave & North Ave",41.910535,-87.689556,2276,1914,362,1901
"Milwaukee Ave & Wabansia Ave",41.912616,-87.681391,2276,1914,362,1901
"Theater on the Lake",41.926277,-87.630834,2276,1362,914,1902
"Racine Ave & Fullerton Ave",41.92556258,-87.65840426,2276,1362,914,1902
"Fairbanks Ct & Grand Ave",41.89186,-87.62062,2276,1867,409,1903
"Dearborn St & Erie St",41.893992,-87.629318,2276,1867,409,1903
"Clark St & Elm St",41.903233,-87.631253,2276,1981,295,1904
"Canal St & Madison St",41.882091,-87.639833,2276,1981,295,1904
"Franklin St & Arcade Pl",41.881131,-87.635185,2275,2190,85,1905
"Orleans St & Merchandise Mart Plaza",41.888243,-87.63639,2275,2190,85,1905
"Larrabee St & Oak St",41.9002194932,-87.6429854676,2275,2139,136,1906
"Franklin St & Chicago Ave",41.89679,-87.63564,2275,2139,136,1906
"Franklin St & Chicago Ave",41.89680204,-87.63563839,2274,2190,84,1907
"Canal St & Adams St",41.879255,-87.639904,2274,2190,84,1907
"St. Clair St & Erie St",41.8943451374,-87.6227983832,2274,1912,362,1908
"Rush St & Superior St",41.8957647456,-87.6259080327,2274,1912,362,1908
"Theater on the Lake",41.926277,-87.630834,2273,971,1302,1909
"Broadway & Sheridan Rd",41.952833,-87.649993,2273,971,1302,1909
"Millennium Park",41.8810317,-87.62408432,2273,1119,1154,1910
"Clark St & Armitage Ave",41.918306,-87.636282,2273,1119,1154,1910
"Franklin St & Quincy St",41.878724,-87.634793,2271,2032,239,1911
"Columbus Dr & Randolph St",41.884728,-87.619521,2271,2032,239,1911
"LaSalle St & Jackson Blvd",41.87817,-87.631985,2271,2212,59,1912
"Daley Center Plaza",41.884241,-87.629634,2271,2212,59,1912
"Ada St & Washington Blvd",41.88283,-87.661206,2267,1982,285,1913
"Green St & Randolph St*",41.8836016573,-87.6486267149,2267,1982,285,1913
"Desplaines St & Randolph St",41.883703,-87.644238,2266,2128,138,1914
"Clinton St & Madison St",41.8827519657,-87.6411902905,2266,2128,138,1914
"Sheridan Rd & Loyola Ave",42.0010437798,-87.6611982433,2264,1983,281,1915
"Clark St & Lunt Ave",42.0090111806,-87.6741117239,2264,1983,281,1915
"Larrabee St & Armitage Ave",41.918084,-87.643749,2263,1990,273,1916
"Sheffield Ave & Webster Ave",41.92154,-87.653818,2263,1990,273,1916
"May St & Taylor St",41.8694821,-87.6554864,2263,1999,264,1917
"Aberdeen St & Jackson Blvd",41.87772613,-87.65478743,2263,1999,264,1917
"Wilton Ave & Belmont Ave",41.94018,-87.65304,2263,877,1386,1918
"Lake Shore Dr & North Blvd",41.911722,-87.626804,2263,877,1386,1918
"Clark St & Elm St",41.903233,-87.631253,2262,2005,257,1919
"LaSalle St & Washington St",41.882664,-87.63253,2262,2005,257,1919
"Orleans St & Merchandise Mart Plaza",41.888243,-87.63639,2261,1939,322,1920
"Wells St & Huron St",41.8947953,-87.6343743,2261,1939,322,1920
"LaSalle St & Washington St",41.882664,-87.63253,2261,1857,404,1921
"State St & Van Buren St",41.877181,-87.627844,2261,1857,404,1921
"Desplaines St & Kinzie St",41.888716036,-87.6444478533,2260,2050,210,1922
"St. Clair St & Erie St",41.8943451374,-87.6227983832,2260,2050,210,1922
"Aberdeen St & Jackson Blvd",41.87772613,-87.65478743,2260,2154,106,1923
"Franklin St & Monroe St",41.880317,-87.635185,2260,2154,106,1923
"Dearborn St & Adams St",41.8793563587,-87.6297910363,2259,1585,674,1924
"Michigan Ave & Washington St",41.8838927658,-87.6246491409,2259,1585,674,1924
"Kingsbury St & Kinzie St",41.8891768326,-87.6385057718,2259,1969,290,1925
"Larrabee St & Division St",41.90348607,-87.6433534936,2259,1969,290,1925
"Federal St & Polk St",41.8720776329,-87.6295437729,2259,1825,434,1926
"Michigan Ave & 18th St",41.857926,-87.624336,2259,1825,434,1926
"Clark St & 9th St (AMLI)",41.870816,-87.631246,2259,2158,101,1927
"Franklin St & Monroe St",41.880317,-87.635185,2259,2158,101,1927
"Wacker Dr & Washington St Corral",41.88316,-87.63736,2259,2125,134,1928
"Dearborn St & Erie St",41.893992,-87.629318,2259,2125,134,1928
"Dearborn St & Adams St",41.8793563587,-87.6297910363,2258,2063,195,1929
"Canal St & Jackson Blvd",41.877988,-87.640769,2258,2063,195,1929
"Wells St & Hubbard St",41.889933,-87.634262,2258,2103,155,1930
"Canal St & Adams St",41.879255,-87.639904,2258,2103,155,1930
"Dearborn Pkwy & Delaware Pl",41.898969,-87.629912,2258,1939,319,1931
"Larrabee St & Kingsbury St",41.897764,-87.642884,2258,1939,319,1931
"Broadway & Waveland Ave",41.949074,-87.648636,2258,1773,485,1932
"Southport Ave & Waveland Ave",41.94815,-87.66394,2258,1773,485,1932
"Sangamon St & Lake St",41.8857792524,-87.6510246098,2257,2060,197,1933
"Clinton St & Jackson Blvd",41.8783166118,-87.6409810781,2257,2060,197,1933
"Lake Shore Dr & Diversey Pkwy",41.932684,-87.63625,2257,1353,904,1934
"Clark St & Lincoln Ave",41.915689,-87.6346,2257,1353,904,1934
"Ellis Ave & 55th St",41.7943006205,-87.6014497734,2256,1648,608,1935
"Blackstone Ave & 59th St",41.787877,-87.590461,2256,1648,608,1935
"Morgan St & Polk St",41.871737,-87.65103,2256,1944,312,1936
"Green St & Madison St",41.881859328,-87.6492637396,2256,1944,312,1936
"Franklin St & Quincy St",41.878724,-87.634793,2256,2102,154,1937
"Dearborn St & Erie St",41.893992,-87.629318,2256,2102,154,1937
"Franklin St & Jackson Blvd",41.8777079559,-87.6353211408,2256,2062,194,1938
"Jefferson St & Monroe St",41.880422,-87.642746,2256,2062,194,1938
"Clinton St & Madison St",41.8827519657,-87.6411902905,2254,1971,283,1939
"Ogden Ave & Race Ave",41.891795,-87.658751,2254,1971,283,1939
"Michigan Ave & Oak St",41.90096039,-87.62377664,2253,701,1552,1940
"Wabash Ave & Grand Ave",41.891738,-87.626937,2253,701,1552,1940
"Clark St & Randolph St",41.884576228,-87.63188991,2253,2120,133,1941
"Canal St & Monroe St",41.8807,-87.63947,2253,2120,133,1941
"Indiana Ave & Roosevelt Rd",41.867888,-87.623041,2252,1598,654,1942
"Cityfront Plaza Dr & Pioneer Ct",41.890573,-87.622072,2252,1598,654,1942
"State St & Pearson St",41.897448,-87.628722,2252,2085,167,1943
"Clinton St & Madison St",41.8827519657,-87.6411902905,2252,2085,167,1943
"Larrabee St & Oak St",41.9002194932,-87.6429854676,2251,2076,175,1944
"Larrabee St & Division St",41.90348607,-87.6433534936,2251,2076,175,1944
"Broadway & Belmont Ave",41.940106,-87.645451,2251,2033,218,1945
"Broadway & Cornelia Ave",41.945512,-87.64598,2251,2033,218,1945
"Field Blvd & South Water St",41.8863490627,-87.6175165471,2247,1236,1011,1946
"Lake Shore Dr & Monroe St",41.880958,-87.616743,2247,1236,1011,1946
"Dearborn St & Erie St",41.893992,-87.629318,2247,1925,322,1947
"Clark St & Randolph St",41.884576228,-87.63188991,2247,1925,322,1947
"Michigan Ave & Washington St",41.8838927658,-87.6246491409,2246,280,1966,1948
"Adler Planetarium",41.866095,-87.607267,2246,280,1966,1948
"Lake Shore Dr & North Blvd",41.911722,-87.626804,2245,1120,1125,1949
"Clark St & Wellington Ave",41.9364968219,-87.6475386582,2245,1120,1125,1949
"Franklin St & Chicago Ave",41.89679,-87.63564,2245,2037,208,1950
"Dearborn St & Erie St",41.893992,-87.629318,2245,2037,208,1950
"Clark St & Lake St",41.8860208277,-87.6308760584,2244,2060,184,1951
"Rush St & Hubbard St",41.890173,-87.626185,2244,2060,184,1951
"Clinton St & Madison St",41.8827519657,-87.6411902905,2244,1827,417,1952
"Clinton St & Washington Blvd",41.88338,-87.64117,2244,1827,417,1952
"McClurg Ct & Erie St",41.894503,-87.617854,2244,1955,289,1953
"Fairbanks Ct & Grand Ave",41.89186,-87.62062,2244,1955,289,1953
"Dayton St & North Ave",41.9105780349,-87.6494219288,2243,1783,460,1954
"Larrabee St & Webster Ave",41.921822,-87.64414,2243,1783,460,1954
"Halsted St & Dickens Ave",41.919936,-87.64883,2243,1956,287,1955
"Clifton Ave & Armitage Ave",41.918216,-87.656936,2243,1956,287,1955
"Clark St & Randolph St",41.884576228,-87.63188991,2240,2095,145,1956
"Kingsbury St & Erie St",41.8939139,-87.6417358,2240,2095,145,1956
"Larrabee St & Webster Ave",41.921822,-87.64414,2240,1899,341,1957
"Sheffield Ave & Willow St",41.913688,-87.652855,2240,1899,341,1957
"Clark St & Randolph St",41.884576228,-87.63188991,2240,2046,194,1958
"Cityfront Plaza Dr & Pioneer Ct",41.890573,-87.622072,2240,2046,194,1958
"Damen Ave & Cortland St",41.915983,-87.677335,2240,1810,430,1959
"Damen Ave & Pierce Ave",41.9093960065,-87.6776919292,2240,1810,430,1959
"California Ave & Fletcher St",41.9384287915,-87.698007756,2239,1638,601,1960
"California Ave & Milwaukee Ave",41.922695,-87.697153,2239,1638,601,1960
"Mies van der Rohe Way & Chestnut St",41.8985866514,-87.6219152258,2239,1522,717,1961
"Wabash Ave & Grand Ave",41.891466,-87.626761,2239,1522,717,1961
"Canal St & Adams St",41.879255,-87.639904,2238,2134,104,1962
"State St & Erie St",41.893975,-87.628623,2238,2134,104,1962
"DuSable Lake Shore Dr & North Blvd",41.911722,-87.626804,2237,783,1454,1963
"McClurg Ct & Ohio St",41.8925921197,-87.6172891259,2237,783,1454,1963
"Sheffield Ave & Kingsbury St",41.910522,-87.653106,2237,2126,111,1964
"Marshfield Ave & Cortland St",41.916017,-87.668879,2237,2126,111,1964
"Clinton St & Washington Blvd",41.88338,-87.64117,2236,2083,153,1965
"Wells St & Concord Ln",41.912133,-87.634656,2236,2083,153,1965
"Clark St & Chicago Ave",41.896544,-87.630931,2236,1901,335,1966
"Clark St & Schiller St",41.907993,-87.631501,2236,1901,335,1966
"Orleans St & Merchandise Mart Plaza",41.888243,-87.63639,2235,2056,179,1967
"Clinton St & Lake St",41.885637,-87.641823,2235,2056,179,1967
"Michigan Ave & Jackson Blvd",41.87785,-87.62408,2235,1921,314,1968
"Canal St & Madison St",41.882091,-87.639833,2235,1921,314,1968
"Canal St & Adams St",41.879255,-87.639904,2234,1862,372,1969
"Aberdeen St & Randolph St",41.884114,-87.654264,2234,1862,372,1969
"DuSable Lake Shore Dr & Diversey Pkwy",41.932588,-87.636427,2233,792,1441,1970
"Streeter Dr & Grand Ave",41.892278,-87.612043,2233,792,1441,1970
"Cityfront Plaza Dr & Pioneer Ct",41.890573,-87.622072,2233,1054,1179,1971
"Michigan Ave & Washington St",41.8838927658,-87.6246491409,2233,1054,1179,1971
"Wacker Dr & Washington St Corral",41.88316,-87.63736,2232,2064,168,1972
"Stetson Ave & South Water St",41.886835,-87.62232,2232,2064,168,1972
"Clark St & Schiller St",41.907993,-87.631501,2230,1931,299,1973
"St. Clair St & Erie St",41.8943451374,-87.6227983832,2230,1931,299,1973
"St. Clair St & Erie St",41.8943451374,-87.6227983832,2229,2061,168,1974
"Clinton St & Lake St",41.885637,-87.641823,2229,2061,168,1974
"McClurg Ct & Erie St",41.894503,-87.617854,2228,2168,60,1975
"Clinton St & Lake St",41.885637,-87.641823,2228,2168,60,1975
"Fairbanks Ct & Grand Ave",41.89186,-87.62062,2228,2039,189,1976
"Daley Center Plaza",41.884241,-87.629634,2228,2039,189,1976
"Clark St & Schiller St",41.907993,-87.631501,2227,1942,285,1977
"Dearborn St & Monroe St",41.881319815,-87.6295209193,2227,1942,285,1977
"Streeter Dr & Illinois St",41.891071,-87.6122,2227,845,1382,1978
"Lake Shore Dr & Wellington Ave",41.936669,-87.636794,2227,845,1382,1978
"Western Ave & Winnebago Ave",41.91552,-87.687022,2226,1902,324,1979
"Western Ave & Walton St",41.8984176894,-87.6865960164,2226,1902,324,1979
"Noble St & Milwaukee Ave",41.90068,-87.6626,2226,1508,718,1980
"Damen Ave & Pierce Ave",41.9093960065,-87.6776919292,2226,1508,718,1980
"Stetson Ave & South Water St",41.886835,-87.62232,2223,1993,230,1981
"Franklin St & Monroe St",41.880317,-87.635185,2223,1993,230,1981
"Bissell St & Armitage Ave",41.91844,-87.65222,2222,1957,265,1982
"Sheffield Ave & Wrightwood Ave",41.928712,-87.653833,2222,1957,265,1982
"Winchester Ave & Elston Ave",41.9240908504,-87.6764600747,2222,1922,300,1983
"Damen Ave & Pierce Ave",41.9093960065,-87.6776919292,2222,1922,300,1983
"Clark St & Wrightwood Ave",41.929546,-87.643118,2221,1738,483,1984
"Lincoln Ave & Diversey Pkwy",41.932225,-87.658617,2221,1738,483,1984
"State St & 35th St",41.831036314,-87.6267975569,2220,2105,115,1985
"MLK Jr Dr & 29th St",41.842052,-87.617,2220,2105,115,1985
"Orleans St & Merchandise Mart Plaza",41.888243,-87.63639,2220,1924,296,1986
"Franklin St & Lake St",41.885837,-87.6355,2220,1924,296,1986
"LaSalle St & Jackson Blvd",41.878166,-87.631929,2220,1954,266,1987
"Orleans St & Merchandise Mart Plaza",41.888243,-87.63639,2220,1954,266,1987
"Canal St & Jackson Blvd",41.877988,-87.640769,2220,2049,171,1988
"LaSalle St & Jackson Blvd",41.87817,-87.631985,2220,2049,171,1988
"Dearborn St & Erie St",41.893992,-87.629318,2219,721,1498,1989
"Millennium Park",41.8810317,-87.62408432,2219,721,1498,1989
"Damen Ave & Grand Ave",41.89122,-87.67686,2218,2162,56,1990
"Ashland Ave & Lake St",41.88541,-87.66732,2218,2162,56,1990
"Clark St & Armitage Ave",41.918306,-87.636282,2216,1757,459,1991
"Lincoln Ave & Fullerton Ave",41.925905,-87.64926,2216,1757,459,1991
"Halsted St & Dickens Ave",41.919936,-87.64883,2216,1902,314,1992
"Sheffield Ave & Willow St",41.913688,-87.652855,2216,1902,314,1992
"Clark St & Lake St",41.8860208277,-87.6308760584,2215,1956,259,1993
"Dearborn St & Monroe St",41.881319815,-87.6295209193,2215,1956,259,1993
"Clinton St & Lake St",41.885637,-87.641823,2215,2091,124,1994
"State St & Randolph St",41.8847302006,-87.6277335692,2215,2091,124,1994
"Lake Shore Dr & Ohio St",41.89257,-87.614492,2214,1405,809,1995
"Mies van der Rohe Way & Chestnut St",41.8985866514,-87.6219152258,2214,1405,809,1995
"Clark St & Lincoln Ave",41.915689,-87.6346,2212,1577,635,1996
"Hampden Ct & Diversey Pkwy",41.93262,-87.642385,2212,1577,635,1996
"Ogden Ave & Chicago Ave",41.896362458,-87.6540612729,2212,2042,170,1997
"Ashland Ave & Chicago Ave",41.895966,-87.667747,2212,2042,170,1997
"McClurg Ct & Illinois St",41.89102,-87.6173,2212,2109,103,1998
"Larrabee St & Kingsbury St",41.897764,-87.642884,2212,2109,103,1998
"Canal St & Monroe St",41.8807,-87.63947,2212,2085,127,1999
"State St & Randolph St",41.8847302006,-87.6277335692,2212,2085,127,1999
"Clark St & Schiller St",41.907993,-87.631501,2211,1504,707,2000
"Lakeview Ave & Fullerton Pkwy",41.925858,-87.638973,2211,1504,707,2000
"Clark St & Randolph St",41.884576228,-87.63188991,2211,928,1283,2001
"Millennium Park",41.8810317,-87.62408432,2211,928,1283,2001
"Clinton St & Madison St",41.8827519657,-87.6411902905,2210,2116,94,2002
"Michigan Ave & 18th St",41.857926,-87.624336,2210,2116,94,2002
"Clarendon Ave & Junior Ter",41.961004,-87.649603,2208,1671,537,2003
"Halsted St & Roscoe St",41.94367,-87.64895,2208,1671,537,2003
"Canal St & Madison St",41.882409,-87.639767,2207,1911,296,2004
"Wabash Ave & Adams St",41.8794723523,-87.6256886059,2207,1911,296,2004
"LaSalle St & Jackson Blvd",41.878166,-87.631929,2206,2120,86,2005
"Dearborn St & Monroe St",41.881319815,-87.6295209193,2206,2120,86,2005
"DuSable Lake Shore Dr & Belmont Ave",41.940775,-87.639192,2206,1454,752,2006
"Wilton Ave & Belmont Ave",41.9402319181,-87.6529437304,2206,1454,752,2006
"Theater on the Lake",41.926277,-87.630834,2205,863,1342,2007
"DuSable Lake Shore Dr & Belmont Ave",41.940775,-87.639192,2205,863,1342,2007
"Franklin St & Monroe St",41.880317,-87.635185,2205,2064,141,2008
"Canal St & Madison St",41.882091,-87.639833,2205,2064,141,2008
"Streeter Dr & Grand Ave",41.892278,-87.612043,2204,650,1554,2009
"Broadway & Belmont Ave",41.940106,-87.645451,2204,650,1554,2009
"Michigan Ave & Jackson Blvd",41.87785,-87.62408,2203,596,1607,2010
"McCormick Place",41.8513751729,-87.6188346489,2203,596,1607,2010
"Michigan Ave & Washington St",41.8838927658,-87.6246491409,2201,1752,449,2011
"Dearborn St & Monroe St",41.881319815,-87.6295209193,2201,1752,449,2011
"Clifton Ave & Armitage Ave",41.918216,-87.656936,2201,1501,700,2012
"Clark St & Lincoln Ave",41.915689,-87.6346,2201,1501,700,2012
"Wells St & Concord Ln",41.912133,-87.634656,2199,1759,440,2013
"Halsted St & Clybourn Ave",41.909668,-87.648128,2199,1759,440,2013
"Franklin St & Jackson Blvd",41.8777079559,-87.6353211408,2199,1641,558,2014
"Dearborn St & Erie St",41.893992,-87.629318,2199,1641,558,2014
"Clark St & Armitage Ave",41.918306,-87.636282,2199,394,1805,2015
"Streeter Dr & Illinois St",41.891071,-87.6122,2199,394,1805,2015
"Clark St & Montrose Ave",41.961588,-87.666036,2197,2000,197,2016
"Ravenswood Ave & Lawrence Ave",41.96909,-87.674237,2197,2000,197,2016
"DuSable Lake Shore Dr & Belmont Ave",41.940775,-87.639192,2196,1516,680,2017
"Halsted St & Wrightwood Ave",41.929143,-87.649077,2196,1516,680,2017
"Milwaukee Ave & Grand Ave",41.891578,-87.648384,2194,1921,273,2018
"Canal St & Adams St",41.879255,-87.639904,2194,1921,273,2018
"Lake Shore Dr & Belmont Ave",41.940775,-87.639192,2194,1419,775,2019
"Lake Shore Dr & Wellington Ave",41.936669,-87.636794,2194,1419,775,2019
"Clark St & Bryn Mawr Ave",41.983593,-87.669154,2192,1899,293,2020
"Clark St & Elmdale Ave",41.9908604481,-87.66972363,2192,1899,293,2020
"Clark St & Grace St",41.95078,-87.659172,2189,1758,431,2021
"Ravenswood Ave & Irving Park Rd",41.95469,-87.67393,2189,1758,431,2021
"Lakeview Ave & Fullerton Pkwy",41.925858,-87.638973,2189,1605,584,2022
"Clark St & Wrightwood Ave",41.929546,-87.643118,2189,1605,584,2022
"Clark St & Wellington Ave",41.9364968219,-87.6475386582,2188,1909,279,2023
"Broadway & Sheridan Rd",41.952833,-87.649993,2188,1909,279,2023
"Racine Ave & Randolph St",41.8840812248,-87.6569207293,2188,2028,160,2024
"Clinton St & Washington Blvd",41.88338,-87.64117,2188,2028,160,2024
"Michigan Ave & 14th St",41.864059,-87.623727,2188,1027,1161,2025
"Adler Planetarium",41.866095,-87.607267,2188,1027,1161,2025
"Orleans St & Merchandise Mart Plaza",41.888243,-87.63639,2187,1824,363,2026
"Clark St & Lincoln Ave",41.915689,-87.6346,2187,1824,363,2026
"Clifton Ave & Armitage Ave",41.918216,-87.656936,2186,1858,328,2027
"Sheffield Ave & Fullerton Ave",41.9256018819,-87.6537080423,2186,1858,328,2027
"LaSalle St & Jackson Blvd",41.87817,-87.631985,2185,2091,94,2028
"Clark St & Elm St",41.903233,-87.631253,2185,2091,94,2028
"Clark St & Wellington Ave",41.9364968219,-87.6475386582,2184,1419,765,2029
"Michigan Ave & Oak St",41.90096039,-87.62377664,2184,1419,765,2029
"Western Ave & Winnebago Ave",41.91552,-87.687022,2182,2088,94,2030
"Campbell Ave & Fullerton Ave",41.9246324716,-87.6893070063,2182,2088,94,2030
"Lincoln Ave & Fullerton Ave",41.925905,-87.64926,2180,1789,391,2031
"Wells St & Concord Ln",41.912133,-87.634656,2180,1789,391,2031
"Peoria St & Jackson Blvd",41.877749,-87.649633,2180,2068,112,2032
"Morgan St & Polk St",41.871737,-87.65103,2180,2068,112,2032
"Michigan Ave & Oak St",41.90096039,-87.62377664,2179,1049,1130,2033
"Larrabee St & Webster Ave",41.921822,-87.64414,2179,1049,1130,2033
"Montrose Harbor",41.963982,-87.638181,2179,870,1309,2034
"DuSable Lake Shore Dr & Belmont Ave",41.940775,-87.639192,2179,870,1309,2034
"Western Ave & Lunt Ave",42.0085943972,-87.6904922389,2177,1814,363,2035
"Glenwood Ave & Morse Ave",42.0079719229,-87.6655023944,2177,1814,363,2035
"Wabash Ave & Roosevelt Rd",41.867227,-87.625961,2177,1466,711,2036
"Wentworth Ave & Archer Ave",41.854564,-87.631937,2177,1466,711,2036
"Michigan Ave & Oak St",41.90096039,-87.62377664,2176,708,1468,2037
"State St & Kinzie St",41.88918,-87.6277,2176,708,1468,2037
"Michigan Ave & Lake St",41.886024,-87.624117,2175,1794,381,2038
"Dearborn St & Monroe St",41.881319815,-87.6295209193,2175,1794,381,2038
"Racine Ave & Belmont Ave",41.939743,-87.658865,2175,1561,614,2039
"Clark St & Grace St",41.95078,-87.659172,2175,1561,614,2039
"Clark St & Grace St",41.95078,-87.659172,2175,1587,588,2040
"Pine Grove Ave & Irving Park Rd",41.954383,-87.648043,2175,1587,588,2040
"Wells St & Polk St",41.8727315423,-87.6335164905,2175,1851,324,2041
"Wabash Ave & Roosevelt Rd",41.867227,-87.625961,2175,1851,324,2041
"Clifton Ave & Armitage Ave",41.918216,-87.656936,2175,1955,220,2042
"Sheffield Ave & Kingsbury St",41.910522,-87.653106,2175,1955,220,2042
"Cityfront Plaza Dr & Pioneer Ct",41.890573,-87.622072,2175,2121,54,2043
"Clark St & Congress Pkwy",41.8759326655,-87.6305845355,2175,2121,54,2043
"Racine Ave & Congress Pkwy",41.87464,-87.65703,2174,1999,175,2044
"Hermitage Ave & Polk St",41.871514,-87.669886,2174,1999,175,2044
"Desplaines St & Randolph St",41.883703,-87.644238,2174,2050,124,2045
"Morgan St & Lake St",41.8854833079,-87.6523048564,2174,2050,124,2045
"St. Clair St & Erie St",41.8943451374,-87.6227983832,2173,1857,316,2046
"Wells St & Concord Ln",41.912133,-87.634656,2173,1857,316,2046
"Sedgwick St & Huron St",41.894666,-87.638437,2173,1869,304,2047
"Clark St & Elm St",41.903233,-87.631253,2173,1869,304,2047
"Wabash Ave & 16th St",41.860384,-87.625813,2172,2056,116,2048
"Dearborn St & Adams St",41.8793563587,-87.6297910363,2172,2056,116,2048
"Field Blvd & South Water St",41.8863490627,-87.6175165471,2171,1059,1112,2049
"Adler Planetarium",41.866095,-87.607267,2171,1059,1112,2049
"Greenview Ave & Jarvis Ave",42.015962,-87.66857,2170,1890,280,2050
"Glenwood Ave & Morse Ave",42.0079719229,-87.6655023944,2170,1890,280,2050
"Dearborn St & Adams St",41.8793563587,-87.6297910363,2170,1784,386,2051
"State St & Harrison St",41.874053,-87.627716,2170,1784,386,2051
"Orleans St & Merchandise Mart Plaza",41.888243,-87.63639,2170,2080,90,2052
"Clinton St & Lake St",41.88583274,-87.64138231,2170,2080,90,2052
"Desplaines St & Kinzie St",41.888716036,-87.6444478533,2168,1840,328,2053
"Ogden Ave & Chicago Ave",41.896362458,-87.6540612729,2168,1840,328,2053
"Lakefront Trail & Bryn Mawr Ave",41.9840441152,-87.6522812247,2168,1165,1003,2054
"Pine Grove Ave & Irving Park Rd",41.954383,-87.648043,2168,1165,1003,2054
"Halsted St & Polk St",41.87184,-87.64664,2167,1901,266,2055
"Morgan St & 18th St",41.858086,-87.651073,2167,1901,266,2055
"Pine Grove Ave & Irving Park Rd",41.954383,-87.648043,2167,1774,393,2056
"Halsted St & Waveland Ave",41.949375,-87.649626,2167,1774,393,2056
"Ellis Ave & 53rd St",41.7993362626,-87.6009581145,2166,1844,322,2057
"Woodlawn Ave & 55th St",41.795264,-87.596471,2166,1844,322,2057
"Aberdeen St & Jackson Blvd",41.87772613,-87.65478743,2165,1965,200,2058
"Morgan St & Lake St",41.8854833079,-87.6523048564,2165,1965,200,2058
"Streeter Dr & Grand Ave",41.892278,-87.612043,2164,891,1273,2059
"Pine Grove Ave & Waveland Ave",41.949275,-87.646303,2164,891,1273,2059
"Lake Shore Dr & North Blvd",41.911722,-87.626804,2164,491,1673,2060
"Shedd Aquarium",41.8672259568,-87.6153553902,2164,491,1673,2060
"Kedzie Ave & Milwaukee Ave",41.929567,-87.707857,2164,1703,461,2061
"Wood St & Milwaukee Ave",41.907655,-87.672552,2164,1703,461,2061
"Clark St & Wellington Ave",41.9364968219,-87.6475386582,2162,1965,197,2062
"Wilton Ave & Diversey Pkwy",41.932418,-87.652705,2162,1965,197,2062
"Sheffield Ave & Fullerton Ave",41.9256018819,-87.6537080423,2162,1816,346,2063
"Sheffield Ave & Willow St",41.913688,-87.652855,2162,1816,346,2063
"Michigan Ave & Lake St",41.886024,-87.624117,2162,648,1514,2064
"Michigan Ave & Congress Pkwy",41.8760656,-87.62443336,2162,648,1514,2064
"Marshfield Ave & Cortland St",41.916017,-87.668879,2162,2090,72,2065
"Racine Ave & Fullerton Ave",41.92556258,-87.65840426,2162,2090,72,2065
"Lincoln Ave & Diversey Pkwy",41.932225,-87.658617,2161,1939,222,2066
"Lincoln Ave & Fullerton Ave",41.925905,-87.64926,2161,1939,222,2066
"Michigan Ave & Pearson St",41.89766,-87.62351,2161,1042,1119,2067
"State St & Randolph St",41.8847302006,-87.6277335692,2161,1042,1119,2067
"Columbus Dr & Randolph St",41.884728,-87.619521,2161,1661,500,2068
"Wabash Ave & Grand Ave",41.891466,-87.626761,2161,1661,500,2068
"Franklin St & Quincy St",41.878724,-87.634793,2161,1901,260,2069
"McClurg Ct & Illinois St",41.89102,-87.6173,2161,1901,260,2069
"Drake Ave & Addison St",41.947326,-87.717582,2160,1813,347,2070
"Monticello Ave & Irving Park Rd",41.9540048388,-87.7191281797,2160,1813,347,2070
"Clinton St & Madison St",41.8827519657,-87.6411902905,2158,2042,116,2071
"Franklin St & Monroe St",41.880317,-87.635185,2158,2042,116,2071
"Franklin St & Quincy St",41.878724,-87.634793,2157,2120,37,2072
"Kingsbury St & Kinzie St",41.8891768326,-87.6385057718,2157,2120,37,2072
"State St & Van Buren St",41.877181,-87.627844,2157,1958,199,2073
"Michigan Ave & 18th St",41.857926,-87.624336,2157,1958,199,2073
"Wells St & Concord Ln",41.912133,-87.634656,2156,1443,713,2074
"Sheffield Ave & Wrightwood Ave",41.928712,-87.653833,2156,1443,713,2074
"Paulina Ave & North Ave",41.9098546522,-87.66993016,2156,1814,342,2075
"Milwaukee Ave & Wabansia Ave",41.912616,-87.681391,2156,1814,342,2075
"Broadway & Sheridan Rd",41.952833,-87.649993,2156,1627,529,2076
"Pine Grove Ave & Irving Park Rd",41.954383,-87.648043,2156,1627,529,2076
"Wabash Ave & Wacker Pl",41.886875,-87.62603,2155,526,1629,2077
"Michigan Ave & Oak St",41.90096039,-87.62377664,2155,526,1629,2077
"Halsted St & Maxwell St",41.864883,-87.647071,2155,1843,312,2078
"Racine Ave & Congress Pkwy",41.87464,-87.65703,2155,1843,312,2078
"Mies van der Rohe Way & Chestnut St",41.8985866514,-87.6219152258,2155,1678,477,2079
"Rush St & Cedar St",41.9023087012,-87.627690528,2155,1678,477,2079
"Stockton Dr & Wrightwood Ave",41.93132,-87.638742,2154,1045,1109,2080
"Cannon Dr & Fullerton Ave",41.9267559875,-87.6344287848,2154,1045,1109,2080
"Drexel Ave & 60th St",41.785861,-87.604553,2154,1707,447,2081
"Ellis Ave & 55th St",41.7943006205,-87.6014497734,2154,1707,447,2081
"Southport Ave & Roscoe St",41.943739,-87.66402,2154,1624,530,2082
"Seeley Ave & Roscoe St",41.943403,-87.679618,2154,1624,530,2082
"Lake Shore Dr & Monroe St",41.880958,-87.616743,2154,726,1428,2083
"Clark St & Armitage Ave",41.918306,-87.636282,2154,726,1428,2083
"Dearborn Pkwy & Delaware Pl",41.898969,-87.629912,2153,1758,395,2084
"Mies van der Rohe Way & Chestnut St",41.8985866514,-87.6219152258,2153,1758,395,2084
"Sheffield Ave & Wrightwood Ave",41.928712,-87.653833,2153,1001,1152,2085
"Theater on the Lake",41.926277,-87.630834,2153,1001,1152,2085
"McClurg Ct & Erie St",41.894503,-87.617854,2152,816,1336,2086
"Lake Shore Dr & North Blvd",41.911722,-87.626804,2152,816,1336,2086
"Columbus Dr & Randolph St",41.884728,-87.619521,2151,1312,839,2087
"Wabash Ave & Wacker Pl",41.886875,-87.62603,2151,1312,839,2087
"Lake Shore Dr & North Blvd",41.911722,-87.626804,2148,1461,687,2088
"Clifton Ave & Armitage Ave",41.918216,-87.656936,2148,1461,687,2088
"Lakeview Ave & Fullerton Pkwy",41.925858,-87.638973,2148,1592,556,2089
"Lake Shore Dr & Diversey Pkwy",41.932684,-87.63625,2148,1592,556,2089
"Millennium Park",41.8810317,-87.62408432,2147,1257,890,2090
"Federal St & Polk St",41.8720776329,-87.6295437729,2147,1257,890,2090
"Kedzie Ave & Milwaukee Ave",41.929567,-87.707857,2147,1743,404,2091
"Central Park Ave & Elbridge Ave",41.9353372826,-87.7168892935,2147,1743,404,2091
"Larrabee St & Kingsbury St",41.897764,-87.642884,2146,1937,209,2092
"Desplaines St & Kinzie St",41.888716036,-87.6444478533,2146,1937,209,2092
"Michigan Ave & Jackson Blvd",41.87785,-87.62408,2146,558,1588,2093
"Michigan Ave & Oak St",41.90096039,-87.62377664,2146,558,1588,2093
"Franklin St & Monroe St",41.880317,-87.635185,2146,1993,153,2094
"Sedgwick St & Huron St",41.894666,-87.638437,2146,1993,153,2094
"Broadway & Granville Ave",41.9947796884,-87.6602845349,2145,1745,400,2095
"Clark St & Bryn Mawr Ave",41.983593,-87.669154,2145,1745,400,2095
"Halsted St & Roscoe St",41.94367,-87.64895,2143,1715,428,2096
"Broadway & Cornelia Ave",41.945529,-87.646439,2143,1715,428,2096
"Daley Center Plaza",41.884241,-87.629634,2143,1972,171,2097
"Clark St & Armitage Ave",41.918306,-87.636282,2143,1972,171,2097
"Michigan Ave & 8th St",41.872773,-87.623981,2143,346,1797,2098
"Lake Shore Dr & Monroe St",41.880958,-87.616743,2143,346,1797,2098
"Aberdeen St & Jackson Blvd",41.87772613,-87.65478743,2142,1616,526,2099
"Aberdeen St & Randolph St",41.884114,-87.654264,2142,1616,526,2099
"Canal St & Madison St",41.882091,-87.639833,2141,2040,101,2100
"Wells St & Huron St",41.8947953,-87.6343743,2141,2040,101,2100
"Lake Shore Dr & North Blvd",41.911722,-87.626804,2141,1039,1102,2101
"Michigan Ave & Jackson Blvd",41.87785,-87.62408,2141,1039,1102,2101
"Orleans St & Merchandise Mart Plaza",41.888243,-87.63639,2140,1934,206,2102
"State St & Pearson St",41.897448,-87.628722,2140,1934,206,2102
"Franklin St & Quincy St",41.878724,-87.634793,2140,2088,52,2103
"Kingsbury St & Erie St",41.8939139,-87.6417358,2140,2088,52,2103
"Desplaines St & Randolph St",41.883703,-87.644238,2139,1971,168,2104
"Desplaines St & Jackson Blvd",41.8781189009,-87.6439476013,2139,1971,168,2104
"Halsted St & Roosevelt Rd",41.867324,-87.648625,2138,2047,91,2105
"Loomis St & Lexington St",41.872187,-87.661501,2138,2047,91,2105
"Dearborn St & Monroe St",41.881319815,-87.6295209193,2137,1634,503,2106
"Dearborn St & Adams St",41.8793563587,-87.6297910363,2137,1634,503,2106
"Shedd Aquarium",41.8672259568,-87.6153553902,2137,414,1723,2107
"Fairbanks Ct & Grand Ave",41.89186,-87.62062,2137,414,1723,2107
"Kimball Ave & Belmont Ave",41.9393939534,-87.7120676637,2136,1783,353,2108
"Avers Ave & Belmont Ave",41.939408,-87.723574,2136,1783,353,2108
"Ellis Ave & 58th St",41.788746,-87.601334,2135,1638,497,2109
"Blackstone Ave & 59th St",41.787877,-87.590461,2135,1638,497,2109
"St. Clair St & Erie St",41.8943451374,-87.6227983832,2135,1841,294,2110
"Dearborn Pkwy & Delaware Pl",41.898969,-87.629912,2135,1841,294,2110
"Lake Shore Dr & Belmont Ave",41.940775,-87.639192,2135,1341,794,2111
"Pine Grove Ave & Irving Park Rd",41.954383,-87.648043,2135,1341,794,2111
"Clark St & Elm St",41.903233,-87.631253,2134,1653,481,2112
"LaSalle Dr & Huron St",41.894877,-87.632326,2134,1653,481,2112
"Clinton St & Madison St",41.8827519657,-87.6411902905,2134,1954,180,2113
"Eckhart Park",41.89637337,-87.66098386,2134,1954,180,2113
"Woodlawn Ave & 58th St",41.789381,-87.596479,2134,1715,419,2114
"Ellis Ave & 60th St",41.7850971464,-87.6010727606,2134,1715,419,2114
"Halsted St & Willow St",41.913865,-87.648755,2132,1603,529,2115
"Wells St & Concord Ln",41.912133,-87.634656,2132,1603,529,2115
"Daley Center Plaza",41.884241,-87.629634,2132,1982,150,2116
"State St & Pearson St",41.897448,-87.628722,2132,1982,150,2116
"Wabash Ave & 16th St",41.860384,-87.625813,2131,2081,50,2117
"Franklin St & Monroe St",41.880317,-87.635185,2131,2081,50,2117
"Broadway & Barry Ave",41.937725,-87.644095,2130,1667,463,2118
"Sedgwick St & Webster Ave",41.922167,-87.638888,2130,1667,463,2118
"Dearborn St & Adams St",41.8793563587,-87.6297910363,2128,1621,507,2119
"McClurg Ct & Illinois St",41.89102,-87.6173,2128,1621,507,2119
"Lake Shore Dr & North Blvd",41.911722,-87.626804,2128,1058,1070,2120
"Dayton St & North Ave",41.9105780349,-87.6494219288,2128,1058,1070,2120
"Broadway & Waveland Ave",41.949074,-87.648636,2127,1877,250,2121
"Wilton Ave & Belmont Ave",41.94018,-87.65304,2127,1877,250,2121
"Blue Island Ave & 18th St",41.857556,-87.661535,2124,1873,251,2122
"Damen Ave & Cullerton St",41.855048,-87.675726,2124,1873,251,2122
"Halsted St & Wrightwood Ave",41.929143,-87.649077,2124,1665,459,2123
"Larrabee St & Webster Ave",41.921822,-87.64414,2124,1665,459,2123
"Hampden Ct & Diversey Pkwy",41.93262,-87.642385,2121,1658,463,2124
"Clark St & Armitage Ave",41.918306,-87.636282,2121,1658,463,2124
"Michigan Ave & Oak St",41.90096039,-87.62377664,2120,1103,1017,2125
"Halsted St & Roscoe St",41.94367,-87.64895,2120,1103,1017,2125
"Millennium Park",41.8810317,-87.62408432,2120,773,1347,2126
"LaSalle St & Jackson Blvd",41.87817,-87.631985,2120,773,1347,2126
"Sedgwick St & North Ave",41.910983,-87.638525,2120,1787,333,2127
"Halsted St & Clybourn Ave",41.909668,-87.648128,2120,1787,333,2127
"Michigan Ave & Washington St",41.8838927658,-87.6246491409,2120,682,1438,2128
"Wabash Ave & Grand Ave",41.891738,-87.626937,2120,682,1438,2128
"Southport Ave & Wrightwood Ave",41.928773,-87.663913,2119,1368,751,2129
"Southport Ave & Roscoe St",41.943739,-87.66402,2119,1368,751,2129
"Desplaines St & Kinzie St",41.888716036,-87.6444478533,2118,1796,322,2130
"Franklin St & Monroe St",41.880317,-87.635185,2118,1796,322,2130
"Sedgwick St & Webster Ave",41.922167,-87.638888,2118,1678,440,2131
"Clark St & Wellington Ave",41.9364968219,-87.6475386582,2118,1678,440,2131
"Damen Ave & Pierce Ave",41.9093960065,-87.6776919292,2117,1684,433,2132
"Troy St & North Ave",41.9097693017,-87.7052804871,2117,1684,433,2132
"Eckhart Park",41.89637337,-87.66098386,2113,1740,373,2133
"Desplaines St & Kinzie St",41.888716036,-87.6444478533,2113,1740,373,2133
"Rush St & Hubbard St",41.890173,-87.626185,2112,1974,138,2134
"Franklin St & Quincy St",41.878724,-87.634793,2112,1974,138,2134
"Clark St & Drummond Pl",41.931248,-87.644336,2111,1551,560,2135
"Wells St & Concord Ln",41.912133,-87.634656,2111,1551,560,2135
"Clark St & North Ave",41.911974,-87.631942,2111,1563,548,2136
"Rush St & Cedar St",41.9023087012,-87.627690528,2111,1563,548,2136
"Clark St & Wrightwood Ave",41.929546,-87.643118,2111,1438,673,2137
"Clark St & North Ave",41.911974,-87.631942,2111,1438,673,2137
"Desplaines St & Jackson Blvd",41.8781189009,-87.6439476013,2110,1869,241,2138
"Green St & Madison St",41.881859328,-87.6492637396,2110,1869,241,2138
"Jefferson St & Monroe St",41.880422,-87.642746,2110,2043,67,2139
"Green St & Madison St",41.881859328,-87.6492637396,2110,2043,67,2139
"Clark St & Grace St",41.95078,-87.659172,2109,1453,656,2140
"Sheridan Rd & Buena Ave",41.958494,-87.654966,2109,1453,656,2140
"Mies van der Rohe Way & Chestnut St",41.8985866514,-87.6219152258,2109,1852,257,2141
"State St & Pearson St",41.897448,-87.628722,2109,1852,257,2141
"Clinton St & Lake St",41.885637,-87.641823,2107,1864,243,2142
"Milwaukee Ave & Grand Ave",41.891578,-87.648384,2107,1864,243,2142
"Paulina Ave & North Ave",41.9098546522,-87.66993016,2107,1724,383,2143
"Damen Ave & Pierce Ave",41.9093960065,-87.6776919292,2107,1724,383,2143
"Green St & Madison St",41.881859328,-87.6492637396,2107,2043,64,2144
"Peoria St & Jackson Blvd",41.877749,-87.649633,2107,2043,64,2144
"Marshfield Ave & Cortland St",41.916017,-87.668879,2106,1991,115,2145
"Lincoln Ave & Diversey Pkwy",41.932225,-87.658617,2106,1991,115,2145
"Canal St & Monroe St",41.8807,-87.63947,2105,1976,129,2146
"Larrabee St & Kingsbury St",41.897764,-87.642884,2105,1976,129,2146
"Elston Ave & Wabansia Ave",41.912919,-87.664169,2104,1953,151,2147
"Dayton St & North Ave",41.9105780349,-87.6494219288,2104,1953,151,2147
"Clark St & North Ave",41.911974,-87.631942,2104,1281,823,2148
"Sedgwick St & Webster Ave",41.922167,-87.638888,2104,1281,823,2148
"Dearborn St & Erie St",41.893992,-87.629318,2104,1446,658,2149
"Clark St & Lincoln Ave",41.915689,-87.6346,2104,1446,658,2149
"Wabash Ave & Grand Ave",41.891466,-87.626761,2104,1410,694,2150
"McClurg Ct & Ohio St",41.8925921197,-87.6172891259,2104,1410,694,2150
"Clark St & Elm St",41.903233,-87.631253,2104,1623,481,2151
"Halsted St & Clybourn Ave",41.909668,-87.648128,2104,1623,481,2151
"Michigan Ave & Oak St",41.90096039,-87.62377664,2103,1241,862,2152
"Sedgwick St & North Ave",41.910983,-87.638525,2103,1241,862,2152
"Kingsbury St & Erie St",41.8939139,-87.6417358,2103,1881,222,2153
"State St & Kinzie St",41.88918,-87.6277,2103,1881,222,2153
"Sheridan Rd & Loyola Ave",42.0010437798,-87.6611982433,2102,1830,272,2154
"Clark St & Schreiber Ave",41.999245,-87.671249,2102,1830,272,2154
"Cityfront Plaza Dr & Pioneer Ct",41.890573,-87.622072,2102,674,1428,2155
"Michigan Ave & Oak St",41.90096039,-87.62377664,2102,674,1428,2155
"Clark St & Armitage Ave",41.918306,-87.636282,2102,1458,644,2156
"Sheffield Ave & Wrightwood Ave",41.928712,-87.653833,2102,1458,644,2156
"Morgan St & Lake St",41.8854833079,-87.6523048564,2101,2067,34,2157
"Racine Ave & Randolph St",41.8840812248,-87.6569207293,2101,2067,34,2157
"Ogden Ave & Race Ave",41.891795,-87.658751,2100,1890,210,2158
"Ogden Ave & Chicago Ave",41.896362458,-87.6540612729,2100,1890,210,2158
"Broadway & Barry Ave",41.937725,-87.644095,2100,855,1245,2159
"Streeter Dr & Grand Ave",41.892278,-87.612043,2100,855,1245,2159
"State St & Randolph St",41.8847302006,-87.6277335692,2099,1760,339,2160
"Orleans St & Merchandise Mart Plaza",41.888243,-87.63639,2099,1760,339,2160
"Clinton St & Lake St",41.885637,-87.641823,2099,1951,148,2161
"Daley Center Plaza",41.884241,-87.629634,2099,1951,148,2161
"Ravenswood Ave & Lawrence Ave",41.96909,-87.674237,2099,1902,197,2162
"Winthrop Ave & Lawrence Ave",41.968812,-87.657659,2099,1902,197,2162
"Wells St & Hubbard St",41.889906,-87.634266,2098,1831,267,2163
"Larrabee St & Kingsbury St",41.897764,-87.642884,2098,1831,267,2163
"Wabash Ave & 8th St",41.871962,-87.626106,2097,1570,527,2164
"Franklin St & Jackson Blvd",41.8777079559,-87.6353211408,2097,1570,527,2164
"Fairbanks Ct & Grand Ave",41.89186,-87.62062,2096,1823,273,2165
"Desplaines St & Kinzie St",41.888716036,-87.6444478533,2096,1823,273,2165
"Canal St & Madison St",41.882091,-87.639833,2096,1802,294,2166
"Wabash Ave & Wacker Pl",41.886875,-87.62603,2096,1802,294,2166
"Sedgwick St & North Ave",41.910983,-87.638525,2096,1921,175,2167
"Larrabee St & Kingsbury St",41.897764,-87.642884,2096,1921,175,2167
"Wabash Ave & Grand Ave",41.891738,-87.626937,2095,1890,205,2168
"Kingsbury St & Erie St",41.8939139,-87.6417358,2095,1890,205,2168
"Wells St & Polk St",41.872373,-87.633523,2095,1900,195,2169
"Franklin St & Jackson Blvd",41.8777079559,-87.6353211408,2095,1900,195,2169
"Franklin St & Jackson Blvd",41.8777079559,-87.6353211408,2095,1743,352,2170
"Clark St & Congress Pkwy",41.8759326655,-87.6305845355,2095,1743,352,2170
"State St & Harrison St",41.874053,-87.627716,2094,1868,226,2171
"Daley Center Plaza",41.884241,-87.629634,2094,1868,226,2171
"Mies van der Rohe Way & Chicago Ave",41.89691,-87.621743,2094,1800,294,2172
"McClurg Ct & Erie St",41.894503,-87.617854,2094,1800,294,2172
"Lake Shore Dr & Monroe St",41.880958,-87.616743,2094,843,1251,2173
"Lake Shore Dr & Belmont Ave",41.940775,-87.639192,2094,843,1251,2173
"Peoria St & Jackson Blvd",41.877749,-87.649633,2092,2066,26,2174
"Clinton St & Jackson Blvd",41.8783166118,-87.6409810781,2092,2066,26,2174
"Franklin St & Jackson Blvd",41.8777079559,-87.6353211408,2092,1912,180,2175
"Kingsbury St & Kinzie St",41.8891768326,-87.6385057718,2092,1912,180,2175
"Clark St & Schiller St",41.907993,-87.631501,2092,1486,606,2176
"Clark St & Wrightwood Ave",41.929546,-87.643118,2092,1486,606,2176
"Canal St & Adams St",41.879255,-87.639904,2091,1883,208,2177
"Wells St & Polk St",41.8727315423,-87.6335164905,2091,1883,208,2177
"Clarendon Ave & Junior Ter",41.961004,-87.649603,2090,1930,160,2178
"Broadway & Wilson Ave",41.965221,-87.658139,2090,1930,160,2178
"Wacker Dr & Washington St Corral",41.88316,-87.63736,2090,2000,90,2179
"Green St & Madison St",41.881859328,-87.6492637396,2090,2000,90,2179
"Dearborn St & Erie St",41.893992,-87.629318,2089,1615,474,2180
"Michigan Ave & Lake St",41.886024,-87.624117,2089,1615,474,2180
"Southport Ave & Belmont Ave",41.9394777504,-87.6637476683,2088,1654,434,2181
"Wilton Ave & Belmont Ave",41.9402319181,-87.6529437304,2088,1654,434,2181
"Dearborn St & Adams St",41.8793563587,-87.6297910363,2087,1849,238,2182
"Clark St & Elm St",41.903233,-87.631253,2087,1849,238,2182
"Clinton St & Madison St",41.8827519657,-87.6411902905,2087,1902,185,2183
"Racine Ave & Randolph St",41.8840812248,-87.6569207293,2087,1902,185,2183
"Dearborn St & Monroe St",41.881319815,-87.6295209193,2086,1810,276,2184
"Clark St & Randolph St",41.884576228,-87.63188991,2086,1810,276,2184
"Wabash Ave & Wacker Pl",41.886875,-87.62603,2086,687,1399,2185
"Michigan Ave & Pearson St",41.89766,-87.62351,2086,687,1399,2185
"Clark St & Armitage Ave",41.918306,-87.636282,2086,1879,207,2186
"Franklin St & Monroe St",41.880317,-87.635185,2086,1879,207,2186
"Rush St & Cedar St",41.9023087012,-87.627690528,2085,1269,816,2187
"Clark St & Lincoln Ave",41.915689,-87.6346,2085,1269,816,2187
"Clark St & Grace St",41.95078,-87.659172,2084,1479,605,2188
"Ashland Ave & Grace St",41.950687,-87.6687,2084,1479,605,2188
"Broadway & Ridge Ave",41.9840446107,-87.6602738295,2083,1223,860,2189
"Lakefront Trail & Bryn Mawr Ave",41.9840441152,-87.6522812247,2083,1223,860,2189
"Ogden Ave & Chicago Ave",41.896362458,-87.6540612729,2083,1746,337,2190
"Mies van der Rohe Way & Chicago Ave",41.89691,-87.621743,2083,1746,337,2190
"St. Clair St & Erie St",41.8943451374,-87.6227983832,2083,994,1089,2191
"Michigan Ave & Washington St",41.8838927658,-87.6246491409,2083,994,1089,2191
"Bissell St & Armitage Ave",41.91844,-87.65222,2083,1832,251,2192
"Sedgwick St & North Ave",41.910983,-87.638525,2083,1832,251,2192
"Wabash Ave & Grand Ave",41.891738,-87.626937,2083,1176,907,2193
"Michigan Ave & Lake St",41.886024,-87.624117,2083,1176,907,2193
"Canal St & Adams St",41.879255,-87.639904,2082,1980,102,2194
"Franklin St & Chicago Ave",41.89679,-87.63564,2082,1980,102,2194
"Canal St & Adams St",41.879255,-87.639904,2082,2032,50,2195
"Ashland Ave & Augusta Blvd",41.899643,-87.6677,2082,2032,50,2195
"Green St & Madison St",41.881859328,-87.6492637396,2081,1727,354,2196
"Dearborn St & Monroe St",41.881319815,-87.6295209193,2081,1727,354,2196
"Broadway & Belmont Ave",41.940106,-87.645451,2081,1763,318,2197
"Wilton Ave & Diversey Pkwy",41.932418,-87.652705,2081,1763,318,2197
"Lake Shore Dr & Wellington Ave",41.936669,-87.636794,2081,1090,991,2198
"Lake Shore Dr & Monroe St",41.880958,-87.616743,2081,1090,991,2198
"Franklin St & Quincy St",41.878724,-87.634793,2080,1964,116,2199
"Wabash Ave & Roosevelt Rd",41.867227,-87.625961,2080,1964,116,2199
"Kingsbury St & Kinzie St",41.8891768326,-87.6385057718,2079,2053,26,2200
"LaSalle St & Jackson Blvd",41.87817,-87.631985,2079,2053,26,2200
"Milwaukee Ave & Wabansia Ave",41.912616,-87.681391,2079,1511,568,2201
"Humboldt Blvd & Armitage Ave",41.917513394,-87.7018089555,2079,1511,568,2201
"Dearborn St & Adams St",41.8793563587,-87.6297910363,2078,1737,341,2202
"Dearborn St & Erie St",41.893992,-87.629318,2078,1737,341,2202
"Canal St & Adams St",41.879255,-87.639904,2078,1804,274,2203
"State St & Harrison St",41.874053,-87.627716,2078,1804,274,2203
"Clinton St & Washington Blvd",41.88338,-87.64117,2078,1873,205,2204
"Wells St & Evergreen Ave",41.906724,-87.63483,2078,1873,205,2204
"Broadway & Sheridan Rd",41.952833,-87.649993,2077,994,1083,2205
"Montrose Harbor",41.963982,-87.638181,2077,994,1083,2205
"Franklin St & Jackson Blvd",41.8777079559,-87.6353211408,2077,1893,184,2206
"Clinton St & Lake St",41.885637,-87.641823,2077,1893,184,2206
"Kingsbury St & Kinzie St",41.8891768326,-87.6385057718,2075,1750,325,2207
"Wood St & Milwaukee Ave",41.907655,-87.672552,2075,1750,325,2207
"Field Blvd & South Water St",41.8863490627,-87.6175165471,2075,1524,551,2208
"Indiana Ave & Roosevelt Rd",41.867888,-87.623041,2075,1524,551,2208
"Lake Shore Dr & Monroe St",41.880958,-87.616743,2074,512,1562,2209
"Clark St & North Ave",41.911974,-87.631942,2074,512,1562,2209
"Lake Shore Dr & Ohio St",41.89257,-87.614492,2073,1109,964,2210
"St. Clair St & Erie St",41.8943451374,-87.6227983832,2073,1109,964,2210
"Damen Ave & Augusta Blvd",41.899714,-87.677234,2073,1851,222,2211
"Damen Ave & Chicago Ave",41.895769,-87.67722,2073,1851,222,2211
"Clinton St & Madison St",41.8827519657,-87.6411902905,2072,1980,92,2212
"LaSalle St & Adams St",41.8793443735,-87.6319852213,2072,1980,92,2212
"Wells St & Elm St",41.903222,-87.634324,2072,1680,392,2213
"Dearborn Pkwy & Delaware Pl",41.898969,-87.629912,2072,1680,392,2213
"Desplaines St & Jackson Blvd",41.8781189009,-87.6439476013,2070,1938,132,2214
"Clinton St & Lake St",41.885637,-87.641823,2070,1938,132,2214
"State St & 35th St",41.83104,-87.62688,2069,1983,86,2215
"Indiana Ave & 31st St",41.838842,-87.621857,2069,1983,86,2215
"Green St & Madison St",41.881859328,-87.6492637396,2069,1767,302,2216
"Franklin St & Lake St",41.885837,-87.6355,2069,1767,302,2216
"Honore St & Division St",41.903119,-87.673935,2068,1683,385,2217
"Western Ave & Walton St",41.8984176894,-87.6865960164,2068,1683,385,2217
"Broadway & Barry Ave",41.937582316,-87.644097805,2068,1636,432,2218
"Wilton Ave & Belmont Ave",41.9402319181,-87.6529437304,2068,1636,432,2218
"Clark St & Wellington Ave",41.9364968219,-87.6475386582,2068,1518,550,2219
"Lakeview Ave & Fullerton Pkwy",41.925858,-87.638973,2068,1518,550,2219
"Wells St & Evergreen Ave",41.906724,-87.63483,2067,1846,221,2220
"Franklin St & Lake St",41.885837,-87.6355,2067,1846,221,2220
"Albany Ave & Bloomingdale Ave",41.9140267127,-87.705126462,2067,1143,924,2221
"Damen Ave & Pierce Ave",41.9093960065,-87.6776919292,2067,1143,924,2221
"Clinton St & Madison St",41.8827519657,-87.6411902905,2065,1903,162,2222
"Federal St & Polk St",41.8720776329,-87.6295437729,2065,1903,162,2222
"Morgan Ave & 14th Pl",41.862378,-87.651062,2065,1972,93,2223
"Franklin St & Jackson Blvd",41.8777079559,-87.6353211408,2065,1972,93,2223
"Ritchie Ct & Banks St",41.906866,-87.626217,2064,1133,931,2224
"Lake Shore Dr & North Blvd",41.911722,-87.626804,2064,1133,931,2224
"Franklin St & Quincy St",41.878724,-87.634793,2064,1964,100,2225
"Daley Center Plaza",41.884241,-87.629634,2064,1964,100,2225
"Canal St & Jackson Blvd",41.877988,-87.640769,2064,1827,237,2226
"Michigan Ave & Washington St",41.8838927658,-87.6246491409,2064,1827,237,2226
"Franklin St & Chicago Ave",41.89679,-87.63564,2063,1795,268,2227
"Wells St & Concord Ln",41.912133,-87.634656,2063,1795,268,2227
"Wilton Ave & Belmont Ave",41.94018,-87.65304,2063,1697,366,2228
"Lake Shore Dr & Wellington Ave",41.936669,-87.636794,2063,1697,366,2228
"Western Ave & Leland Ave",41.966555,-87.688487,2063,1837,226,2229
"Lincoln Ave & Leavitt St",41.962391,-87.684146,2063,1837,226,2229
"LaSalle Dr & Huron St",41.894877,-87.632326,2062,1895,167,2230
"Larrabee St & Kingsbury St",41.897764,-87.642884,2062,1895,167,2230
"Canal St & Adams St",41.879255,-87.639904,2062,1857,205,2231
"Sangamon St & Washington Blvd",41.883165,-87.6511,2062,1857,205,2231
"Wabash Ave & 9th St",41.870769,-87.625734,2062,1522,540,2232
"Wabash Ave & 16th St",41.860384,-87.625813,2062,1522,540,2232
"State St & Randolph St",41.8847302006,-87.6277335692,2062,394,1668,2233
"Lake Shore Dr & Monroe St",41.880958,-87.616743,2062,394,1668,2233
"Canal St & Adams St",41.879255,-87.639904,2061,1845,216,2234
"Canal St & Madison St",41.882091,-87.639833,2061,1845,216,2234
"University Ave & 57th St",41.791478,-87.599861,2061,1911,150,2235
"Greenwood Ave & 47th St",41.809835,-87.599383,2061,1911,150,2235
"Larrabee St & Armitage Ave",41.918084,-87.643749,2061,1159,902,2236
"Lake Shore Dr & North Blvd",41.911722,-87.626804,2061,1159,902,2236
"Lake Shore Dr & Ohio St",41.89257,-87.614492,2061,677,1384,2237
"McClurg Ct & Illinois St",41.89102,-87.6173,2061,677,1384,2237
"Canal St & Monroe St",41.8807,-87.63947,2061,1904,157,2238
"State St & Kinzie St",41.88918,-87.6277,2061,1904,157,2238
"Sheridan Rd & Montrose Ave",41.96167,-87.65464,2059,1677,382,2239
"Broadway & Cornelia Ave",41.945529,-87.646439,2059,1677,382,2239
"Franklin St & Jackson Blvd",41.8777079559,-87.6353211408,2056,1496,560,2240
"Dearborn St & Adams St",41.8793563587,-87.6297910363,2056,1496,560,2240
"Morgan Ave & 14th Pl",41.862378,-87.651062,2055,1813,242,2241
"Halsted St & Polk St",41.87184,-87.64664,2055,1813,242,2241
"Streeter Dr & Grand Ave",41.892278,-87.612043,2054,1077,977,2242
"Kingsbury St & Kinzie St",41.8891768326,-87.6385057718,2054,1077,977,2242
"Dearborn St & Erie St",41.893992,-87.629318,2051,1448,603,2243
"Clark St & North Ave",41.911974,-87.631942,2051,1448,603,2243
"Clark St & Bryn Mawr Ave",41.983593,-87.669154,2050,1539,511,2244
"Clark St & Winnemac Ave",41.9733476405,-87.6678554714,2050,1539,511,2244
"Sheffield Ave & Wrightwood Ave",41.928712,-87.653833,2050,1755,295,2245
"Lincoln Ave & Diversey Pkwy",41.932225,-87.658617,2050,1755,295,2245
"LaSalle St & Illinois St",41.890762,-87.631697,2049,1545,504,2246
"Wells St & Concord Ln",41.912133,-87.634656,2049,1545,504,2246
"Wells St & Huron St",41.8947953,-87.6343743,2049,1833,216,2247
"Sedgwick St & Huron St",41.894666,-87.638437,2049,1833,216,2247
"Canal St & Adams St",41.879255,-87.639904,2048,1727,321,2248
"Halsted St & Polk St",41.87184,-87.64664,2048,1727,321,2248
"Pine Grove Ave & Waveland Ave",41.949275,-87.646303,2048,1854,194,2249
"Clark St & Grace St",41.95078,-87.659172,2048,1854,194,2249
"Wabash Ave & Grand Ave",41.891738,-87.626937,2047,1821,226,2250
"LaSalle St & Jackson Blvd",41.87817,-87.631985,2047,1821,226,2250
"Dearborn St & Adams St",41.8793563587,-87.6297910363,2046,1766,280,2251
"Wabash Ave & 8th St",41.871962,-87.626106,2046,1766,280,2251
"Halsted St & Roosevelt Rd",41.867324,-87.648625,2046,1727,319,2252
"Racine Ave & Congress Pkwy",41.87464,-87.65703,2046,1727,319,2252
"Milwaukee Ave & Rockwell St",41.920195,-87.693033,2046,1584,462,2253
"Milwaukee Ave & Wabansia Ave",41.912616,-87.681391,2046,1584,462,2253
"Franklin St & Monroe St",41.880317,-87.635185,2045,1843,202,2254
"Desplaines St & Randolph St",41.883703,-87.644238,2045,1843,202,2254
"Wells St & Concord Ln",41.912133,-87.634656,2045,972,1073,2255
"Theater on the Lake",41.926277,-87.630834,2045,972,1073,2255
"Clinton St & Washington Blvd",41.88338,-87.64117,2044,1856,188,2256
"Sangamon St & Washington Blvd",41.883165,-87.6511,2044,1856,188,2256
"Larrabee St & Webster Ave",41.921822,-87.64414,2044,1791,253,2257
"Larrabee St & Menomonee St",41.91468,-87.64332,2044,1791,253,2257
"Michigan Ave & 14th St",41.864059,-87.623727,2044,1817,227,2258
"Columbus Dr & Randolph St",41.884728,-87.619521,2044,1817,227,2258
"Dayton St & North Ave",41.9105780349,-87.6494219288,2043,1891,152,2259
"Sheffield Ave & Kingsbury St",41.910522,-87.653106,2043,1891,152,2259
"Clinton St & Madison St",41.8827519657,-87.6411902905,2043,1731,312,2260
"LaSalle St & Illinois St",41.890762,-87.631697,2043,1731,312,2260
"Wood St & Taylor St (Temp)",41.8692652184,-87.6737308502,2042,1888,154,2261
"Western Ave & Fillmore St",41.868563,-87.686234,2042,1888,154,2261
"Rush St & Hubbard St",41.890173,-87.626185,2041,1998,43,2262
"LaSalle St & Jackson Blvd",41.87817,-87.631985,2041,1998,43,2262
"Streeter Dr & Grand Ave",41.892278,-87.612043,2041,426,1615,2263
"Sedgwick St & Webster Ave",41.922167,-87.638888,2041,426,1615,2263
"Lincoln Ave & Roscoe St",41.94334,-87.67097,2041,1930,111,2264
"Lincoln Ave & Waveland Ave",41.94911,-87.675112,2041,1930,111,2264
"Delano Ct & Roosevelt Rd",41.867491,-87.63219,2040,1663,377,2265
"Clinton St & Roosevelt Rd",41.8671177825,-87.6410879593,2040,1663,377,2265
"Peoria St & Jackson Blvd",41.877749,-87.649633,2039,1943,96,2266
"Kingsbury St & Kinzie St",41.8891768326,-87.6385057718,2039,1943,96,2266
"LaSalle St & Washington St",41.882664,-87.63253,2039,1931,108,2267
"Clark St & Schiller St",41.907993,-87.631501,2039,1931,108,2267
"Michigan Ave & Madison St",41.882134,-87.625125,2039,398,1641,2268
"Lake Shore Dr & Monroe St",41.880958,-87.616743,2039,398,1641,2268
"Wilton Ave & Diversey Pkwy",41.932418,-87.652705,2038,1679,359,2269
"Larrabee St & Webster Ave",41.921822,-87.64414,2038,1679,359,2269
"Clark St & North Ave",41.911974,-87.631942,2036,996,1040,2270
"Clark St & Lincoln Ave",41.915689,-87.6346,2036,996,1040,2270
"Kedzie Ave & Milwaukee Ave",41.929567,-87.707857,2036,1441,595,2271
"Albany Ave & Bloomingdale Ave",41.9140267127,-87.705126462,2036,1441,595,2271
"Western Ave & Division St",41.902893,-87.687275,2034,1603,431,2272
"Honore St & Division St",41.903119,-87.673935,2034,1603,431,2272
"Franklin St & Jackson Blvd",41.8777079559,-87.6353211408,2034,959,1075,2273
"Wabash Ave & Wacker Pl",41.886875,-87.62603,2034,959,1075,2273
"Wabash Ave & 9th St",41.870769,-87.625734,2033,1135,898,2274
"Millennium Park",41.8810317,-87.62408432,2033,1135,898,2274
"Orleans St & Merchandise Mart Plaza",41.888243,-87.63639,2033,1832,201,2275
"Stetson Ave & South Water St",41.886835,-87.62232,2033,1832,201,2275
"Franklin St & Chicago Ave",41.89679,-87.63564,2033,1899,134,2276
"Clinton St & Madison St",41.8827519657,-87.6411902905,2033,1899,134,2276
"State St & Randolph St",41.8847302006,-87.6277335692,2033,1349,684,2277
"State St & Van Buren St",41.877181,-87.627844,2033,1349,684,2277
"Lake Shore Dr & Monroe St",41.880958,-87.616743,2032,303,1729,2278
"Wabash Ave & Grand Ave",41.891738,-87.626937,2032,303,1729,2278
"Ashland Ave & Blackhawk St",41.907066,-87.667252,2031,1736,295,2279
"Milwaukee Ave & Wabansia Ave",41.912616,-87.681391,2031,1736,295,2279
"Ogden Ave & Chicago Ave",41.896362458,-87.6540612729,2031,1765,266,2280
"Kingsbury St & Erie St",41.8939139,-87.6417358,2031,1765,266,2280
"Montrose Harbor",41.963982,-87.638181,2031,880,1151,2281
"Broadway & Berwyn Ave",41.978353,-87.659753,2031,880,1151,2281
"Wood St & Milwaukee Ave",41.907655,-87.672552,2031,1592,439,2282
"Noble St & Milwaukee Ave",41.90068,-87.6626,2031,1592,439,2282
"Mies van der Rohe Way & Chicago Ave",41.89691,-87.621743,2030,1035,995,2283
"Michigan Ave & Lake St",41.886024,-87.624117,2030,1035,995,2283
"Wabash Ave & 9th St",41.870769,-87.625734,2029,1741,288,2284
"Daley Center Plaza",41.884241,-87.629634,2029,1741,288,2284
"Clinton St & Madison St",41.8827519657,-87.6411902905,2029,1230,799,2285
"Streeter Dr & Grand Ave",41.892278,-87.612043,2029,1230,799,2285
"Halsted St & Wrightwood Ave",41.929143,-87.649077,2028,1598,430,2286
"Lakeview Ave & Fullerton Pkwy",41.925858,-87.638973,2028,1598,430,2286
"Racine Ave & 35th St",41.8306885647,-87.6562106609,2027,1612,415,2287
"Wentworth Ave & 35th St",41.830777,-87.632504,2027,1612,415,2287
"Wells St & Huron St",41.8947953,-87.6343743,2025,1637,388,2288
"Desplaines St & Kinzie St",41.888716036,-87.6444478533,2025,1637,388,2288
"Clark St & Lunt Ave",42.0090111806,-87.6741117239,2025,1834,191,2289
"Sheridan Rd & Greenleaf Ave",42.0105865628,-87.6624120948,2025,1834,191,2289
"Larrabee St & Kingsbury St",41.897764,-87.642884,2025,1970,55,2290
"Canal St & Jackson Blvd",41.877988,-87.640769,2025,1970,55,2290
"Montrose Harbor",41.963982,-87.638181,2025,987,1038,2291
"Broadway & Cornelia Ave",41.945529,-87.646439,2025,987,1038,2291
"State St & Kinzie St",41.88918,-87.6277,2025,1832,193,2292
"Clinton St & Lake St",41.88583274,-87.64138231,2025,1832,193,2292
"Orleans St & Merchandise Mart Plaza",41.888243,-87.63639,2024,1671,353,2293
"State St & Kinzie St",41.88918,-87.6277,2024,1671,353,2293
"Sheffield Ave & Waveland Ave",41.949399,-87.654529,2022,353,1669,2294
"Streeter Dr & Grand Ave",41.892278,-87.612043,2022,353,1669,2294
"Pine Grove Ave & Waveland Ave",41.9494727409,-87.6464527845,2022,1457,565,2295
"Broadway & Barry Ave",41.937582316,-87.644097805,2022,1457,565,2295
"Orleans St & Merchandise Mart Plaza",41.888243,-87.63639,2020,1762,258,2296
"Carpenter St & Huron St",41.894556,-87.653449,2020,1762,258,2296
"Wabash Ave & Roosevelt Rd",41.867227,-87.625961,2020,1611,409,2297
"Columbus Dr & Randolph St",41.884728,-87.619521,2020,1611,409,2297
"Halsted St & Polk St",41.87184,-87.64664,2019,1932,87,2298
"Jefferson St & Monroe St",41.880422,-87.642746,2019,1932,87,2298
"Clark St & Wellington Ave",41.9364968219,-87.6475386582,2018,1446,572,2299
"Sheffield Ave & Waveland Ave",41.949399,-87.654529,2018,1446,572,2299
"Winchester (Ravenswood) Ave & Balmoral Ave",41.979762,-87.67753,2018,1922,96,2300
"Ravenswood Ave & Lawrence Ave",41.96909,-87.674237,2018,1922,96,2300
"Rockwell St & Eastwood Ave",41.9659001398,-87.6936384935,2018,1683,335,2301
"Francisco Ave & Foster Ave",41.9756327252,-87.7014194389,2018,1683,335,2301
"Desplaines St & Kinzie St",41.888716036,-87.6444478533,2017,1574,443,2302
"LaSalle St & Illinois St",41.890762,-87.631697,2017,1574,443,2302
"Ravenswood Ave & Irving Park Rd",41.95469,-87.67393,2016,1914,102,2303
"Ashland Ave & Grace St",41.950687,-87.6687,2016,1914,102,2303
"Calumet Ave & 18th St",41.857611,-87.619407,2013,1894,119,2304
"Dearborn St & Adams St",41.8793563587,-87.6297910363,2013,1894,119,2304
"Desplaines St & Kinzie St",41.888716036,-87.6444478533,2013,1553,460,2305
"Dearborn St & Erie St",41.893992,-87.629318,2013,1553,460,2305
"Halsted St & Dickens Ave",41.919936,-87.64883,2013,1717,296,2306
"Sheffield Ave & Fullerton Ave",41.9256018819,-87.6537080423,2013,1717,296,2306
"Clark St & Grace St",41.95078,-87.659172,2012,1204,808,2307
"DuSable Lake Shore Dr & Belmont Ave",41.940775,-87.639192,2012,1204,808,2307
"Wabash Ave & Grand Ave",41.891738,-87.626937,2011,1813,198,2308
"Clinton St & Madison St",41.8827519657,-87.6411902905,2011,1813,198,2308
"Michigan Ave & Jackson Blvd",41.87785,-87.62408,2011,1272,739,2309
"Fairbanks Ct & Grand Ave",41.89186,-87.62062,2011,1272,739,2309
"Lake Shore Dr & North Blvd",41.911722,-87.626804,2011,763,1248,2310
"Wabash Ave & Grand Ave",41.891738,-87.626937,2011,763,1248,2310
"Lincoln Ave & Belmont Ave",41.939365,-87.668385,2010,1892,118,2311
"Lincoln Ave & Diversey Pkwy",41.932225,-87.658617,2010,1892,118,2311
"Daley Center Plaza",41.884241,-87.629634,2009,1722,287,2312
"Desplaines St & Randolph St",41.883703,-87.644238,2009,1722,287,2312
"State St & Randolph St",41.8846210726,-87.6278342307,2009,1576,433,2313
"Columbus Dr & Randolph St",41.884728,-87.619521,2009,1576,433,2313
"Theater on the Lake",41.926277,-87.630834,2008,893,1115,2314
"St. Clair St & Erie St",41.8943451374,-87.6227983832,2008,893,1115,2314
"Hampden Ct & Diversey Pkwy",41.93262,-87.642385,2007,1686,321,2315
"Wilton Ave & Belmont Ave",41.94018,-87.65304,2007,1686,321,2315
"McClurg Ct & Illinois St",41.89102,-87.6173,2006,1504,502,2316
"Rush St & Hubbard St",41.890173,-87.626185,2006,1504,502,2316
"Clinton St & Madison St",41.8827519657,-87.6411902905,2005,1907,98,2317
"Canal St & Harrison St",41.874255,-87.639573,2005,1907,98,2317
"Clark St & Wellington Ave",41.9364968219,-87.6475386582,2005,1652,353,2318
"Southport Ave & Waveland Ave",41.94815,-87.66394,2005,1652,353,2318
"Canal St & Harrison St",41.874337,-87.639566,2005,1941,64,2319
"Clinton St & Madison St",41.8827519657,-87.6411902905,2005,1941,64,2319
"Lakeview Ave & Fullerton Pkwy",41.925858,-87.638973,2005,1208,797,2320
"Lake Shore Dr & Belmont Ave",41.940775,-87.639192,2005,1208,797,2320
"Lake Shore Dr & North Blvd",41.911722,-87.626804,2005,638,1367,2321
"Michigan Ave & Washington St",41.8838927658,-87.6246491409,2005,638,1367,2321
"Clark St & Wellington Ave",41.9364968219,-87.6475386582,2004,1339,665,2322
"Clark St & Newport St",41.94454,-87.654678,2004,1339,665,2322
"Clark St & Armitage Ave",41.918306,-87.636282,2004,1365,639,2323
"Broadway & Barry Ave",41.937725,-87.644095,2004,1365,639,2323
"Lakefront Trail & Bryn Mawr Ave",41.9840441152,-87.6522812247,2003,1230,773,2324
"Clark St & Bryn Mawr Ave",41.983593,-87.669154,2003,1230,773,2324
"Clark St & Armitage Ave",41.918306,-87.636282,2002,1357,645,2325
"Wells St & Elm St",41.903222,-87.634324,2002,1357,645,2325
"Ashland Ave & Augusta Blvd",41.899643,-87.6677,2002,1772,230,2326
"Damen Ave & Chicago Ave",41.895769,-87.67722,2002,1772,230,2326
"Canal St & Madison St",41.882091,-87.639833,2001,1915,86,2327
"Wells St & Elm St",41.903222,-87.634324,2001,1915,86,2327
"Indiana Ave & Roosevelt Rd",41.867888,-87.623041,2000,1244,756,2328
"State St & Harrison St",41.874053,-87.627716,2000,1244,756,2328
"Orleans St & Chestnut St (NEXT Apts)",41.898203,-87.637536,1998,1789,209,2329
"Clark St & Elm St",41.903233,-87.631253,1998,1789,209,2329
"Racine Ave & Congress Pkwy",41.87464,-87.65703,1998,1870,128,2330
"Green St & Madison St",41.881859328,-87.6492637396,1998,1870,128,2330
"State St & Van Buren St",41.877181,-87.627844,1998,1803,195,2331
"Wabash Ave & 16th St",41.860384,-87.625813,1998,1803,195,2331
"Green St & Madison St",41.881859328,-87.6492637396,1997,1828,169,2332
"Kingsbury St & Erie St",41.8939139,-87.6417358,1997,1828,169,2332
"Southport Ave & Irving Park Rd",41.954177,-87.664358,1996,1773,223,2333
"Clark St & Montrose Ave",41.961588,-87.666036,1996,1773,223,2333
"Green St & Madison St",41.881859328,-87.6492637396,1996,1857,139,2334
"Ogden Ave & Race Ave",41.891795,-87.658751,1996,1857,139,2334
"Clark St & Schiller St",41.907993,-87.631501,1996,1649,347,2335
"LaSalle St & Illinois St",41.890749,-87.63206,1996,1649,347,2335
"Wilton Ave & Diversey Pkwy",41.932418,-87.652705,1996,1738,258,2336
"Bissell St & Armitage Ave",41.91844,-87.65222,1996,1738,258,2336
"Theater on the Lake",41.926277,-87.630834,1996,892,1104,2337
"Southport Ave & Waveland Ave",41.94815,-87.66394,1996,892,1104,2337
"LaSalle St & Illinois St",41.890749,-87.63206,1996,442,1554,2338
"Millennium Park",41.8810317,-87.62408432,1996,442,1554,2338
"Sheffield Ave & Webster Ave",41.92154,-87.653818,1995,1048,947,2339
"Lake Shore Dr & North Blvd",41.911722,-87.626804,1995,1048,947,2339
"Marshfield Ave & Cortland St",41.916017,-87.668879,1994,1800,194,2340
"Sheffield Ave & Webster Ave",41.92154,-87.653818,1994,1800,194,2340
"Michigan Ave & 14th St",41.864059,-87.623727,1994,1903,91,2341
"Clark St & Congress Pkwy",41.8759326655,-87.6305845355,1994,1903,91,2341
"Wells St & Elm St",41.903222,-87.634324,1993,1554,439,2342
"Ashland Ave & Division St",41.90345,-87.667747,1993,1554,439,2342
"State St & Randolph St",41.8847302006,-87.6277335692,1992,1650,342,2343
"State St & Pearson St",41.897448,-87.628722,1992,1650,342,2343
"Clark St & Lincoln Ave",41.915689,-87.6346,1991,854,1137,2344
"Millennium Park",41.8810317,-87.62408432,1991,854,1137,2344
"Clark St & Lincoln Ave",41.915689,-87.6346,1991,1856,135,2345
"Franklin St & Monroe St",41.880317,-87.635185,1991,1856,135,2345
"Clinton St & Washington Blvd",41.88338,-87.64117,1990,1828,162,2346
"Wabash Ave & Roosevelt Rd",41.867227,-87.625961,1990,1828,162,2346
"Marshfield Ave & Cortland St",41.916017,-87.668879,1989,1870,119,2347
"Damen Ave & Charleston St",41.920082,-87.677855,1989,1870,119,2347
"Clarendon Ave & Leland Ave",41.967968,-87.650001,1989,1643,346,2348
"Clarendon Ave & Junior Ter",41.961004,-87.649603,1989,1643,346,2348
"Green St & Madison St",41.881859328,-87.6492637396,1989,1680,309,2349
"Orleans St & Merchandise Mart Plaza",41.888243,-87.63639,1989,1680,309,2349
"Clark St & Randolph St",41.884576228,-87.63188991,1989,1809,180,2350
"Orleans St & Merchandise Mart Plaza",41.888243,-87.63639,1989,1809,180,2350
"Michigan Ave & 14th St",41.864059,-87.623727,1989,1780,209,2351
"Michigan Ave & Madison St",41.882134,-87.625125,1989,1780,209,2351
"Lake Shore Dr & Wellington Ave",41.936669,-87.636794,1987,1212,775,2352
"Clark St & Armitage Ave",41.918306,-87.636282,1987,1212,775,2352
"Sheffield Ave & Kingsbury St",41.910522,-87.653106,1986,1641,345,2353
"Wells St & Concord Ln",41.912133,-87.634656,1986,1641,345,2353
"Southport Ave & Roscoe St",41.943739,-87.66402,1986,1459,527,2354
"Clark St & Wrightwood Ave",41.929546,-87.643118,1986,1459,527,2354
"Broadway & Cornelia Ave",41.945529,-87.646439,1986,1123,863,2355
"Michigan Ave & Oak St",41.90096039,-87.62377664,1986,1123,863,2355
"Franklin St & Lake St",41.885837,-87.6355,1985,1886,99,2356
"Kingsbury St & Kinzie St",41.8891768326,-87.6385057718,1985,1886,99,2356
"Clark St & Drummond Pl",41.931248,-87.644336,1984,1161,823,2357
"Clark St & Newport St",41.94454,-87.654678,1984,1161,823,2357
"Green St & Randolph St*",41.8836016573,-87.6486267149,1984,1473,511,2358
"Michigan Ave & Washington St",41.8838927658,-87.6246491409,1984,1473,511,2358
"Clybourn Ave & Division St",41.904613,-87.640552,1983,1764,219,2359
"Larrabee St & Kingsbury St",41.897764,-87.642884,1983,1764,219,2359
"Stockton Dr & Wrightwood Ave",41.93132,-87.638742,1983,979,1004,2360
"Montrose Harbor",41.963982,-87.638181,1983,979,1004,2360
"Ravenswood Ave & Irving Park Rd",41.95469,-87.67393,1982,1685,297,2361
"Sheridan Rd & Irving Park Rd",41.954245,-87.654406,1982,1685,297,2361
"Canal St & Adams St",41.879255,-87.639904,1982,1843,139,2362
"Wabash Ave & 8th St",41.871962,-87.626106,1982,1843,139,2362
"State St & Kinzie St",41.88918,-87.6277,1982,939,1043,2363
"Michigan Ave & Pearson St",41.89766,-87.62351,1982,939,1043,2363
"Wells St & Evergreen Ave",41.906724,-87.63483,1982,1769,213,2364
"Larrabee St & Oak St",41.9002194932,-87.6429854676,1982,1769,213,2364
"Michigan Ave & 8th St",41.872773,-87.623981,1982,1354,628,2365
"Michigan Ave & 14th St",41.864059,-87.623727,1982,1354,628,2365
"Franklin St & Jackson Blvd",41.8777079559,-87.6353211408,1982,488,1494,2366
"Lake Shore Dr & Monroe St",41.880958,-87.616743,1982,488,1494,2366
"Canal St & Adams St",41.879255,-87.639904,1981,1961,20,2367
"Wood St & Taylor St",41.869154,-87.671045,1981,1961,20,2367
"Sheffield Ave & Addison St",41.94688,-87.65445,1980,1849,131,2368
"Ashland Ave & Grace St",41.950687,-87.6687,1980,1849,131,2368
"Columbus Dr & Randolph St",41.884728,-87.619521,1979,1043,936,2369
"Michigan Ave & Pearson St",41.89766,-87.62351,1979,1043,936,2369
"Sheffield Ave & Fullerton Ave",41.9256018819,-87.6537080423,1979,1400,579,2370
"Clark St & Armitage Ave",41.918306,-87.636282,1979,1400,579,2370
"Wabash Ave & Grand Ave",41.891466,-87.626761,1977,1421,556,2371
"Dearborn St & Erie St",41.893992,-87.629318,1977,1421,556,2371
"Franklin St & Chicago Ave",41.89679,-87.63564,1976,1642,334,2372
"Ogden Ave & Chicago Ave",41.896362458,-87.6540612729,1976,1642,334,2372
"Dayton St & North Ave",41.9105780349,-87.6494219288,1975,1288,687,2373
"Damen Ave & Pierce Ave",41.9093960065,-87.6776919292,1975,1288,687,2373
"Orleans St & Merchandise Mart Plaza",41.888243,-87.63639,1975,954,1021,2374
"Streeter Dr & Grand Ave",41.892278,-87.612043,1975,954,1021,2374
"Larrabee St & Kingsbury St",41.897764,-87.642884,1975,1807,168,2375
"LaSalle St & Illinois St",41.890749,-87.63206,1975,1807,168,2375
"Clark St & Elm St",41.903233,-87.631253,1974,1595,379,2376
"Michigan Ave & Lake St",41.886024,-87.624117,1974,1595,379,2376
"Damen Ave & Leland Ave",41.967094,-87.679028,1974,1845,129,2377
"Clark St & Leland Ave",41.967096,-87.667429,1974,1845,129,2377
"Aberdeen St & Jackson Blvd",41.87772613,-87.65478743,1973,1888,85,2378
"LaSalle St & Jackson Blvd",41.87817,-87.631985,1973,1888,85,2378
"Sheridan Rd & Buena Ave",41.958494,-87.654966,1972,1705,267,2379
"Broadway & Sheridan Rd",41.952833,-87.649993,1972,1705,267,2379
"Cannon Dr & Fullerton Ave",41.9267559875,-87.6344287848,1971,427,1544,2380
"Lake Shore Dr & Monroe St",41.880958,-87.616743,1971,427,1544,2380
"Michigan Ave & 18th St",41.857926,-87.624336,1971,1870,101,2381
"Daley Center Plaza",41.884241,-87.629634,1971,1870,101,2381
"Blue Island Ave & 18th St",41.857556,-87.661535,1969,1772,197,2382
"May St & Cullerton St",41.855136,-87.654127,1969,1772,197,2382
"Fairbanks Ct & Grand Ave",41.89186,-87.62062,1969,1511,458,2383
"Clark St & Elm St",41.903233,-87.631253,1969,1511,458,2383
"Clark St & Congress Pkwy",41.8759326655,-87.6305845355,1969,1848,121,2384
"Daley Center Plaza",41.884451,-87.629892,1969,1848,121,2384
"Desplaines St & Jackson Blvd",41.8781189009,-87.6439476013,1968,1855,113,2385
"Aberdeen St & Monroe St",41.880419,-87.655519,1968,1855,113,2385
"Halsted St & Wrightwood Ave",41.929143,-87.649077,1968,1160,808,2386
"Clark St & Newport St",41.94454,-87.654678,1968,1160,808,2386
"Wells St & Evergreen Ave",41.906724,-87.63483,1968,1762,206,2387
"Franklin St & Chicago Ave",41.89680204,-87.63563839,1968,1762,206,2387
"Southport Ave & Clybourn Ave",41.921004,-87.663257,1968,1665,303,2388
"Sheffield Ave & Fullerton Ave",41.9256018819,-87.6537080423,1968,1665,303,2388
"Michigan Ave & Lake St",41.886024,-87.624117,1967,1038,929,2389
"Lake Shore Dr & Ohio St",41.89257,-87.614492,1967,1038,929,2389
"Wells St & Huron St",41.8947953,-87.6343743,1966,1598,368,2390
"Clinton St & Lake St",41.885637,-87.641823,1966,1598,368,2390
"Franklin St & Quincy St",41.878724,-87.634793,1966,1823,143,2391
"Franklin St & Lake St",41.885837,-87.6355,1966,1823,143,2391
"Noble St & Milwaukee Ave",41.90068,-87.6626,1965,1550,415,2392
"Desplaines St & Kinzie St",41.888716036,-87.6444478533,1965,1550,415,2392
"State St & Pearson St",41.897448,-87.628722,1965,1839,126,2393
"Franklin St & Monroe St",41.880317,-87.635185,1965,1839,126,2393
"Wabash Ave & Adams St",41.8794723523,-87.6256886059,1964,1804,160,2394
"Franklin St & Quincy St",41.878724,-87.634793,1964,1804,160,2394
"Federal St & Polk St",41.8720776329,-87.6295437729,1964,1867,97,2395
"LaSalle St & Washington St",41.882664,-87.63253,1964,1867,97,2395
"Michigan Ave & Congress Pkwy",41.8760656,-87.62443336,1964,1694,270,2396
"Clark St & Congress Pkwy",41.8759326655,-87.6305845355,1964,1694,270,2396
"Columbus Dr & Randolph St",41.884728,-87.619521,1963,1790,173,2397
"Daley Center Plaza",41.884451,-87.629892,1963,1790,173,2397
"Halsted St & Dickens Ave",41.919936,-87.64883,1962,1115,847,2398
"Lake Shore Dr & North Blvd",41.911722,-87.626804,1962,1115,847,2398
"Desplaines St & Kinzie St",41.888716036,-87.6444478533,1961,1820,141,2399
"Jefferson St & Monroe St",41.880422,-87.642746,1961,1820,141,2399
"Western Ave & Winnebago Ave",41.915533,-87.687051,1961,1872,89,2400
"Leavitt St & North Ave",41.910153,-87.68229,1961,1872,89,2400
"Sheffield Ave & Fullerton Ave",41.9256018819,-87.6537080423,1961,1759,202,2401
"Hampden Ct & Diversey Pkwy",41.93262,-87.642385,1961,1759,202,2401
"Broadway & Wilson Ave",41.965221,-87.658139,1959,1821,138,2402
"Clark St & Leland Ave",41.967096,-87.667429,1959,1821,138,2402
"Wabash Ave & Grand Ave",41.891738,-87.626937,1959,795,1164,2403
"Michigan Ave & Pearson St",41.89766,-87.62351,1959,795,1164,2403
"Wolcott Ave & Polk St",41.871262,-87.673688,1958,1684,274,2404
"Halsted St & Polk St",41.87184,-87.64664,1958,1684,274,2404
"Lake Park Ave & 56th St",41.793242,-87.587782,1958,1598,360,2405
"Lake Park Ave & 53rd St",41.7994942937,-87.5864498959,1958,1598,360,2405
"Wells St & Walton St",41.89993001,-87.63443007,1957,1552,405,2406
"Kingsbury St & Kinzie St",41.8891768326,-87.6385057718,1957,1552,405,2406
"Kingsbury St & Kinzie St",41.8891768326,-87.6385057718,1956,1707,249,2407
"Wabash Ave & Wacker Pl",41.886875,-87.62603,1956,1707,249,2407
"Kingsbury St & Kinzie St",41.8891768326,-87.6385057718,1954,1810,144,2408
"LaSalle St & Illinois St",41.890749,-87.63206,1954,1810,144,2408
"Clinton St & Madison St",41.8827519657,-87.6411902905,1954,1628,326,2409
"Wells St & Polk St",41.8727315423,-87.6335164905,1954,1628,326,2409
"Sheffield Ave & Wellington Ave",41.936253,-87.653566,1953,1817,136,2410
"Ashland Ave & Wellington Ave",41.936083,-87.669807,1953,1817,136,2410
"State St & Randolph St",41.8847302006,-87.6277335692,1952,1693,259,2411
"Dearborn St & Monroe St",41.881319815,-87.6295209193,1952,1693,259,2411
"Wabash Ave & 8th St",41.871962,-87.626106,1952,1654,298,2412
"State St & Van Buren St",41.877181,-87.627844,1952,1654,298,2412
"Franklin St & Jackson Blvd",41.8777079559,-87.6353211408,1952,1778,174,2413
"Canal St & Monroe St",41.8807,-87.63947,1952,1778,174,2413
"Lincoln Ave & Belle Plaine Ave",41.955927,-87.679259,1951,1729,222,2414
"Western Ave & Leland Ave",41.966555,-87.688487,1951,1729,222,2414
"Wabash Ave & 9th St",41.870769,-87.625734,1949,1674,275,2415
"Dearborn St & Monroe St",41.881319815,-87.6295209193,1949,1674,275,2415
"Peoria St & Jackson Blvd",41.877749,-87.649633,1949,1806,143,2416
"Loomis St & Lexington St",41.872187,-87.661501,1949,1806,143,2416
"Rush St & Cedar St",41.9023087012,-87.627690528,1948,1601,347,2417
"Kingsbury St & Kinzie St",41.8891768326,-87.6385057718,1948,1601,347,2417
"Clark St & Schiller St",41.907993,-87.631501,1948,1739,209,2418
"Larrabee St & Kingsbury St",41.897764,-87.642884,1948,1739,209,2418
"Larrabee St & Menomonee St",41.91468,-87.64332,1948,1830,118,2419
"Sheffield Ave & Kingsbury St",41.910522,-87.653106,1948,1830,118,2419
"Dearborn St & Monroe St",41.881319815,-87.6295209193,1947,1577,370,2420
"LaSalle St & Illinois St",41.890749,-87.63206,1947,1577,370,2420
"Kingsbury St & Kinzie St",41.8891768326,-87.6385057718,1947,1880,67,2421
"Canal St & Jackson Blvd",41.877988,-87.640769,1947,1880,67,2421
"Sedgwick St & Huron St",41.894666,-87.638437,1947,1647,300,2422
"Dearborn Pkwy & Delaware Pl",41.898969,-87.629912,1947,1647,300,2422
"Lincoln Ave & Fullerton Ave",41.9241610291,-87.6463803649,1947,1094,853,2423
"Clark St & Lincoln Ave",41.915689,-87.6346,1947,1094,853,2423
"Peoria St & Jackson Blvd",41.877749,-87.649633,1947,1757,190,2424
"LaSalle St & Jackson Blvd",41.87817,-87.631985,1947,1757,190,2424
"Pine Grove Ave & Waveland Ave",41.949275,-87.646303,1947,1609,338,2425
"Southport Ave & Waveland Ave",41.94815,-87.66394,1947,1609,338,2425
"Wabash Ave & Grand Ave",41.891738,-87.626937,1944,1520,424,2426
"Dearborn St & Monroe St",41.881319815,-87.6295209193,1944,1520,424,2426
"Prairie Ave & Garfield Blvd",41.794853,-87.618691,1944,1610,334,2427
"Ellis Ave & 55th St",41.7943006205,-87.6014497734,1944,1610,334,2427
"Sheridan Rd & Irving Park Rd",41.954245,-87.654406,1943,1303,640,2428
"Southport Ave & Roscoe St",41.943739,-87.66402,1943,1303,640,2428
"Clark St & Berwyn Ave",41.9780306225,-87.6685649157,1943,1210,733,2429
"Lakefront Trail & Bryn Mawr Ave",41.9840441152,-87.6522812247,1943,1210,733,2429
"Dearborn St & Erie St",41.893992,-87.629318,1942,1191,751,2430
"Michigan Ave & Pearson St",41.89766,-87.62351,1942,1191,751,2430
"Lake Shore Dr & Ohio St",41.89257,-87.614492,1942,1609,333,2431
"Wabash Ave & Grand Ave",41.891466,-87.626761,1942,1609,333,2431
"Clinton St & 18th St",41.85795,-87.640826,1940,1706,234,2432
"Clinton St & Roosevelt Rd",41.8671177825,-87.6410879593,1940,1706,234,2432
"Clinton St & Roosevelt Rd",41.8671177825,-87.6410879593,1940,1675,265,2433
"Morgan Ave & 14th Pl",41.862378,-87.651062,1940,1675,265,2433
"Ogden Ave & Chicago Ave",41.896362458,-87.6540612729,1939,1787,152,2434
"Clinton St & Washington Blvd",41.88338,-87.64117,1939,1787,152,2434
"Wilton Ave & Diversey Pkwy",41.932418,-87.652705,1938,1309,629,2435
"Clark St & Lincoln Ave",41.915689,-87.6346,1938,1309,629,2435
"Southport Ave & Roscoe St",41.943739,-87.66402,1936,1521,415,2436
"Broadway & Cornelia Ave",41.945529,-87.646439,1936,1521,415,2436
"Dearborn Pkwy & Delaware Pl",41.898969,-87.629912,1934,1545,389,2437
"Wells St & Hubbard St",41.889906,-87.634266,1934,1545,389,2437
"Sedgwick St & Webster Ave",41.922167,-87.638888,1934,1609,325,2438
"Hampden Ct & Diversey Pkwy",41.93262,-87.642385,1934,1609,325,2438
"Lincoln Ave & Fullerton Ave",41.925905,-87.64926,1933,1793,140,2439
"Wilton Ave & Diversey Pkwy",41.932418,-87.652705,1933,1793,140,2439
"Franklin St & Jackson Blvd",41.8777079559,-87.6353211408,1933,1293,640,2440
"McClurg Ct & Illinois St",41.89102,-87.6173,1933,1293,640,2440
"McClurg Ct & Illinois St",41.89102,-87.6173,1933,888,1045,2441
"Michigan Ave & Jackson Blvd",41.87785,-87.62408,1933,888,1045,2441
"Greenview Ave & Fullerton Ave",41.92533,-87.6658,1931,893,1038,2442
"Theater on the Lake",41.926277,-87.630834,1931,893,1038,2442
"McCormick Place",41.8513751729,-87.6188346489,1931,629,1302,2443
"Calumet Ave & 18th St",41.857611,-87.619407,1931,629,1302,2443
"Dearborn St & Monroe St",41.881319815,-87.6295209193,1929,1811,118,2444
"Wells St & Polk St",41.872373,-87.633523,1929,1811,118,2444
"Field Blvd & South Water St",41.8863490627,-87.6175165471,1929,1715,214,2445
"Clark St & Lake St",41.8860208277,-87.6308760584,1929,1715,214,2445
"Green St & Randolph St*",41.8836016573,-87.6486267149,1929,1633,296,2446
"Aberdeen St & Jackson Blvd",41.87772613,-87.65478743,1929,1633,296,2446
"Dearborn St & Monroe St",41.881319815,-87.6295209193,1928,1526,402,2447
"St. Clair St & Erie St",41.8943451374,-87.6227983832,1928,1526,402,2447
"Dayton St & North Ave",41.9105780349,-87.6494219288,1928,1329,599,2448
"Clark St & Armitage Ave",41.918306,-87.636282,1928,1329,599,2448
"Michigan Ave & 14th St",41.864059,-87.623727,1928,819,1109,2449
"Lake Shore Dr & Monroe St",41.880958,-87.616743,1928,819,1109,2449
"Wabash Ave & Roosevelt Rd",41.867227,-87.625961,1927,1527,400,2450
"Calumet Ave & 21st St",41.8541842495,-87.6191537415,1927,1527,400,2450
"Paulina Ave & North Ave",41.9098546522,-87.66993016,1926,1571,355,2451
"Sheffield Ave & Kingsbury St",41.910522,-87.653106,1926,1571,355,2451
"Michigan Ave & Oak St",41.90096039,-87.62377664,1926,905,1021,2452
"Wells St & Evergreen Ave",41.906724,-87.63483,1926,905,1021,2452
"Rush St & Cedar St",41.9023087012,-87.627690528,1926,732,1194,2453
"Theater on the Lake",41.926277,-87.630834,1926,732,1194,2453
"Stetson Ave & South Water St",41.886835,-87.62232,1926,1246,680,2454
"Michigan Ave & Lake St",41.886024,-87.624117,1926,1246,680,2454
"Clark St & Lincoln Ave",41.915689,-87.6346,1926,1158,768,2455
"Sheffield Ave & Fullerton Ave",41.9256018819,-87.6537080423,1926,1158,768,2455
"Lake Shore Dr & North Blvd",41.911722,-87.626804,1926,1023,903,2456
"Lakefront Trail & Bryn Mawr Ave",41.9840441152,-87.6522812247,1926,1023,903,2456
"Franklin St & Jackson Blvd",41.8777079559,-87.6353211408,1925,1778,147,2457
"Loomis St & Jackson Blvd",41.877945,-87.662007,1925,1778,147,2457
"LaSalle St & Illinois St",41.890749,-87.63206,1925,1764,161,2458
"Sedgwick St & Huron St",41.894666,-87.638437,1925,1764,161,2458
"Damen Ave & Pierce Ave",41.9093960065,-87.6776919292,1925,1439,486,2459
"Ashland Ave & Augusta Blvd",41.899643,-87.6677,1925,1439,486,2459
"Broadway & Wilson Ave",41.965221,-87.658139,1924,1055,869,2460
"Montrose Harbor",41.963982,-87.638181,1924,1055,869,2460
"Larrabee St & Kingsbury St",41.897764,-87.642884,1924,1757,167,2461
"Rush St & Superior St",41.8957647456,-87.6259080327,1924,1757,167,2461
"Clark St & Grace St",41.95078,-87.659172,1923,1425,498,2462
"Broadway & Belmont Ave",41.940106,-87.645451,1923,1425,498,2462
"Michigan Ave & Jackson Blvd",41.87785,-87.62408,1923,1298,625,2463
"Theater on the Lake",41.926277,-87.630834,1923,1298,625,2463
"Wells St & Walton St",41.89993001,-87.63443007,1923,1701,222,2464
"Clark St & Elm St",41.903233,-87.631253,1923,1701,222,2464
"Wabash Ave & Adams St",41.8794723523,-87.6256886059,1922,303,1619,2465
"Streeter Dr & Grand Ave",41.892278,-87.612043,1922,303,1619,2465
"State St & Pearson St",41.897448,-87.628722,1922,1845,77,2466
"Clinton St & Lake St",41.885637,-87.641823,1922,1845,77,2466
"Damen Ave & Pierce Ave",41.9093960065,-87.6776919292,1922,1301,621,2467
"Milwaukee Ave & Rockwell St",41.920195,-87.693033,1922,1301,621,2467
"Michigan Ave & Lake St",41.886024,-87.624117,1921,1572,349,2468
"Wabash Ave & Adams St",41.8794723523,-87.6256886059,1921,1572,349,2468
"Morgan St & 18th St",41.858086,-87.651073,1921,1582,339,2469
"Clinton St & Roosevelt Rd",41.8671177825,-87.6410879593,1921,1582,339,2469
"Canal St & Jackson Blvd",41.87811421,-87.63997112,1921,1852,69,2470
"Wabash Ave & 9th St",41.870769,-87.625734,1921,1852,69,2470
"Dearborn Pkwy & Delaware Pl",41.898969,-87.629912,1921,1682,239,2471
"Clinton St & Lake St",41.885637,-87.641823,1921,1682,239,2471
"Wells St & Walton St",41.89993001,-87.63443007,1921,1290,631,2472
"Wells St & Hubbard St",41.889906,-87.634266,1921,1290,631,2472
"Michigan Ave & Lake St",41.886022,-87.624398,1921,1642,279,2473
"Columbus Dr & Randolph St",41.884728,-87.619521,1921,1642,279,2473
"Emerald Ave & 31st St",41.838198,-87.645143,1920,1771,149,2474
"Indiana Ave & 31st St",41.838842,-87.621857,1920,1771,149,2474
"Orleans St & Merchandise Mart Plaza",41.888243,-87.63639,1920,1693,227,2475
"Clark St & Armitage Ave",41.918306,-87.636282,1920,1693,227,2475
"Michigan Ave & Oak St",41.90096039,-87.62377664,1920,833,1087,2476
"State St & Pearson St",41.897448,-87.628722,1920,833,1087,2476
"DuSable Lake Shore Dr & North Blvd",41.911722,-87.626804,1918,740,1178,2477
"DuSable Lake Shore Dr & Wellington Ave",41.9366884495,-87.6368290186,1918,740,1178,2477
"Lake Shore Dr & North Blvd",41.911722,-87.626804,1918,596,1322,2478
"St. Clair St & Erie St",41.8943451374,-87.6227983832,1918,596,1322,2478
"Western Ave & Leland Ave",41.966555,-87.688487,1918,1624,294,2479
"Damen Ave & Sunnyside Ave",41.96325,-87.679258,1918,1624,294,2479
"Streeter Dr & Grand Ave",41.892278,-87.612043,1917,648,1269,2480
"Clark St & Schiller St",41.907993,-87.631501,1917,648,1269,2480
"Green St & Randolph St*",41.8836016573,-87.6486267149,1917,1565,352,2481
"Daley Center Plaza",41.884241,-87.629634,1917,1565,352,2481
"Damen Ave & Pierce Ave",41.9093960065,-87.6776919292,1916,1406,510,2482
"Damen Ave & Wellington Ave",41.93588,-87.67842,1916,1406,510,2482
"LaSalle St & Washington St",41.882664,-87.63253,1916,1674,242,2483
"Michigan Ave & Lake St",41.886024,-87.624117,1916,1674,242,2483
"Theater on the Lake",41.926277,-87.630834,1915,851,1064,2484
"Clark St & Schiller St",41.907993,-87.631501,1915,851,1064,2484
"Clark St & Congress Pkwy",41.8759326655,-87.6305845355,1915,1813,102,2485
"Columbus Dr & Randolph St",41.884728,-87.619521,1915,1813,102,2485
"Lincoln Ave & Fullerton Ave",41.925905,-87.64926,1915,1576,339,2486
"Larrabee St & Webster Ave",41.921822,-87.64414,1915,1576,339,2486
"Franklin St & Monroe St",41.880317,-87.635185,1914,1693,221,2487
"Mies van der Rohe Way & Chestnut St",41.8985866514,-87.6219152258,1914,1693,221,2487
"Canal St & Adams St",41.879255,-87.639904,1913,1756,157,2488
"Ada St & Washington Blvd",41.88283,-87.661206,1913,1756,157,2488
"Lincoln Park Conservatory",41.9239313114,-87.6358245313,1913,561,1352,2489
"Michigan Ave & Oak St",41.90096039,-87.62377664,1913,561,1352,2489
"Canal St & Jackson Blvd",41.877988,-87.640769,1913,1695,218,2490
"State St & Kinzie St",41.88918,-87.6277,1913,1695,218,2490
"Kimbark Ave & 53rd St",41.7994549,-87.5947779,1911,1370,541,2491
"Woodlawn Ave & 58th St",41.789381,-87.596479,1911,1370,541,2491
"Lincoln Ave & Melrose St",41.9406,-87.669435,1911,1145,766,2492
"Clark St & Grace St",41.95078,-87.659172,1911,1145,766,2492
"Lake Park Ave & 56th St",41.793242,-87.587782,1910,1553,357,2493
"Blackstone Ave & Hyde Park Blvd",41.802562,-87.590368,1910,1553,357,2493
"Rush St & Hubbard St",41.890173,-87.626185,1909,1785,124,2494
"Clinton St & Lake St",41.885637,-87.641823,1909,1785,124,2494
"McClurg Ct & Erie St",41.894503,-87.617854,1908,1212,696,2495
"Lake Shore Dr & Ohio St",41.89257,-87.614492,1908,1212,696,2495
"Lake Shore Dr & Belmont Ave",41.940775,-87.639192,1907,1120,787,2496
"Clark St & Lincoln Ave",41.915689,-87.6346,1907,1120,787,2496
"Lake Shore Dr & Diversey Pkwy",41.932684,-87.63625,1905,1122,783,2497
"Clark St & Armitage Ave",41.918306,-87.636282,1905,1122,783,2497
"Cityfront Plaza Dr & Pioneer Ct",41.890573,-87.622072,1905,1129,776,2498
"Michigan Ave & Jackson Blvd",41.87785,-87.62408,1905,1129,776,2498
"McClurg Ct & Erie St",41.894503,-87.617854,1903,1673,230,2499
"Indiana Ave & Roosevelt Rd",41.867888,-87.623041,1903,1673,230,2499
"Green St & Randolph St*",41.8836016573,-87.6486267149,1902,1625,277,2500
"Carpenter St & Huron St",41.894556,-87.653449,1902,1625,277,2500
"State St & Pearson St",41.897448,-87.628722,1902,1745,157,2501
"Canal St & Madison St",41.882091,-87.639833,1902,1745,157,2501
"Dearborn St & Erie St",41.893992,-87.629318,1901,1132,769,2502
"Michigan Ave & Washington St",41.8838927658,-87.6246491409,1901,1132,769,2502
"Milwaukee Ave & Wabansia Ave",41.912616,-87.681391,1901,1601,300,2503
"Damen Ave & Chicago Ave",41.895769,-87.67722,1901,1601,300,2503
"Sheridan Rd & Lawrence Ave",41.969517,-87.654691,1900,1605,295,2504
"Clarendon Ave & Leland Ave",41.967968,-87.650001,1900,1605,295,2504
"Southport Ave & Waveland Ave",41.94815,-87.66394,1899,1598,301,2505
"Clark St & Montrose Ave",41.961588,-87.666036,1899,1598,301,2505
"Sedgwick St & Huron St",41.894666,-87.638437,1899,1705,194,2506
"Ogden Ave & Chicago Ave",41.896362458,-87.6540612729,1899,1705,194,2506
"Michigan Ave & 14th St",41.864059,-87.623727,1898,1682,216,2507
"Wabash Ave & Adams St",41.8794723523,-87.6256886059,1898,1682,216,2507
"Dearborn St & Adams St",41.8793563587,-87.6297910363,1897,1746,151,2508
"Clark St & Congress Pkwy",41.8759326655,-87.6305845355,1897,1746,151,2508
"Kingsbury St & Erie St",41.8939139,-87.6417358,1897,1731,166,2509
"Larrabee St & Oak St",41.9002194932,-87.6429854676,1897,1731,166,2509
"Wilton Ave & Belmont Ave",41.94018,-87.65304,1897,1574,323,2510
"Sheffield Ave & Fullerton Ave",41.9256018819,-87.6537080423,1897,1574,323,2510
"Dearborn St & Monroe St",41.881319815,-87.6295209193,1895,1712,183,2511
"Clark St & Congress Pkwy",41.8759326655,-87.6305845355,1895,1712,183,2511
"Wells St & Concord Ln",41.912133,-87.634656,1895,982,913,2512
"Lincoln Ave & Fullerton Ave",41.9241610291,-87.6463803649,1895,982,913,2512
"Clinton St & Washington Blvd",41.88338,-87.64117,1895,1122,773,2513
"Streeter Dr & Grand Ave",41.892278,-87.612043,1895,1122,773,2513
"DuSable Lake Shore Dr & North Blvd",41.911722,-87.626804,1895,1087,808,2514
"Clark St & Elm St",41.903233,-87.631253,1895,1087,808,2514
"Clark St & Wellington Ave",41.9364968219,-87.6475386582,1893,1668,225,2515
"Broadway & Cornelia Ave",41.945529,-87.646439,1893,1668,225,2515
"Lake Shore Dr & Ohio St",41.89257,-87.614492,1893,1345,548,2516
"Dearborn St & Erie St",41.893992,-87.629318,1893,1345,548,2516
"Ada St & Washington Blvd",41.88283,-87.661206,1893,1808,85,2517
"Peoria St & Jackson Blvd",41.877749,-87.649633,1893,1808,85,2517
"Clark St & Elm St",41.903233,-87.631253,1893,1560,333,2518
"State St & Randolph St",41.8847302006,-87.6277335692,1893,1560,333,2518
"Streeter Dr & Grand Ave",41.892278,-87.612043,1892,285,1607,2519
"Streeter Dr/Grand Ave",41.892401,-87.612388,1892,285,1607,2519
"Montrose Harbor",41.963982,-87.638181,1891,1036,855,2520
"Broadway & Thorndale Ave",41.9897425114,-87.6601406209,1891,1036,855,2520
"Clark St & Grace St",41.95078,-87.659172,1891,1363,528,2521
"Southport Ave & Irving Park Rd",41.954177,-87.664358,1891,1363,528,2521
"Franklin St & Quincy St",41.878724,-87.634793,1890,1817,73,2522
"Clark St & Elm St",41.903233,-87.631253,1890,1817,73,2522
"Wilton Ave & Belmont Ave",41.94018,-87.65304,1890,1580,310,2523
"Pine Grove Ave & Irving Park Rd",41.954383,-87.648043,1890,1580,310,2523
"Wabash Ave & Wacker Pl",41.886875,-87.62603,1889,253,1636,2524
"Streeter Dr & Illinois St",41.891071,-87.6122,1889,253,1636,2524
"Lakefront Trail & Bryn Mawr Ave",41.9840441152,-87.6522812247,1889,1137,752,2525
"Pine Grove Ave & Waveland Ave",41.949275,-87.646303,1889,1137,752,2525
"Sheffield Ave & Webster Ave",41.92154,-87.653818,1888,1386,502,2526
"Lakeview Ave & Fullerton Pkwy",41.925858,-87.638973,1888,1386,502,2526
"Sheffield Ave & Webster Ave",41.92154,-87.653818,1887,1555,332,2527
"Dayton St & North Ave",41.9105780349,-87.6494219288,1887,1555,332,2527
"Michigan Ave & Oak St",41.90096039,-87.62377664,1887,640,1247,2528
"Wabash Ave & Grand Ave",41.891466,-87.626761,1887,640,1247,2528
"Franklin St & Lake St",41.885837,-87.6355,1887,1679,208,2529
"State St & Kinzie St",41.88918,-87.6277,1887,1679,208,2529
"Canal St & Adams St",41.879255,-87.639904,1885,1796,89,2530
"Wells St & Erie St",41.893832,-87.634195,1885,1796,89,2530
"Wabash Ave & 9th St",41.870769,-87.625734,1885,1502,383,2531
"Franklin St & Jackson Blvd",41.8777079559,-87.6353211408,1885,1502,383,2531
"Wabash Ave & Roosevelt Rd",41.867227,-87.625961,1885,1607,278,2532
"Halsted St & Roosevelt Rd",41.867324,-87.648625,1885,1607,278,2532
"Rush St & Superior St",41.8957647456,-87.6259080327,1884,1524,360,2533
"Clark St & Schiller St",41.907993,-87.631501,1884,1524,360,2533
"McClurg Ct & Erie St",41.894503,-87.617854,1884,1459,425,2534
"Michigan Ave & Pearson St",41.89766,-87.62351,1884,1459,425,2534
"Aberdeen St & Jackson Blvd",41.87772613,-87.65478743,1884,1688,196,2535
"Ada St & Washington Blvd",41.88283,-87.661206,1884,1688,196,2535
"Clark St & Newport St",41.94454,-87.654678,1883,1364,519,2536
"Southport Ave & Roscoe St",41.943739,-87.66402,1883,1364,519,2536
"Wabash Ave & Grand Ave",41.891466,-87.626761,1883,1607,276,2537
"McClurg Ct & Erie St",41.894503,-87.617854,1883,1607,276,2537
"Lake Shore Dr & North Blvd",41.911722,-87.626804,1883,751,1132,2538
"State St & Kinzie St",41.88918,-87.6277,1883,751,1132,2538
"Canal St & Adams St",41.879255,-87.639904,1882,1803,79,2539
"Wacker Dr & Washington St Corral",41.88316,-87.63736,1882,1803,79,2539
"Shedd Aquarium",41.8672259568,-87.6153553902,1882,124,1758,2540
"McCormick Place",41.8513751729,-87.6188346489,1882,124,1758,2540
"Halsted St & Diversey Pkwy",41.933341,-87.648747,1882,1593,289,2541
"Wilton Ave & Belmont Ave",41.94018,-87.65304,1882,1593,289,2541
"Wilton Ave & Diversey Pkwy",41.932418,-87.652705,1881,1732,149,2542
"Halsted St & Diversey Pkwy",41.933341,-87.648747,1881,1732,149,2542
"Sheffield Ave & Wellington Ave",41.9362534831,-87.6526620984,1881,1462,419,2543
"Sheffield Ave & Fullerton Ave",41.9256018819,-87.6537080423,1881,1462,419,2543
"McClurg Ct & Erie St",41.894503,-87.617854,1881,1044,837,2544
"Millennium Park",41.8810317,-87.62408432,1881,1044,837,2544
"Franklin St & Monroe St",41.880317,-87.635185,1881,636,1245,2545
"Streeter Dr & Grand Ave",41.892278,-87.612043,1881,636,1245,2545
"Shedd Aquarium",41.8672259568,-87.6153553902,1880,955,925,2546
"Federal St & Polk St",41.8720776329,-87.6295437729,1880,955,925,2546
"Clinton St & Madison St",41.8827519657,-87.6411902905,1880,1722,158,2547
"Rush St & Superior St",41.8957647456,-87.6259080327,1880,1722,158,2547
"Broadway & Berwyn Ave",41.978353,-87.659753,1880,1635,245,2548
"Broadway & Granville Ave",41.9947796884,-87.6602845349,1880,1635,245,2548
"Aberdeen St & Jackson Blvd",41.87772613,-87.65478743,1879,1620,259,2549
"Halsted St & Polk St",41.87184,-87.64664,1879,1620,259,2549
"Ashland Ave & Blackhawk St",41.907066,-87.667252,1878,1576,302,2550
"Paulina Ave & North Ave",41.9098546522,-87.66993016,1878,1576,302,2550
"Theater on the Lake",41.926277,-87.630834,1878,920,958,2551
"Halsted St & Dickens Ave",41.919936,-87.64883,1878,920,958,2551
"Clark St & Wrightwood Ave",41.929546,-87.643118,1878,1217,661,2552
"Clark St & Newport St",41.94454,-87.654678,1878,1217,661,2552
"Pine Grove Ave & Waveland Ave",41.9494727409,-87.6464527845,1877,1716,161,2553
"Sheridan Rd & Irving Park Rd",41.954245,-87.654406,1877,1716,161,2553
"LaSalle St & Jackson Blvd",41.87817,-87.631985,1875,1769,106,2554
"Lake Shore Dr & Ohio St",41.89257,-87.614492,1875,1769,106,2554
"State St & Randolph St",41.8847302006,-87.6277335692,1874,1349,525,2555
"St. Clair St & Erie St",41.8943451374,-87.6227983832,1874,1349,525,2555
"Desplaines St & Kinzie St",41.888716036,-87.6444478533,1873,1674,199,2556
"Rush St & Hubbard St",41.890173,-87.626185,1873,1674,199,2556
"State St & Van Buren St",41.877181,-87.627844,1873,1676,197,2557
"Federal St & Polk St",41.8720776329,-87.6295437729,1873,1676,197,2557
"Theater on the Lake",41.926277,-87.630834,1873,985,888,2558
"Bissell St & Armitage Ave",41.91844,-87.65222,1873,985,888,2558
"Loomis St & Lexington St",41.8722287322,-87.661363855,1873,1587,286,2559
"Halsted St & Roosevelt Rd",41.867324,-87.648625,1873,1587,286,2559
"Dearborn St & Erie St",41.893992,-87.629318,1873,1221,652,2560
"Clark St & Armitage Ave",41.918306,-87.636282,1873,1221,652,2560
"Western Ave & Winnebago Ave",41.915533,-87.687051,1873,1527,346,2561
"Albany Ave & Bloomingdale Ave",41.9140267127,-87.705126462,1873,1527,346,2561
"Orleans St & Merchandise Mart Plaza",41.888243,-87.63639,1872,1763,109,2562
"Canal St & Jackson Blvd",41.877988,-87.640769,1872,1763,109,2562
"Clark St & Montrose Ave",41.961588,-87.666036,1871,1521,350,2563
"Broadway & Wilson Ave",41.965221,-87.658139,1871,1521,350,2563
"Buckingham Fountain",41.876368,-87.6205586,1871,747,1124,2564
"Michigan Ave & Jackson Blvd",41.87785,-87.62408,1871,747,1124,2564
"Wells St & Concord Ln",41.912133,-87.634656,1870,1550,320,2565
"Broadway & Barry Ave",41.937725,-87.644095,1870,1550,320,2565
"Broadway & Cornelia Ave",41.945512,-87.64598,1870,1651,219,2566
"Pine Grove Ave & Waveland Ave",41.949275,-87.646303,1870,1651,219,2566
"Canal St & Adams St",41.879255,-87.639904,1869,1793,76,2567
"Morgan Ave & 14th Pl",41.862378,-87.651062,1869,1793,76,2567
"Montrose Harbor",41.963982,-87.638181,1869,573,1296,2568
"Cannon Dr & Fullerton Ave",41.9267559875,-87.6344287848,1869,573,1296,2568
"Clark St & Schiller St",41.907993,-87.631501,1869,1773,96,2569
"Clinton St & Washington Blvd",41.88338,-87.64117,1869,1773,96,2569
"Racine Ave & Congress Pkwy",41.87464,-87.65703,1869,1781,88,2570
"Canal St & Jackson Blvd",41.877988,-87.640769,1869,1781,88,2570
"Streeter Dr & Grand Ave",41.892278,-87.612043,1869,102,1767,2571
"McCormick Place",41.8513751729,-87.6188346489,1869,102,1767,2571
"Michigan Ave & Jackson Blvd",41.87785,-87.62408,1869,1458,411,2572
"LaSalle St & Jackson Blvd",41.87817,-87.631985,1869,1458,411,2572
"Kingsbury St & Kinzie St",41.8891768326,-87.6385057718,1868,1563,305,2573
"Eckhart Park",41.89637337,-87.66098386,1868,1563,305,2573
"Broadway & Ridge Ave",41.9840446107,-87.6602738295,1868,1516,352,2574
"Broadway & Granville Ave",41.9947796884,-87.6602845349,1868,1516,352,2574
"Wells St & Hubbard St",41.889906,-87.634266,1868,1569,299,2575
"Kingsbury St & Erie St",41.8939139,-87.6417358,1868,1569,299,2575
"Ravenswood Ave & Lawrence Ave",41.96909,-87.674237,1868,1729,139,2576
"Washtenaw Ave & Lawrence Ave",41.9687297,-87.6962603,1868,1729,139,2576
"Dearborn St & Adams St",41.8793563587,-87.6297910363,1867,1333,534,2577
"Michigan Ave & Jackson Blvd",41.87785,-87.62408,1867,1333,534,2577
"Clark St & Wellington Ave",41.9364968219,-87.6475386582,1867,1678,189,2578
"Broadway & Belmont Ave",41.940106,-87.645451,1867,1678,189,2578
"Rush St & Cedar St",41.9023087012,-87.627690528,1867,1409,458,2579
"Clark St & Elm St",41.903233,-87.631253,1867,1409,458,2579
"Cannon Dr & Fullerton Ave",41.9267559875,-87.6344287848,1866,571,1295,2580
"Clark St & North Ave",41.911974,-87.631942,1866,571,1295,2580
"Lincoln Ave & Belmont Ave",41.939365,-87.668385,1866,1699,167,2581
"Racine Ave & Belmont Ave",41.939743,-87.658865,1866,1699,167,2581
"Desplaines St & Randolph St",41.883703,-87.644238,1865,1674,191,2582
"Ada St & Washington Blvd",41.88283,-87.661206,1865,1674,191,2582
"Theater on the Lake",41.926277,-87.630834,1865,811,1054,2583
"Racine Ave & Belmont Ave",41.939743,-87.658865,1865,811,1054,2583
"Desplaines St & Jackson Blvd",41.8781189009,-87.6439476013,1864,1773,91,2584
"900 W Harrison St",41.874754,-87.649807,1864,1773,91,2584
"Sheffield Ave & Webster Ave",41.92154,-87.653818,1864,1487,377,2585
"Greenview Ave & Fullerton Ave",41.92533,-87.6658,1864,1487,377,2585
"Dearborn Pkwy & Delaware Pl",41.898969,-87.629912,1863,1625,238,2586
"McClurg Ct & Erie St",41.894503,-87.617854,1863,1625,238,2586
"Clark St & Elm St",41.903233,-87.631253,1862,1459,403,2587
"Clark St & Chicago Ave",41.89675,-87.63089,1862,1459,403,2587
"Woodlawn Ave & 58th St",41.789381,-87.596479,1862,1425,437,2588
"Woodlawn Ave & 55th St",41.795264,-87.596471,1862,1425,437,2588
"Dayton St & North Ave",41.9105780349,-87.6494219288,1861,1480,381,2589
"Southport Ave & Clybourn Ave",41.921004,-87.663257,1861,1480,381,2589
"Sheffield Ave & Fullerton Ave",41.9256018819,-87.6537080423,1860,1549,311,2590
"Racine Ave & Fullerton Ave",41.925566,-87.658416,1860,1549,311,2590
"Michigan Ave & 18th St",41.857926,-87.624336,1859,1659,200,2591
"Wabash Ave & 8th St",41.871962,-87.626106,1859,1659,200,2591
"LaSalle St & Washington St",41.882664,-87.63253,1859,1684,175,2592
"Wabash Ave & Roosevelt Rd",41.867227,-87.625961,1859,1684,175,2592
"Columbus Dr & Randolph St",41.884728,-87.619521,1859,1302,557,2593
"Fairbanks Ct & Grand Ave",41.89186,-87.62062,1859,1302,557,2593
"Ellis Ave & 53rd St",41.7993362626,-87.6009581145,1858,1563,295,2594
"Blackstone Ave & Hyde Park Blvd",41.802562,-87.590368,1858,1563,295,2594
"Clark St & Lake St",41.8860208277,-87.6308760584,1857,1360,497,2595
"Wabash Ave & Grand Ave",41.891466,-87.626761,1857,1360,497,2595
"Calumet Ave & 35th St",41.831379,-87.618034,1857,1777,80,2596
"State St & 35th St",41.83104,-87.62688,1857,1777,80,2596
"Pine Grove Ave & Waveland Ave",41.949275,-87.646303,1857,1656,201,2597
"Sheridan Rd & Montrose Ave",41.96167,-87.65464,1857,1656,201,2597
"Halsted St & Roscoe St",41.94367,-87.64895,1857,889,968,2598
"Montrose Harbor",41.963982,-87.638181,1857,889,968,2598
"May St & Randolph St",41.88397,-87.655688,1857,1780,77,2599
"Morgan St & Lake St",41.8854833079,-87.6523048564,1857,1780,77,2599
"Broadway & Wilson Ave",41.965221,-87.658139,1856,1306,550,2600
"Clark St & Winnemac Ave",41.9733476405,-87.6678554714,1856,1306,550,2600
"Dearborn St & Van Buren St",41.876268,-87.629155,1856,1637,219,2601
"Daley Center Plaza",41.884241,-87.629634,1856,1637,219,2601
"Clark St & Armitage Ave",41.918306,-87.636282,1856,1260,596,2602
"Wilton Ave & Belmont Ave",41.94018,-87.65304,1856,1260,596,2602
"Michigan Ave & Lake St",41.886022,-87.624398,1856,1373,483,2603
"Cityfront Plaza Dr & Pioneer Ct",41.890573,-87.622072,1856,1373,483,2603
"Rush St & Hubbard St",41.890173,-87.626185,1855,1621,234,2604
"Franklin St & Monroe St",41.880317,-87.635185,1855,1621,234,2604
"Kingsbury St & Kinzie St",41.8891768326,-87.6385057718,1855,1567,288,2605
"Franklin St & Chicago Ave",41.89679,-87.63564,1855,1567,288,2605
"Clifton Ave & Armitage Ave",41.918216,-87.656936,1855,1480,375,2606
"Larrabee St & Webster Ave",41.921822,-87.64414,1855,1480,375,2606
"Shedd Aquarium",41.8672259568,-87.6153553902,1855,611,1244,2607
"Theater on the Lake",41.926277,-87.630834,1855,611,1244,2607
"LaSalle St & Illinois St",41.890749,-87.63206,1855,869,986,2608
"Michigan Ave & Washington St",41.8838927658,-87.6246491409,1855,869,986,2608
"Clinton St & Roosevelt Rd",41.8671177825,-87.6410879593,1854,1375,479,2609
"May St & Taylor St",41.8694821,-87.6554864,1854,1375,479,2609
"Montrose Harbor",41.963982,-87.638181,1853,811,1042,2610
"Broadway & Belmont Ave",41.940106,-87.645451,1853,811,1042,2610
"Damen Ave & Cortland St",41.916027,-87.677411,1853,1568,285,2611
"Wood St & Milwaukee Ave",41.907655,-87.672552,1853,1568,285,2611
"Michigan Ave & Lake St",41.886024,-87.624117,1852,1227,625,2612
"Wabash Ave & Roosevelt Rd",41.867227,-87.625961,1852,1227,625,2612
"Theater on the Lake",41.926277,-87.630834,1852,976,876,2613
"Sheffield Ave & Wellington Ave",41.9362534831,-87.6526620984,1852,976,876,2613
"Damen Ave & Division St",41.90331,-87.67695,1852,1640,212,2614
"Wood St & Division St",41.90332,-87.67273,1852,1640,212,2614
"Desplaines St & Kinzie St",41.888716036,-87.6444478533,1850,1445,405,2615
"McClurg Ct & Illinois St",41.89102,-87.6173,1850,1445,405,2615
"St. Clair St & Erie St",41.8943451374,-87.6227983832,1850,1179,671,2616
"Fairbanks Ct & Grand Ave",41.89186,-87.62062,1850,1179,671,2616
"Southport Ave & Wrightwood Ave",41.928773,-87.663913,1850,1286,564,2617
"Clark St & Wrightwood Ave",41.929546,-87.643118,1850,1286,564,2617
"Drake Ave & Addison St",41.947326,-87.717582,1849,1644,205,2618
"Drake Ave & Montrose Ave",41.9611540757,-87.7165690733,1849,1644,205,2618
"Michigan Ave & Oak St",41.90096039,-87.62377664,1849,1219,630,2619
"Wells St & Huron St",41.8947953,-87.6343743,1849,1219,630,2619
"Michigan Ave & Oak St",41.90096039,-87.62377664,1849,946,903,2620
"LaSalle St & Illinois St",41.890749,-87.63206,1849,946,903,2620
"Broadway & Cornelia Ave",41.945529,-87.646439,1849,647,1202,2621
"Streeter Dr & Grand Ave",41.892278,-87.612043,1849,647,1202,2621
"Kingsbury St & Erie St",41.8939139,-87.6417358,1848,1520,328,2622
"Wells St & Elm St",41.903222,-87.634324,1848,1520,328,2622
"Halsted St & Roscoe St",41.94367,-87.64895,1848,1358,490,2623
"Clark St & Wrightwood Ave",41.929546,-87.643118,1848,1358,490,2623
"Desplaines St & Kinzie St",41.888716036,-87.6444478533,1847,1618,229,2624
"Green St & Randolph St*",41.8836016573,-87.6486267149,1847,1618,229,2624
"Campbell Ave & North Ave",41.910535,-87.689556,1847,1691,156,2625
"Western Ave & Winnebago Ave",41.915533,-87.687051,1847,1691,156,2625
"Streeter Dr & Illinois St",41.891071,-87.6122,1847,398,1449,2626
"Wabash Ave & 8th St",41.871962,-87.626106,1847,398,1449,2626
"Dearborn Pkwy & Delaware Pl",41.898969,-87.629912,1846,1496,350,2627
"State St & Randolph St",41.8847302006,-87.6277335692,1846,1496,350,2627
"Clinton St & Madison St",41.8827519657,-87.6411902905,1846,1636,210,2628
"Wood St & Milwaukee Ave",41.907655,-87.672552,1846,1636,210,2628
"Halsted St & Wrightwood Ave",41.929143,-87.649077,1844,1327,517,2629
"Broadway & Cornelia Ave",41.945529,-87.646439,1844,1327,517,2629
"Ravenswood Ave & Lawrence Ave",41.968445,-87.674226,1844,1658,186,2630
"Clark St & Leland Ave",41.9670878392,-87.6672908664,1844,1658,186,2630
"Halsted St & Willow St",41.913778,-87.64884,1844,1703,141,2631
"Sheffield Ave & Willow St",41.913688,-87.652855,1844,1703,141,2631
"Clark St & Lake St",41.8860208277,-87.6308760584,1843,1520,323,2632
"Federal St & Polk St",41.8720776329,-87.6295437729,1843,1520,323,2632
"Lincolnwood Dr & Central St",42.064854,-87.715297,1843,1390,453,2633
"Central St Metra",42.063598,-87.69873,1843,1390,453,2633
"Sheffield Ave & Wrightwood Ave",41.928712,-87.653833,1843,1489,354,2634
"Sheffield Ave & Willow St",41.913688,-87.652855,1843,1489,354,2634
"Damen Ave & Pierce Ave",41.9093960065,-87.6776919292,1842,1118,724,2635
"California Ave & Division St",41.903029,-87.697474,1842,1118,724,2635
"Wabash Ave & Roosevelt Rd",41.867227,-87.625961,1842,1653,189,2636
"Wells St & Polk St",41.872373,-87.633523,1842,1653,189,2636
"Clinton St & Madison St",41.8827519657,-87.6411902905,1842,1621,221,2637
"Ashland Ave & Division St",41.90345,-87.667747,1842,1621,221,2637
"Wells St & Concord Ln",41.912133,-87.634656,1841,1332,509,2638
"Clifton Ave & Armitage Ave",41.918216,-87.656936,1841,1332,509,2638
"Lincoln Ave & Fullerton Ave",41.925905,-87.64926,1841,1590,251,2639
"Southport Ave & Wellington Ave",41.935733,-87.663576,1841,1590,251,2639
"Shedd Aquarium",41.8672259568,-87.6153553902,1840,595,1245,2640
"State St & Van Buren St",41.877181,-87.627844,1840,595,1245,2640
"Dayton St & North Ave",41.9105780349,-87.6494219288,1839,1611,228,2641
"Larrabee St & Division St",41.90348607,-87.6433534936,1839,1611,228,2641
"Southport Ave & Waveland Ave",41.94815,-87.66394,1839,1480,359,2642
"Broadway & Sheridan Rd",41.952833,-87.649993,1839,1480,359,2642
"Larrabee St & Kingsbury St",41.897764,-87.642884,1839,1738,101,2643
"Franklin St & Monroe St",41.880317,-87.635185,1839,1738,101,2643
"Lake Shore Dr & Monroe St",41.880958,-87.616743,1839,371,1468,2644
"Wabash Ave & 8th St",41.871962,-87.626106,1839,371,1468,2644
"Michigan Ave & Oak St",41.90096039,-87.62377664,1837,1547,290,2645
"Clifton Ave & Armitage Ave",41.918216,-87.656936,1837,1547,290,2645
"Broadway & Barry Ave",41.937582316,-87.644097805,1837,1454,383,2646
"DuSable Lake Shore Dr & Belmont Ave",41.940775,-87.639192,1837,1454,383,2646
"Wells St & Evergreen Ave",41.906724,-87.63483,1837,1422,415,2647
"Kingsbury St & Erie St",41.8939139,-87.6417358,1837,1422,415,2647
"Noble St & Milwaukee Ave",41.90068,-87.6626,1837,1508,329,2648
"Kedzie Ave & Milwaukee Ave",41.929567,-87.707857,1837,1508,329,2648
"Halsted St & Roosevelt Rd",41.867324,-87.648625,1836,1688,148,2649
"Loomis St & Taylor St",41.869417,-87.660996,1836,1688,148,2649
"Pine Grove Ave & Irving Park Rd",41.954383,-87.648043,1836,1404,432,2650
"Lake Shore Dr & Wellington Ave",41.936669,-87.636794,1836,1404,432,2650
"Wells St & Hubbard St",41.889906,-87.634266,1835,1593,242,2651
"Kingsbury St & Kinzie St",41.8891768326,-87.6385057718,1835,1593,242,2651
"Loomis St & Lexington St",41.872187,-87.661501,1835,1745,90,2652
"900 W Harrison St",41.874754,-87.649807,1835,1745,90,2652
"Broadway & Cornelia Ave",41.945529,-87.646439,1834,1370,464,2653
"Sheffield Ave & Waveland Ave",41.949399,-87.654529,1834,1370,464,2653
"State St & Harrison St",41.874053,-87.627716,1834,1678,156,2654
"Clinton St & Washington Blvd",41.88338,-87.64117,1834,1678,156,2654
"Clark St & Schiller St",41.907993,-87.631501,1832,1645,187,2655
"Orleans St & Merchandise Mart Plaza",41.888243,-87.63639,1832,1645,187,2655
"Aberdeen St & Jackson Blvd",41.87772613,-87.65478743,1832,1617,215,2656
"Paulina St & Flournoy St",41.8730610879,-87.6691348851,1832,1617,215,2656
"Cityfront Plaza Dr & Pioneer Ct",41.890573,-87.622072,1832,1533,299,2657
"Franklin St & Monroe St",41.880317,-87.635185,1832,1533,299,2657
"McClurg Ct & Illinois St",41.89102,-87.6173,1832,1303,529,2658
"Clark St & Elm St",41.903233,-87.631253,1832,1303,529,2658
"Halsted St & Roosevelt Rd",41.867324,-87.648625,1831,1627,204,2659
"Clinton St & Madison St",41.8827519657,-87.6411902905,1831,1627,204,2659
"Streeter Dr & Grand Ave",41.892278,-87.612043,1830,528,1302,2660
"State St & Harrison St",41.874053,-87.627716,1830,528,1302,2660
"Southport Ave & Waveland Ave",41.94815,-87.66394,1830,1578,252,2661
"Southport Ave & Clark St",41.957081,-87.664199,1830,1578,252,2661
"Sedgwick St & Huron St",41.894666,-87.638437,1830,1511,319,2662
"Rush St & Superior St",41.8957647456,-87.6259080327,1830,1511,319,2662
"Ogden Ave & Chicago Ave",41.896362458,-87.6540612729,1830,1460,370,2663
"Wood St & Milwaukee Ave",41.907655,-87.672552,1830,1460,370,2663
"Clinton St & Lake St",41.88583274,-87.64138231,1830,1625,205,2664
"Wabash Ave & Grand Ave",41.891738,-87.626937,1830,1625,205,2664
"Dusable Harbor",41.886976,-87.612813,1829,232,1597,2665
"Field Museum",41.865312,-87.617867,1829,232,1597,2665
"Clark St & Lincoln Ave",41.915689,-87.6346,1828,1187,641,2666
"Mies van der Rohe Way & Chestnut St",41.8985866514,-87.6219152258,1828,1187,641,2666
"St. Clair St & Erie St",41.8943451374,-87.6227983832,1828,1431,397,2667
"Franklin St & Monroe St",41.880317,-87.635185,1828,1431,397,2667
"Wilton Ave & Diversey Pkwy",41.932418,-87.652705,1827,1371,456,2668
"Halsted St & Dickens Ave",41.919936,-87.64883,1827,1371,456,2668
"Clark St & Wellington Ave",41.9364968219,-87.6475386582,1827,1412,415,2669
"Halsted St & Dickens Ave",41.919936,-87.64883,1827,1412,415,2669
"Clark St & Lake St",41.8860208277,-87.6308760584,1827,1701,126,2670
"Franklin St & Quincy St",41.878724,-87.634793,1827,1701,126,2670
"Calumet Ave & 35th St",41.831379,-87.618034,1826,1660,166,2671
"State St & 33rd St",41.834734,-87.625813,1826,1660,166,2671
"Lake Shore Dr & Ohio St",41.89257,-87.614492,1826,641,1185,2672
"Clark St & Lincoln Ave",41.915689,-87.6346,1826,641,1185,2672
"Morgan St & Lake St*",41.8854917063,-87.6522892714,1826,1615,211,2673
"Clinton St & Washington Blvd",41.88338,-87.64117,1826,1615,211,2673
"Clinton St & Washington Blvd",41.88338,-87.64117,1826,1779,47,2674
"Clark St & Congress Pkwy",41.8759326655,-87.6305845355,1826,1779,47,2674
"Kingsbury St & Erie St",41.8939139,-87.6417358,1826,1591,235,2675
"LaSalle St & Illinois St",41.890762,-87.631697,1826,1591,235,2675
"Clinton St & Jackson Blvd",41.8783166118,-87.6409810781,1825,1818,7,2676
"Wood St & Taylor St",41.869154,-87.671045,1825,1818,7,2676
"Streeter Dr & Grand Ave",41.892278,-87.612043,1825,117,1708,2677
"Michigan Ave & Ida B Wells Dr",41.876203,-87.624464,1825,117,1708,2677
"Indiana Ave & Roosevelt Rd",41.867888,-87.623041,1825,594,1231,2678
"Buckingham Fountain",41.876368,-87.6205586,1825,594,1231,2678
"Canal St & Adams St",41.879255,-87.639904,1824,1436,388,2679
"Clinton St & Roosevelt Rd",41.8671177825,-87.6410879593,1824,1436,388,2679
"Wood St & Milwaukee Ave",41.907655,-87.672552,1824,1331,493,2680
"Desplaines St & Kinzie St",41.888716036,-87.6444478533,1824,1331,493,2680
"Kingsbury St & Erie St",41.8939139,-87.6417358,1824,1704,120,2681
"LaSalle St & Washington St",41.882664,-87.63253,1824,1704,120,2681
"Lake Shore Dr & Belmont Ave",41.940775,-87.639192,1824,1160,664,2682
"Broadway & Belmont Ave",41.940106,-87.645451,1824,1160,664,2682
"Desplaines St & Jackson Blvd",41.8781189009,-87.6439476013,1823,1661,162,2683
"Dearborn St & Monroe St",41.881319815,-87.6295209193,1823,1661,162,2683
"Clark St & Grace St",41.95078,-87.659172,1823,1471,352,2684
"Wilton Ave & Belmont Ave",41.94018,-87.65304,1823,1471,352,2684
"Lakeview Ave & Fullerton Pkwy",41.925858,-87.638973,1823,931,892,2685
"Montrose Harbor",41.963982,-87.638181,1823,931,892,2685
"Clinton St & Madison St",41.8827519657,-87.6411902905,1822,1763,59,2686
"Wood St & Taylor St",41.869154,-87.671045,1822,1763,59,2686
"Kimball Ave & Belmont Ave",41.9393939534,-87.7120676637,1821,1663,158,2687
"Troy St & Elston Ave",41.9452435685,-87.7066499009,1821,1663,158,2687
"State St & Pearson St",41.897448,-87.628722,1821,1659,162,2688
"Clark St & Randolph St",41.884576228,-87.63188991,1821,1659,162,2688
"Clinton St & Lake St",41.885637,-87.641823,1821,1743,78,2689
"LaSalle St & Washington St",41.882664,-87.63253,1821,1743,78,2689
"Canal St & Monroe St",41.8807,-87.63947,1821,1542,279,2690
"Michigan Ave & Madison St",41.882134,-87.625125,1821,1542,279,2690
"Larrabee St & Webster Ave",41.921822,-87.64414,1820,1755,65,2691
"Canal St & Adams St",41.879255,-87.639904,1820,1755,65,2691
"Franklin St & Jackson Blvd",41.8777079559,-87.6353211408,1819,1621,198,2692
"Clinton St & Tilden St",41.875885,-87.640795,1819,1621,198,2692
"State St & Randolph St",41.8847302006,-87.6277335692,1819,1473,346,2693
"Cityfront Plaza Dr & Pioneer Ct",41.890573,-87.622072,1819,1473,346,2693
"MLK Jr Dr & 29th St",41.842052,-87.617,1818,1423,395,2694
"Indiana Ave & Roosevelt Rd",41.867888,-87.623041,1818,1423,395,2694
"Ashland Ave & Grand Ave",41.891072,-87.666611,1818,1762,56,2695
"Ashland Ave & Lake St",41.88541,-87.66732,1818,1762,56,2695
"State St & Kinzie St",41.88918,-87.6277,1818,993,825,2696
"Franklin St & Jackson Blvd",41.8777079559,-87.6353211408,1818,993,825,2696
"State St & Van Buren St",41.877181,-87.627844,1817,1619,198,2697
"Michigan Ave & 14th St",41.864059,-87.623727,1817,1619,198,2697
"Glenwood Ave & Morse Ave",42.0079719229,-87.6655023944,1816,1556,260,2698
"Sheridan Rd & Greenleaf Ave",42.0105865628,-87.6624120948,1816,1556,260,2698
"Honore St & Division St",41.903119,-87.673935,1816,1495,321,2699
"Milwaukee Ave & Wabansia Ave",41.912616,-87.681391,1816,1495,321,2699
"Dearborn Pkwy & Delaware Pl",41.898969,-87.629912,1816,884,932,2700
"Theater on the Lake",41.926277,-87.630834,1816,884,932,2700
"Daley Center Plaza",41.884241,-87.629634,1816,1658,158,2701
"Michigan Ave & Lake St",41.886024,-87.624117,1816,1658,158,2701
"Marshfield Ave & Cortland St",41.916017,-87.668879,1816,1502,314,2702
"Western Ave & Winnebago Ave",41.915533,-87.687051,1816,1502,314,2702
"Desplaines St & Jackson Blvd",41.8781189009,-87.6439476013,1815,1557,258,2703
"Green St & Randolph St*",41.8836016573,-87.6486267149,1815,1557,258,2703
"Clark St & Elmdale Ave",41.9908604481,-87.66972363,1815,1471,344,2704
"Clark St & Berwyn Ave",41.9780306225,-87.6685649157,1815,1471,344,2704
"Clinton St & Madison St",41.8827519657,-87.6411902905,1815,1518,297,2705
"Michigan Ave & Jackson Blvd",41.87785,-87.62408,1815,1518,297,2705
"Clark St & North Ave",41.911974,-87.631942,1815,1055,760,2706
"Lake Shore Dr & Diversey Pkwy",41.932684,-87.63625,1815,1055,760,2706
"Wabash Ave & Wacker Pl",41.886875,-87.62603,1814,1209,605,2707
"St. Clair St & Erie St",41.8943451374,-87.6227983832,1814,1209,605,2707
"LaSalle St & Washington St",41.882664,-87.63253,1814,1503,311,2708
"Dearborn St & Erie St",41.893992,-87.629318,1814,1503,311,2708
"Pine Grove Ave & Irving Park Rd",41.954383,-87.648043,1814,660,1154,2709
"Streeter Dr & Grand Ave",41.892278,-87.612043,1814,660,1154,2709
"Clark St & Lunt Ave",42.0090111806,-87.6741117239,1813,1579,234,2710
"Clark St & Schreiber Ave",41.999245,-87.671249,1813,1579,234,2710
"May St & Taylor St",41.8694821,-87.6554864,1812,1633,179,2711
"Clinton St & Madison St",41.8827519657,-87.6411902905,1812,1633,179,2711
"Ridge Blvd & Howard St",42.019276,-87.68452,1811,1556,255,2712
"Paulina St & Howard St",42.019159,-87.673573,1811,1556,255,2712
"Clark St & Armitage Ave",41.918306,-87.636282,1811,1363,448,2713
"LaSalle St & Illinois St",41.890749,-87.63206,1811,1363,448,2713
"LaSalle St & Jackson Blvd",41.87817,-87.631985,1811,1774,37,2714
"Wells St & Polk St",41.872373,-87.633523,1811,1774,37,2714
"Sheffield Ave & Webster Ave",41.92154,-87.653818,1810,1627,183,2715
"Racine Ave & Fullerton Ave",41.92556258,-87.65840426,1810,1627,183,2715
"Dearborn St & Erie St",41.893992,-87.629318,1810,1492,318,2716
"Ritchie Ct & Banks St",41.906866,-87.626217,1810,1492,318,2716
"Kingsbury St & Erie St",41.8939139,-87.6417358,1810,1768,42,2717
"LaSalle St & Jackson Blvd",41.87817,-87.631985,1810,1768,42,2717
"Lakeview Ave & Fullerton Pkwy",41.925858,-87.638973,1810,1283,527,2718
"Larrabee St & Webster Ave",41.921822,-87.64414,1810,1283,527,2718
"Desplaines St & Kinzie St",41.888716036,-87.6444478533,1809,1386,423,2719
"Dearborn Pkwy & Delaware Pl",41.898969,-87.629912,1809,1386,423,2719
"Mies van der Rohe Way & Chicago Ave",41.89691,-87.621743,1809,1482,327,2720
"Clark St & Chicago Ave",41.896544,-87.630931,1809,1482,327,2720
"Clark St & Wellington Ave",41.9364968219,-87.6475386582,1808,1558,250,2721
"Hampden Ct & Diversey Pkwy",41.93262,-87.642385,1808,1558,250,2721
"Columbus Dr & Randolph St",41.884728,-87.619521,1808,1589,219,2722
"Clinton St & Lake St",41.885637,-87.641823,1808,1589,219,2722
"St. Clair St & Erie St",41.8943451374,-87.6227983832,1808,1734,74,2723
"Clark St & Congress Pkwy",41.8759326655,-87.6305845355,1808,1734,74,2723
"Theater on the Lake",41.926277,-87.630834,1806,995,811,2724
"Indiana Ave & Roosevelt Rd",41.867888,-87.623041,1806,995,811,2724
"Halsted St & Polk St",41.87184,-87.64664,1806,1662,144,2725
"Racine Ave & 18th St",41.8581806068,-87.6564866473,1806,1662,144,2725
"St. Clair St & Erie St",41.8943451374,-87.6227983832,1806,1497,309,2726
"Wabash Ave & Grand Ave",41.891738,-87.626937,1806,1497,309,2726
"Columbus Dr & Randolph St",41.884728,-87.619521,1806,1407,399,2727
"State St & Van Buren St",41.877181,-87.627844,1806,1407,399,2727
"Fort Dearborn Dr & 31st St",41.838556,-87.608218,1805,1088,717,2728
"Indiana Ave & 31st St",41.838842,-87.621857,1805,1088,717,2728
"Mies van der Rohe Way & Chicago Ave",41.89691,-87.621743,1805,1140,665,2729
"Clark St & Lincoln Ave",41.915689,-87.6346,1805,1140,665,2729
"Dearborn St & Monroe St",41.881319815,-87.6295209193,1804,1540,264,2730
"Desplaines St & Kinzie St",41.888716036,-87.6444478533,1804,1540,264,2730
"Michigan Ave & 14th St",41.864059,-87.623727,1804,653,1151,2731
"Shedd Aquarium",41.8672259568,-87.6153553902,1804,653,1151,2731
"Wells St & Concord Ln",41.912133,-87.634656,1803,1470,333,2732
"Larrabee St & Division St",41.90348607,-87.6433534936,1803,1470,333,2732
"Larrabee St & Kingsbury St",41.897764,-87.642884,1803,1710,93,2733
"Orleans St & Chestnut St (NEXT Apts)",41.898203,-87.637536,1803,1710,93,2733
"Wells St & Elm St",41.903222,-87.634324,1803,1383,420,2734
"Wells St & Evergreen Ave",41.906724,-87.63483,1803,1383,420,2734
"Orleans St & Merchandise Mart Plaza",41.888243,-87.63639,1803,771,1032,2735
"Millennium Park",41.8810317,-87.62408432,1803,771,1032,2735
"Lincoln Ave & Diversey Pkwy",41.932225,-87.658617,1802,1382,420,2736
"Sheffield Ave & Webster Ave",41.92154,-87.653818,1802,1382,420,2736
"Field Blvd & South Water St",41.8863490627,-87.6175165471,1802,1578,224,2737
"Canal St & Adams St",41.879255,-87.639904,1802,1578,224,2737
"Michigan Ave & Washington St",41.8838927658,-87.6246491409,1801,1359,442,2738
"Field Blvd & South Water St",41.8863490627,-87.6175165471,1801,1359,442,2738
"Halsted St & Roscoe St",41.94367,-87.64895,1801,777,1024,2739
"Lake Shore Dr & North Blvd",41.911722,-87.626804,1801,777,1024,2739
"LaSalle St & Washington St",41.882664,-87.63253,1800,1568,232,2740
"Green St & Madison St",41.881859328,-87.6492637396,1800,1568,232,2740
"Sedgwick St & Webster Ave",41.922167,-87.638888,1799,1497,302,2741
"Wilton Ave & Diversey Pkwy",41.932418,-87.652705,1799,1497,302,2741
"Morgan St & Lake St",41.8854833079,-87.6523048564,1798,1629,169,2742
"Ogden Ave & Race Ave",41.891795,-87.658751,1798,1629,169,2742
"Milwaukee Ave & Wabansia Ave",41.912616,-87.681391,1798,1432,366,2743
"Kedzie Ave & Palmer Ct",41.921525,-87.707322,1798,1432,366,2743
"Clark St & Randolph St",41.884576228,-87.63188991,1798,1449,349,2744
"State St & Randolph St",41.8847302006,-87.6277335692,1798,1449,349,2744
"Federal St & Polk St",41.8720776329,-87.6295437729,1797,830,967,2745
"Streeter Dr & Grand Ave",41.892278,-87.612043,1797,830,967,2745
"Southport Ave & Roscoe St",41.943739,-87.66402,1797,1313,484,2746
"Broadway & Sheridan Rd",41.952833,-87.649993,1797,1313,484,2746
"Clark St & Lincoln Ave",41.915689,-87.6346,1797,1145,652,2747
"Wells St & Walton St",41.89993001,-87.63443007,1797,1145,652,2747
"Wood St & Taylor St",41.869154,-87.671045,1797,1731,66,2748
"Halsted St & Maxwell St",41.864883,-87.647071,1797,1731,66,2748
"Mies van der Rohe Way & Chicago Ave",41.89691,-87.621743,1797,1663,134,2749
"Clinton St & Madison St",41.8827519657,-87.6411902905,1797,1663,134,2749
"Larrabee St & Menomonee St",41.91468,-87.64332,1796,1584,212,2750
"Dayton St & North Ave",41.9105780349,-87.6494219288,1796,1584,212,2750
"Wabash Ave & 16th St",41.860384,-87.625813,1796,1599,197,2751
"Franklin St & Jackson Blvd",41.8777079559,-87.6353211408,1796,1599,197,2751
"Cityfront Plaza Dr & Pioneer Ct",41.890573,-87.622072,1795,744,1051,2752
"McClurg Ct & Illinois St",41.89102,-87.6173,1795,744,1051,2752
"Clark St & Congress Pkwy",41.8759326655,-87.6305845355,1795,1744,51,2753
"Daley Center Plaza",41.884241,-87.629634,1795,1744,51,2753
"Lake Shore Dr & North Blvd",41.911722,-87.626804,1795,646,1149,2754
"Michigan Ave & Lake St",41.886024,-87.624117,1795,646,1149,2754
"Broadway & Berwyn Ave",41.978361,-87.659789,1794,1389,405,2755
"Clark St & Berwyn Ave",41.9780306225,-87.6685649157,1794,1389,405,2755
"Indiana Ave & Roosevelt Rd",41.867888,-87.623041,1794,1103,691,2756
"Fairbanks Ct & Grand Ave",41.89186,-87.62062,1794,1103,691,2756
"Wells St & Elm St",41.903222,-87.634324,1793,1499,294,2757
"Mies van der Rohe Way & Chestnut St",41.8985866514,-87.6219152258,1793,1499,294,2757
"Clark St & Grace St",41.95078,-87.659172,1792,1261,531,2758
"Sheridan Rd & Montrose Ave",41.96167,-87.65464,1792,1261,531,2758
"Clark St & Lake St",41.8860208277,-87.6308760584,1792,1508,284,2759
"Michigan Ave & Madison St",41.882134,-87.625125,1792,1508,284,2759
"Mies van der Rohe Way & Chicago Ave",41.89691,-87.621743,1792,1502,290,2760
"State St & Pearson St",41.897448,-87.628722,1792,1502,290,2760
"Field Blvd & South Water St",41.8863490627,-87.6175165471,1792,1658,134,2761
"McClurg Ct & Erie St",41.894503,-87.617854,1792,1658,134,2761
"LaSalle St & Jackson Blvd",41.87817,-87.631985,1792,1562,230,2762
"LaSalle St & Illinois St",41.890749,-87.63206,1792,1562,230,2762
"Western Ave & Division St",41.902893,-87.687275,1791,1521,270,2763
"Damen Ave & Division St",41.90331,-87.67695,1791,1521,270,2763
"Lake Shore Dr & Ohio St",41.89257,-87.614492,1791,788,1003,2764
"Michigan Ave & Washington St",41.8838927658,-87.6246491409,1791,788,1003,2764
"Broadway & Waveland Ave",41.949074,-87.648636,1790,884,906,2765
"Montrose Harbor",41.963982,-87.638181,1790,884,906,2765
"Sheridan Rd & Irving Park Rd",41.954245,-87.654406,1789,1703,86,2766
"Ashland Ave & Belle Plaine Ave",41.956061,-87.668869,1789,1703,86,2766
"LaSalle St & Jackson Blvd",41.87817,-87.631985,1789,1656,133,2767
"Wabash Ave & Roosevelt Rd",41.867227,-87.625961,1789,1656,133,2767
"Southport Ave & Irving Park Rd",41.954177,-87.664358,1789,1475,314,2768
"Pine Grove Ave & Irving Park Rd",41.954383,-87.648043,1789,1475,314,2768
"Theater on the Lake",41.926277,-87.630834,1788,1069,719,2769
"Sheridan Rd & Lawrence Ave",41.969517,-87.654691,1788,1069,719,2769
"Kingsbury St & Erie St",41.8939139,-87.6417358,1787,1623,164,2770
"Milwaukee Ave & Grand Ave",41.891578,-87.648384,1787,1623,164,2770
"State St & Van Buren St",41.877181,-87.627844,1787,1241,546,2771
"State St & Harrison St",41.874053,-87.627716,1787,1241,546,2771
"Sheridan Rd & Noyes St (NU)",42.058239,-87.677432,1786,1346,440,2772
"Chicago Ave & Washington St",42.032562,-87.679101,1786,1346,440,2772
"Broadway & Granville Ave",41.9947796884,-87.6602845349,1786,1291,495,2773
"Clark St & Berwyn Ave",41.9780306225,-87.6685649157,1786,1291,495,2773
"Pine Grove Ave & Waveland Ave",41.9494727409,-87.6464527845,1786,1205,581,2774
"DuSable Lake Shore Dr & Belmont Ave",41.940775,-87.639192,1786,1205,581,2774
"Desplaines St & Jackson Blvd",41.8781189009,-87.6439476013,1785,1600,185,2775
"Daley Center Plaza",41.884241,-87.629634,1785,1600,185,2775
"Desplaines St & Kinzie St",41.888716036,-87.6444478533,1785,1632,153,2776
"Clinton St & Lake St",41.88583274,-87.64138231,1785,1632,153,2776
"Lake Shore Dr & Belmont Ave",41.940775,-87.639192,1785,931,854,2777
"Lake Shore Dr & Ohio St",41.89257,-87.614492,1785,931,854,2777
"Fairbanks Ct & Grand Ave",41.89186,-87.62062,1784,1590,194,2778
"Franklin St & Lake St",41.885837,-87.6355,1784,1590,194,2778
"Pine Grove Ave & Irving Park Rd",41.954383,-87.648043,1784,1403,381,2779
"Southport Ave & Waveland Ave",41.94815,-87.66394,1784,1403,381,2779
"Lakeview Ave & Fullerton Pkwy",41.925858,-87.638973,1783,673,1110,2780
"Lake Shore Dr & Monroe St",41.880958,-87.616743,1783,673,1110,2780
"State St & Pearson St",41.897448,-87.628722,1782,1592,190,2781
"Kingsbury St & Kinzie St",41.8891768326,-87.6385057718,1782,1592,190,2781
"Daley Center Plaza",41.884241,-87.629634,1782,1510,272,2782
"Indiana Ave & Roosevelt Rd",41.867888,-87.623041,1782,1510,272,2782
"Kimbark Ave & 53rd St",41.7994549,-87.5947779,1781,1097,684,2783
"Ellis Ave & 60th St",41.7850971464,-87.6010727606,1781,1097,684,2783
"Desplaines St & Kinzie St",41.888716036,-87.6444478533,1781,1139,642,2784
"Damen Ave & Pierce Ave",41.9093960065,-87.6776919292,1781,1139,642,2784
"Ellis Ave & 58th St",41.788746,-87.601334,1780,1419,361,2785
"Shore Drive & 55th St",41.795212,-87.580715,1780,1419,361,2785
"Michigan Ave & 18th St",41.857926,-87.624336,1780,905,875,2786
"Adler Planetarium",41.866095,-87.607267,1780,905,875,2786
"California Ave & Milwaukee Ave",41.922695,-87.697153,1779,1162,617,2787
"Ashland Ave & Division St",41.90345,-87.667747,1779,1162,617,2787
"Wacker Dr & Washington St Corral",41.88316,-87.63736,1779,1712,67,2788
"Orleans St & Merchandise Mart Plaza",41.888243,-87.63639,1779,1712,67,2788
"Lincoln Ave & Waveland Ave",41.948797,-87.675278,1777,1736,41,2789
"Lincoln Ave & Roscoe St",41.94334,-87.67097,1777,1736,41,2789
"LaSalle St & Illinois St",41.890749,-87.63206,1777,1493,284,2790
"Wells St & Concord Ln",41.912133,-87.634656,1777,1493,284,2790
"Green St & Randolph St*",41.8836016573,-87.6486267149,1777,1668,109,2791
"Peoria St & Jackson Blvd",41.877749,-87.649633,1777,1668,109,2791
"Southport Ave & Roscoe St",41.943739,-87.66402,1776,1248,528,2792
"Sheffield Ave & Waveland Ave",41.949399,-87.654529,1776,1248,528,2792
"Milwaukee Ave & Wabansia Ave",41.912616,-87.681391,1775,1564,211,2793
"Western Ave & Winnebago Ave",41.915533,-87.687051,1775,1564,211,2793
"Michigan Ave & 18th St",41.857926,-87.624336,1774,1693,81,2794
"Clark St & Congress Pkwy",41.8759326655,-87.6305845355,1774,1693,81,2794
"Damen Ave & Leland Ave",41.967094,-87.679028,1774,1619,155,2795
"Winchester (Ravenswood) Ave & Balmoral Ave",41.979762,-87.67753,1774,1619,155,2795
"Millennium Park",41.8810317,-87.62408432,1774,380,1394,2796
"Rush St & Superior St",41.8957647456,-87.6259080327,1774,380,1394,2796
"Bissell St & Armitage Ave",41.91844,-87.65222,1774,1714,60,2797
"Larrabee St & Kingsbury St",41.897764,-87.642884,1774,1714,60,2797
"Wells St & Hubbard St",41.889933,-87.634262,1774,1674,100,2798
"Canal St & Madison St",41.882091,-87.639833,1774,1674,100,2798
"Clark St & Leland Ave",41.967096,-87.667429,1773,1606,167,2799
"Clark St & Berwyn Ave",41.9780306225,-87.6685649157,1773,1606,167,2799
"Lake Shore Dr & Belmont Ave",41.940775,-87.639192,1771,1221,550,2800
"Pine Grove Ave & Waveland Ave",41.949275,-87.646303,1771,1221,550,2800
"Peoria St & Jackson Blvd",41.877749,-87.649633,1770,1660,110,2801
"Halsted St & Polk St",41.87184,-87.64664,1770,1660,110,2801
"Kingsbury St & Erie St",41.8939139,-87.6417358,1770,1444,326,2802
"Rush St & Superior St",41.8957647456,-87.6259080327,1770,1444,326,2802
"Michigan Ave & Washington St",41.8838927658,-87.6246491409,1770,341,1429,2803
"Michigan Ave & Lake St",41.886024,-87.624117,1770,341,1429,2803
"Halsted St & Waveland Ave",41.949375,-87.649626,1769,1122,647,2804
"Halsted St & Wrightwood Ave",41.929143,-87.649077,1769,1122,647,2804
"Lincoln Ave & Diversey Pkwy",41.932225,-87.658617,1768,1396,372,2805
"Clifton Ave & Armitage Ave",41.918216,-87.656936,1768,1396,372,2805
"Lincoln Ave & Roscoe St",41.94334,-87.67097,1767,1677,90,2806
"Damen Ave & Leland Ave",41.967094,-87.679028,1767,1677,90,2806
"Stockton Dr & Wrightwood Ave",41.93132,-87.638742,1766,726,1040,2807
"DuSable Lake Shore Dr & North Blvd",41.911722,-87.626804,1766,726,1040,2807
"Daley Center Plaza",41.884451,-87.629892,1766,1696,70,2808
"Wells St & Polk St",41.872373,-87.633523,1766,1696,70,2808
"Cannon Dr & Fullerton Ave",41.9267559875,-87.6344287848,1765,637,1128,2809
"Clark St & Lincoln Ave",41.915689,-87.6346,1765,637,1128,2809
"Broadway & Belmont Ave",41.940106,-87.645451,1765,1579,186,2810
"Hampden Ct & Diversey Pkwy",41.93262,-87.642385,1765,1579,186,2810
"Lincoln Ave & Roscoe St",41.94334,-87.67097,1764,1708,56,2811
"Ashland Ave & Grace St",41.950687,-87.6687,1764,1708,56,2811
"Spaulding Ave & Armitage Ave",41.9171080348,-87.7102209628,1763,1366,397,2812
"Stave St & Armitage Ave",41.917741,-87.691392,1763,1366,397,2812
"Franklin St & Jackson Blvd",41.8777079559,-87.6353211408,1763,1616,147,2813
"Kingsbury St & Erie St",41.8939139,-87.6417358,1763,1616,147,2813
"Cornell Ave & Hyde Park Blvd",41.802406,-87.586924,1762,792,970,2814
"Fort Dearborn Dr & 31st St",41.838556,-87.608218,1762,792,970,2814
"Racine Ave & Randolph St",41.8840812248,-87.6569207293,1762,1655,107,2815
"Desplaines St & Randolph St",41.883703,-87.644238,1762,1655,107,2815
"Michigan Ave & 8th St",41.872773,-87.623981,1762,1035,727,2816
"Wabash Ave & Roosevelt Rd",41.867227,-87.625961,1762,1035,727,2816
"Lake Shore Dr & North Blvd",41.911722,-87.626804,1762,554,1208,2817
"Cityfront Plaza Dr & Pioneer Ct",41.890573,-87.622072,1762,554,1208,2817
"LaSalle St & Washington St",41.882664,-87.63253,1762,1503,259,2818
"LaSalle St & Illinois St",41.890749,-87.63206,1762,1503,259,2818
"Marshfield Ave & Cortland St",41.916017,-87.668879,1761,1600,161,2819
"Sedgwick St & Webster Ave",41.922167,-87.638888,1761,1600,161,2819
"Sheffield Ave & Wrightwood Ave",41.928712,-87.653833,1761,1356,405,2820
"Wilton Ave & Belmont Ave",41.94018,-87.65304,1761,1356,405,2820
"Halsted St & Roosevelt Rd",41.867324,-87.648625,1760,1584,176,2821
"Clinton St & Jackson Blvd",41.8783166118,-87.6409810781,1760,1584,176,2821
"Dearborn St & Monroe St",41.881319815,-87.6295209193,1760,1508,252,2822
"Michigan Ave & Madison St",41.882134,-87.625125,1760,1508,252,2822
"Sheffield Ave & Waveland Ave",41.949399,-87.654529,1760,1389,371,2823
"Pine Grove Ave & Waveland Ave",41.9494727409,-87.6464527845,1760,1389,371,2823
"Kingsbury St & Erie St",41.8939139,-87.6417358,1760,1686,74,2824
"McClurg Ct & Erie St",41.894503,-87.617854,1760,1686,74,2824
"Southport Ave & Waveland Ave",41.94815,-87.66394,1760,1288,472,2825
"Broadway & Belmont Ave",41.940106,-87.645451,1760,1288,472,2825
"Milwaukee Ave & Grand Ave",41.891578,-87.648384,1759,1452,307,2826
"Carpenter St & Huron St",41.894556,-87.653449,1759,1452,307,2826
"Greenwood Ave & 47th St",41.809835,-87.599383,1759,1311,448,2827
"Kimbark Ave & 53rd St",41.799568,-87.594747,1759,1311,448,2827
"Halsted St & Wrightwood Ave",41.929143,-87.649077,1759,1308,451,2828
"Sheffield Ave & Wellington Ave",41.9362534831,-87.6526620984,1759,1308,451,2828
"Lake Shore Dr & Ohio St",41.89257,-87.614492,1758,1576,182,2829
"Dearborn St & Monroe St",41.881319815,-87.6295209193,1758,1576,182,2829
"LaSalle St & Illinois St",41.890762,-87.631697,1757,1483,274,2830
"Dearborn St & Erie St",41.893992,-87.629318,1757,1483,274,2830
"Wood St & Milwaukee Ave",41.907655,-87.672552,1756,1443,313,2831
"Damen Ave & Division St",41.90331,-87.67695,1756,1443,313,2831
"Franklin St & Quincy St",41.878724,-87.634793,1756,1563,193,2832
"Clark St & Randolph St",41.884576228,-87.63188991,1756,1563,193,2832
"Sheridan Rd & Buena Ave",41.958494,-87.654966,1754,1613,141,2833
"Ravenswood Ave & Lawrence Ave",41.96909,-87.674237,1754,1613,141,2833
"Columbus Dr & Randolph St",41.884728,-87.619521,1754,1062,692,2834
"Michigan Ave & 8th St",41.872773,-87.623981,1754,1062,692,2834
"Canal St & Jackson Blvd",41.877988,-87.640769,1754,1435,319,2835
"Michigan Ave & Jackson Blvd",41.87785,-87.62408,1754,1435,319,2835
"Canal St & Jackson Blvd",41.877988,-87.640769,1753,1675,78,2836
"Kingsbury St & Erie St",41.8939139,-87.6417358,1753,1675,78,2836
"Michigan Ave & 18th St",41.857926,-87.624336,1752,768,984,2837
"Lake Shore Dr & Monroe St",41.880958,-87.616743,1752,768,984,2837
"Damen Ave & Pierce Ave",41.9093960065,-87.6776919292,1751,1274,477,2838
"Clifton Ave & Armitage Ave",41.918216,-87.656936,1751,1274,477,2838
"Kedzie Ave & Milwaukee Ave",41.929567,-87.707857,1750,1555,195,2839
"Troy St & Elston Ave",41.9452435685,-87.7066499009,1750,1555,195,2839
"Michigan Ave & Congress Pkwy",41.8760656,-87.62443336,1750,1383,367,2840
"Michigan Ave & 14th St",41.864059,-87.623727,1750,1383,367,2840
"Marshfield Ave & Cortland St",41.916017,-87.668879,1750,1579,171,2841
"Sheffield Ave & Willow St",41.913688,-87.652855,1750,1579,171,2841
"Stockton Dr & Wrightwood Ave",41.93132,-87.638742,1750,974,776,2842
"Lake Shore Dr & Diversey Pkwy",41.932684,-87.63625,1750,974,776,2842
"Damen Ave & Pierce Ave",41.9093960065,-87.6776919292,1749,1628,121,2843
"Clinton St & Madison St",41.8827519657,-87.6411902905,1749,1628,121,2843
"Franklin St & Quincy St",41.878724,-87.634793,1748,1557,191,2844
"State St & Van Buren St",41.877181,-87.627844,1748,1557,191,2844
"Lake Shore Dr & Wellington Ave",41.936669,-87.636794,1748,1194,554,2845
"Lakeview Ave & Fullerton Pkwy",41.925858,-87.638973,1748,1194,554,2845
"Lake Shore Dr & Monroe St",41.880958,-87.616743,1747,423,1324,2846
"State St & Harrison St",41.874053,-87.627716,1747,423,1324,2846
"Wolcott Ave & Polk St",41.871262,-87.673688,1747,1561,186,2847
"Aberdeen St & Jackson Blvd",41.87772613,-87.65478743,1747,1561,186,2847
"Green St & Madison St",41.881859328,-87.6492637396,1747,1460,287,2848
"Michigan Ave & Washington St",41.8838927658,-87.6246491409,1747,1460,287,2848
"Racine Ave & Fullerton Ave",41.92556258,-87.65840426,1746,1440,306,2849
"Racine Ave & Belmont Ave",41.939743,-87.658865,1746,1440,306,2849
"Clark St & Leland Ave",41.967096,-87.667429,1746,1682,64,2850
"Clifton Ave & Lawrence Ave",41.968873,-87.658857,1746,1682,64,2850
"Museum Campus",41.865212,-87.617759,1745,210,1535,2851
"Michigan Ave & Oak St",41.90096039,-87.62377664,1745,210,1535,2851
"Clark St & Congress Pkwy",41.8759326655,-87.6305845355,1745,1698,47,2852
"Franklin St & Monroe St",41.880317,-87.635185,1745,1698,47,2852
"St. Clair St & Erie St",41.8943451374,-87.6227983832,1744,1427,317,2853
"Orleans St & Merchandise Mart Plaza",41.888243,-87.63639,1744,1427,317,2853
"Racine Ave & Belmont Ave",41.939743,-87.658865,1743,1523,220,2854
"Broadway & Barry Ave",41.937725,-87.644095,1743,1523,220,2854
"Sedgwick St & Huron St",41.894666,-87.638437,1742,1621,121,2855
"Franklin St & Lake St",41.885837,-87.6355,1742,1621,121,2855
"Larrabee St & Kingsbury St",41.897764,-87.642884,1742,1425,317,2856
"LaSalle St & Illinois St",41.890762,-87.631697,1742,1425,317,2856
"Clark St & Schiller St",41.907993,-87.631501,1741,1216,525,2857
"Sedgwick St & Webster Ave",41.922167,-87.638888,1741,1216,525,2857
"Ashland Ave & Wrightwood Ave",41.92883,-87.668507,1739,1647,92,2858
"Racine Ave & Fullerton Ave",41.92556258,-87.65840426,1739,1647,92,2858
"State St & Harrison St",41.874053,-87.627716,1739,1619,120,2859
"Canal St & Jackson Blvd",41.877988,-87.640769,1739,1619,120,2859
"Franklin St & Monroe St",41.880317,-87.635185,1739,1640,99,2860
"Clark St & Schiller St",41.907993,-87.631501,1739,1640,99,2860
"Clinton St & Washington Blvd",41.88338,-87.64117,1739,1673,66,2861
"Ashland Ave & Chicago Ave",41.895966,-87.667747,1739,1673,66,2861
"Franklin St & Chicago Ave",41.89679,-87.63564,1738,1615,123,2862
"Dearborn Pkwy & Delaware Pl",41.898969,-87.629912,1738,1615,123,2862
"Canal St & Madison St",41.882091,-87.639833,1738,1356,382,2863
"Michigan Ave & Pearson St",41.89766,-87.62351,1738,1356,382,2863
"Marshfield Ave & Cortland St",41.916017,-87.668879,1738,1492,246,2864
"Western Ave & Winnebago Ave",41.91552,-87.687022,1738,1492,246,2864
"Indiana Ave & Roosevelt Rd",41.867888,-87.623041,1737,1270,467,2865
"St. Clair St & Erie St",41.8943451374,-87.6227983832,1737,1270,467,2865
"Sheridan Rd & Irving Park Rd",41.954245,-87.654406,1736,1409,327,2866
"Ashland Ave & Grace St",41.950687,-87.6687,1736,1409,327,2866
"Carpenter St & Huron St",41.894556,-87.653449,1736,1433,303,2867
"Ashland Ave & Division St",41.90345,-87.667747,1736,1433,303,2867
"Broadway & Cornelia Ave",41.945529,-87.646439,1736,1184,552,2868
"DuSable Lake Shore Dr & Belmont Ave",41.940775,-87.639192,1736,1184,552,2868
"Wells St & Evergreen Ave",41.906724,-87.63483,1736,1389,347,2869
"Wells St & Erie St",41.893832,-87.634195,1736,1389,347,2869
"Rush St & Cedar St",41.9023087012,-87.627690528,1735,1413,322,2870
"Clark St & Schiller St",41.907993,-87.631501,1735,1413,322,2870
"Halsted St & Wrightwood Ave",41.929143,-87.649077,1734,1383,351,2871
"Broadway & Belmont Ave",41.940106,-87.645451,1734,1383,351,2871
"California Ave & Division St",41.903029,-87.697474,1733,1017,716,2872
"California Ave & Milwaukee Ave",41.922695,-87.697153,1733,1017,716,2872
"Museum Campus",41.865212,-87.617759,1733,155,1578,2873
"Michigan Ave & Washington St",41.8838927658,-87.6246491409,1733,155,1578,2873
"Clark St & Randolph St",41.884576228,-87.63188991,1732,1432,300,2874
"Dearborn St & Adams St",41.8793563587,-87.6297910363,1732,1432,300,2874
"Milwaukee Ave & Grand Ave",41.891578,-87.648384,1732,1637,95,2875
"Morgan St & Lake St",41.8854833079,-87.6523048564,1732,1637,95,2875
"Western Ave & Leland Ave",41.966555,-87.688487,1732,1560,172,2876
"Clark St & Leland Ave",41.967096,-87.667429,1732,1560,172,2876
"Broadway & Barry Ave",41.937725,-87.644095,1732,1434,298,2877
"Southport Ave & Wellington Ave",41.935733,-87.663576,1732,1434,298,2877
"State St & Kinzie St",41.8893754666,-87.6270765066,1731,1392,339,2878
"New St & Illinois St",41.8908470406,-87.6186168194,1731,1392,339,2878
"Sheffield Ave & Willow St",41.913688,-87.652855,1731,1635,96,2879
"Sheffield Ave & Kingsbury St",41.910522,-87.653106,1731,1635,96,2879
"Wabash Ave & Grand Ave",41.891466,-87.626761,1730,1246,484,2880
"Fairbanks Ct & Grand Ave",41.8918473721,-87.6205801964,1730,1246,484,2880
"Canal St & Madison St",41.882091,-87.639833,1729,1475,254,2881
"State St & Harrison St",41.874053,-87.627716,1729,1475,254,2881
"Halsted St & Maxwell St",41.864883,-87.647071,1729,1240,489,2882
"Wabash Ave & Roosevelt Rd",41.867227,-87.625961,1729,1240,489,2882
"Canal St & Jackson Blvd",41.877988,-87.640769,1728,1702,26,2883
"Wolcott Ave & Polk St",41.871262,-87.673688,1728,1702,26,2883
"Southport Ave & Roscoe St",41.943739,-87.66402,1728,1296,432,2884
"Sheffield Ave & Wellington Ave",41.9362534831,-87.6526620984,1728,1296,432,2884
"Lake Shore Dr & North Blvd",41.911722,-87.626804,1728,854,874,2885
"State St & Pearson St",41.897448,-87.628722,1728,854,874,2885
"Stetson Ave & South Water St",41.886835,-87.62232,1728,1045,683,2886
"Michigan Ave & Washington St",41.8838927658,-87.6246491409,1728,1045,683,2886
"Stockton Dr & Wrightwood Ave",41.93132,-87.638742,1728,1265,463,2887
"Clark St & Wrightwood Ave",41.929546,-87.643118,1728,1265,463,2887
"Franklin St & Jackson Blvd",41.8777079559,-87.6353211408,1727,1277,450,2888
"Stetson Ave & South Water St",41.886835,-87.62232,1727,1277,450,2888
"Sheffield Ave & Wrightwood Ave",41.928712,-87.653833,1726,1523,203,2889
"Racine Ave & Wrightwood Ave",41.928887,-87.658971,1726,1523,203,2889
"Lake Shore Dr & Ohio St",41.89257,-87.614492,1726,1072,654,2890
"Lake Shore Dr & Diversey Pkwy",41.932684,-87.63625,1726,1072,654,2890
"Wabash Ave & Grand Ave",41.891466,-87.626761,1725,1310,415,2891
"Dearborn Pkwy & Delaware Pl",41.898969,-87.629912,1725,1310,415,2891
"Michigan Ave & Washington St",41.8838927658,-87.6246491409,1725,1572,153,2892
"Jefferson St & Monroe St",41.880422,-87.642746,1725,1572,153,2892
"Dearborn St & Monroe St",41.881319815,-87.6295209193,1724,753,971,2893
"Lake Shore Dr & Monroe St",41.880958,-87.616743,1724,753,971,2893
"Clarendon Ave & Junior Ter",41.961004,-87.649603,1724,1352,372,2894
"Pine Grove Ave & Irving Park Rd",41.954383,-87.648043,1724,1352,372,2894
"Fort Dearborn Dr & 31st St",41.838556,-87.608218,1724,565,1159,2895
"Millennium Park",41.8810317,-87.62408432,1724,565,1159,2895
"California Ave & Milwaukee Ave",41.922695,-87.697153,1724,1240,484,2896
"Western Ave & Winnebago Ave",41.91552,-87.687022,1724,1240,484,2896
"Rush St & Superior St",41.8957647456,-87.6259080327,1724,667,1057,2897
"Michigan Ave & Oak St",41.90096039,-87.62377664,1724,667,1057,2897
"State St & Van Buren St",41.877181,-87.627844,1724,1550,174,2898
"Franklin St & Monroe St",41.880317,-87.635185,1724,1550,174,2898
"Rush St & Superior St",41.8957647456,-87.6259080327,1723,1318,405,2899
"Clark St & Lincoln Ave",41.915689,-87.6346,1723,1318,405,2899
"Wabash Ave & 9th St",41.870769,-87.625734,1722,1365,357,2900
"Michigan Ave & Madison St",41.882134,-87.625125,1722,1365,357,2900
"Daley Center Plaza",41.884241,-87.629634,1722,1560,162,2901
"State St & Kinzie St",41.88918,-87.6277,1722,1560,162,2901
"Michigan Ave & Lake St",41.886024,-87.624117,1722,1446,276,2902
"McClurg Ct & Erie St",41.894503,-87.617854,1722,1446,276,2902
"Clark St & Chicago Ave",41.896544,-87.630931,1720,1605,115,2903
"Canal St & Adams St",41.879255,-87.639904,1720,1605,115,2903
"Sheffield Ave & Wrightwood Ave",41.928712,-87.653833,1720,1208,512,2904
"Southport Ave & Roscoe St",41.943739,-87.66402,1720,1208,512,2904
"Franklin St & Chicago Ave",41.89680204,-87.63563839,1719,1564,155,2905
"Wells St & Concord Ln",41.912133,-87.634656,1719,1564,155,2905
"Wells St & Evergreen Ave",41.906724,-87.63483,1719,1271,448,2906
"Rush St & Cedar St",41.9023087012,-87.627690528,1719,1271,448,2906
"Clark St & Elm St",41.903233,-87.631253,1719,1645,74,2907
"Franklin St & Arcade Pl",41.881131,-87.635185,1719,1645,74,2907
"Clark St & Bryn Mawr Ave",41.983593,-87.669154,1718,1542,176,2908
"Broadway & Berwyn Ave",41.978353,-87.659753,1718,1542,176,2908
"Clark St & Lincoln Ave",41.915689,-87.6346,1717,1146,571,2909
"Wells St & Huron St",41.8947953,-87.6343743,1717,1146,571,2909
"Lincoln Ave & Fullerton Ave",41.925905,-87.64926,1717,836,881,2910
"Lake Shore Dr & North Blvd",41.911722,-87.626804,1717,836,881,2910
"Lake Shore Dr & Diversey Pkwy",41.932684,-87.63625,1717,1446,271,2911
"Clark St & Elm St",41.903233,-87.631253,1717,1446,271,2911
"Lincoln Ave & Belle Plaine Ave",41.955927,-87.679259,1717,1597,120,2912
"Lincoln Ave & Leavitt St",41.962391,-87.684146,1717,1597,120,2912
"Canal St & Adams St",41.879255,-87.639904,1716,1171,545,2913
"Shedd Aquarium",41.8672259568,-87.6153553902,1716,1171,545,2913
"Clark St & Winnemac Ave",41.973385,-87.668365,1716,1438,278,2914
"Broadway & Berwyn Ave",41.978353,-87.659753,1716,1438,278,2914
"Blue Island Ave & 18th St",41.857556,-87.661535,1715,1502,213,2915
"Racine Ave & 18th St",41.8581806068,-87.6564866473,1715,1502,213,2915
"Indiana Ave & Roosevelt Rd",41.867888,-87.623041,1715,1027,688,2916
"Lake Shore Dr & Ohio St",41.89257,-87.614492,1715,1027,688,2916
"DuSable Lake Shore Dr & Belmont Ave",41.940775,-87.639192,1715,1211,504,2917
"Broadway & Waveland Ave",41.949074,-87.648636,1715,1211,504,2917
"Clark St & Elm St",41.903233,-87.631253,1714,1458,256,2918
"Clinton St & Lake St",41.885637,-87.641823,1714,1458,256,2918
"LaSalle St & Jackson Blvd",41.87817,-87.631985,1714,1564,150,2919
"St. Clair St & Erie St",41.8943451374,-87.6227983832,1714,1564,150,2919
"Michigan Ave & Washington St",41.8838927658,-87.6246491409,1714,1130,584,2920
"State St & Van Buren St",41.877181,-87.627844,1714,1130,584,2920
"State St & Kinzie St",41.88918,-87.6277,1713,1552,161,2921
"Wacker Dr & Washington St Corral",41.88316,-87.63736,1713,1552,161,2921
"Ashland Ave & Belle Plaine Ave",41.956061,-87.668869,1713,1606,107,2922
"Southport Ave & Waveland Ave",41.94815,-87.66394,1713,1606,107,2922
"Lake Shore Dr & Monroe St",41.880958,-87.616743,1712,352,1360,2923
"St. Clair St & Erie St",41.8943451374,-87.6227983832,1712,352,1360,2923
"California Ave & Francis Pl",41.91855,-87.69723,1711,1337,374,2924
"Kedzie Ave & Milwaukee Ave",41.929567,-87.707857,1711,1337,374,2924
"University Library (NU)",42.052939,-87.673447,1708,1298,410,2925
"Chicago Ave & Washington St",42.032562,-87.679101,1708,1298,410,2925
"Lake Shore Dr & Ohio St",41.89257,-87.614492,1708,393,1315,2926
"Adler Planetarium",41.866095,-87.607267,1708,393,1315,2926
"Streeter Dr & Grand Ave",41.892278,-87.612043,1707,405,1302,2927
"Dearborn St & Adams St",41.8793563587,-87.6297910363,1707,405,1302,2927
"May St & Taylor St",41.8694821,-87.6554864,1707,1635,72,2928
"Ashland Ave & 13th St",41.865234,-87.666507,1707,1635,72,2928
"Clark St & Schiller St",41.907993,-87.631501,1707,1315,392,2929
"LaSalle St & Illinois St",41.890762,-87.631697,1707,1315,392,2929
"Clinton St & Washington Blvd",41.88338,-87.64117,1707,1560,147,2930
"Wood St & Milwaukee Ave",41.907655,-87.672552,1707,1560,147,2930
"State St & 33rd St",41.834734,-87.625813,1707,1534,173,2931
"State St & 35th St",41.831036314,-87.6267975569,1707,1534,173,2931
"Lake Shore Dr & Ohio St",41.89257,-87.614492,1706,1084,622,2932
"Lakeview Ave & Fullerton Pkwy",41.925858,-87.638973,1706,1084,622,2932
"Canal St & Adams St",41.879255,-87.639904,1705,1485,220,2933
"LaSalle St & Adams St",41.8793443735,-87.6319852213,1705,1485,220,2933
"Clark St & Grace St",41.95078,-87.659172,1705,1053,652,2934
"Clark St & Berwyn Ave",41.9780306225,-87.6685649157,1705,1053,652,2934
"Wells St & Elm St",41.903222,-87.634324,1705,1216,489,2935
"Franklin St & Illinois St",41.8910233103,-87.6354798675,1705,1216,489,2935
"Rhodes Ave & 32nd St",41.836208,-87.613533,1705,1646,59,2936
"State St & 35th St",41.831036314,-87.6267975569,1705,1646,59,2936
"Clark St & Randolph St",41.884576228,-87.63188991,1705,1274,431,2937
"Franklin St & Jackson Blvd",41.8777079559,-87.6353211408,1705,1274,431,2937
"Wabash Ave & 16th St",41.860384,-87.625813,1704,1217,487,2938
"Millennium Park",41.8810317,-87.62408432,1704,1217,487,2938
"Franklin St & Chicago Ave",41.89680204,-87.63563839,1704,1598,106,2939
"Clinton St & Lake St",41.88583274,-87.64138231,1704,1598,106,2939
"Wells St & Concord Ln",41.912133,-87.634656,1703,1249,454,2940
"Clark St & Wellington Ave",41.9364968219,-87.6475386582,1703,1249,454,2940
"Wells St & Institute Pl",41.8973798607,-87.6344203949,1703,1201,502,2941
"Wells St & Elm St",41.903222,-87.634324,1703,1201,502,2941
"State St & Kinzie St",41.88918,-87.6277,1703,1104,599,2942
"Lake Shore Dr & Ohio St",41.89257,-87.614492,1703,1104,599,2942
"LaSalle St & Jackson Blvd",41.87817,-87.631985,1702,1645,57,2943
"Clinton St & Lake St",41.88583274,-87.64138231,1702,1645,57,2943
"Theater on the Lake",41.926277,-87.630834,1701,954,747,2944
"Clark St & Drummond Pl",41.931248,-87.644336,1701,954,747,2944
"Larrabee St & North Ave",41.91021,-87.6435,1701,1275,426,2945
"Larrabee St & Webster Ave",41.921822,-87.64414,1701,1275,426,2945
"Larrabee St & Kingsbury St",41.897764,-87.642884,1701,1610,91,2946
"Halsted St & Blackhawk St",41.90854,-87.648568,1701,1610,91,2946
"Lake Park Ave & 56th St",41.793242,-87.587782,1701,1330,371,2947
"Shore Drive & 55th St",41.795212,-87.580715,1701,1330,371,2947
"Wilton Ave & Diversey Pkwy",41.932418,-87.652705,1699,1298,401,2948
"Wells St & Concord Ln",41.912133,-87.634656,1699,1298,401,2948
"Clinton St & Washington Blvd",41.88338,-87.64117,1699,1518,181,2949
"Michigan Ave & Jackson Blvd",41.87785,-87.62408,1699,1518,181,2949
"Michigan Ave & Oak St",41.90096039,-87.62377664,1697,415,1282,2950
"Sheffield Ave & Waveland Ave",41.949399,-87.654529,1697,415,1282,2950
"Racine Ave & Belmont Ave",41.939743,-87.658865,1697,1344,353,2951
"Sheffield Ave & Wrightwood Ave",41.928712,-87.653833,1697,1344,353,2951
"Wood St & Division St",41.90332,-87.67273,1697,1539,158,2952
"Wood St & Milwaukee Ave",41.907655,-87.672552,1697,1539,158,2952
"Orleans St & Merchandise Mart Plaza",41.888243,-87.63639,1696,1477,219,2953
"Franklin St & Chicago Ave",41.89679,-87.63564,1696,1477,219,2953
"Clark St & Wrightwood Ave",41.929546,-87.643118,1696,1264,432,2954
"Sheffield Ave & Wellington Ave",41.9362534831,-87.6526620984,1696,1264,432,2954
"McClurg Ct & Illinois St",41.89102,-87.6173,1696,1418,278,2955
"Franklin St & Lake St",41.885837,-87.6355,1696,1418,278,2955
"Streeter Dr & Grand Ave",41.892278,-87.612043,1696,596,1100,2956
"Clark St & Wrightwood Ave",41.929546,-87.643118,1696,596,1100,2956
"Kingsbury St & Kinzie St",41.8891768326,-87.6385057718,1695,1518,177,2957
"Aberdeen St & Jackson Blvd",41.87772613,-87.65478743,1695,1518,177,2957
"Broadway & Granville Ave",41.9947796884,-87.6602845349,1695,1355,340,2958
"Clark St & Elmdale Ave",41.9908604481,-87.66972363,1695,1355,340,2958
"Larrabee St & Webster Ave",41.921822,-87.64414,1694,1215,479,2959
"Lincoln Ave & Diversey Pkwy",41.932225,-87.658617,1694,1215,479,2959
"Lake Shore Dr & Ohio St",41.89257,-87.614492,1694,571,1123,2960
"Clark St & North Ave",41.911974,-87.631942,1694,571,1123,2960
"Franklin St & Chicago Ave",41.89680204,-87.63563839,1694,1522,172,2961
"Clark St & Elm St",41.903233,-87.631253,1694,1522,172,2961
"Canal St & Adams St",41.879255,-87.639904,1693,1529,164,2962
"LaSalle St & Jackson Blvd",41.878166,-87.631929,1693,1529,164,2962
"Kingsbury St & Kinzie St",41.8891768326,-87.6385057718,1693,1503,190,2963
"Michigan Ave & Lake St",41.886024,-87.624117,1693,1503,190,2963
"Wells St & Evergreen Ave",41.906724,-87.63483,1693,1540,153,2964
"Clybourn Ave & Division St",41.904613,-87.640552,1693,1540,153,2964
"Sangamon St & Washington Blvd",41.883004,-87.651148,1693,1649,44,2965
"Canal St & Madison St",41.882091,-87.639833,1693,1649,44,2965
"Dearborn St & Monroe St",41.881319815,-87.6295209193,1692,1404,288,2966
"Wells St & Polk St",41.8727315423,-87.6335164905,1692,1404,288,2966
"MLK Jr Dr & 29th St",41.842052,-87.617,1692,1636,56,2967
"Shields Ave & 31st St",41.838464,-87.635406,1692,1636,56,2967
"McClurg Ct & Erie St",41.894503,-87.617854,1691,1462,229,2968
"Kingsbury St & Kinzie St",41.8891768326,-87.6385057718,1691,1462,229,2968
"Ashland Ave & 13th St",41.865234,-87.666507,1691,1657,34,2969
"Loomis St & Lexington St",41.872187,-87.661501,1691,1657,34,2969
"LaSalle St & Jackson Blvd",41.878166,-87.631929,1691,1543,148,2970
"Kingsbury St & Erie St",41.8939139,-87.6417358,1691,1543,148,2970
"Lake Shore Dr & North Blvd",41.911722,-87.626804,1691,1088,603,2971
"Sheffield Ave & Willow St",41.913688,-87.652855,1691,1088,603,2971
"DuSable Lake Shore Dr & Belmont Ave",41.940775,-87.639192,1690,1056,634,2972
"DuSable Lake Shore Dr & Wellington Ave",41.9366884495,-87.6368290186,1690,1056,634,2972
"Calumet Ave & 21st St",41.8541842495,-87.6191537415,1690,704,986,2973
"Millennium Park",41.8810317,-87.62408432,1690,704,986,2973
"Green St & Madison St",41.881859328,-87.6492637396,1690,1294,396,2974
"Michigan Ave & Madison St",41.882134,-87.625125,1690,1294,396,2974
"Leavitt St & Armitage Ave",41.917805,-87.682437,1689,1589,100,2975
"Western Ave & Winnebago Ave",41.91552,-87.687022,1689,1589,100,2975
"Indiana Ave & 26th St",41.845687,-87.622481,1689,1517,172,2976
"MLK Jr Dr & 29th St",41.842052,-87.617,1689,1517,172,2976
"Michigan Ave & Oak St",41.90096039,-87.62377664,1689,859,830,2977
"Ritchie Ct & Banks St",41.906866,-87.626217,1689,859,830,2977
"Clark St & Chicago Ave",41.896544,-87.630931,1689,1420,269,2978
"Ogden Ave & Chicago Ave",41.896362458,-87.6540612729,1689,1420,269,2978
"Clark St & Grace St",41.95078,-87.659172,1688,773,915,2979
"Theater on the Lake",41.926277,-87.630834,1688,773,915,2979
"Glenwood Ave & Touhy Ave",42.012701,-87.666058,1688,626,1062,2980
"Greenview Ave & Jarvis Ave",42.015962,-87.66857,1688,626,1062,2980
"Lincoln Ave & Diversey Pkwy",41.932225,-87.658617,1687,1466,221,2981
"Wilton Ave & Belmont Ave",41.94018,-87.65304,1687,1466,221,2981
"Ellis Ave & 53rd St",41.7993362626,-87.6009581145,1687,1075,612,2982
"Shore Dr & 55th St",41.795212,-87.580715,1687,1075,612,2982
"Sheridan Rd & Montrose Ave",41.96167,-87.65464,1687,1436,251,2983
"Ravenswood Ave & Lawrence Ave",41.96909,-87.674237,1687,1436,251,2983
"Western Ave & Leland Ave",41.966555,-87.688487,1687,1521,166,2984
"Washtenaw Ave & Lawrence Ave",41.9687297,-87.6962603,1687,1521,166,2984
"Ogden Ave & Race Ave",41.891795,-87.658751,1686,1644,42,2985
"Canal St & Madison St",41.882091,-87.639833,1686,1644,42,2985
"Rush St & Superior St",41.8957647456,-87.6259080327,1686,1548,138,2986
"Clinton St & Lake St",41.885637,-87.641823,1686,1548,138,2986
"Michigan Ave & Pearson St",41.89766,-87.62351,1686,785,901,2987
"Clark St & Lincoln Ave",41.915689,-87.6346,1686,785,901,2987
"Canal St & Jackson Blvd",41.877988,-87.640769,1686,1618,68,2988
"Morgan St & Lake St",41.8854833079,-87.6523048564,1686,1618,68,2988
"Racine Ave & 15th St",41.861267,-87.656625,1685,1551,134,2989
"Morgan St & Polk St",41.871737,-87.65103,1685,1551,134,2989
"Dearborn St & Adams St",41.8793563587,-87.6297910363,1685,1600,85,2990
"Wells St & Polk St",41.872373,-87.633523,1685,1600,85,2990
"University Ave & 57th St",41.791478,-87.599861,1685,1423,262,2991
"University Ave & 59th St",41.787878,-87.598906,1685,1423,262,2991
"Orleans St & Merchandise Mart Plaza",41.888243,-87.63639,1685,1247,438,2992
"Wabash Ave & Wacker Pl",41.886875,-87.62603,1685,1247,438,2992
"Canal St & Adams St",41.879255,-87.639904,1684,1485,199,2993
"Ogden Ave & Race Ave",41.891795,-87.658751,1684,1485,199,2993
"Michigan Ave & Lake St",41.886024,-87.624117,1684,1430,254,2994
"Clark St & Armitage Ave",41.918306,-87.636282,1684,1430,254,2994
"Franklin St & Quincy St",41.878724,-87.634793,1684,1355,329,2995
"Michigan Ave & Madison St",41.882134,-87.625125,1684,1355,329,2995
"Rush St & Cedar St",41.9023087012,-87.627690528,1683,1215,468,2996
"McClurg Ct & Erie St",41.894503,-87.617854,1683,1215,468,2996
"Daley Center Plaza",41.884241,-87.629634,1683,1274,409,2997
"Wabash Ave & Grand Ave",41.891466,-87.626761,1683,1274,409,2997
"Humboldt Blvd & Armitage Ave",41.917513394,-87.7018089555,1682,1129,553,2998
"Marshfield Ave & Cortland St",41.916017,-87.668879,1682,1129,553,2998
"Kingsbury St & Kinzie St",41.8891768326,-87.6385057718,1681,1256,425,2999
"Aberdeen St & Randolph St",41.884114,-87.654264,1681,1256,425,2999
"DuSable Lake Shore Dr & Wellington Ave",41.9366884495,-87.6368290186,1681,560,1121,3000
"Streeter Dr & Grand Ave",41.892278,-87.612043,1681,560,1121,3000
"Lake Shore Dr & North Blvd",41.911722,-87.626804,1681,835,846,3001
"Clark St & Chicago Ave",41.896544,-87.630931,1681,835,846,3001
"Larrabee St & Menomonee St",41.91468,-87.64332,1680,1571,109,3002
"Bissell St & Armitage Ave",41.91844,-87.65222,1680,1571,109,3002
"Michigan Ave & Washington St",41.8838927658,-87.6246491409,1680,698,982,3003
"State St & Randolph St",41.8847302006,-87.6277335692,1680,698,982,3003
"Clinton St & Jackson Blvd",41.8783166118,-87.6409810781,1679,1535,144,3004
"St. Clair St & Erie St",41.8943451374,-87.6227983832,1679,1535,144,3004
"Southport Ave & Wellington Ave",41.935733,-87.663576,1679,1380,299,3005
"Lake Shore Dr & Wellington Ave",41.936669,-87.636794,1679,1380,299,3005
"LaSalle St & Jackson Blvd",41.87817,-87.631985,1678,1619,59,3006
"Clark St & Schiller St",41.907993,-87.631501,1678,1619,59,3006
"Greenview Ave & Diversey Pkwy",41.9325896343,-87.6659363508,1677,1419,258,3007
"Wilton Ave & Diversey Pkwy",41.932418,-87.652705,1677,1419,258,3007
"State St & Randolph St",41.8847302006,-87.6277335692,1677,1486,191,3008
"Desplaines St & Randolph St",41.883703,-87.644238,1677,1486,191,3008
"Clinton St & Madison St",41.8827519657,-87.6411902905,1676,1510,166,3009
"Sangamon St & Washington Blvd",41.883165,-87.6511,1676,1510,166,3009
"Paulina Ave & North Ave",41.9098546522,-87.66993016,1676,1390,286,3010
"Kingsbury St & Kinzie St",41.8891768326,-87.6385057718,1676,1390,286,3010
"LaSalle St & Illinois St",41.890749,-87.63206,1675,857,818,3011
"Michigan Ave & Pearson St",41.89766,-87.62351,1675,857,818,3011
"Sheffield Ave & Willow St",41.913688,-87.652855,1675,1481,194,3012
"Larrabee St & Kingsbury St",41.897764,-87.642884,1675,1481,194,3012
"Morgan St & Lake St",41.8854833079,-87.6523048564,1675,1597,78,3013
"LaSalle St & Washington St",41.882664,-87.63253,1675,1597,78,3013
"Shedd Aquarium",41.8672259568,-87.6153553902,1674,241,1433,3014
"Wabash Ave & Adams St",41.8794723523,-87.6256886059,1674,241,1433,3014
"Clinton St & Madison St",41.8827519657,-87.6411902905,1674,1504,170,3015
"Wells St & Evergreen Ave",41.906724,-87.63483,1674,1504,170,3015
"Marshfield Ave & Cortland St",41.916017,-87.668879,1674,1474,200,3016
"Halsted St & Dickens Ave",41.919936,-87.64883,1674,1474,200,3016
"Canal St & Taylor St",41.870257,-87.639474,1673,1380,293,3017
"Wells St & Polk St",41.8727315423,-87.6335164905,1673,1380,293,3017
"Clark St & Wellington Ave",41.9364968219,-87.6475386582,1673,1151,522,3018
"Sheffield Ave & Addison St",41.94688,-87.65445,1673,1151,522,3018
"Columbus Dr & Randolph St",41.884728,-87.619521,1673,1205,468,3019
"Michigan Ave & Washington St",41.8839840647,-87.6246839762,1673,1205,468,3019
"Sedgwick St & Webster Ave",41.922167,-87.638888,1672,1606,66,3020
"Franklin St & Monroe St",41.880317,-87.635185,1672,1606,66,3020
"Broadway & Belmont Ave",41.940106,-87.645451,1672,1302,370,3021
"Sheridan Rd & Montrose Ave",41.96167,-87.65464,1672,1302,370,3021
"Rockwell St & Eastwood Ave",41.9659001398,-87.6936384935,1672,1580,92,3022
"Washtenaw Ave & Lawrence Ave",41.9687297,-87.6962603,1672,1580,92,3022
"Franklin St & Quincy St",41.878724,-87.634793,1671,1605,66,3023
"Clinton St & Washington Blvd",41.88338,-87.64117,1671,1605,66,3023
"Michigan Ave & 14th St",41.864059,-87.623727,1671,1583,88,3024
"Daley Center Plaza",41.884241,-87.629634,1671,1583,88,3024
"Wood St & Taylor St",41.869154,-87.671045,1670,1604,66,3025
"Wabash Ave & Roosevelt Rd",41.867227,-87.625961,1670,1604,66,3025
"Kingsbury St & Erie St",41.8939139,-87.6417358,1670,1542,128,3026
"Clark St & Lake St",41.8860208277,-87.6308760584,1670,1542,128,3026
"State St & Harrison St",41.874053,-87.627716,1669,1560,109,3027
"Canal St & Harrison St",41.874337,-87.639566,1669,1560,109,3027
"Franklin St & Jackson Blvd",41.8777079559,-87.6353211408,1669,1357,312,3028
"Dearborn Pkwy & Delaware Pl",41.898969,-87.629912,1669,1357,312,3028
"Shedd Aquarium",41.8672259568,-87.6153553902,1669,170,1499,3029
"St. Clair St & Erie St",41.8943451374,-87.6227983832,1669,170,1499,3029
"Damen Ave & Pierce Ave",41.9093960065,-87.6776919292,1668,1595,73,3030
"Wolcott Ave & Polk St",41.871262,-87.673688,1668,1595,73,3030
"Cityfront Plaza Dr & Pioneer Ct",41.890573,-87.622072,1668,782,886,3031
"Michigan Ave & Pearson St",41.89766,-87.62351,1668,782,886,3031
"Kingsbury St & Kinzie St",41.8891768326,-87.6385057718,1667,1480,187,3032
"Clark St & Lake St",41.8860208277,-87.6308760584,1667,1480,187,3032
"Clybourn Ave & Division St",41.904613,-87.640552,1667,1559,108,3033
"Sheffield Ave & Kingsbury St",41.910522,-87.653106,1667,1559,108,3033
"Halsted St & Dickens Ave",41.919936,-87.64883,1667,1147,520,3034
"Halsted St & Roscoe St",41.94367,-87.64895,1667,1147,520,3034
"Clark St & Montrose Ave",41.961588,-87.666036,1666,839,827,3035
"Montrose Harbor",41.963982,-87.638181,1666,839,827,3035
"Wells St & Concord Ln",41.912133,-87.634656,1666,1277,389,3036
"Lincoln Ave & Diversey Pkwy",41.932225,-87.658617,1666,1277,389,3036
"Federal St & Polk St",41.8720776329,-87.6295437729,1665,961,704,3037
"Adler Planetarium",41.866095,-87.607267,1665,961,704,3037
"Lincoln Ave & Diversey Pkwy",41.932225,-87.658617,1665,1314,351,3038
"Southport Ave & Roscoe St",41.943739,-87.66402,1665,1314,351,3038
"Clark St & Schiller St",41.907993,-87.631501,1665,1505,160,3039
"Clark St & Randolph St",41.884576228,-87.63188991,1665,1505,160,3039
"Lake Shore Dr & Monroe St",41.880958,-87.616743,1665,330,1335,3040
"Mies van der Rohe Way & Chestnut St",41.8985866514,-87.6219152258,1665,330,1335,3040
"Morgan St & Lake St",41.8854833079,-87.6523048564,1665,1566,99,3041
"Clinton St & Lake St",41.88583274,-87.64138231,1665,1566,99,3041
"Michigan Ave & Washington St",41.8839840647,-87.6246839762,1664,354,1310,3042
"Millennium Park",41.8810317,-87.62408432,1664,354,1310,3042
"Wells St & Huron St",41.8947953,-87.6343743,1664,1346,318,3043
"Wabash Ave & Grand Ave",41.891466,-87.626761,1664,1346,318,3043
"Mies van der Rohe Way & Chicago Ave",41.89691,-87.621743,1664,1270,394,3044
"Lakeview Ave & Fullerton Pkwy",41.925858,-87.638973,1664,1270,394,3044
"Stockton Dr & Wrightwood Ave",41.93132,-87.638742,1664,1124,540,3045
"Clark St & Elm St",41.903233,-87.631253,1664,1124,540,3045
"Wentworth Ave & Archer Ave",41.854564,-87.631937,1663,629,1034,3046
"McCormick Place",41.8513751729,-87.6188346489,1663,629,1034,3046
"Morgan St & Lake St",41.8854833079,-87.6523048564,1663,1448,215,3047
"Franklin St & Lake St",41.885837,-87.6355,1663,1448,215,3047
"Dearborn St & Monroe St",41.881319815,-87.6295209193,1662,1544,118,3048
"Morgan St & Lake St",41.8854833079,-87.6523048564,1662,1544,118,3048
"Wells St & Huron St",41.8947953,-87.6343743,1662,1286,376,3049
"State St & Chicago Ave",41.8966172004,-87.6285785437,1662,1286,376,3049
"Larrabee St & Armitage Ave",41.918084,-87.643749,1662,1020,642,3050
"Michigan Ave & Oak St",41.90096039,-87.62377664,1662,1020,642,3050
"Wells St & Walton St",41.89993001,-87.63443007,1662,1512,150,3051
"Franklin St & Monroe St",41.880317,-87.635185,1662,1512,150,3051
"Wilton Ave & Belmont Ave",41.94018,-87.65304,1662,1170,492,3052
"Sheffield Ave & Addison St",41.94688,-87.65445,1662,1170,492,3052
"Dearborn St & Adams St",41.8793563587,-87.6297910363,1661,1234,427,3053
"State St & Randolph St",41.8847302006,-87.6277335692,1661,1234,427,3053
"Lincoln Ave & Melrose St",41.9406,-87.669435,1661,1258,403,3054
"Wilton Ave & Belmont Ave",41.9402319181,-87.6529437304,1661,1258,403,3054
"Dusable Harbor",41.886976,-87.612813,1661,609,1052,3055
"Lake Shore Dr & North Blvd",41.911722,-87.626804,1661,609,1052,3055
"Orleans St & Hubbard St",41.890028,-87.636618,1661,1574,87,3056
"Clinton St & Washington Blvd",41.88338,-87.64117,1661,1574,87,3056
"Larrabee St & Division St",41.90348607,-87.6433534936,1660,1346,314,3057
"Halsted St & Clybourn Ave",41.909668,-87.648128,1660,1346,314,3057
"Wabash Ave & Grand Ave",41.891738,-87.626937,1659,1336,323,3058
"Stetson Ave & South Water St",41.886835,-87.62232,1659,1336,323,3058
"Clark St & Armitage Ave",41.918306,-87.636282,1659,1092,567,3059
"Mies van der Rohe Way & Chicago Ave",41.89691,-87.621743,1659,1092,567,3059
"Halsted St & Diversey Pkwy",41.933341,-87.648747,1659,1573,86,3060
"Sheffield Ave & Fullerton Ave",41.9256018819,-87.6537080423,1659,1573,86,3060
"Kingsbury St & Kinzie St",41.8891768326,-87.6385057718,1658,1637,21,3061
"Wabash Ave & 16th St",41.860384,-87.625813,1658,1637,21,3061
"Larrabee St & Armitage Ave",41.918084,-87.643749,1658,1377,281,3062
"Clifton Ave & Armitage Ave",41.918216,-87.656936,1658,1377,281,3062
"Ashland Ave & 13th St",41.865234,-87.666507,1657,1470,187,3063
"Paulina St & 18th St",41.857901,-87.668745,1657,1470,187,3063
"Broadway & Berwyn Ave",41.978353,-87.659753,1657,1470,187,3064
"Broadway & Ridge Ave",41.9840446107,-87.6602738295,1657,1470,187,3064
"Larrabee St & Kingsbury St",41.897764,-87.642884,1657,1634,23,3065
"Franklin St & Quincy St",41.878724,-87.634793,1657,1634,23,3065
"State St & Kinzie St",41.88918,-87.6277,1657,1328,329,3066
"Clark St & Armitage Ave",41.918306,-87.636282,1657,1328,329,3066
"Wilton Ave & Diversey Pkwy",41.932418,-87.652705,1655,1455,200,3067
"Ashland Ave & Wrightwood Ave",41.92883,-87.668507,1655,1455,200,3067
"Wabash Ave & Grand Ave",41.891466,-87.626761,1655,845,810,3068
"Michigan Ave & Pearson St",41.89766,-87.62351,1655,845,810,3068
"Franklin St & Chicago Ave",41.89679,-87.63564,1655,1505,150,3069
"Wells St & Walton St",41.89993001,-87.63443007,1655,1505,150,3069
"Clark St & Chicago Ave",41.896544,-87.630931,1654,1393,261,3070
"Wells St & Evergreen Ave",41.906724,-87.63483,1654,1393,261,3070
"Wacker Dr & Washington St Corral",41.88316,-87.63736,1653,1581,72,3071
"Rush St & Hubbard St",41.890173,-87.626185,1653,1581,72,3071
"Wabash Ave & 16th St",41.860384,-87.625813,1653,1314,339,3072
"Michigan Ave & 18th St",41.857926,-87.624336,1653,1314,339,3072
"Wells St & Concord Ln",41.912133,-87.634656,1652,1412,240,3073
"Canal St & Adams St",41.879255,-87.639904,1652,1412,240,3073
"Clinton St & Madison St",41.8827519657,-87.6411902905,1652,1523,129,3074
"Ashland Ave & Grand Ave",41.891072,-87.666611,1652,1523,129,3074
"Sheffield Ave & Wrightwood Ave",41.928712,-87.653833,1651,1408,243,3075
"Southport Ave & Wellington Ave",41.935733,-87.663576,1651,1408,243,3075
"Cityfront Plaza Dr & Pioneer Ct",41.890573,-87.622072,1651,159,1492,3076
"Streeter Dr & Illinois St",41.891071,-87.6122,1651,159,1492,3076
"Clark St & Drummond Pl",41.931248,-87.644336,1650,1278,372,3077
"Sheffield Ave & Fullerton Ave",41.9256018819,-87.6537080423,1650,1278,372,3077
"Clark St & Elm St",41.903233,-87.631253,1650,1545,105,3078
"Orleans St & Elm St",41.902924,-87.637715,1650,1545,105,3078
"Fairbanks Ct & Grand Ave",41.89186,-87.62062,1649,1339,310,3079
"Dearborn Pkwy & Delaware Pl",41.898969,-87.629912,1649,1339,310,3079
"Sheffield Ave & Wellington Ave",41.9362534831,-87.6526620984,1649,937,712,3080
"DuSable Lake Shore Dr & Wellington Ave",41.9366884495,-87.6368290186,1649,937,712,3080
"Streeter Dr & Illinois St",41.891071,-87.6122,1647,135,1512,3081
"St Clair St & Erie St",41.894448,-87.622663,1647,135,1512,3081
"Wells St & Concord Ln",41.912133,-87.634656,1645,1440,205,3082
"Marshfield Ave & Cortland St",41.916017,-87.668879,1645,1440,205,3082
"Racine Ave & Wrightwood Ave",41.928887,-87.658971,1645,1000,645,3083
"Theater on the Lake",41.926277,-87.630834,1645,1000,645,3083
"Clinton St & Madison St",41.8827519657,-87.6411902905,1645,1372,273,3084
"Wabash Ave & Wacker Pl",41.886875,-87.62603,1645,1372,273,3084
"May St & Fulton St",41.886773,-87.656001,1645,1615,30,3085
"Clinton St & Madison St",41.8827519657,-87.6411902905,1645,1615,30,3085
"Franklin St & Lake St",41.885837,-87.6355,1644,1517,127,3086
"Orleans St & Elm St",41.902924,-87.637715,1644,1517,127,3086
"Broadway & Ridge Ave",41.9840446107,-87.6602738295,1643,1560,83,3087
"Ravenswood Ave & Lawrence Ave",41.96909,-87.674237,1643,1560,83,3087
"Damen Ave & Chicago Ave",41.895769,-87.67722,1643,1555,88,3088
"Wolcott Ave & Polk St",41.871262,-87.673688,1643,1555,88,3088
"Clarendon Ave & Junior Ter",41.961004,-87.649603,1641,861,780,3089
"Lakefront Trail & Bryn Mawr Ave",41.9840441152,-87.6522812247,1641,861,780,3089
"Clark St & Wrightwood Ave",41.929546,-87.643118,1640,1345,295,3090
"Clifton Ave & Armitage Ave",41.918216,-87.656936,1640,1345,295,3090
"Orleans St & Merchandise Mart Plaza",41.888243,-87.63639,1640,1287,353,3091
"Lake Shore Dr & North Blvd",41.911722,-87.626804,1640,1287,353,3091
"Canal St & Madison St",41.882091,-87.639833,1640,1534,106,3092
"Franklin St & Chicago Ave",41.89679,-87.63564,1640,1534,106,3092
"Halsted St & Dickens Ave",41.919936,-87.64883,1640,1142,498,3093
"Lakeview Ave & Fullerton Pkwy",41.925858,-87.638973,1640,1142,498,3093
"Halsted St & Blackhawk St",41.90854,-87.648568,1640,1570,70,3094
"Bissell St & Armitage Ave",41.91844,-87.65222,1640,1570,70,3094
"Wells St & Polk St",41.8727315423,-87.6335164905,1639,1387,252,3095
"Federal St & Polk St",41.8720776329,-87.6295437729,1639,1387,252,3095
"Ashland Ave & Blackhawk St",41.907066,-87.667252,1639,1393,246,3096
"Sheffield Ave & Kingsbury St",41.910522,-87.653106,1639,1393,246,3096
"Indiana Ave & Roosevelt Rd",41.867888,-87.623041,1639,1111,528,3097
"Delano Ct & Roosevelt Rd",41.867491,-87.63219,1639,1111,528,3097
"Wacker Dr & Washington St Corral",41.88316,-87.63736,1639,1615,24,3098
"Orleans St & Elm St",41.902924,-87.637715,1639,1615,24,3098
"Broadway & Belmont Ave",41.940106,-87.645451,1639,1184,455,3099
"Lakeview Ave & Fullerton Pkwy",41.925858,-87.638973,1639,1184,455,3099
"Clark St & Wrightwood Ave",41.929546,-87.643118,1639,1400,239,3100
"Bissell St & Armitage Ave",41.91844,-87.65222,1639,1400,239,3100
"Wells St & Concord Ln",41.912133,-87.634656,1638,1472,166,3101
"Clinton St & Madison St",41.8827519657,-87.6411902905,1638,1472,166,3101
"Clifton Ave & Armitage Ave",41.918216,-87.656936,1638,1374,264,3102
"Damen Ave & Cortland St",41.916027,-87.677411,1638,1374,264,3102
"Dearborn Pkwy & Delaware Pl",41.898969,-87.629912,1638,1258,380,3103
"Clark St & Wrightwood Ave",41.929546,-87.643118,1638,1258,380,3103
"Wells St & Hubbard St",41.889906,-87.634266,1638,1332,306,3104
"Wabash Ave & Grand Ave",41.891466,-87.626761,1638,1332,306,3104
"Clark St & Wrightwood Ave",41.929546,-87.643118,1638,1193,445,3105
"Wells St & Evergreen Ave",41.906724,-87.63483,1638,1193,445,3105
"Clinton St & Jackson Blvd",41.8783166118,-87.6409810781,1637,1363,274,3106
"Canal St & Taylor St",41.870257,-87.639474,1637,1363,274,3106
"Clinton St & Roosevelt Rd",41.8671177825,-87.6410879593,1637,1445,192,3107
"Halsted St & Roosevelt Rd",41.867324,-87.648625,1637,1445,192,3107
"Cannon Dr & Fullerton Ave",41.9267559875,-87.6344287848,1637,438,1199,3108
"Lake Shore Dr & Ohio St",41.89257,-87.614492,1637,438,1199,3108
"Wabash Ave & Adams St",41.8794723523,-87.6256886059,1636,447,1189,3109
"Millennium Park",41.8810317,-87.62408432,1636,447,1189,3109
"Wabash Ave & Grand Ave",41.891466,-87.626761,1636,1301,335,3110
"Milwaukee Ave & Grand Ave",41.891578,-87.648384,1636,1301,335,3110
"Broadway & Cornelia Ave",41.945529,-87.646439,1636,1213,423,3111
"Clark St & Drummond Pl",41.931248,-87.644336,1636,1213,423,3111
"Dearborn St & Adams St Corral",41.87939,-87.62988,1636,1215,421,3112
"Canal St & Madison St",41.882409,-87.639767,1636,1215,421,3112
"Hampden Ct & Diversey Pkwy",41.93262,-87.642385,1636,1463,173,3113
"Broadway & Barry Ave",41.937725,-87.644095,1636,1463,173,3113
"Sheffield Ave & Waveland Ave",41.949399,-87.654529,1635,1214,421,3114
"Wilton Ave & Belmont Ave",41.94018,-87.65304,1635,1214,421,3114
"Racine Ave & Belmont Ave",41.939743,-87.658865,1635,1392,243,3115
"Southport Ave & Belmont Ave",41.93949,-87.66378,1635,1392,243,3115
"Michigan Ave & Jackson Blvd",41.87785,-87.62408,1635,1186,449,3116
"State St & Kinzie St",41.88918,-87.6277,1635,1186,449,3116
"Indiana Ave & Roosevelt Rd",41.867888,-87.623041,1634,1014,620,3117
"Michigan Ave & Washington St",41.8839840647,-87.6246839762,1634,1014,620,3117
"Lake Shore Dr & Monroe St",41.880958,-87.616743,1634,394,1240,3118
"State St & Van Buren St",41.877181,-87.627844,1634,394,1240,3118
"Sangamon St & Lake St",41.8857792524,-87.6510246098,1633,1367,266,3119
"Clinton St & Washington Blvd",41.88338,-87.64117,1633,1367,266,3119
"Columbus Dr & Randolph St",41.884728,-87.619521,1633,1321,312,3120
"LaSalle St & Illinois St",41.890749,-87.63206,1633,1321,312,3120
"Clark St & Wellington Ave",41.9364968219,-87.6475386582,1632,1281,351,3121
"Sheridan Rd & Irving Park Rd",41.954245,-87.654406,1632,1281,351,3121
"Daley Center Plaza",41.884241,-87.629634,1632,1292,340,3122
"Rush St & Cedar St",41.9023087012,-87.627690528,1632,1292,340,3122
"Clinton St & Lake St",41.88583274,-87.64138231,1632,1598,34,3123
"May St & Fulton St",41.886773,-87.656001,1632,1598,34,3123
"Emerald Ave & 28th St",41.84358,-87.645368,1631,1434,197,3124
"Emerald Ave & 31st St",41.838198,-87.645143,1631,1434,197,3124
"Lake Shore Dr & Diversey Pkwy",41.932684,-87.63625,1631,1207,424,3125
"Pine Grove Ave & Waveland Ave",41.949275,-87.646303,1631,1207,424,3125
"Clark St & Randolph St",41.884576228,-87.63188991,1630,1321,309,3126
"State St & Kinzie St",41.88918,-87.6277,1630,1321,309,3126
"Broadway & Barry Ave",41.937725,-87.644095,1629,1278,351,3127
"Sheffield Ave & Waveland Ave",41.949399,-87.654529,1629,1278,351,3127
"Halsted St & Dickens Ave",41.919936,-87.64883,1629,1221,408,3128
"Sheffield Ave & Wrightwood Ave",41.928712,-87.653833,1629,1221,408,3128
"Loomis St & Lexington St",41.872187,-87.661501,1629,1545,84,3129
"Halsted St & Maxwell St",41.864883,-87.647071,1629,1545,84,3129
"Clark St & North Ave",41.911974,-87.631942,1629,923,706,3130
"Larrabee St & Webster Ave",41.921822,-87.64414,1629,923,706,3130
"Wells St & Evergreen Ave",41.906724,-87.63483,1629,1337,292,3131
"Bissell St & Armitage Ave",41.91844,-87.65222,1629,1337,292,3131
"State St & Van Buren St",41.877181,-87.627844,1628,1362,266,3132
"Wabash Ave & 9th St",41.870769,-87.625734,1628,1362,266,3132
"Lakefront Trail & Bryn Mawr Ave",41.9840441152,-87.6522812247,1627,1188,439,3133
"Glenwood Ave & Morse Ave",42.0079719229,-87.6655023944,1627,1188,439,3133
"Greenview Ave & Jarvis Ave",42.015962,-87.66857,1627,1337,290,3134
"Clark St & Lunt Ave",42.0090111806,-87.6741117239,1627,1337,290,3134
"900 W Harrison St",41.874754,-87.649807,1627,1497,130,3135
"Morgan St & 18th St",41.858086,-87.651073,1627,1497,130,3135
"Wells St & Evergreen Ave",41.906724,-87.63483,1627,1330,297,3136
"Franklin St & Chicago Ave",41.89679,-87.63564,1627,1330,297,3136
"Western Ave & Roscoe St",41.943034,-87.687288,1626,1620,6,3137
"Rockwell St & Eastwood Ave",41.9659001398,-87.6936384935,1626,1620,6,3137
"Franklin St & Jackson Blvd",41.8777079559,-87.6353211408,1626,1534,92,3138
"Larrabee St & Kingsbury St",41.897764,-87.642884,1626,1534,92,3138
"State St & Van Buren St",41.877181,-87.627844,1626,1421,205,3139
"Peoria St & Jackson Blvd",41.877749,-87.649633,1626,1421,205,3139
"Shedd Aquarium",41.8672259568,-87.6153553902,1626,327,1299,3140
"Michigan Ave & Madison St",41.882134,-87.625125,1626,327,1299,3140
"900 W Harrison St",41.874754,-87.649807,1625,1352,273,3141
"Peoria St & Jackson Blvd",41.8776415963,-87.6496177912,1625,1352,273,3141
"Loomis St & Lexington St",41.8722287322,-87.661363855,1624,1284,340,3142
"Peoria St & Jackson Blvd",41.8776415963,-87.6496177912,1624,1284,340,3142
"Clark St & Armitage Ave",41.918306,-87.636282,1624,929,695,3143
"Lake Shore Dr & Belmont Ave",41.940775,-87.639192,1624,929,695,3143
"Ravenswood Ave & Lawrence Ave",41.96909,-87.674237,1624,1489,135,3144
"Broadway & Berwyn Ave",41.978353,-87.659753,1624,1489,135,3144
"Clinton St & Lake St",41.885637,-87.641823,1623,1515,108,3145
"Michigan Ave & Washington St",41.8838927658,-87.6246491409,1623,1515,108,3145
"Kingsbury St & Kinzie St",41.8891768326,-87.6385057718,1622,1300,322,3146
"Morgan St & Lake St*",41.8854917063,-87.6522892714,1622,1300,322,3146
"Daley Center Plaza",41.884241,-87.629634,1622,1423,199,3147
"Rush St & Superior St",41.8957647456,-87.6259080327,1622,1423,199,3147
"Blue Island Ave & 18th St",41.857556,-87.661535,1621,1484,137,3148
"Halsted St & Roosevelt Rd",41.867324,-87.648625,1621,1484,137,3148
"Theater on the Lake",41.926277,-87.630834,1621,792,829,3149
"Sheffield Ave & Wellington Ave",41.936253,-87.653566,1621,792,829,3149
"Fort Dearborn Dr & 31st St",41.838556,-87.608218,1620,401,1219,3150
"Streeter Dr & Grand Ave",41.892278,-87.612043,1620,401,1219,3150
"Wells St & Concord Ln",41.912133,-87.634656,1620,1293,327,3151
"Sedgwick St & Huron St",41.894666,-87.638437,1620,1293,327,3151
"Rush St & Superior St",41.8957647456,-87.6259080327,1620,785,835,3152
"Lake Shore Dr & North Blvd",41.911722,-87.626804,1620,785,835,3152
"Clark St & Lincoln Ave",41.915689,-87.6346,1620,1345,275,3153
"Halsted St & Willow St",41.913778,-87.64884,1620,1345,275,3153
"Clark St & Wrightwood Ave",41.929546,-87.643118,1620,1517,103,3154
"Larrabee St & Kingsbury St",41.897764,-87.642884,1620,1517,103,3154
"Wabash Ave & Roosevelt Rd",41.867227,-87.625961,1619,1348,271,3155
"Dearborn St & Van Buren St",41.876268,-87.629155,1619,1348,271,3155
"Streeter Dr & Grand Ave",41.892278,-87.612043,1619,295,1324,3156
"State St & Van Buren St",41.877181,-87.627844,1619,295,1324,3156
"Wells St & Evergreen Ave",41.906724,-87.63483,1619,1148,471,3157
"LaSalle St & Illinois St",41.890762,-87.631697,1619,1148,471,3157
"LaSalle St & Illinois St",41.890749,-87.63206,1619,638,981,3158
"Lake Shore Dr & North Blvd",41.911722,-87.626804,1619,638,981,3158
"Dearborn Pkwy & Delaware Pl",41.898969,-87.629912,1618,1244,374,3159
"Wabash Ave & Grand Ave",41.891738,-87.626937,1618,1244,374,3159
"Greenview Ave & Fullerton Ave",41.92533,-87.6658,1618,1301,317,3160
"Clark St & Wrightwood Ave",41.929546,-87.643118,1618,1301,317,3160
"Franklin St & Jackson Blvd",41.8777079559,-87.6353211408,1618,853,765,3161
"LaSalle St & Illinois St",41.890749,-87.63206,1618,853,765,3161
"Emerald Ave & 31st St",41.838198,-87.645143,1617,1434,183,3162
"Halsted St & 35th St",41.830661,-87.647172,1617,1434,183,3162
"Clark St & Winnemac Ave",41.9733476405,-87.6678554714,1617,904,713,3163
"Clark St & Grace St",41.95078,-87.659172,1617,904,713,3163
"Orleans St & Merchandise Mart Plaza",41.888243,-87.63639,1617,1375,242,3164
"Milwaukee Ave & Grand Ave",41.891578,-87.648384,1617,1375,242,3164
"Fairbanks Ct & Grand Ave",41.89186,-87.62062,1617,1279,338,3165
"Rush St & Superior St",41.8957647456,-87.6259080327,1617,1279,338,3165
"Leavitt St & Division St",41.902997,-87.683825,1617,1259,358,3166
"Damen Ave & Pierce Ave",41.9093960065,-87.6776919292,1617,1259,358,3166
"Fairbanks Ct & Grand Ave",41.89186,-87.62062,1615,1230,385,3167
"Rush St & Cedar St",41.9023087012,-87.627690528,1615,1230,385,3167
"Damen Ave & Chicago Ave",41.895769,-87.67722,1615,1476,139,3168
"Ashland Ave & Lake St",41.88541,-87.66732,1615,1476,139,3168
"Loomis St & Lexington St",41.872187,-87.661501,1615,1579,36,3169
"Wood St & Taylor St",41.869154,-87.671045,1615,1579,36,3169
"Clarendon Ave & Gordon Ter",41.957879,-87.649519,1614,1355,259,3170
"Halsted St & Roscoe St",41.94367,-87.64895,1614,1355,259,3170
"Sheridan Rd & Buena Ave",41.958494,-87.654966,1613,1498,115,3171
"Broadway & Wilson Ave",41.965221,-87.658139,1613,1498,115,3171
"Clark St & Lake St",41.8860208277,-87.6308760584,1613,1389,224,3172
"Green St & Madison St",41.881859328,-87.6492637396,1613,1389,224,3172
"DuSable Lake Shore Dr & North Blvd",41.911722,-87.626804,1613,720,893,3173
"Clark St & Armitage Ave",41.918306,-87.636282,1613,720,893,3173
"Ashland Ave & Division St",41.90345,-87.667747,1612,1354,258,3174
"California Ave & Cortez St",41.900363,-87.696704,1612,1354,258,3174
"Southport Ave & Wrightwood Ave",41.928773,-87.663913,1612,1257,355,3175
"Sheffield Ave & Webster Ave",41.92154,-87.653818,1612,1257,355,3175
"Daley Center Plaza",41.884241,-87.629634,1612,1443,169,3176
"Orleans St & Merchandise Mart Plaza",41.888243,-87.63639,1612,1443,169,3176
"Franklin St & Quincy St",41.878724,-87.634793,1612,1287,325,3177
"State St & Kinzie St",41.88918,-87.6277,1612,1287,325,3177
"Ravenswood Ave & Montrose Ave",41.961615,-87.674365,1612,1501,111,3178
"Lincoln Ave & Leavitt St",41.962391,-87.684146,1612,1501,111,3178
"Clark St & Chicago Ave",41.896544,-87.630931,1611,1404,207,3179
"Wells St & Concord Ln",41.912133,-87.634656,1611,1404,207,3179
"Damen Ave & Pierce Ave",41.9093960065,-87.6776919292,1611,852,759,3180
"Humboldt Blvd & Armitage Ave",41.917513394,-87.7018089555,1611,852,759,3180
"Clark St & Elm St",41.903233,-87.631253,1611,1169,442,3181
"Wabash Ave & Wacker Pl",41.886875,-87.62603,1611,1169,442,3181
"Leavitt St & Division St",41.902997,-87.683825,1611,1226,385,3182
"Ashland Ave & Division St",41.90345,-87.667747,1611,1226,385,3182
"Canal St & Adams St",41.879255,-87.639904,1610,1417,193,3183
"Michigan Ave & 14th St",41.864059,-87.623727,1610,1417,193,3183
"Broadway & Thorndale Ave",41.9897425114,-87.6601406209,1610,1073,537,3184
"Clark St & Winnemac Ave",41.9733476405,-87.6678554714,1610,1073,537,3184
"Dearborn Pkwy & Delaware Pl",41.899007,-87.629928,1610,1235,375,3185
"State St & Chicago Ave",41.8966172004,-87.6285785437,1610,1235,375,3185
"Damen Ave & Chicago Ave",41.895769,-87.67722,1610,1391,219,3186
"Damen Ave & Thomas St (Augusta Blvd)",41.901315,-87.677409,1610,1391,219,3186
"Clarendon Ave & Gordon Ter",41.9578665242,-87.6495051384,1609,1360,249,3187
"Sheridan Rd & Montrose Ave",41.96167,-87.65464,1609,1360,249,3187
"Wilton Ave & Diversey Pkwy",41.932418,-87.652705,1609,1402,207,3188
"Sheffield Ave & Wrightwood Ave",41.928712,-87.653833,1609,1402,207,3188
"Franklin St & Lake St",41.885837,-87.6355,1609,1323,286,3189
"St. Clair St & Erie St",41.8943451374,-87.6227983832,1609,1323,286,3189
"Kingsbury St & Erie St",41.8939139,-87.6417358,1609,1481,128,3190
"Morgan St & Lake St",41.8854833079,-87.6523048564,1609,1481,128,3190
"Larrabee St & Kingsbury St",41.897764,-87.642884,1609,1414,195,3191
"State St & Kinzie St",41.88918,-87.6277,1609,1414,195,3191
"Clark St & Armitage Ave",41.918306,-87.636282,1609,1310,299,3192
"Sheffield Ave & Kingsbury St",41.910522,-87.653106,1609,1310,299,3192
"Mies van der Rohe Way & Chestnut St",41.8985866514,-87.6219152258,1609,883,726,3193
"Michigan Ave & Lake St",41.886024,-87.624117,1609,883,726,3193
"Shedd Aquarium",41.8672259568,-87.6153553902,1609,622,987,3194
"Calumet Ave & 18th St",41.857611,-87.619407,1609,622,987,3194
"Daley Center Plaza",41.884241,-87.629634,1608,1475,133,3195
"Rush St & Hubbard St",41.890173,-87.626185,1608,1475,133,3195
"Green St & Madison St",41.881859328,-87.6492637396,1608,1349,259,3196
"Aberdeen St & Randolph St",41.884114,-87.654264,1608,1349,259,3196
"Broadway & Granville Ave",41.9947796884,-87.6602845349,1608,748,860,3197
"Montrose Harbor",41.963982,-87.638181,1608,748,860,3197
"Michigan Ave & Jackson Blvd",41.87785,-87.62408,1608,976,632,3198
"Lake Shore Dr & Ohio St",41.89257,-87.614492,1608,976,632,3198
"Marshfield Ave & Cortland St",41.916017,-87.668879,1608,1021,587,3199
"Lake Shore Dr & North Blvd",41.911722,-87.626804,1608,1021,587,3199
"Clinton St & Tilden St",41.875885,-87.640795,1607,1537,70,3200
"Canal St & Madison St",41.882091,-87.639833,1607,1537,70,3200
"Wilton Ave & Belmont Ave",41.9402319181,-87.6529437304,1607,1268,339,3201
"Racine Ave & Belmont Ave",41.939743,-87.658865,1607,1268,339,3201
"Michigan Ave & Jackson Blvd",41.87785,-87.62408,1607,1268,339,3202
"Field Blvd & South Water St",41.8863490627,-87.6175165471,1607,1268,339,3202
"Montrose Harbor",41.963982,-87.638181,1607,838,769,3203
"Broadway & Barry Ave",41.937725,-87.644095,1607,838,769,3203
"Franklin St & Monroe St",41.880317,-87.635185,1607,1403,204,3204
"Clark St & Randolph St",41.884576228,-87.63188991,1607,1403,204,3204
"Desplaines St & Jackson Blvd",41.8781189009,-87.6439476013,1606,1531,75,3205
"Morgan St & Lake St",41.8854833079,-87.6523048564,1606,1531,75,3205
"Hermitage Ave & Polk St",41.871514,-87.669886,1606,1454,152,3206
"Loomis St & Lexington St",41.8722287322,-87.661363855,1606,1454,152,3206
"Franklin St & Quincy St",41.878724,-87.634793,1606,1445,161,3207
"Stetson Ave & South Water St",41.886835,-87.62232,1606,1445,161,3207
"Canal St & Adams St",41.879255,-87.639904,1605,1484,121,3208
"Ogden Ave & Chicago Ave",41.896362458,-87.6540612729,1605,1484,121,3208
"Orleans St & Merchandise Mart Plaza",41.888243,-87.63639,1604,1399,205,3209
"Lake Shore Dr & Ohio St",41.89257,-87.614492,1604,1399,205,3209
"Sheffield Ave & Wellington Ave",41.936253,-87.653566,1604,1201,403,3210
"Lake Shore Dr & Wellington Ave",41.936669,-87.636794,1604,1201,403,3210
"Emerald Ave & 31st St",41.838198,-87.645143,1603,1437,166,3211
"Morgan St & 31st St",41.8378,-87.65114,1603,1437,166,3211
"Orleans St & Merchandise Mart Plaza",41.888243,-87.63639,1603,1312,291,3212
"Green St & Randolph St*",41.8836016573,-87.6486267149,1603,1312,291,3212
"Morgan St & 31st St",41.8378,-87.65114,1602,1453,149,3213
"State St & 33rd St",41.834734,-87.625813,1602,1453,149,3213
"Michigan Ave & Washington St",41.8838927658,-87.6246491409,1602,546,1056,3214
"Mies van der Rohe Way & Chicago Ave",41.89691,-87.621743,1602,546,1056,3214
"Wolcott Ave & Polk St",41.871262,-87.673688,1601,1583,18,3215
"Jefferson St & Monroe St",41.880422,-87.642746,1601,1583,18,3215
"Cornell Ave & Hyde Park Blvd",41.802406,-87.586924,1601,1245,356,3216
"Ellis Ave & 53rd St",41.7993362626,-87.6009581145,1601,1245,356,3216
"Marshfield Ave & Cortland St",41.916017,-87.668879,1601,1348,253,3217
"California Ave & Francis Pl",41.91855,-87.69723,1601,1348,253,3217
"Sheffield Ave & Waveland Ave",41.949399,-87.654529,1600,1260,340,3218
"Sheffield Ave & Fullerton Ave",41.9256018819,-87.6537080423,1600,1260,340,3218
"Lake Shore Dr & Ohio St",41.89257,-87.614492,1600,615,985,3219
"Clark St & Armitage Ave",41.918306,-87.636282,1600,615,985,3219
"Stetson Ave & South Water St",41.886835,-87.62232,1599,1255,344,3220
"Wabash Ave & Adams St",41.8794723523,-87.6256886059,1599,1255,344,3220
"Normal Ave & Archer Ave",41.849527,-87.640591,1599,1453,146,3221
"Halsted St & Archer Ave",41.847203,-87.646795,1599,1453,146,3221
"Lake Shore Dr & Belmont Ave",41.940775,-87.639192,1599,1343,256,3222
"Broadway & Waveland Ave",41.949074,-87.648636,1599,1343,256,3222
"Jefferson St & Monroe St",41.880422,-87.642746,1599,1523,76,3223
"LaSalle St & Jackson Blvd",41.87817,-87.631985,1599,1523,76,3223
"Clark St & Winnemac Ave",41.9733476405,-87.6678554714,1598,1322,276,3224
"Clark St & Berwyn Ave",41.9780306225,-87.6685649157,1598,1322,276,3224
"Dayton St & North Ave",41.9105780349,-87.6494219288,1598,1138,460,3225
"Paulina Ave & North Ave",41.9098546522,-87.66993016,1598,1138,460,3225
"Wabash Ave & Grand Ave",41.891466,-87.626761,1598,1255,343,3226
"Clark St & Schiller St",41.907993,-87.631501,1598,1255,343,3226
"Theater on the Lake",41.926277,-87.630834,1598,1020,578,3227
"Broadway & Granville Ave",41.9947796884,-87.6602845349,1598,1020,578,3227
"Clinton St & Madison St",41.8827519657,-87.6411902905,1598,1384,214,3228
"Elizabeth St & Randolph St",41.884336,-87.658902,1598,1384,214,3228
"Southport Ave & Roscoe St",41.943739,-87.66402,1597,1127,470,3229
"Wilton Ave & Belmont Ave",41.9402319181,-87.6529437304,1597,1127,470,3229
"Halsted St & Wrightwood Ave",41.929143,-87.649077,1597,1191,406,3230
"Greenview Ave & Fullerton Ave",41.92533,-87.6658,1597,1191,406,3230
"DuSable Lake Shore Dr & North Blvd",41.911722,-87.626804,1597,671,926,3231
"Lakeview Ave & Fullerton Pkwy",41.925858,-87.638973,1597,671,926,3231
"Sheffield Ave & Waveland Ave",41.949399,-87.654529,1596,977,619,3232
"Clark St & Wrightwood Ave",41.929546,-87.643118,1596,977,619,3232
"Lake Park Ave & 56th St",41.793242,-87.587782,1596,1147,449,3233
"Woodlawn Ave & 58th St",41.789381,-87.596479,1596,1147,449,3233
"Streeter Dr & Illinois St",41.891071,-87.6122,1596,115,1481,3234
"Buckingham Fountain",41.876368,-87.6205586,1596,115,1481,3234
"Columbus Dr & Randolph St",41.884728,-87.619521,1595,1107,488,3235
"State St & Kinzie St",41.88918,-87.6277,1595,1107,488,3235
"Michigan Ave & Madison St",41.882134,-87.625125,1595,208,1387,3236
"Streeter Dr & Illinois St",41.891071,-87.6122,1595,208,1387,3236
"Bissell St & Armitage Ave",41.91844,-87.65222,1595,1447,148,3237
"Racine Ave & Fullerton Ave",41.92556258,-87.65840426,1595,1447,148,3237
"Kingsbury St & Kinzie St",41.8891768326,-87.6385057718,1594,1424,170,3238
"Wabash Ave & Grand Ave",41.891738,-87.626937,1594,1424,170,3238
"Ogden Ave & Chicago Ave",41.896362458,-87.6540612729,1594,1366,228,3239
"State St & Pearson St",41.897448,-87.628722,1594,1366,228,3239
"Clinton St & Washington Blvd",41.88338,-87.64117,1594,1520,74,3240
"Clark St & Chicago Ave",41.896544,-87.630931,1594,1520,74,3240
"Canal St & Madison St",41.882091,-87.639833,1594,769,825,3241
"Streeter Dr & Grand Ave",41.892278,-87.612043,1594,769,825,3241
"Halsted St & Clybourn Ave",41.909668,-87.648128,1593,1333,260,3242
"Clybourn Ave & Division St",41.904613,-87.640552,1593,1333,260,3242
"McCormick Place",41.8513751729,-87.6188346489,1592,631,961,3243
"Michigan Ave & 18th St",41.857926,-87.624336,1592,631,961,3243
"Wells St & Elm St",41.903222,-87.634324,1592,1246,346,3244
"Sedgwick St & North Ave",41.910983,-87.638525,1592,1246,346,3244
"Dearborn St & Adams St",41.8793563587,-87.6297910363,1591,1357,234,3245
"Wabash Ave & 9th St",41.870769,-87.625734,1591,1357,234,3245
"Canal St & Adams St",41.879255,-87.639904,1591,1492,99,3246
"Wells St & Polk St",41.872373,-87.633523,1591,1492,99,3246
"Cityfront Plaza Dr & Pioneer Ct",41.890573,-87.622072,1591,1456,135,3247
"Desplaines St & Kinzie St",41.888716036,-87.6444478533,1591,1456,135,3247
"Michigan Ave & Washington St",41.8838927658,-87.6246491409,1590,1477,113,3248
"Federal St & Polk St",41.8720776329,-87.6295437729,1590,1477,113,3248
"Larrabee St & Webster Ave",41.921822,-87.64414,1590,1284,306,3249
"Sheffield Ave & Kingsbury St",41.910522,-87.653106,1590,1284,306,3249
"Kingsbury St & Kinzie St",41.8891768326,-87.6385057718,1589,1289,300,3250
"Clark St & Lincoln Ave",41.915689,-87.6346,1589,1289,300,3250
"Wells St & Hubbard St",41.889906,-87.634266,1589,1331,258,3251
"Dearborn St & Erie St",41.893992,-87.629318,1589,1331,258,3251
"Daley Center Plaza",41.884451,-87.629892,1589,1319,270,3252
"McClurg Ct & Illinois St",41.89102,-87.6173,1589,1319,270,3252
"Elizabeth St & Randolph St",41.884336,-87.658902,1588,1290,298,3253
"Aberdeen St & Randolph St",41.884114,-87.654264,1588,1290,298,3253
"Halsted St & Wrightwood Ave",41.929143,-87.649077,1588,1242,346,3254
"Stockton Dr & Wrightwood Ave",41.93132,-87.638742,1588,1242,346,3254
"Rush St & Hubbard St",41.890173,-87.626185,1587,1340,247,3255
"Orleans St & Merchandise Mart Plaza",41.888243,-87.63639,1587,1340,247,3255
"Racine Ave & Wrightwood Ave",41.928887,-87.658971,1586,1225,361,3256
"Clark St & Lincoln Ave",41.915689,-87.6346,1586,1225,361,3256
"Wells St & Evergreen Ave",41.906724,-87.63483,1586,1535,51,3257
"Wacker Dr & Washington St Corral",41.88316,-87.63736,1586,1535,51,3257
"Normal Ave & Archer Ave",41.849527,-87.640591,1584,1445,139,3258
"Wentworth Ave & Archer Ave",41.854564,-87.631937,1584,1445,139,3258
"Lake Shore Dr & Wellington Ave",41.936669,-87.636794,1584,1231,353,3259
"Pine Grove Ave & Waveland Ave",41.949275,-87.646303,1584,1231,353,3259
"Paulina St & 18th St",41.857901,-87.668745,1583,1558,25,3260
"Wood St & Taylor St",41.869154,-87.671045,1583,1558,25,3260
"Larrabee St & Kingsbury St",41.897764,-87.642884,1583,1484,99,3261
"Michigan Ave & Washington St",41.8838927658,-87.6246491409,1583,1484,99,3261
"Halsted St & Roscoe St",41.94367,-87.64895,1583,1104,479,3262
"Lake Shore Dr & Belmont Ave",41.940775,-87.639192,1583,1104,479,3262
"Fairbanks Ct & Grand Ave",41.89186,-87.62062,1583,1461,122,3263
"Clark St & Congress Pkwy",41.8759326655,-87.6305845355,1583,1461,122,3263
"Lincoln Ave & Sunnyside Ave",41.963004,-87.684781,1582,1462,120,3264
"Ravenswood Ave & Lawrence Ave",41.96909,-87.674237,1582,1462,120,3264
"LaSalle St & Washington St",41.882664,-87.63253,1581,814,767,3265
"Millennium Park",41.8810317,-87.62408432,1581,814,767,3265
"LaSalle St & Jackson Blvd",41.87817,-87.631985,1581,1564,17,3266
"Larrabee St & Kingsbury St",41.897764,-87.642884,1581,1564,17,3266
"Mies van der Rohe Way & Chicago Ave",41.89691,-87.621743,1581,1370,211,3267
"Canal St & Madison St",41.882091,-87.639833,1581,1370,211,3267
"Clinton St & Washington Blvd",41.88338,-87.64117,1580,1470,110,3268
"Aberdeen St & Monroe St",41.880419,-87.655519,1580,1470,110,3268
"Clarendon Ave & Leland Ave",41.967968,-87.650001,1580,821,759,3269
"Lakefront Trail & Bryn Mawr Ave",41.9840441152,-87.6522812247,1580,821,759,3269
"Wabash Ave & 16th St",41.860384,-87.625813,1580,1359,221,3270
"State St & Harrison St",41.874053,-87.627716,1580,1359,221,3270
"Cottage Grove Ave & 43rd St",41.816499,-87.606582,1580,1392,188,3271
"Prairie Ave & 43rd St",41.816658893,-87.6194124619,1580,1392,188,3271
"Mies van der Rohe Way & Chicago Ave",41.89691,-87.621743,1580,1350,230,3272
"Rush St & Cedar St",41.9023087012,-87.627690528,1580,1350,230,3272
"State St & Kinzie St",41.88918,-87.6277,1580,956,624,3273
"Michigan Ave & Lake St",41.886024,-87.624117,1580,956,624,3273
"Clark St & 9th St (AMLI)",41.870816,-87.631246,1579,1331,248,3274
"Federal St & Polk St",41.8720776329,-87.6295437729,1579,1331,248,3274
"Loomis St & Lexington St",41.872187,-87.661501,1579,1524,55,3275
"Clinton St & Madison St",41.8827519657,-87.6411902905,1579,1524,55,3275
"Mies van der Rohe Way & Chestnut St",41.8985866514,-87.6219152258,1579,1378,201,3276
"Daley Center Plaza",41.884241,-87.629634,1579,1378,201,3276
"Damen Ave & Leland Ave",41.967094,-87.679028,1579,1428,151,3277
"Lincoln Ave & Belle Plaine Ave",41.955927,-87.679259,1579,1428,151,3277
"Desplaines St & Jackson Blvd",41.8781189009,-87.6439476013,1578,1520,58,3278
"Peoria St & Jackson Blvd",41.877749,-87.649633,1578,1520,58,3278
"McClurg Ct & Illinois St",41.89102,-87.6173,1578,632,946,3279
"Clark St & Lincoln Ave",41.915689,-87.6346,1578,632,946,3279
"Michigan Ave & Madison St",41.882134,-87.625125,1578,1299,279,3280
"LaSalle St & Washington St",41.882664,-87.63253,1578,1299,279,3280
"Halsted St & Waveland Ave",41.949375,-87.649626,1577,1132,445,3281
"Sheridan Rd & Montrose Ave",41.96167,-87.65464,1577,1132,445,3281
"Lincoln Ave & Roscoe St",41.94334,-87.67097,1577,1362,215,3282
"Southport Ave & Wellington Ave",41.935733,-87.663576,1577,1362,215,3282
"Clinton St & Jackson Blvd",41.8783166118,-87.6409810781,1576,1417,159,3283
"Columbus Dr & Randolph St",41.884728,-87.619521,1576,1417,159,3283
"Dearborn St & Adams St",41.8793563587,-87.6297910363,1576,514,1062,3284
"Lake Shore Dr & Monroe St",41.880958,-87.616743,1576,514,1062,3284
"Dayton St & North Ave",41.9105780349,-87.6494219288,1576,1461,115,3285
"Sheffield Ave & Kingsbury St",41.90959193,-87.65349723,1576,1461,115,3285
"Ravenswood Ave & Lawrence Ave",41.96909,-87.674237,1576,1397,179,3286
"Clarendon Ave & Leland Ave",41.967968,-87.650001,1576,1397,179,3286
"Desplaines St & Randolph St",41.883703,-87.644238,1576,1402,174,3287
"Franklin St & Jackson Blvd",41.8777079559,-87.6353211408,1576,1402,174,3287
"Oakley Ave & Irving Park Rd",41.9543408522,-87.6860796243,1576,1463,113,3288
"Ravenswood Ave & Irving Park Rd",41.95469,-87.67393,1576,1463,113,3288
"State St & Pearson St",41.897448,-87.628722,1576,1216,360,3289
"State St & Kinzie St",41.88918,-87.6277,1576,1216,360,3289
"Damen Ave & Division St",41.90331,-87.67695,1576,1405,171,3290
"Marshfield Ave & Cortland St",41.916017,-87.668879,1576,1405,171,3290
"Dearborn St & Adams St",41.8793563587,-87.6297910363,1575,1070,505,3291
"Wabash Ave & Grand Ave",41.891738,-87.626937,1575,1070,505,3291
"Dearborn St & Monroe St",41.881319815,-87.6295209193,1575,1199,376,3292
"Cityfront Plaza Dr & Pioneer Ct",41.890573,-87.622072,1575,1199,376,3292
"Larrabee St & Oak St",41.9002194932,-87.6429854676,1575,1480,95,3293
"Orleans St & Merchandise Mart Plaza",41.888243,-87.63639,1575,1480,95,3293
"Streeter Dr & Illinois St",41.891071,-87.6122,1575,432,1143,3294
"Lake Shore Dr & Diversey Pkwy",41.932684,-87.63625,1575,432,1143,3294
"Sheridan Rd & Irving Park Rd",41.954245,-87.654406,1573,1176,397,3295
"Halsted St & Waveland Ave",41.949375,-87.649626,1573,1176,397,3295
"Clinton St & Polk St",41.8714665178,-87.6409491327,1573,1412,161,3296
"Clinton St & Tilden St",41.875885,-87.640795,1573,1412,161,3296
"Ashland Ave & Lake St",41.88592,-87.66717,1573,1396,177,3297
"Ashland Ave & Grand Ave",41.891072,-87.666611,1573,1396,177,3297
"Rush St & Superior St",41.8957647456,-87.6259080327,1571,1224,347,3298
"Clark St & Lake St",41.8860208277,-87.6308760584,1571,1224,347,3298
"State St & Pearson St",41.897448,-87.628722,1571,1338,233,3299
"Columbus Dr & Randolph St",41.884728,-87.619521,1571,1338,233,3299
"Michigan Ave & Congress Pkwy",41.8760656,-87.62443336,1571,885,686,3300
"Columbus Dr & Randolph St",41.884728,-87.619521,1571,885,686,3300
"Marshfield Ave & Cortland St",41.916017,-87.668879,1571,1449,122,3301
"Sheffield Ave & Kingsbury St",41.90959193,-87.65349723,1571,1449,122,3301
"Clark St & Randolph St",41.884576228,-87.63188991,1570,1460,110,3302
"Kingsbury St & Kinzie St",41.8891768326,-87.6385057718,1570,1460,110,3302
"Clark St & Schiller St",41.907993,-87.631501,1570,1054,516,3303
"Larrabee St & Webster Ave",41.921822,-87.64414,1570,1054,516,3303
"Sedgwick St & Webster Ave",41.922167,-87.638888,1570,1204,366,3304
"Halsted St & Wrightwood Ave",41.929143,-87.649077,1570,1204,366,3304
"Michigan Ave & Pearson St",41.89766,-87.62351,1569,756,813,3305
"Clark St & Armitage Ave",41.918306,-87.636282,1569,756,813,3305
"Columbus Dr & Randolph St",41.884728,-87.619521,1569,358,1211,3306
"Museum Campus",41.865212,-87.617759,1569,358,1211,3306
"Peoria St & Jackson Blvd",41.877749,-87.649633,1568,1508,60,3307
"Wolcott Ave & Polk St",41.871262,-87.673688,1568,1508,60,3307
"Sheridan Rd & Montrose Ave",41.96167,-87.65464,1568,1297,271,3308
"Southport Ave & Irving Park Rd",41.954177,-87.664358,1568,1297,271,3308
"Clark St & Elm St",41.903233,-87.631253,1568,1353,215,3309
"Broadway & Barry Ave",41.937725,-87.644095,1568,1353,215,3309
"Clinton St & Tilden St",41.875885,-87.640795,1567,1497,70,3310
"Dearborn St & Adams St",41.8793563587,-87.6297910363,1567,1497,70,3310
"Rush St & Hubbard St",41.890173,-87.626185,1567,1474,93,3311
"Kingsbury St & Erie St",41.8939139,-87.6417358,1567,1474,93,3311
"Orleans St & Merchandise Mart Plaza",41.888243,-87.63639,1567,1422,145,3312
"Morgan St & Lake St",41.8854833079,-87.6523048564,1567,1422,145,3312
"Michigan Ave & 8th St",41.872773,-87.623981,1567,281,1286,3313
"Dusable Harbor",41.886976,-87.612813,1567,281,1286,3313
"Michigan Ave & 18th St",41.857926,-87.624336,1565,1507,58,3314
"Franklin St & Monroe St",41.880317,-87.635185,1565,1507,58,3314
"Halsted St & Willow St",41.913865,-87.648755,1565,1472,93,3315
"Sheffield Ave & Kingsbury St",41.910522,-87.653106,1565,1472,93,3315
"Lake Shore Dr & Monroe St",41.880958,-87.616743,1564,272,1292,3316
"Cityfront Plaza Dr & Pioneer Ct",41.890573,-87.622072,1564,272,1292,3316
"Halsted St & Wrightwood Ave",41.929143,-87.649077,1563,1224,339,3317
"Clark St & Drummond Pl",41.931248,-87.644336,1563,1224,339,3317
"Field Museum",41.865312,-87.617867,1563,221,1342,3318
"Michigan Ave & Oak St",41.90096039,-87.62377664,1563,221,1342,3318
"Rush St & Superior St",41.8957647456,-87.6259080327,1563,1002,561,3319
"Wabash Ave & Wacker Pl",41.886875,-87.62603,1563,1002,561,3319
"Ogden Ave & Chicago Ave",41.896362458,-87.6540612729,1563,1386,177,3320
"St. Clair St & Erie St",41.8943451374,-87.6227983832,1563,1386,177,3320
"Dearborn St & Erie St",41.893992,-87.629318,1562,1361,201,3321
"Orleans St & Chestnut St (NEXT Apts)",41.898203,-87.637536,1562,1361,201,3321
"Clinton St & Washington Blvd",41.88338,-87.64117,1562,1467,95,3322
"Canal St & Jackson Blvd",41.877988,-87.640769,1562,1467,95,3322
"State St & Kinzie St",41.88918,-87.6277,1562,1236,326,3323
"Rush St & Cedar St",41.9023087012,-87.627690528,1562,1236,326,3323
"Franklin St & Monroe St",41.880317,-87.635185,1561,1464,97,3324
"Michigan Ave & 14th St",41.864059,-87.623727,1561,1464,97,3324
"LaSalle St & Washington St",41.882664,-87.63253,1561,1317,244,3325
"McClurg Ct & Illinois St",41.89102,-87.6173,1561,1317,244,3325
"Blackstone Ave & Hyde Park Blvd",41.802562,-87.590368,1560,1230,330,3326
"Greenwood Ave & 47th St",41.809835,-87.599383,1560,1230,330,3326
"Stetson Ave & South Water St",41.886835,-87.62232,1560,193,1367,3327
"Streeter Dr & Illinois St",41.891071,-87.6122,1560,193,1367,3327
"Millennium Park",41.8810317,-87.62408432,1560,589,971,3328
"Clark St & North Ave",41.911974,-87.631942,1560,589,971,3328
"Field Blvd & South Water St",41.8863490627,-87.6175165471,1559,1392,167,3329
"Franklin St & Monroe St",41.880317,-87.635185,1559,1392,167,3329
"Clark St & Armitage Ave",41.918306,-87.636282,1558,1312,246,3330
"Kingsbury St & Kinzie St",41.8891768326,-87.6385057718,1558,1312,246,3330
"Sheffield Ave & Wrightwood Ave",41.928712,-87.653833,1558,1139,419,3331
"Sheffield Ave & Kingsbury St",41.910522,-87.653106,1558,1139,419,3331
"St. Clair St & Erie St",41.8943451374,-87.6227983832,1558,1071,487,3332
"Clark St & Lincoln Ave",41.915689,-87.6346,1558,1071,487,3332
"Franklin St & Monroe St",41.880317,-87.635185,1558,1459,99,3333
"Franklin St & Chicago Ave",41.89679,-87.63564,1558,1459,99,3333
"Lakeview Ave & Fullerton Pkwy",41.925858,-87.638973,1557,1088,469,3334
"Dearborn Pkwy & Delaware Pl",41.898969,-87.629912,1557,1088,469,3334
"Wabash Ave & Wacker Pl",41.886875,-87.62603,1557,574,983,3335
"McClurg Ct & Illinois St",41.89102,-87.6173,1557,574,983,3335
"Clarendon Ave & Gordon Ter",41.957879,-87.649519,1557,1352,205,3336
"Broadway & Barry Ave",41.937725,-87.644095,1557,1352,205,3336
"Union Ave & Grand Ave",41.891,-87.645925,1556,1519,37,3337
"Kingsbury St & Kinzie St",41.8891768326,-87.6385057718,1556,1519,37,3337
"Desplaines St & Kinzie St",41.888716036,-87.6444478533,1556,1194,362,3338
"Wabash Ave & Grand Ave",41.891466,-87.626761,1556,1194,362,3338
"Daley Center Plaza",41.884241,-87.629634,1556,1337,219,3339
"Field Blvd & South Water St",41.8863490627,-87.6175165471,1556,1337,219,3339
"Daley Center Plaza",41.884241,-87.629634,1556,1230,326,3340
"Lake Shore Dr & North Blvd",41.911722,-87.626804,1556,1230,326,3340
"Ashland Ave & Division St",41.90345,-87.667747,1555,1314,241,3341
"Ogden Ave & Race Ave",41.891795,-87.658751,1555,1314,241,3341
"Wells St & Hubbard St",41.889906,-87.634266,1555,1365,190,3342
"Franklin St & Monroe St",41.880317,-87.635185,1555,1365,190,3342
"Wells St & Hubbard St",41.889933,-87.634262,1554,1368,186,3343
"Desplaines St & Kinzie St",41.888716036,-87.6444478533,1554,1368,186,3343
"Stave St & Armitage Ave",41.917741,-87.691392,1554,1192,362,3344
"California Ave & Milwaukee Ave",41.922695,-87.697153,1554,1192,362,3344
"Wells St & Elm St",41.903222,-87.634324,1554,1344,210,3345
"Clinton St & Lake St",41.885637,-87.641823,1554,1344,210,3345
"Clark St & Randolph St",41.884576228,-87.63188991,1554,1121,433,3346
"Michigan Ave & Pearson St",41.89766,-87.62351,1554,1121,433,3346
"Damen Ave & Leland Ave",41.967094,-87.679028,1554,1411,143,3347
"Lincoln Ave & Leavitt St",41.962391,-87.684146,1554,1411,143,3347
"McClurg Ct & Illinois St",41.89102,-87.6173,1553,590,963,3348
"Clark St & North Ave",41.911974,-87.631942,1553,590,963,3348
"Lake Shore Dr & Belmont Ave",41.940775,-87.639192,1553,765,788,3349
"Clark St & North Ave",41.911974,-87.631942,1553,765,788,3349
"Racine Ave & Fullerton Ave",41.92556258,-87.65840426,1553,1405,148,3350
"Lincoln Ave & Fullerton Ave",41.925905,-87.64926,1553,1405,148,3350
"Leavitt St & Lawrence Ave",41.968885,-87.684001,1552,1357,195,3351
"Clark St & Berwyn Ave",41.9780306225,-87.6685649157,1552,1357,195,3351
"Loomis St & Taylor St",41.869417,-87.660996,1552,1389,163,3352
"Halsted St & Maxwell St",41.864883,-87.647071,1552,1389,163,3352
"Lincoln Ave & Diversey Pkwy",41.932225,-87.658617,1551,760,791,3353
"Theater on the Lake",41.926277,-87.630834,1551,760,791,3353
"Clark St & Randolph St",41.884576228,-87.63188991,1551,1202,349,3354
"LaSalle St & Illinois St",41.890749,-87.63206,1551,1202,349,3354
"Clark St & Schiller St",41.907993,-87.631501,1550,1286,264,3355
"State St & Chicago Ave",41.8966172004,-87.6285785437,1550,1286,264,3355
"Wabash Ave & Grand Ave",41.891466,-87.626761,1550,1268,282,3356
"State St & Pearson St",41.897448,-87.628722,1550,1268,282,3356
"Broadway & Wilson Ave",41.965485,-87.657238,1550,1456,94,3357
"Sheridan Rd & Montrose Ave",41.96167,-87.65464,1550,1456,94,3357
"Clifton Ave & Armitage Ave",41.918216,-87.656936,1549,1403,146,3358
"Southport Ave & Clybourn Ave",41.921004,-87.663257,1549,1403,146,3358
"Wilton Ave & Belmont Ave",41.9402319181,-87.6529437304,1548,1251,297,3359
"Broadway & Waveland Ave",41.949074,-87.648636,1548,1251,297,3359
"Clark St & Leland Ave",41.9670878392,-87.6672908664,1548,1045,503,3360
"Clark St & Berwyn Ave",41.9780306225,-87.6685649157,1548,1045,503,3360
"Shore Dr & 55th St",41.795212,-87.580715,1547,1347,200,3361
"Harper Ave & 59th St",41.7879428129,-87.5883151702,1547,1347,200,3361
"Franklin St & Jackson Blvd",41.8777079559,-87.6353211408,1547,1313,234,3362
"Clark St & 9th St (AMLI)",41.870816,-87.631246,1547,1313,234,3362
"McClurg Ct & Erie St",41.894503,-87.617854,1547,1424,123,3363
"Franklin St & Monroe St",41.880317,-87.635185,1547,1424,123,3363
"Desplaines St & Jackson Blvd",41.8781189009,-87.6439476013,1546,1310,236,3364
"Michigan Ave & Jackson Blvd",41.87785,-87.62408,1546,1310,236,3364
"Halsted St & Fulton St",41.886871,-87.648089,1546,1016,530,3365
"Canal St & Adams St",41.879255,-87.639904,1546,1016,530,3365
"Wells St & Concord Ln",41.912133,-87.634656,1546,1256,290,3366
"Rush St & Superior St",41.8957647456,-87.6259080327,1546,1256,290,3366
"Daley Center Plaza",41.884451,-87.629892,1546,1310,236,3367
"Dearborn Pkwy & Delaware Pl",41.898969,-87.629912,1546,1310,236,3367
"Rush St & Cedar St",41.9023087012,-87.627690528,1546,1333,213,3368
"State St & Pearson St",41.897448,-87.628722,1546,1333,213,3368
"Ogden Ave & Chicago Ave",41.896362458,-87.6540612729,1545,1161,384,3369
"Michigan Ave & Pearson St",41.89766,-87.62351,1545,1161,384,3369
"Wabash Ave & Grand Ave",41.891466,-87.626761,1545,1188,357,3370
"Cityfront Plaza Dr & Pioneer Ct",41.890573,-87.622072,1545,1188,357,3370
"Larrabee St & Webster Ave",41.921822,-87.64414,1544,1232,312,3371
"Larrabee St & Armitage Ave",41.918084,-87.643749,1544,1232,312,3371
"Larrabee St & North Ave",41.91021,-87.6435,1543,1295,248,3372
"Wells St & Concord Ln",41.912133,-87.634656,1543,1295,248,3372
"Wood St & Milwaukee Ave",41.907655,-87.672552,1543,1179,364,3373
"Campbell Ave & North Ave",41.910535,-87.689556,1543,1179,364,3373
"Field Museum",41.865312,-87.617867,1543,282,1261,3374
"Columbus Dr & Randolph St",41.884728,-87.619521,1543,282,1261,3374
"Dearborn St & Monroe St",41.881319815,-87.6295209193,1542,1427,115,3375
"Field Blvd & South Water St",41.8863490627,-87.6175165471,1542,1427,115,3375
"Franklin St & Jackson Blvd",41.8777079559,-87.6353211408,1542,1231,311,3376
"Clinton St & Roosevelt Rd",41.8671177825,-87.6410879593,1542,1231,311,3376
"Dayton St & North Ave",41.9105780349,-87.6494219288,1542,1114,428,3377
"Wells St & Evergreen Ave",41.906724,-87.63483,1542,1114,428,3377
"Milwaukee Ave & Grand Ave",41.891578,-87.648384,1542,1405,137,3378
"Sedgwick St & Huron St",41.894666,-87.638437,1542,1405,137,3378
"Dearborn St & Erie St",41.893992,-87.629318,1542,1303,239,3379
"Green St & Madison St",41.881859328,-87.6492637396,1542,1303,239,3379
"Broadway & Thorndale Ave",41.9897425114,-87.6601406209,1541,998,543,3380
"Theater on the Lake",41.926277,-87.630834,1541,998,543,3380
"Theater on the Lake",41.926277,-87.630834,1541,724,817,3381
"DuSable Lake Shore Dr & Diversey Pkwy",41.932588,-87.636427,1541,724,817,3381
"Dearborn Pkwy & Delaware Pl",41.898969,-87.629912,1541,1350,191,3382
"Wells St & Erie St",41.893832,-87.634195,1541,1350,191,3382
"Halsted St & Wrightwood Ave",41.929143,-87.649077,1541,1236,305,3383
"Wilton Ave & Belmont Ave",41.94018,-87.65304,1541,1236,305,3383
"Lake Shore Dr & Monroe St",41.880958,-87.616743,1541,311,1230,3384
"Stetson Ave & South Water St",41.886835,-87.62232,1541,311,1230,3384
"Ellis Ave & 53rd St",41.7993362626,-87.6009581145,1541,1236,305,3385
"Lake Park Ave & 56th St",41.793242,-87.587782,1541,1236,305,3385
"LaSalle St & Washington St",41.882664,-87.63253,1541,1373,168,3386
"State St & Randolph St",41.8847302006,-87.6277335692,1541,1373,168,3386
"Racine Ave & Wrightwood Ave",41.928887,-87.658971,1540,1260,280,3387
"Sheffield Ave & Webster Ave",41.92154,-87.653818,1540,1260,280,3387
"Pine Grove Ave & Irving Park Rd",41.954383,-87.648043,1540,1021,519,3388
"Clarendon Ave & Leland Ave",41.967968,-87.650001,1540,1021,519,3388
"Damen Ave & Cortland St",41.916027,-87.677411,1540,694,846,3389
"Albany Ave & Bloomingdale Ave",41.9140267127,-87.705126462,1540,694,846,3389
"Wabash Ave & Adams St",41.8794723523,-87.6256886059,1539,1254,285,3390
"Dearborn St & Erie St",41.893992,-87.629318,1539,1254,285,3390
"Ada St & Washington Blvd",41.88283,-87.661206,1539,1295,244,3391
"Aberdeen St & Randolph St",41.884114,-87.654264,1539,1295,244,3391
"Lake Shore Dr & North Blvd",41.911722,-87.626804,1539,871,668,3392
"Halsted St & Wrightwood Ave",41.929143,-87.649077,1539,871,668,3392
"Broadway & Barry Ave",41.937582316,-87.644097805,1539,1249,290,3393
"Clark St & Drummond Pl",41.931248,-87.644336,1539,1249,290,3393
"Stetson Ave & South Water St",41.886835,-87.62232,1539,600,939,3394
"Michigan Ave & Oak St",41.90096039,-87.62377664,1539,600,939,3394
"Broadway & Sheridan Rd",41.952833,-87.649993,1539,1334,205,3395
"Wilton Ave & Belmont Ave",41.94018,-87.65304,1539,1334,205,3395
"Clark St & Wrightwood Ave",41.929546,-87.643118,1538,1226,312,3396
"Broadway & Cornelia Ave",41.945529,-87.646439,1538,1226,312,3396
"Lake Shore Dr & Diversey Pkwy",41.932684,-87.63625,1538,675,863,3397
"Lake Shore Dr & Monroe St",41.880958,-87.616743,1538,675,863,3397
"Sheffield Ave & Webster Ave",41.92154,-87.653818,1537,1291,246,3398
"Southport Ave & Clybourn Ave",41.921004,-87.663257,1537,1291,246,3398
"Aberdeen St & Jackson Blvd",41.87772613,-87.65478743,1537,1299,238,3399
"Loomis St & Taylor St",41.869417,-87.660996,1537,1299,238,3399
"Lake Shore Dr & Wellington Ave",41.936669,-87.636794,1537,864,673,3400
"Lake Shore Dr & Ohio St",41.89257,-87.614492,1537,864,673,3400
"Clinton St & Jackson Blvd",41.8783166118,-87.6409810781,1536,1461,75,3401
"Hermitage Ave & Polk St",41.871514,-87.669886,1536,1461,75,3401
"Shedd Aquarium",41.8672259568,-87.6153553902,1536,380,1156,3402
"State St & Harrison St",41.874053,-87.627716,1536,380,1156,3402
"Field Blvd & South Water St",41.8863490627,-87.6175165471,1536,839,697,3403
"Dusable Harbor",41.886976,-87.612813,1536,839,697,3403
"McClurg Ct & Erie St",41.894503,-87.617854,1536,1401,135,3404
"Sedgwick St & Huron St",41.894666,-87.638437,1536,1401,135,3404
"Streeter Dr & Illinois St",41.891071,-87.6122,1536,355,1181,3405
"State St & Randolph St",41.8847302006,-87.6277335692,1536,355,1181,3405
"Franklin St & Quincy St",41.878724,-87.634793,1536,1242,294,3406
"Michigan Ave & Lake St",41.886024,-87.624117,1536,1242,294,3406
"Bissell St & Armitage Ave",41.91844,-87.65222,1535,1338,197,3407
"Halsted St & Wrightwood Ave",41.929143,-87.649077,1535,1338,197,3407
"Halsted St & Maxwell St",41.864883,-87.647071,1535,1348,187,3408
"Halsted St & Roosevelt Rd",41.867324,-87.648625,1535,1348,187,3408
"Clinton St & Madison St",41.8827519657,-87.6411902905,1535,835,700,3409
"Lake Shore Dr & Monroe St",41.880958,-87.616743,1535,835,700,3409
"LaSalle St & Washington St",41.882664,-87.63253,1535,1462,73,3410
"Larrabee St & Kingsbury St",41.897764,-87.642884,1535,1462,73,3410
"DuSable Lake Shore Dr & Monroe St",41.880958,-87.616743,1535,329,1206,3411
"Michigan Ave & 8th St",41.872773,-87.623981,1535,329,1206,3411
"Daley Center Plaza",41.884451,-87.629892,1535,1347,188,3412
"State St & Kinzie St",41.88918,-87.6277,1535,1347,188,3412
"Benson Ave & Church St",42.048214,-87.683485,1534,1061,473,3413
"Central St Metra",42.063598,-87.69873,1534,1061,473,3413
"Stetson Ave & South Water St",41.886835,-87.62232,1534,1376,158,3414
"LaSalle St & Washington St",41.882664,-87.63253,1534,1376,158,3414
"Clinton St & Washington Blvd",41.88338,-87.64117,1533,1436,97,3415
"LaSalle St & Adams St",41.8793443735,-87.6319852213,1533,1436,97,3415
"Franklin St & Monroe St",41.880317,-87.635185,1532,1182,350,3416
"Wabash Ave & Grand Ave",41.891466,-87.626761,1532,1182,350,3416
"Wolcott Ave & Polk St",41.871262,-87.673688,1531,1464,67,3417
"Clinton St & Jackson Blvd",41.8783166118,-87.6409810781,1531,1464,67,3417
"California Ave & Milwaukee Ave",41.922695,-87.697153,1531,1108,423,3418
"Leavitt St & Armitage Ave",41.917805,-87.682437,1531,1108,423,3418
"Franklin St & Illinois St",41.8910233103,-87.6354798675,1531,1170,361,3419
"Desplaines St & Kinzie St",41.888716036,-87.6444478533,1531,1170,361,3419
"Mies van der Rohe Way & Chestnut St",41.8985866514,-87.6219152258,1531,1192,339,3420
"Wells St & Concord Ln",41.912133,-87.634656,1531,1192,339,3420
"Dearborn St & Erie St",41.893992,-87.629318,1531,1430,101,3421
"Larrabee St & Oak St",41.9002194932,-87.6429854676,1531,1430,101,3421
"Clinton St & Lake St",41.885637,-87.641823,1531,1361,170,3422
"Franklin St & Lake St",41.885837,-87.6355,1531,1361,170,3422
"Broadway & Waveland Ave",41.949074,-87.648636,1531,1256,275,3423
"Southport Ave & Irving Park Rd",41.954177,-87.664358,1531,1256,275,3423
"Kingsbury St & Kinzie St",41.8891768326,-87.6385057718,1530,1255,275,3424
"Clark St & Schiller St",41.907993,-87.631501,1530,1255,275,3424
"Leavitt St & North Ave",41.910153,-87.68229,1530,1359,171,3425
"Campbell Ave & North Ave",41.910535,-87.689556,1530,1359,171,3425
"Mies van der Rohe Way & Chestnut St",41.8985866514,-87.6219152258,1530,834,696,3426
"Clark St & Armitage Ave",41.918306,-87.636282,1530,834,696,3426
"LaSalle St & Illinois St",41.890749,-87.63206,1529,1088,441,3427
"Wabash Ave & Grand Ave",41.891738,-87.626937,1529,1088,441,3427
"Orleans St & Merchandise Mart Plaza",41.888243,-87.63639,1528,1442,86,3428
"Federal St & Polk St",41.8720776329,-87.6295437729,1528,1442,86,3428
"Canal St & Monroe St",41.8807,-87.63947,1528,1422,106,3429
"LaSalle St & Jackson Blvd",41.878166,-87.631929,1528,1422,106,3429
"Lake Shore Dr & Ohio St",41.89257,-87.614492,1528,326,1202,3430
"Museum Campus",41.865212,-87.617759,1528,326,1202,3430
"Michigan Ave & Jackson Blvd",41.8777679,-87.624164,1526,1026,500,3431
"Indiana Ave & Roosevelt Rd",41.867888,-87.623041,1526,1026,500,3431
"Broadway & Wilson Ave",41.965485,-87.657238,1525,1427,98,3432
"Clarendon Ave & Junior Ter",41.961004,-87.649603,1525,1427,98,3432
"Sheridan Rd & Loyola Ave",42.0010437798,-87.6611982433,1524,1074,450,3433
"Broadway & Thorndale Ave",41.9897425114,-87.6601406209,1524,1074,450,3433
"Dearborn Pkwy & Delaware Pl",41.898969,-87.629912,1524,420,1104,3434
"Streeter Dr & Grand Ave",41.892278,-87.612043,1524,420,1104,3434
"Southport Ave & Roscoe St",41.943739,-87.66402,1524,1208,316,3435
"Broadway & Barry Ave",41.937725,-87.644095,1524,1208,316,3435
"LaSalle St & Washington St",41.882664,-87.63253,1524,1393,131,3436
"Franklin St & Quincy St",41.878724,-87.634793,1524,1393,131,3436
"Dearborn St & Monroe St",41.881319815,-87.6295209193,1523,1086,437,3437
"Wabash Ave & Grand Ave",41.891466,-87.626761,1523,1086,437,3437
"Wabash Ave & 16th St",41.860384,-87.625813,1523,1331,192,3438
"Dearborn St & Monroe St",41.881319815,-87.6295209193,1523,1331,192,3438
"Dearborn Pkwy & Delaware Pl",41.898969,-87.629912,1523,1264,259,3439
"Larrabee St & Division St",41.90348607,-87.6433534936,1523,1264,259,3439
"Sheffield Ave & Wrightwood Ave",41.928712,-87.653833,1523,1106,417,3440
"Greenview Ave & Fullerton Ave",41.92533,-87.6658,1523,1106,417,3440
"Green St & Randolph St*",41.8836016573,-87.6486267149,1523,1340,183,3441
"Franklin St & Monroe St",41.880317,-87.635185,1523,1340,183,3441
"Wood St & Milwaukee Ave",41.907655,-87.672552,1523,1475,48,3442
"Canal St & Monroe St",41.8807,-87.63947,1523,1475,48,3442
"Clinton St & Madison St",41.8827519657,-87.6411902905,1522,1373,149,3443
"Ogden Ave & Chicago Ave",41.896362458,-87.6540612729,1522,1373,149,3443
"Mies van der Rohe Way & Chicago Ave",41.89691,-87.621743,1522,929,593,3444
"Clark St & North Ave",41.911974,-87.631942,1522,929,593,3444
"Montrose Harbor",41.963982,-87.638181,1521,928,593,3445
"Clarendon Ave & Gordon Ter",41.9578665242,-87.6495051384,1521,928,593,3445
"Desplaines St & Randolph St",41.883703,-87.644238,1521,1343,178,3446
"Green St & Madison St",41.881859328,-87.6492637396,1521,1343,178,3446
"Cityfront Plaza Dr & Pioneer Ct",41.890573,-87.622072,1521,821,700,3447
"Theater on the Lake",41.926277,-87.630834,1521,821,700,3447
"McCormick Place",41.8513751729,-87.6188346489,1521,514,1007,3448
"Wentworth Ave & Cermak Rd*",41.8532144185,-87.6318722963,1521,514,1007,3448
"Damen Ave & Pierce Ave",41.9093960065,-87.6776919292,1521,1136,385,3449
"Western Ave & Winnebago Ave",41.91552,-87.687022,1521,1136,385,3449
"Lake Park Ave & 35th St",41.8312742355,-87.6087991946,1520,1460,60,3450
"State St & 33rd St",41.834734,-87.625813,1520,1460,60,3450
"Sheffield Ave & Wellington Ave",41.9362534831,-87.6526620984,1519,1037,482,3451
"Sheffield Ave & Waveland Ave",41.949399,-87.654529,1519,1037,482,3451
"Clinton St & Washington Blvd",41.88338,-87.64117,1519,1488,31,3452
"Clinton St & 18th St",41.85795,-87.640826,1519,1488,31,3452
"Michigan Ave & Pearson St",41.89766,-87.62351,1519,511,1008,3453
"Mies van der Rohe Way & Chicago Ave",41.89691,-87.621743,1519,511,1008,3453
"Clinton St & Madison St",41.8827519657,-87.6411902905,1518,1440,78,3454
"Clinton St & 18th St",41.85795,-87.640826,1518,1440,78,3454
"Michigan Ave & 18th St",41.857926,-87.624336,1518,1483,35,3455
"Clinton St & Washington Blvd",41.88338,-87.64117,1518,1483,35,3455
"Shore Dr & 55th St",41.795212,-87.580715,1518,1134,384,3456
"Blackstone Ave & Hyde Park Blvd",41.802562,-87.590368,1518,1134,384,3456
"Broadway & Wilson Ave",41.965221,-87.658139,1517,1103,414,3457
"Clark St & Leland Ave",41.9670878392,-87.6672908664,1517,1103,414,3457
"Broadway & Wilson Ave",41.965221,-87.658139,1516,1235,281,3458
"Broadway & Waveland Ave",41.949074,-87.648636,1516,1235,281,3458
"Canal St & Jackson Blvd",41.877988,-87.640769,1516,814,702,3459
"Millennium Park",41.8810317,-87.62408432,1516,814,702,3459
"Franklin St & Lake St",41.885837,-87.6355,1515,1192,323,3460
"Wabash Ave & Wacker Pl",41.886875,-87.62603,1515,1192,323,3460
"Fairbanks Ct & Grand Ave",41.89186,-87.62062,1515,1293,222,3461
"Kingsbury St & Erie St",41.8939139,-87.6417358,1515,1293,222,3461
"Racine Ave & Congress Pkwy",41.87464,-87.65703,1514,1385,129,3462
"Clinton St & Jackson Blvd",41.8783166118,-87.6409810781,1514,1385,129,3462
"Halsted St & Wrightwood Ave",41.929143,-87.649077,1514,1393,121,3463
"Lincoln Ave & Fullerton Ave",41.925905,-87.64926,1514,1393,121,3463
"Orleans St & Merchandise Mart Plaza",41.888243,-87.63639,1514,1354,160,3464
"Sedgwick St & Webster Ave",41.922167,-87.638888,1514,1354,160,3464
"Michigan Ave & Madison St",41.882134,-87.625125,1514,1164,350,3465
"Orleans St & Merchandise Mart Plaza",41.888243,-87.63639,1514,1164,350,3465
"Pine Grove Ave & Waveland Ave",41.949275,-87.646303,1513,1322,191,3466
"Clark St & Wellington Ave",41.9364968219,-87.6475386582,1513,1322,191,3466
"Larrabee St & Oak St",41.9002194932,-87.6429854676,1513,1215,298,3467
"Michigan Ave & Oak St",41.90096039,-87.62377664,1513,1215,298,3467
"Damen Ave & Chicago Ave",41.895769,-87.67722,1513,1421,92,3468
"Clinton St & Washington Blvd",41.88338,-87.64117,1513,1421,92,3468
"Sheffield Ave & Webster Ave",41.92154,-87.653818,1512,1161,351,3469
"Damen Ave & Charleston St",41.920082,-87.677855,1512,1161,351,3469
"Kimbark Ave & 53rd St",41.7994549,-87.5947779,1512,1258,254,3470
"Ellis Ave & 53rd St",41.7993362626,-87.6009581145,1512,1258,254,3470
"Dearborn St & Monroe St",41.881319815,-87.6295209193,1512,1320,192,3471
"State St & Pearson St",41.897448,-87.628722,1512,1320,192,3471
"Clifton Ave & Armitage Ave",41.918216,-87.656936,1512,1280,232,3472
"Wilton Ave & Diversey Pkwy",41.932418,-87.652705,1512,1280,232,3472
"Peoria St & Jackson Blvd",41.8776415963,-87.6496177912,1512,1191,321,3473
"Clinton St & Madison St",41.8827519657,-87.6411902905,1512,1191,321,3473
"Wells St & Concord Ln",41.912133,-87.634656,1511,1190,321,3474
"Lake Shore Dr & Belmont Ave",41.940775,-87.639192,1511,1190,321,3474
"Wood St & Taylor St",41.869154,-87.671045,1511,1497,14,3475
"Clinton St & Washington Blvd",41.88338,-87.64117,1511,1497,14,3475
"Streeter Dr & Grand Ave",41.892278,-87.612043,1511,697,814,3476
"Michigan Ave & 14th St",41.864059,-87.623727,1511,697,814,3476
"Franklin St & Chicago Ave",41.89679,-87.63564,1511,1319,192,3477
"LaSalle St & Illinois St",41.890762,-87.631697,1511,1319,192,3477
"Clarendon Ave & Gordon Ter",41.957879,-87.649519,1511,1325,186,3478
"Pine Grove Ave & Irving Park Rd",41.954383,-87.648043,1511,1325,186,3478
"Racine Ave & Belmont Ave",41.939743,-87.658865,1510,1235,275,3479
"Ashland Ave & Wellington Ave",41.936083,-87.669807,1510,1235,275,3479
"Michigan Ave & Oak St",41.90096039,-87.62377664,1510,559,951,3480
"McClurg Ct & Ohio St",41.8925921197,-87.6172891259,1510,559,951,3480
"Wacker Dr & Washington St Corral",41.88316,-87.63736,1510,1424,86,3481
"Michigan Ave & Washington St",41.8839840647,-87.6246839762,1510,1424,86,3481
"Clarendon Ave & Gordon Ter",41.957879,-87.649519,1510,1319,191,3482
"Broadway & Belmont Ave",41.940106,-87.645451,1510,1319,191,3482
"Seeley Ave & Roscoe St",41.943403,-87.679618,1509,1343,166,3483
"Western Ave & Roscoe St",41.943034,-87.687288,1509,1343,166,3483
"Desplaines St & Jackson Blvd",41.8781189009,-87.6439476013,1508,1296,212,3484
"State St & Van Buren St",41.877181,-87.627844,1508,1296,212,3484
"Stetson Ave & South Water St",41.886835,-87.62232,1507,1311,196,3485
"Dearborn St & Adams St",41.8793563587,-87.6297910363,1507,1311,196,3485
"Wabash Ave & 9th St",41.870769,-87.625734,1507,1257,250,3486
"Dearborn St & Van Buren St",41.876268,-87.629155,1507,1257,250,3486
"Green St & Madison St",41.881859328,-87.6492637396,1507,1249,258,3487
"Loomis St & Jackson Blvd",41.877945,-87.662007,1507,1249,258,3487
"LaSalle St & Illinois St",41.890749,-87.63206,1507,1202,305,3488
"St. Clair St & Erie St",41.8943451374,-87.6227983832,1507,1202,305,3488
"Wabash Ave & 8th St",41.871962,-87.626106,1507,1245,262,3489
"Michigan Ave & Madison St",41.882134,-87.625125,1507,1245,262,3489
"May St & Taylor St",41.8694821,-87.6554864,1506,1330,176,3490
"Morgan Ave & 14th Pl",41.862378,-87.651062,1506,1330,176,3490
"Theater on the Lake",41.926277,-87.630834,1506,862,644,3491
"Southport Ave & Wellington Ave",41.935733,-87.663576,1506,862,644,3491
"Damen Ave & Cortland St",41.916027,-87.677411,1506,1215,291,3492
"Damen Ave & Division St",41.90331,-87.67695,1506,1215,291,3492
"Canal St & Jackson Blvd",41.877988,-87.640769,1506,1448,58,3493
"Wells St & Polk St",41.872373,-87.633523,1506,1448,58,3493
"Michigan Ave & 14th St",41.864059,-87.623727,1505,1216,289,3494
"Wabash Ave & 9th St",41.870769,-87.625734,1505,1216,289,3494
"Michigan Ave & Jackson Blvd",41.87785,-87.62408,1505,1375,130,3495
"MLK Jr Dr & 29th St",41.842052,-87.617,1505,1375,130,3495
"Wabash Ave & Grand Ave",41.891738,-87.626937,1505,1166,339,3496
"Clark St & Randolph St",41.884576228,-87.63188991,1505,1166,339,3496
"Halsted St & Waveland Ave",41.949375,-87.649626,1504,1137,367,3497
"Clarendon Ave & Junior Ter",41.961004,-87.649603,1504,1137,367,3497
"Shedd Aquarium",41.8672259568,-87.6153553902,1504,187,1317,3498
"Stetson Ave & South Water St",41.886835,-87.62232,1504,187,1317,3498
"Larrabee St & Division St",41.90348607,-87.6433534936,1504,1284,220,3499
"Sheffield Ave & Kingsbury St",41.910522,-87.653106,1504,1284,220,3499
"Desplaines St & Kinzie St",41.888716036,-87.6444478533,1503,1447,56,3500
"Halsted St & Polk St",41.87184,-87.64664,1503,1447,56,3500
"Clifton Ave & Armitage Ave",41.918216,-87.656936,1503,1416,87,3501
"Racine Ave & Fullerton Ave",41.92556258,-87.65840426,1503,1416,87,3501
"Halsted St & Wrightwood Ave",41.929143,-87.649077,1503,1042,461,3502
"Halsted St & Clybourn Ave",41.909668,-87.648128,1503,1042,461,3502
"Ashland Ave & Division St",41.90345,-87.667747,1503,1126,377,3503
"Sheffield Ave & Kingsbury St",41.910522,-87.653106,1503,1126,377,3503
"State St & Randolph St",41.8847302006,-87.6277335692,1502,1097,405,3504
"Wabash Ave & Grand Ave",41.891466,-87.626761,1502,1097,405,3504
"May St & Taylor St",41.8694821,-87.6554864,1502,1347,155,3505
"Canal St & Jackson Blvd",41.877988,-87.640769,1502,1347,155,3505
"Damen Ave & Division St",41.90331,-87.67695,1502,1262,240,3506
"Damen Ave & Augusta Blvd",41.899714,-87.677234,1502,1262,240,3506
"LaSalle St & Jackson Blvd",41.87817,-87.631985,1501,1252,249,3507
"Indiana Ave & Roosevelt Rd",41.867888,-87.623041,1501,1252,249,3507
"Franklin St & Chicago Ave",41.89680204,-87.63563839,1501,1251,250,3508
"Ogden Ave & Chicago Ave",41.896362458,-87.6540612729,1501,1251,250,3508
"Columbus Dr & Randolph St",41.884728,-87.619521,1501,1274,227,3509
"Green St & Madison St",41.881859328,-87.6492637396,1501,1274,227,3509
"Marshfield Ave & Cortland St",41.916017,-87.668879,1501,1314,187,3510
"Larrabee St & Webster Ave",41.921822,-87.64414,1501,1314,187,3510
"Indiana Ave & Roosevelt Rd",41.867888,-87.623041,1500,755,745,3511
"Calumet Ave & 21st St",41.8541842495,-87.6191537415,1500,755,745,3511
"Halsted St & Dickens Ave",41.919936,-87.64883,1500,1179,321,3512
"Halsted St & Clybourn Ave",41.909668,-87.648128,1500,1179,321,3512
"Clark St & Wrightwood Ave",41.929546,-87.643118,1500,1054,446,3513
"Racine Ave & Belmont Ave",41.939743,-87.658865,1500,1054,446,3513
"State St & Randolph St",41.8847302006,-87.6277335692,1500,1006,494,3514
"LaSalle St & Illinois St",41.890749,-87.63206,1500,1006,494,3514
"Clinton St & Jackson Blvd",41.8783166118,-87.6409810781,1499,1321,178,3515
"Kingsbury St & Erie St",41.8939139,-87.6417358,1499,1321,178,3515
"Wilton Ave & Diversey Pkwy",41.932418,-87.652705,1498,1383,115,3516
"Damen Ave & Wellington Ave",41.93588,-87.67842,1498,1383,115,3516
"Ogden Ave & Chicago Ave",41.896362458,-87.6540612729,1498,1294,204,3517
"Orleans St & Merchandise Mart Plaza",41.888243,-87.63639,1498,1294,204,3517
"Sheffield Ave & Wrightwood Ave",41.928712,-87.653833,1498,1367,131,3518
"Southport Ave & Wrightwood Ave",41.92888,-87.66317,1498,1367,131,3518
"Larrabee St & Kingsbury St",41.897764,-87.642884,1498,1358,140,3519
"Daley Center Plaza",41.884241,-87.629634,1498,1358,140,3519
"Lake Shore Dr & Belmont Ave",41.940775,-87.639192,1497,841,656,3520
"Marine Dr & Ainslie St",41.9716,-87.650154,1497,841,656,3520
"Ashland Ave & Grand Ave",41.891072,-87.666611,1497,1356,141,3521
"Clinton St & Washington Blvd",41.88338,-87.64117,1497,1356,141,3521
"Wabash Ave & Cermak Rd",41.852619,-87.626488,1497,1289,208,3522
"Indiana Ave & 26th St",41.845687,-87.622481,1497,1289,208,3522
"Southport Ave & Roscoe St",41.943739,-87.66402,1497,1103,394,3523
"Southport Ave & Wellington Ave",41.9357746177,-87.6636001468,1497,1103,394,3523
"Kingsbury St & Kinzie St",41.8891768326,-87.6385057718,1496,1105,391,3524
"State St & Chicago Ave",41.8966172004,-87.6285785437,1496,1105,391,3524
"Clark St & Schiller St",41.907993,-87.631501,1496,1373,123,3525
"Sheffield Ave & Kingsbury St",41.910522,-87.653106,1496,1373,123,3525
"Wabash Ave & Roosevelt Rd",41.867227,-87.625961,1496,1044,452,3526
"State St & Randolph St",41.8847302006,-87.6277335692,1496,1044,452,3526
"Larrabee St & Webster Ave",41.921822,-87.64414,1496,1195,301,3527
"Larrabee St & Division St",41.90348607,-87.6433534936,1496,1195,301,3527
"Morgan St & Lake St",41.8854833079,-87.6523048564,1496,1318,178,3528
"Fairbanks Ct & Grand Ave",41.89186,-87.62062,1496,1318,178,3528
"Canal St & Adams St",41.879255,-87.639904,1495,1324,171,3529
"Wells St & Walton St",41.89993001,-87.63443007,1495,1324,171,3529
"Calumet Ave & 18th St",41.857611,-87.619407,1495,1477,18,3530
"Franklin St & Monroe St",41.880317,-87.635185,1495,1477,18,3530
"Morgan St & Lake St",41.8854833079,-87.6523048564,1494,1445,49,3531
"Artesian Ave & Hubbard St",41.8895,-87.688257,1494,1445,49,3531
"Michigan Ave & Congress Pkwy",41.8760656,-87.62443336,1494,1379,115,3532
"Clinton St & Washington Blvd",41.88338,-87.64117,1494,1379,115,3532
"Clinton St & Lake St",41.885637,-87.641823,1494,1213,281,3533
"LaSalle St & Illinois St",41.890762,-87.631697,1494,1213,281,3533
"Larrabee St & Kingsbury St",41.897764,-87.642884,1494,1302,192,3534
"Mies van der Rohe Way & Chicago Ave",41.89691,-87.621743,1494,1302,192,3534
"State St & Kinzie St",41.88918,-87.6277,1494,1186,308,3535
"Dearborn St & Erie St",41.893992,-87.629318,1494,1186,308,3535
"Damen Ave & Chicago Ave",41.895769,-87.67722,1493,1154,339,3536
"Ogden Ave & Race Ave",41.891795,-87.658751,1493,1154,339,3536
"Wilton Ave & Belmont Ave",41.94018,-87.65304,1493,1328,165,3537
"Ashland Ave & Wellington Ave",41.936083,-87.669807,1493,1328,165,3537
"Orleans St & Merchandise Mart Plaza",41.888243,-87.63639,1493,1430,63,3538
"Financial Pl & Ida B Wells Dr",41.875023628,-87.6330940425,1493,1430,63,3538
"St. Clair St & Erie St",41.8943451374,-87.6227983832,1493,1322,171,3539
"State St & Pearson St",41.897448,-87.628722,1493,1322,171,3539
"DuSable Lake Shore Dr & Wellington Ave",41.9366884495,-87.6368290186,1493,693,800,3540
"Montrose Harbor",41.963982,-87.638181,1493,693,800,3540
"Racine Ave & Fullerton Ave",41.92556258,-87.65840426,1493,1314,179,3541
"Clark St & Wrightwood Ave",41.929546,-87.643118,1493,1314,179,3541
"Wabash Ave & Grand Ave",41.891738,-87.626937,1493,1150,343,3542
"Franklin St & Quincy St",41.878724,-87.634793,1493,1150,343,3542
"Wilton Ave & Diversey Pkwy",41.932418,-87.652705,1492,1292,200,3543
"Damen Ave & Clybourn Ave",41.931931,-87.677856,1492,1292,200,3543
"Wabash Ave & 9th St",41.870769,-87.625734,1492,535,957,3544
"Streeter Dr & Grand Ave",41.892278,-87.612043,1492,535,957,3544
"Rush St & Superior St",41.8957647456,-87.6259080327,1492,1149,343,3545
"Wells St & Evergreen Ave",41.906724,-87.63483,1492,1149,343,3545
"Columbus Dr & Randolph St",41.884728,-87.619521,1492,980,512,3546
"Wabash Ave & Grand Ave",41.891738,-87.626937,1492,980,512,3546
"Halsted St & Blackhawk St",41.90854,-87.648568,1491,1379,112,3547
"Desplaines St & Kinzie St",41.888716036,-87.6444478533,1491,1379,112,3547
"St. Clair St & Erie St",41.8943451374,-87.6227983832,1491,1146,345,3548
"State St & Kinzie St",41.88918,-87.6277,1491,1146,345,3548
"Franklin St & Jackson Blvd",41.8777079559,-87.6353211408,1491,1217,274,3549
"Franklin St & Monroe St",41.880317,-87.635185,1491,1217,274,3549
"Dearborn Pkwy & Delaware Pl",41.898969,-87.629912,1490,1136,354,3550
"Michigan Ave & Lake St",41.886024,-87.624117,1490,1136,354,3550
"Southport Ave & Roscoe St",41.943739,-87.66402,1490,1152,338,3551
"Wilton Ave & Diversey Pkwy",41.932418,-87.652705,1490,1152,338,3551
"Canal St & Madison St",41.882091,-87.639833,1489,1379,110,3552
"Wells St & Concord Ln",41.912133,-87.634656,1489,1379,110,3552
"DuSable Lake Shore Dr & Wellington Ave",41.9366884495,-87.6368290186,1489,1005,484,3553
"DuSable Lake Shore Dr & Diversey Pkwy",41.932588,-87.636427,1489,1005,484,3553
"Sheridan Rd & Montrose Ave",41.96167,-87.65464,1489,1302,187,3554
"Broadway & Wilson Ave",41.965221,-87.658139,1489,1302,187,3554
"Sheffield Ave & Wellington Ave",41.9362534831,-87.6526620984,1489,1336,153,3555
"Lake Shore Dr & Wellington Ave",41.936669,-87.636794,1489,1336,153,3555
"Michigan Ave & Ida B Wells Dr",41.876203,-87.624464,1488,1088,400,3556
"Indiana Ave & Roosevelt Rd",41.867888,-87.623041,1488,1088,400,3556
"Wells St & Elm St",41.903222,-87.634324,1488,1152,336,3557
"Rush St & Superior St",41.8957647456,-87.6259080327,1488,1152,336,3557
"Green St & Randolph St*",41.8836016573,-87.6486267149,1488,1315,173,3558
"Morgan St & Lake St",41.8854833079,-87.6523048564,1488,1315,173,3558
"Clinton St & Jackson Blvd",41.8783166118,-87.6409810781,1487,1342,145,3559
"Clark St & Lake St",41.8860208277,-87.6308760584,1487,1342,145,3559
"Sheffield Ave & Addison St",41.94688,-87.65445,1487,1225,262,3560
"Sheridan Rd & Irving Park Rd",41.954245,-87.654406,1487,1225,262,3560
"Ashland Ave & Blackhawk St",41.907066,-87.667252,1487,1312,175,3561
"Kingsbury St & Kinzie St",41.8891768326,-87.6385057718,1487,1312,175,3561
"Ritchie Ct & Banks St",41.906866,-87.626217,1487,688,799,3562
"Theater on the Lake",41.926277,-87.630834,1487,688,799,3562
"Sheridan Rd & Irving Park Rd",41.954245,-87.654406,1486,1150,336,3563
"Broadway & Belmont Ave",41.940106,-87.645451,1486,1150,336,3563
"Field Blvd & South Water St",41.8863490627,-87.6175165471,1486,1267,219,3564
"St. Clair St & Erie St",41.8943451374,-87.6227983832,1486,1267,219,3564
"Wentworth Ave & 33rd St",41.8345298856,-87.6318229814,1485,1384,101,3565
"State St & 33rd St",41.834734,-87.625813,1485,1384,101,3565
"Green St & Madison St",41.881859328,-87.6492637396,1485,719,766,3566
"Millennium Park",41.8810317,-87.62408432,1485,719,766,3566
"St. Clair St & Erie St",41.8943451374,-87.6227983832,1485,1124,361,3567
"LaSalle St & Illinois St",41.890762,-87.631697,1485,1124,361,3567
"Damen Ave & Division St",41.90331,-87.67695,1485,1379,106,3568
"Western Ave & Walton St",41.8984176894,-87.6865960164,1485,1379,106,3568
"Franklin St & Jackson Blvd",41.8777079559,-87.6353211408,1483,1204,279,3569
"Michigan Ave & 14th St",41.864059,-87.623727,1483,1204,279,3569
"State St & Randolph St",41.8847302006,-87.6277335692,1483,1267,216,3570
"LaSalle St & Jackson Blvd",41.87817,-87.631985,1483,1267,216,3570
"Wabash Ave & Wacker Pl",41.886875,-87.62603,1482,1161,321,3571
"State St & Pearson St",41.897448,-87.628722,1482,1161,321,3571
"Ashland Ave & Chicago Ave",41.895966,-87.667747,1482,1362,120,3572
"Mies van der Rohe Way & Chicago Ave",41.89691,-87.621743,1482,1362,120,3572
"Hermitage Ave & Polk St",41.871514,-87.669886,1481,1427,54,3573
"Peoria St & Jackson Blvd",41.877749,-87.649633,1481,1427,54,3573
"Lincoln Ave & Diversey Pkwy",41.932225,-87.658617,1481,1071,410,3574
"Racine Ave & Fullerton Ave",41.925566,-87.658416,1481,1071,410,3574
"Clark St & Armitage Ave",41.918306,-87.636282,1481,566,915,3575
"Cannon Dr & Fullerton Ave",41.9267559875,-87.6344287848,1481,566,915,3575
"Halsted St & Polk St",41.87184,-87.64664,1481,1321,160,3576
"Clinton St & Washington Blvd",41.88338,-87.64117,1481,1321,160,3576
"Millennium Park",41.8810317,-87.62408432,1481,464,1017,3577
"Clark St & Lake St",41.8860208277,-87.6308760584,1481,464,1017,3577
"Larrabee St & North Ave",41.91021,-87.6435,1480,1230,250,3578
"Wells St & Evergreen Ave",41.906724,-87.63483,1480,1230,250,3578
"Wells St & Evergreen Ave",41.906724,-87.63483,1479,1126,353,3579
"Sheffield Ave & Webster Ave",41.92154,-87.653818,1479,1126,353,3579
"Clark St & Elmdale Ave",41.9908604481,-87.66972363,1479,1387,92,3580
"Ravenswood Ave & Lawrence Ave",41.96909,-87.674237,1479,1387,92,3580
"Clark St & Randolph St",41.884576228,-87.63188991,1479,1394,85,3581
"Wacker Dr & Washington St Corral",41.88316,-87.63736,1479,1394,85,3581
"Michigan Ave & 14th St",41.864059,-87.623727,1478,1348,130,3582
"MLK Jr Dr & 29th St",41.842052,-87.617,1478,1348,130,3582
"Southport Ave & Wrightwood Ave",41.928773,-87.663913,1478,1278,200,3583
"Wilton Ave & Diversey Pkwy",41.932418,-87.652705,1478,1278,200,3583
"Wilton Ave & Belmont Ave",41.94018,-87.65304,1478,934,544,3584
"Clark St & Lincoln Ave",41.915689,-87.6346,1478,934,544,3584
"Clinton St & Tilden St",41.875885,-87.640795,1477,1417,60,3585
"Franklin St & Monroe St",41.880317,-87.635185,1477,1417,60,3585
"Desplaines St & Randolph St",41.883703,-87.644238,1477,1318,159,3586
"Franklin St & Lake St",41.885837,-87.6355,1477,1318,159,3586
"Stetson Ave & South Water St",41.886835,-87.62232,1477,1394,83,3587
"Canal St & Monroe St",41.8807,-87.63947,1477,1394,83,3587
"Rush St & Cedar St",41.9023087012,-87.627690528,1477,1029,448,3588
"LaSalle St & Illinois St",41.890762,-87.631697,1477,1029,448,3588
"Wells St & Hubbard St",41.889906,-87.634266,1477,547,930,3589
"Streeter Dr & Grand Ave",41.892278,-87.612043,1477,547,930,3589
"Michigan Ave & 8th St",41.872773,-87.623981,1477,538,939,3590
"Michigan Ave & Washington St",41.8839840647,-87.6246839762,1477,538,939,3590
"Damen Ave & Pierce Ave",41.9093960065,-87.6776919292,1477,1141,336,3591
"Ashland Ave & Chicago Ave",41.895966,-87.667747,1477,1141,336,3591
"Desplaines St & Jackson Blvd",41.8781189009,-87.6439476013,1476,1409,67,3592
"Wolcott Ave & Polk St",41.871262,-87.673688,1476,1409,67,3592
"Kingsbury St & Kinzie St",41.8891768326,-87.6385057718,1476,1253,223,3593
"Noble St & Milwaukee Ave",41.90068,-87.6626,1476,1253,223,3593
"Dearborn St & Erie St",41.893992,-87.629318,1476,1278,198,3594
"LaSalle St & Illinois St",41.890749,-87.63206,1476,1278,198,3594
"Desplaines St & Jackson Blvd",41.8781189009,-87.6439476013,1475,1308,167,3595
"Clinton St & Roosevelt Rd",41.8671177825,-87.6410879593,1475,1308,167,3595
"Canal St & Adams St",41.879255,-87.639904,1475,1256,219,3596
"Franklin St & Monroe St",41.880317,-87.635185,1475,1256,219,3596
"Dayton St & North Ave",41.9105780349,-87.6494219288,1475,1125,350,3597
"Wood St & Milwaukee Ave",41.907655,-87.672552,1475,1125,350,3597
"Sedgwick St & Huron St",41.894666,-87.638437,1475,1137,338,3598
"Wells St & Evergreen Ave",41.906724,-87.63483,1475,1137,338,3598
"State St & Pearson St",41.897448,-87.628722,1474,1382,92,3599
"Franklin St & Chicago Ave",41.89679,-87.63564,1474,1382,92,3599
"Fairbanks Ct & Grand Ave",41.89186,-87.62062,1473,1144,329,3600
"Dearborn St & Adams St",41.8793563587,-87.6297910363,1473,1144,329,3600
"Franklin St & Monroe St",41.880317,-87.635185,1473,1243,230,3601
"Rush St & Superior St",41.8957647456,-87.6259080327,1473,1243,230,3601
"Clark St & Randolph St",41.884576228,-87.63188991,1472,1260,212,3602
"Wabash Ave & Roosevelt Rd",41.867227,-87.625961,1472,1260,212,3602
"Clark St & Wellington Ave",41.9364968219,-87.6475386582,1472,1222,250,3603
"Stockton Dr & Wrightwood Ave",41.93132,-87.638742,1472,1222,250,3603
"Halsted St & Clybourn Ave",41.909668,-87.648128,1471,1263,208,3604
"Wells St & Huron St",41.8947953,-87.6343743,1471,1263,208,3604
"Franklin St & Jackson Blvd",41.8777079559,-87.6353211408,1471,875,596,3605
"Fairbanks Ct & Grand Ave",41.89186,-87.62062,1471,875,596,3605
"Broadway & Cornelia Ave",41.945529,-87.646439,1470,1204,266,3606
"Sheridan Rd & Irving Park Rd",41.954245,-87.654406,1470,1204,266,3606
"State St & Kinzie St",41.88918,-87.6277,1470,1237,233,3607
"Wells St & Concord Ln",41.912133,-87.634656,1470,1237,233,3607
"Larrabee St & North Ave",41.91021,-87.6435,1469,1267,202,3608
"Larrabee St & Division St",41.90348607,-87.6433534936,1469,1267,202,3608
"LaSalle St & Washington St",41.882664,-87.63253,1469,1226,243,3609
"State St & Kinzie St",41.88918,-87.6277,1469,1226,243,3609
"Peoria St & Jackson Blvd",41.877749,-87.649633,1468,1302,166,3610
"Dearborn St & Adams St",41.8793563587,-87.6297910363,1468,1302,166,3610
"Wells St & Huron St",41.8947953,-87.6343743,1468,1221,247,3611
"Larrabee St & Oak St",41.9002194932,-87.6429854676,1468,1221,247,3611
"Sangamon St & Washington Blvd",41.883004,-87.651148,1467,1427,40,3612
"Peoria St & Jackson Blvd",41.877749,-87.649633,1467,1427,40,3612
"Blue Island Ave & 18th St",41.857556,-87.661535,1466,1324,142,3613
"Halsted St & Polk St",41.87184,-87.64664,1466,1324,142,3613
"Morgan St & Polk St",41.871737,-87.65103,1466,1401,65,3614
"Ashland Ave & 13th St",41.865234,-87.666507,1466,1401,65,3614
"Lake Shore Dr & Belmont Ave",41.940775,-87.639192,1466,1445,21,3615
"Franklin St & Lake St",41.885837,-87.6355,1466,1445,21,3615
"Lake Shore Dr & Diversey Pkwy",41.932684,-87.63625,1466,948,518,3616
"Lakefront Trail & Bryn Mawr Ave",41.9840441152,-87.6522812247,1466,948,518,3616
"Bissell St & Armitage Ave",41.91844,-87.65222,1466,1355,111,3617
"Halsted St & Willow St",41.913778,-87.64884,1466,1355,111,3617
"Halsted St & Wrightwood Ave",41.929143,-87.649077,1465,1037,428,3618
"Dayton St & North Ave",41.9105780349,-87.6494219288,1465,1037,428,3618
"Lake Shore Dr & Belmont Ave",41.940775,-87.639192,1465,938,527,3619
"Southport Ave & Roscoe St",41.943739,-87.66402,1465,938,527,3619
"Michigan Ave & Lake St",41.886024,-87.624117,1465,998,467,3620
"Rush St & Superior St",41.8957647456,-87.6259080327,1465,998,467,3620
"Stetson Ave & South Water St",41.886835,-87.62232,1465,768,697,3621
"Michigan Ave & Pearson St",41.89766,-87.62351,1465,768,697,3621
"Wells St & Walton St",41.89993001,-87.63443007,1465,1240,225,3622
"Franklin St & Lake St",41.885837,-87.6355,1465,1240,225,3622
"Clark St & Chicago Ave",41.896544,-87.630931,1465,1390,75,3623
"Franklin St & Monroe St",41.880317,-87.635185,1465,1390,75,3623
"Kingsbury St & Kinzie St",41.8891768326,-87.6385057718,1464,1149,315,3624
"Ogden Ave & Chicago Ave",41.896362458,-87.6540612729,1464,1149,315,3624
"Clark St & Drummond Pl",41.931248,-87.644336,1464,975,489,3625
"Lincoln Ave & Fullerton Ave",41.9241610291,-87.6463803649,1464,975,489,3625
"Southport Ave & Roscoe St",41.943739,-87.66402,1463,994,469,3626
"Halsted St & Wrightwood Ave",41.929143,-87.649077,1463,994,469,3626
"Sedgwick St & Webster Ave",41.922167,-87.638888,1463,1059,404,3627
"Stockton Dr & Wrightwood Ave",41.93132,-87.638742,1463,1059,404,3627
"Adler Planetarium",41.866095,-87.607267,1463,217,1246,3628
"Michigan Ave & Lake St",41.886024,-87.624117,1463,217,1246,3628
"Clinton St & Madison St",41.8827519657,-87.6411902905,1462,1429,33,3629
"Ogden Ave & Congress Pkwy",41.87501,-87.67328,1462,1429,33,3629
"Wells St & Concord Ln",41.912133,-87.634656,1462,1228,234,3630
"Hampden Ct & Diversey Pkwy",41.93262,-87.642385,1462,1228,234,3630
"Wells St & Elm St",41.903222,-87.634324,1462,1095,367,3631
"Wabash Ave & Grand Ave",41.891466,-87.626761,1462,1095,367,3631
"Southport Ave & Irving Park Rd",41.954177,-87.664358,1462,1258,204,3632
"Broadway & Sheridan Rd",41.952833,-87.649993,1462,1258,204,3632
"Wentworth Ave & Archer Ave",41.854564,-87.631937,1462,812,650,3633
"Calumet Ave & 18th St",41.857611,-87.619407,1462,812,650,3633
"Desplaines St & Kinzie St",41.888716036,-87.6444478533,1461,1121,340,3634
"Clark St & Elm St",41.903233,-87.631253,1461,1121,340,3634
"Artesian Ave & Hubbard St",41.8895,-87.688257,1461,1365,96,3635
"Western Ave & Walton St",41.8984176894,-87.6865960164,1461,1365,96,3635
"Wells St & Walton St",41.89993001,-87.63443007,1461,1311,150,3636
"Clinton St & Madison St",41.8827519657,-87.6411902905,1461,1311,150,3636
"Racine Ave & Wrightwood Ave",41.928887,-87.658971,1460,1203,257,3637
"Clifton Ave & Armitage Ave",41.918216,-87.656936,1460,1203,257,3637
"Clinton St & Washington Blvd",41.88338,-87.64117,1460,1393,67,3638
"Clinton St & Polk St",41.8714665178,-87.6409491327,1460,1393,67,3638
"Michigan Ave & Jackson Blvd",41.87785,-87.62408,1460,1319,141,3639
"Canal St & Jackson Blvd",41.87811421,-87.63997112,1460,1319,141,3639
"Broadway & Waveland Ave",41.949074,-87.648636,1459,1081,378,3640
"Halsted St & Wrightwood Ave",41.929143,-87.649077,1459,1081,378,3640
"Wabash Ave & Adams St",41.8794723523,-87.6256886059,1458,1243,215,3641
"Wabash Ave & 16th St",41.860384,-87.625813,1458,1243,215,3641
"Columbus Dr & Randolph St",41.884728,-87.619521,1458,1322,136,3642
"Franklin St & Arcade Pl",41.881131,-87.635185,1458,1322,136,3642
"Greenview Ave & Diversey Pkwy",41.932595,-87.665939,1458,1324,134,3643
"Sheffield Ave & Fullerton Ave",41.9256018819,-87.6537080423,1458,1324,134,3643
"Michigan Ave & Washington St",41.8838927658,-87.6246491409,1456,959,497,3644
"Clark St & Elm St",41.903233,-87.631253,1456,959,497,3644
"Wells St & Elm St",41.903222,-87.634324,1455,1158,297,3645
"Clark St & Lake St",41.8860208277,-87.6308760584,1455,1158,297,3645
"Orleans St & Merchandise Mart Plaza",41.888243,-87.63639,1455,1031,424,3646
"Wabash Ave & Grand Ave",41.891466,-87.626761,1455,1031,424,3646
"Michigan Ave & Pearson St",41.89766,-87.62351,1454,855,599,3647
"Dearborn St & Monroe St",41.881319815,-87.6295209193,1454,855,599,3647
"Halsted St & Willow St",41.913778,-87.64884,1454,1258,196,3648
"Wells St & Concord Ln",41.912133,-87.634656,1454,1258,196,3648
"Michigan Ave & Oak St",41.90096039,-87.62377664,1454,486,968,3649
"State St & Randolph St",41.8847302006,-87.6277335692,1454,486,968,3649
"Clinton St & Washington Blvd",41.88338,-87.64117,1454,1270,184,3650
"Clark St & Armitage Ave",41.918306,-87.636282,1454,1270,184,3650
"Sheffield Ave & Fullerton Ave",41.9256018819,-87.6537080423,1454,1164,290,3651
"Stockton Dr & Wrightwood Ave",41.93132,-87.638742,1454,1164,290,3651
"Federal St & Polk St",41.8720776329,-87.6295437729,1453,1163,290,3652
"Wabash Ave & Adams St",41.8794723523,-87.6256886059,1453,1163,290,3652
"Michigan Ave & 18th St",41.857926,-87.624336,1453,1164,289,3653
"Wabash Ave & 9th St",41.870769,-87.625734,1453,1164,289,3653
"Clinton St & Washington Blvd",41.88338,-87.64117,1453,1361,92,3654
"Green St & Randolph St",41.884078,-87.648684,1453,1361,92,3654
"Sedgwick St & Huron St",41.894666,-87.638437,1453,1255,198,3655
"Wells St & Hubbard St",41.889906,-87.634266,1453,1255,198,3655
"Halsted St & Roscoe St",41.94367,-87.64895,1453,1132,321,3656
"Racine Ave & Belmont Ave",41.939743,-87.658865,1453,1132,321,3656
"Wells St & Walton St",41.89993001,-87.63443007,1452,772,680,3657
"Michigan Ave & Oak St",41.90096039,-87.62377664,1452,772,680,3657
"Halsted St & Diversey Pkwy",41.933341,-87.648747,1452,782,670,3658
"Theater on the Lake",41.926277,-87.630834,1452,782,670,3658
"Broadway & Cornelia Ave",41.945529,-87.646439,1452,1175,277,3659
"Sheffield Ave & Wellington Ave",41.9362534831,-87.6526620984,1452,1175,277,3659
"Lincoln Ave & Fullerton Ave",41.925905,-87.64926,1452,1172,280,3660
"Wilton Ave & Belmont Ave",41.94018,-87.65304,1452,1172,280,3660
"Damen Ave & Pierce Ave",41.9093960065,-87.6776919292,1451,1159,292,3661
"Damen Ave & Clybourn Ave",41.931931,-87.677856,1451,1159,292,3661
"Harper Ave & 59th St",41.7879428129,-87.5883151702,1451,1259,192,3662
"Lake Park Ave & 53rd St",41.7994942937,-87.5864498959,1451,1259,192,3662
"Wood St & Chicago Ave",41.895634,-87.672069,1451,1229,222,3663
"Ashland Ave & Lake St",41.88592,-87.66717,1451,1229,222,3663
"Franklin St & Lake St",41.885837,-87.6355,1451,1268,183,3664
"Clark St & Lincoln Ave",41.915689,-87.6346,1451,1268,183,3664
"Morgan St & Lake St",41.8854833079,-87.6523048564,1451,1408,43,3665
"900 W Harrison St",41.874754,-87.649807,1451,1408,43,3665
"Sheffield Ave & Wellington Ave",41.936253,-87.653566,1451,1083,368,3666
"Sheffield Ave & Addison St",41.94688,-87.65445,1451,1083,368,3666
"Lake Shore Dr & Diversey Pkwy",41.932684,-87.63625,1450,1163,287,3667
"Clark St & Wellington Ave",41.9364968219,-87.6475386582,1450,1163,287,3667
"Halsted St & Roscoe St",41.94367,-87.64895,1450,1174,276,3668
"Halsted St & Waveland Ave",41.949375,-87.649626,1450,1174,276,3668
"Canal St & Adams St",41.879255,-87.639904,1449,1264,185,3669
"Halsted St & Maxwell St",41.864883,-87.647071,1449,1264,185,3669
"Sheffield Ave & Waveland Ave",41.949399,-87.654529,1449,511,938,3670
"Montrose Harbor",41.963982,-87.638181,1449,511,938,3670
"Wabash Ave & 16th St",41.860384,-87.625813,1449,1146,303,3671
"Michigan Ave & 14th St",41.864059,-87.623727,1449,1146,303,3671
"Kingsbury St & Kinzie St",41.8891768326,-87.6385057718,1448,1320,128,3672
"LaSalle St & Jackson Blvd",41.878166,-87.631929,1448,1320,128,3672
"Lakeview Ave & Fullerton Pkwy",41.925858,-87.638973,1448,894,554,3673
"Wells St & Evergreen Ave",41.906724,-87.63483,1448,894,554,3673
"Cityfront Plaza Dr & Pioneer Ct",41.890573,-87.622072,1448,850,598,3674
"Michigan Ave & Madison St",41.882134,-87.625125,1448,850,598,3674
"Greenview Ave & Jarvis Ave",42.015962,-87.66857,1447,1270,177,3675
"Clark St & Jarvis Ave",42.015963,-87.675005,1447,1270,177,3675
"Campbell Ave & North Ave",41.910535,-87.689556,1447,1265,182,3676
"Marshfield Ave & Cortland St",41.916017,-87.668879,1447,1265,182,3676
"Columbus Dr & Randolph St",41.884728,-87.619521,1447,956,491,3677
"Clark St & Armitage Ave",41.918306,-87.636282,1447,956,491,3677
"Carpenter St & Huron St",41.894556,-87.653449,1446,1375,71,3678
"Canal St & Madison St",41.882091,-87.639833,1446,1375,71,3678
"Jefferson St & Monroe St",41.880422,-87.642746,1446,1402,44,3679
"Desplaines St & Randolph St",41.883703,-87.644238,1446,1402,44,3679
"Ravenswood Ave & Irving Park Rd",41.95469,-87.67393,1446,1175,271,3680
"Southport Ave & Waveland Ave",41.94815,-87.66394,1446,1175,271,3680
"Michigan Ave & Oak St",41.90096039,-87.62377664,1446,706,740,3681
"Broadway & Waveland Ave",41.949074,-87.648636,1446,706,740,3681
"Streeter Dr & Grand Ave",41.892278,-87.612043,1446,384,1062,3682
"Clark St & Randolph St",41.884576228,-87.63188991,1446,384,1062,3682
"Milwaukee Ave & Grand Ave",41.891578,-87.648384,1445,1187,258,3683
"Ogden Ave & Race Ave",41.891795,-87.658751,1445,1187,258,3683
"Federal St & Polk St",41.8720776329,-87.6295437729,1445,1271,174,3684
"Columbus Dr & Randolph St",41.884728,-87.619521,1445,1271,174,3684
"Theater on the Lake",41.926277,-87.630834,1445,682,763,3685
"DuSable Lake Shore Dr & Wellington Ave",41.9366884495,-87.6368290186,1445,682,763,3685
"Clinton St & Madison St",41.8827519657,-87.6411902905,1445,1335,110,3686
"Orleans St & Hubbard St",41.890028,-87.636618,1445,1335,110,3686
"Peoria St & Jackson Blvd",41.877749,-87.649633,1445,1387,58,3687
"Franklin St & Monroe St",41.880317,-87.635185,1445,1387,58,3687
"LaSalle St & Washington St",41.882664,-87.63253,1445,1144,301,3688
"Franklin St & Jackson Blvd",41.8777079559,-87.6353211408,1445,1144,301,3688
"Streeter Dr & Grand Ave",41.892278,-87.612043,1444,707,737,3689
"Fairbanks St & Superior St",41.895748,-87.620104,1444,707,737,3689
"Michigan Ave & Jackson Blvd",41.87785,-87.62408,1444,173,1271,3690
"Michigan Ave & Congress Pkwy",41.8760656,-87.62443336,1444,173,1271,3690
"Broadway & Argyle St",41.97423,-87.6597735,1443,1222,221,3691
"Broadway & Wilson Ave",41.965221,-87.658139,1443,1222,221,3691
"Clark St & Wellington Ave",41.9364968219,-87.6475386582,1443,1294,149,3692
"Lincoln Ave & Fullerton Ave",41.925905,-87.64926,1443,1294,149,3692
"State St & Randolph St",41.8847302006,-87.6277335692,1443,1204,239,3693
"Field Blvd & South Water St",41.8863490627,-87.6175165471,1443,1204,239,3693
"Clark St & Chicago Ave",41.896544,-87.630931,1443,1180,263,3694
"Michigan Ave & Lake St",41.886024,-87.624117,1443,1180,263,3694
"Desplaines St & Kinzie St",41.888716036,-87.6444478533,1442,1207,235,3695
"Clark St & Randolph St",41.884576228,-87.63188991,1442,1207,235,3695
"Clark St & North Ave",41.911974,-87.631942,1442,1000,442,3696
"Hampden Ct & Diversey Pkwy",41.93262,-87.642385,1442,1000,442,3696
"Sheffield Ave & Webster Ave",41.92154,-87.653818,1441,1114,327,3697
"Wilton Ave & Belmont Ave",41.94018,-87.65304,1441,1114,327,3697
"Clinton St & Washington Blvd",41.88338,-87.64117,1441,1421,20,3698
"Ogden Ave & Congress Pkwy",41.87501,-87.67328,1441,1421,20,3698
"Kingsbury St & Kinzie St",41.8891768326,-87.6385057718,1441,1043,398,3699
"State St & Kinzie St",41.8893754666,-87.6270765066,1441,1043,398,3699
"Halsted St & Fulton St",41.886871,-87.648089,1441,867,574,3700
"Clinton St & Washington Blvd",41.88338,-87.64117,1441,867,574,3700
"Clark St & Armitage Ave",41.918306,-87.636282,1441,1024,417,3701
"McClurg Ct & Erie St",41.894503,-87.617854,1441,1024,417,3701
"Hampden Ct & Diversey Pkwy",41.93262,-87.642385,1441,1259,182,3702
"Halsted St & Roscoe St",41.94367,-87.64895,1441,1259,182,3702
"Clinton St & Tilden St",41.875885,-87.640795,1440,1355,85,3703
"Dearborn St & Monroe St",41.881319815,-87.6295209193,1440,1355,85,3703
"Larrabee St & Kingsbury St",41.897764,-87.642884,1440,1349,91,3704
"LaSalle St & Jackson Blvd",41.878166,-87.631929,1440,1349,91,3704
"Wells St & Polk St",41.872373,-87.633523,1440,1387,53,3705
"Canal St & Madison St",41.882091,-87.639833,1440,1387,53,3705
"Sangamon St & Washington Blvd",41.883165,-87.6511,1439,1101,338,3706
"Kingsbury St & Kinzie St",41.8891768326,-87.6385057718,1439,1101,338,3706
"Fort Dearborn Dr & 31st St",41.838556,-87.608218,1439,784,655,3707
"Calumet Ave & 18th St",41.857611,-87.619407,1439,784,655,3707
"Clark St & Wrightwood Ave",41.929546,-87.643118,1439,893,546,3708
"Clark St & Grace St",41.95078,-87.659172,1439,893,546,3708
"Southport Ave & Roscoe St",41.943739,-87.66402,1439,1109,330,3709
"Broadway & Waveland Ave",41.949074,-87.648636,1439,1109,330,3709
"Clark St & Congress Pkwy",41.8759326655,-87.6305845355,1439,1330,109,3710
"Michigan Ave & Oak St",41.90096039,-87.62377664,1439,1330,109,3710
"Broadway & Cornelia Ave",41.945529,-87.646439,1439,980,459,3711
"Pine Grove Ave & Waveland Ave",41.9494727409,-87.6464527845,1439,980,459,3711
"Milwaukee Ave & Wabansia Ave",41.912616,-87.681391,1438,975,463,3712
"Spaulding Ave & Armitage Ave",41.9171080348,-87.7102209628,1438,975,463,3712
"Clark St & Wrightwood Ave",41.929546,-87.643118,1438,1151,287,3713
"Clark St & Drummond Pl",41.931248,-87.644336,1438,1151,287,3713
"Clark St & Elm St",41.903233,-87.631253,1438,1016,422,3714
"Clark St & Drummond Pl",41.931248,-87.644336,1438,1016,422,3714
"Michigan Ave & Lake St",41.886024,-87.624117,1438,1321,117,3715
"Clinton St & Lake St",41.885637,-87.641823,1438,1321,117,3715
"Michigan Ave & Washington St",41.8839840647,-87.6246839762,1438,157,1281,3716
"Shedd Aquarium",41.8672259568,-87.6153553902,1438,157,1281,3716
"Broadway & Wilson Ave",41.965485,-87.657238,1438,942,496,3717
"Montrose Harbor",41.963982,-87.638181,1438,942,496,3717
"Milwaukee Ave & Wabansia Ave",41.912616,-87.681391,1438,1195,243,3718
"Damen Ave & Division St",41.90331,-87.67695,1438,1195,243,3718
"Broadway & Argyle St",41.97423,-87.6597735,1437,1194,243,3719
"Broadway & Thorndale Ave",41.9897425114,-87.6601406209,1437,1194,243,3719
"State St & Randolph St",41.8847302006,-87.6277335692,1437,1323,114,3720
"Clark St & Schiller St",41.907993,-87.631501,1437,1323,114,3720
"Canal St & Madison St",41.882091,-87.639833,1437,1249,188,3721
"Rush St & Superior St",41.8957647456,-87.6259080327,1437,1249,188,3721
"Clark St & Randolph St",41.884576228,-87.63188991,1437,1277,160,3722
"Green St & Madison St",41.881859328,-87.6492637396,1437,1277,160,3722
"Larrabee St & Kingsbury St",41.897764,-87.642884,1437,1305,132,3723
"Sheffield Ave & Kingsbury St",41.910522,-87.653106,1437,1305,132,3723
"Clark St & Leland Ave",41.967096,-87.667429,1437,1373,64,3724
"Broadway & Wilson Ave",41.965485,-87.657238,1437,1373,64,3724
"Wells St & Elm St",41.903222,-87.634324,1436,1256,180,3725
"McClurg Ct & Erie St",41.894503,-87.617854,1436,1256,180,3725
"Clinton St & Washington Blvd",41.88338,-87.64117,1436,1180,256,3726
"Franklin St & Illinois St",41.8910233103,-87.6354798675,1436,1180,256,3726
"Franklin St & Monroe St",41.880317,-87.635185,1436,1376,60,3727
"LaSalle St & Jackson Blvd",41.87817,-87.631985,1436,1376,60,3727
"Lincoln Ave & Diversey Pkwy",41.932225,-87.658617,1435,1246,189,3728
"Burling St & Diversey Pkwy",41.93314,-87.64776,1435,1246,189,3728
"Streeter Dr & Grand Ave",41.892278,-87.612043,1435,525,910,3729
"Calumet Ave & 18th St",41.857611,-87.619407,1435,525,910,3729
"California Ave & Cortez St",41.900363,-87.696704,1434,836,598,3730
"California Ave & Milwaukee Ave",41.922695,-87.697153,1434,836,598,3730
"Clarendon Ave & Junior Ter",41.961004,-87.649603,1434,1059,375,3731
"Broadway & Belmont Ave",41.940106,-87.645451,1434,1059,375,3731
"Clarendon Ave & Junior Ter",41.961004,-87.649603,1433,1272,161,3732
"Wilton Ave & Belmont Ave",41.94018,-87.65304,1433,1272,161,3732
"Ritchie Ct & Banks St",41.906866,-87.626217,1433,1147,286,3733
"Wells St & Concord Ln",41.912133,-87.634656,1433,1147,286,3733
"New St & Illinois St",41.8908470406,-87.6186168194,1433,683,750,3734
"LaSalle St & Illinois St",41.890762,-87.631697,1433,683,750,3734
"Clark St & Elm St",41.903233,-87.631253,1433,1233,200,3735
"Franklin St & Jackson Blvd",41.8777079559,-87.6353211408,1433,1233,200,3735
"Canal St & Monroe St",41.8807,-87.63947,1433,1330,103,3736
"Clark St & Elm St",41.903233,-87.631253,1433,1330,103,3736
"Carpenter St & Huron St",41.894556,-87.653449,1432,1205,227,3737
"Canal St & Adams St",41.879255,-87.639904,1432,1205,227,3737
"Larrabee St & Menomonee St",41.91468,-87.64332,1432,1242,190,3738
"Larrabee St & Kingsbury St",41.897764,-87.642884,1432,1242,190,3738
"Eckhart Park",41.89637337,-87.66098386,1431,1384,47,3739
"McClurg Ct & Erie St",41.894503,-87.617854,1431,1384,47,3739
"Kimbark Ave & 53rd St",41.7994549,-87.5947779,1431,1125,306,3740
"Woodlawn Ave & 55th St",41.795264,-87.596471,1431,1125,306,3740
"Pine Grove Ave & Irving Park Rd",41.954383,-87.648043,1431,1216,215,3741
"Sheridan Rd & Buena Ave",41.958494,-87.654966,1431,1216,215,3741
"Desplaines St & Kinzie St",41.888716036,-87.6444478533,1431,1360,71,3742
"Clinton St & Tilden St",41.875885,-87.640795,1431,1360,71,3742
"LaSalle St & Adams St",41.8793443735,-87.6319852213,1431,280,1151,3743
"Millennium Park",41.8810317,-87.62408432,1431,280,1151,3743
"Michigan Ave & 8th St",41.872773,-87.623981,1431,772,659,3744
"Wabash Ave & 9th St",41.870769,-87.625734,1431,772,659,3744
"Broadway & Cornelia Ave",41.945529,-87.646439,1431,995,436,3745
"Clark St & Grace St",41.95078,-87.659172,1431,995,436,3745
"Dearborn St & Erie St",41.893992,-87.629318,1431,1094,337,3746
"Green St & Randolph St*",41.8836016573,-87.6486267149,1431,1094,337,3746
"Jefferson St & Monroe St",41.880422,-87.642746,1430,1376,54,3747
"Desplaines St & Jackson Blvd",41.8781189009,-87.6439476013,1430,1376,54,3747
"Broadway & Sheridan Rd",41.952833,-87.649993,1430,1262,168,3748
"Clarendon Ave & Gordon Ter",41.9578665242,-87.6495051384,1430,1262,168,3748
"Kingsbury St & Kinzie St",41.8891768326,-87.6385057718,1430,1295,135,3749
"Stetson Ave & South Water St",41.886835,-87.62232,1430,1295,135,3749
"Clark St & Wellington Ave",41.9364968219,-87.6475386582,1430,941,489,3750
"Clark St & North Ave",41.911974,-87.631942,1430,941,489,3750
"DuSable Lake Shore Dr & Belmont Ave",41.940775,-87.639192,1430,808,622,3751
"Lakefront Trail & Bryn Mawr Ave",41.9840441152,-87.6522812247,1430,808,622,3751
"Wabash Ave & Grand Ave",41.891466,-87.626761,1430,1203,227,3752
"Kingsbury St & Erie St",41.8939139,-87.6417358,1430,1203,227,3752
"Lakeview Ave & Fullerton Pkwy",41.925858,-87.638973,1430,657,773,3753
"Millennium Park",41.8810317,-87.62408432,1430,657,773,3753
"Woodlawn Ave & 55th St",41.795264,-87.596471,1429,1063,366,3754
"Prairie Ave & Garfield Blvd",41.794853,-87.618691,1429,1063,366,3754
"Desplaines St & Kinzie St",41.888716036,-87.6444478533,1429,1136,293,3755
"Wells St & Concord Ln",41.912133,-87.634656,1429,1136,293,3755
"Dearborn Pkwy & Delaware Pl",41.899007,-87.629928,1429,1017,412,3756
"Wells St & Elm St",41.903222,-87.634324,1429,1017,412,3756
"Lake Shore Dr & North Blvd",41.911722,-87.626804,1429,1122,307,3757
"Larrabee St & Menomonee St",41.91468,-87.64332,1429,1122,307,3757
"Wood St & Hubbard St",41.889715,-87.671966,1429,1337,92,3758
"Damen Ave & Chicago Ave",41.895769,-87.67722,1429,1337,92,3758
"Michigan Ave & Lake St",41.886022,-87.624398,1429,322,1107,3759
"Millennium Park",41.8810317,-87.62408432,1429,322,1107,3759
"Clarendon Ave & Gordon Ter",41.957879,-87.649519,1428,1162,266,3760
"Clarendon Ave & Junior Ter",41.961004,-87.649603,1428,1162,266,3760
"Streeter Dr & Illinois St",41.891071,-87.6122,1428,398,1030,3761
"Wabash Ave & Roosevelt Rd",41.867227,-87.625961,1428,398,1030,3761
"Dearborn Pkwy & Delaware Pl",41.898969,-87.629912,1428,524,904,3762
"Millennium Park",41.8810317,-87.62408432,1428,524,904,3762
"Southport Ave & Wellington Ave",41.935733,-87.663576,1428,948,480,3763
"Clark St & Lincoln Ave",41.915689,-87.6346,1428,948,480,3763
"Sheridan Rd & Buena Ave",41.958494,-87.654966,1427,1106,321,3764
"Halsted St & Roscoe St",41.94367,-87.64895,1427,1106,321,3764
"Lake Shore Dr & Wellington Ave",41.936669,-87.636794,1427,1146,281,3765
"Wells St & Concord Ln",41.912133,-87.634656,1427,1146,281,3765
"Woodlawn Ave & 58th St",41.789381,-87.596479,1427,1069,358,3766
"Ellis Ave & 55th St",41.7943006205,-87.6014497734,1427,1069,358,3766
"Clark St & Armitage Ave",41.918306,-87.636282,1427,983,444,3767
"Wilton Ave & Diversey Pkwy",41.932418,-87.652705,1427,983,444,3767
"Sheffield Ave & Webster Ave",41.92154,-87.653818,1426,1102,324,3768
"Sheffield Ave & Wellington Ave",41.9362534831,-87.6526620984,1426,1102,324,3768
"Stockton Dr & Wrightwood Ave",41.93132,-87.638742,1426,1015,411,3769
"DuSable Lake Shore Dr & Diversey Pkwy",41.932588,-87.636427,1426,1015,411,3769
"Wells St & Polk St",41.8727315423,-87.6335164905,1426,1054,372,3770
"Millennium Park",41.8810317,-87.62408432,1426,1054,372,3770
"Clarendon Ave & Junior Ter",41.961004,-87.649603,1425,761,664,3771
"Lake Shore Dr & Belmont Ave",41.940775,-87.639192,1425,761,664,3771
"Broadway & Barry Ave",41.937582316,-87.644097805,1425,1064,361,3772
"Halsted St & Wrightwood Ave",41.929143,-87.649077,1425,1064,361,3772
"Mies van der Rohe Way & Chestnut St",41.8985866514,-87.6219152258,1425,855,570,3773
"Cityfront Plaza Dr & Pioneer Ct",41.890573,-87.622072,1425,855,570,3773
"Desplaines St & Kinzie St",41.888716036,-87.6444478533,1424,1216,208,3774
"Ada St & Washington Blvd",41.88283,-87.661206,1424,1216,208,3774
"Kingsbury St & Erie St",41.8939139,-87.6417358,1424,1107,317,3775
"Wells St & Concord Ln",41.912133,-87.634656,1424,1107,317,3775
"Orleans St & Merchandise Mart Plaza",41.888243,-87.63639,1424,1266,158,3776
"Sedgwick St & North Ave",41.910983,-87.638525,1424,1266,158,3776
"Broadway & Cornelia Ave",41.945512,-87.64598,1424,757,667,3777
"Michigan Ave & Oak St",41.90096039,-87.62377664,1424,757,667,3777
"Clark St & Armitage Ave",41.918306,-87.636282,1424,930,494,3778
"Wells St & Walton St",41.89993001,-87.63443007,1424,930,494,3778
"Wabash Ave & Wacker Pl",41.886875,-87.62603,1424,253,1171,3779
"Michigan Ave & Washington St",41.8838927658,-87.6246491409,1424,253,1171,3779
"Mies van der Rohe Way & Chicago Ave",41.89691,-87.621743,1424,1332,92,3780
"Clark St & Congress Pkwy",41.8759326655,-87.6305845355,1424,1332,92,3780
"Ashland Ave & Division St",41.90345,-87.667747,1424,822,602,3781
"Lake Shore Dr & North Blvd",41.911722,-87.626804,1424,822,602,3781
"Wood St & Taylor St (Temp)",41.8692652184,-87.6737308502,1423,1246,177,3782
"Morgan St & Polk St",41.871737,-87.65103,1423,1246,177,3782
"Clinton St & Madison St",41.8827519657,-87.6411902905,1422,1349,73,3783
"Wabash Ave & 8th St",41.871962,-87.626106,1422,1349,73,3783
"Wilton Ave & Diversey Pkwy",41.932418,-87.652705,1421,1073,348,3784
"Sheffield Ave & Waveland Ave",41.949399,-87.654529,1421,1073,348,3784
"Lincoln Ave & Fullerton Ave",41.925905,-87.64926,1420,1256,164,3785
"Sheffield Ave & Wrightwood Ave",41.928712,-87.653833,1420,1256,164,3785
"Broadway & Belmont Ave",41.940106,-87.645451,1420,1199,221,3786
"Sheffield Ave & Wellington Ave",41.9362534831,-87.6526620984,1420,1199,221,3786
"Columbus Dr & Randolph St",41.884728,-87.619521,1420,1111,309,3787
"LaSalle St & Illinois St",41.890762,-87.631697,1420,1111,309,3787
"McClurg Ct & Erie St",41.894503,-87.617854,1420,1335,85,3788
"Larrabee St & Kingsbury St",41.897764,-87.642884,1420,1335,85,3788
"Clarendon Ave & Junior Ter",41.961004,-87.649603,1419,745,674,3789
"Michigan Ave & Oak St",41.90096039,-87.62377664,1419,745,674,3789
"Damen Ave & Division St",41.903266,-87.678435,1419,1196,223,3790
"Damen Ave & Chicago Ave",41.895769,-87.67722,1419,1196,223,3790
"Loomis St & Lexington St",41.8722287322,-87.661363855,1419,1299,120,3791
"Racine Ave & Congress Pkwy",41.87464,-87.65703,1419,1299,120,3791
"Adler Planetarium",41.866095,-87.607267,1419,456,963,3792
"Fairbanks Ct & Grand Ave",41.89186,-87.62062,1419,456,963,3792
"Wacker Dr & Washington St Corral",41.88316,-87.63736,1419,1385,34,3793
"Field Blvd & South Water St",41.8863490627,-87.6175165471,1419,1385,34,3793
"Michigan Ave & Washington St",41.8839840647,-87.6246839762,1419,1229,190,3794
"Canal St & Monroe St",41.8807,-87.63947,1419,1229,190,3794
"Kingsbury St & Kinzie St",41.8891768326,-87.6385057718,1418,1213,205,3795
"LaSalle Dr & Huron St",41.894877,-87.632326,1418,1213,205,3795
"Ellis Ave & 58th St",41.788746,-87.601334,1418,1287,131,3796
"Greenwood Ave & 47th St",41.809835,-87.599383,1418,1287,131,3796
"Michigan Ave & Oak St",41.90096039,-87.62377664,1418,901,517,3797
"Clark St & Drummond Pl",41.931248,-87.644336,1418,901,517,3797
"California Ave & Francis Pl",41.91855,-87.69723,1418,1244,174,3798
"Milwaukee Ave & Wabansia Ave",41.912616,-87.681391,1418,1244,174,3798
"Lake Shore Dr & Monroe St",41.880958,-87.616743,1418,465,953,3799
"McClurg Ct & Erie St",41.894503,-87.617854,1418,465,953,3799
"Wells St & Elm St",41.903222,-87.634324,1417,1061,356,3800
"Clark St & Chicago Ave",41.89675,-87.63089,1417,1061,356,3800
"Fairbanks Ct & Grand Ave",41.89186,-87.62062,1417,1168,249,3801
"State St & Pearson St",41.897448,-87.628722,1417,1168,249,3801
"Columbus Dr & Randolph St",41.884728,-87.619521,1417,1183,234,3802
"Wabash Ave & 8th St",41.871962,-87.626106,1417,1183,234,3802
"Sheffield Ave & Wellington Ave",41.9362534831,-87.6526620984,1416,1173,243,3803
"Halsted St & Roscoe St",41.94367,-87.64895,1416,1173,243,3803
"State St & Van Buren St",41.877181,-87.627844,1416,904,512,3804
"State St & Kinzie St",41.88918,-87.6277,1416,904,512,3804
"Kingsbury St & Kinzie St",41.8891768326,-87.6385057718,1415,1283,132,3805
"Ritchie Ct & Banks St",41.906866,-87.626217,1415,1283,132,3805
"Clark St & Schiller St",41.907993,-87.631501,1415,1257,158,3806
"Sedgwick St & Huron St",41.894666,-87.638437,1415,1257,158,3806
"Sheffield Ave & Willow St",41.913688,-87.652855,1415,1243,172,3807
"Larrabee St & Armitage Ave",41.918084,-87.643749,1415,1243,172,3807
"Sheffield Ave & Wrightwood Ave",41.928712,-87.653833,1415,1325,90,3808
"Racine Ave & Fullerton Ave",41.92556258,-87.65840426,1415,1325,90,3808
"Clinton St & Jackson Blvd",41.8783166118,-87.6409810781,1414,1366,48,3809
"Michigan Ave & Washington St",41.8838927658,-87.6246491409,1414,1366,48,3809
"Sheridan Rd & Buena Ave",41.958494,-87.654966,1414,1190,224,3810
"Southport Ave & Irving Park Rd",41.954177,-87.664358,1414,1190,224,3810
"Federal St & Polk St",41.8720776329,-87.6295437729,1414,1127,287,3811
"Clinton St & Roosevelt Rd",41.8671177825,-87.6410879593,1414,1127,287,3811
"Spaulding Ave & Armitage Ave",41.9171080348,-87.7102209628,1414,932,482,3812
"Marshfield Ave & Cortland St",41.916017,-87.668879,1414,932,482,3812
"Wabash Ave & Roosevelt Rd",41.867227,-87.625961,1414,1171,243,3813
"Halsted St & Polk St",41.87184,-87.64664,1414,1171,243,3813
"Canal St & Jackson Blvd",41.877988,-87.640769,1414,1254,160,3814
"Wabash Ave & Roosevelt Rd",41.867227,-87.625961,1414,1254,160,3814
"Dearborn Pkwy & Delaware Pl",41.898969,-87.629912,1414,1307,107,3815
"LaSalle St & Jackson Blvd",41.878166,-87.631929,1414,1307,107,3815
"Clark St & North Ave",41.911974,-87.631942,1413,559,854,3816
"Michigan Ave & Pearson St",41.89766,-87.62351,1413,559,854,3816
"Morgan St & Polk St",41.871737,-87.65103,1413,1145,268,3817
"Peoria St & Jackson Blvd",41.8776415963,-87.6496177912,1413,1145,268,3817
"Morgan St & Lake St",41.8854833079,-87.6523048564,1413,1121,292,3818
"State St & Kinzie St",41.88918,-87.6277,1413,1121,292,3818
"Clinton St & Lake St",41.88583274,-87.64138231,1413,1278,135,3819
"LaSalle St & Illinois St",41.890749,-87.63206,1413,1278,135,3819
"Canal St & Monroe St",41.8807,-87.63947,1412,1347,65,3820
"Rush St & Hubbard St",41.890173,-87.626185,1412,1347,65,3820
"Dearborn St & Erie St",41.893992,-87.629318,1412,1044,368,3821
"Stetson Ave & South Water St",41.886835,-87.62232,1412,1044,368,3821
"Canal St & Madison St",41.882091,-87.639833,1412,1300,112,3822
"Wells St & Evergreen Ave",41.906724,-87.63483,1412,1300,112,3822
"Lake Shore Dr & North Blvd",41.911722,-87.626804,1411,957,454,3823
"Kingsbury St & Kinzie St",41.8891768326,-87.6385057718,1411,957,454,3823
"Indiana Ave & Roosevelt Rd",41.867888,-87.623041,1411,985,426,3824
"Wabash Ave & 9th St",41.870769,-87.625734,1411,985,426,3824
"Larrabee St & Armitage Ave",41.918084,-87.643749,1411,1054,357,3825
"Wells St & Evergreen Ave",41.906724,-87.63483,1411,1054,357,3825
"Michigan Ave & Lake St",41.886022,-87.624398,1411,206,1205,3826
"Streeter Dr & Grand Ave",41.892278,-87.612043,1411,206,1205,3826
"Wabash Ave & 9th St",41.870769,-87.625734,1410,1195,215,3827
"Canal St & Adams St",41.879255,-87.639904,1410,1195,215,3827
"Marine Dr & Ainslie St",41.9716,-87.650154,1410,820,590,3828
"Michigan Ave & Oak St",41.90096039,-87.62377664,1410,820,590,3828
"Clinton St & 18th St",41.85795,-87.640826,1410,1271,139,3829
"Wentworth Ave & Archer Ave",41.854564,-87.631937,1410,1271,139,3829
"Lake Shore Dr & North Blvd",41.911722,-87.626804,1410,956,454,3830
"Larrabee St & North Ave",41.91021,-87.6435,1410,956,454,3830
"Michigan Ave & Washington St",41.8838927658,-87.6246491409,1410,887,523,3831
"Wabash Ave & 8th St",41.871962,-87.626106,1410,887,523,3831
"Clarendon Ave & Junior Ter",41.961004,-87.649603,1409,763,646,3832
"Sheffield Ave & Waveland Ave",41.949399,-87.654529,1409,763,646,3832
"Marine Dr & Ainslie St",41.9716,-87.650154,1409,1232,177,3833
"Broadway & Argyle St",41.97423,-87.6597735,1409,1232,177,3833
"Clark St & Elm St",41.903233,-87.631253,1409,1070,339,3834
"Wells St & Elm St",41.903222,-87.634324,1409,1070,339,3834
"Sedgwick St & North Ave",41.910983,-87.638525,1409,1157,252,3835
"Halsted St & Willow St",41.913865,-87.648755,1409,1157,252,3835
"Canal St & Jackson Blvd",41.877988,-87.640769,1408,1266,142,3836
"Clinton St & Roosevelt Rd",41.8671177825,-87.6410879593,1408,1266,142,3836
"Ashland Ave & Grand Ave",41.891072,-87.666611,1408,1146,262,3837
"Damen Ave & Chicago Ave",41.895769,-87.67722,1408,1146,262,3837
"Wilton Ave & Diversey Pkwy",41.932418,-87.652705,1408,1255,153,3838
"Ashland Ave & Wellington Ave",41.936083,-87.669807,1408,1255,153,3838
"Wabash Ave & Wacker Pl",41.886875,-87.62603,1408,840,568,3839
"Michigan Ave & Madison St",41.882134,-87.625125,1408,840,568,3839
"Michigan Ave & Congress Pkwy",41.8760656,-87.62443336,1407,1125,282,3840
"Canal St & Adams St",41.879255,-87.639904,1407,1125,282,3840
"Canal St & Taylor St",41.870257,-87.639474,1407,1245,162,3841
"Morgan St & Polk St",41.871737,-87.65103,1407,1245,162,3841
"Wells St & Concord Ln",41.912133,-87.634656,1407,994,413,3842
"Sheffield Ave & Fullerton Ave",41.9256018819,-87.6537080423,1407,994,413,3842
"Broadway & Barry Ave",41.937582316,-87.644097805,1407,1191,216,3843
"DuSable Lake Shore Dr & Diversey Pkwy",41.932588,-87.636427,1407,1191,216,3843
"Greenview Ave & Fullerton Ave",41.92533,-87.6658,1407,950,457,3844
"Wilton Ave & Diversey Pkwy",41.932418,-87.652705,1407,950,457,3844
"Clark St & Berwyn Ave",41.9780306225,-87.6685649157,1407,1043,364,3845
"Broadway & Wilson Ave",41.965221,-87.658139,1407,1043,364,3845
"Mies van der Rohe Way & Chicago Ave",41.89691,-87.621743,1406,1027,379,3846
"Indiana Ave & Roosevelt Rd",41.867888,-87.623041,1406,1027,379,3846
"Clark St & Elm St",41.903233,-87.631253,1406,593,813,3847
"Millennium Park",41.8810317,-87.62408432,1406,593,813,3847
"Halsted St & Blackhawk St",41.90854,-87.648568,1406,1346,60,3848
"Sheffield Ave & Willow St",41.913688,-87.652855,1406,1346,60,3848
"Sheffield Ave & Kingsbury St",41.910522,-87.653106,1405,1092,313,3849
"Damen Ave & Pierce Ave",41.9093960065,-87.6776919292,1405,1092,313,3849
"Western Ave & Division St",41.902893,-87.687275,1404,1162,242,3850
"Damen Ave & Division St",41.903266,-87.678435,1404,1162,242,3850
"Clark St & Lincoln Ave",41.915689,-87.6346,1404,1029,375,3851
"State St & Pearson St",41.897448,-87.628722,1404,1029,375,3851
"Sedgwick St & North Ave",41.910983,-87.638525,1404,1084,320,3852
"Clark St & Wrightwood Ave",41.929546,-87.643118,1404,1084,320,3852
"LaSalle St & Washington St",41.882664,-87.63253,1403,1266,137,3853
"Desplaines St & Kinzie St",41.888716036,-87.6444478533,1403,1266,137,3853
"Lincoln Park Conservatory",41.9239313114,-87.6358245313,1403,475,928,3854
"DuSable Lake Shore Dr & North Blvd",41.911722,-87.626804,1403,475,928,3854
"Michigan Ave & Oak St",41.90096039,-87.62377664,1403,886,517,3855
"Halsted St & Wrightwood Ave",41.929143,-87.649077,1403,886,517,3855
"Racine Ave & Wrightwood Ave",41.928887,-87.658971,1403,1297,106,3856
"Wilton Ave & Diversey Pkwy",41.932418,-87.652705,1403,1297,106,3856
"Clark St & Lincoln Ave",41.915689,-87.6346,1403,1184,219,3857
"Clark St & Randolph St",41.884576228,-87.63188991,1403,1184,219,3857
"Larrabee St & Kingsbury St",41.897764,-87.642884,1403,1297,106,3858
"Michigan Ave & Lake St",41.886024,-87.624117,1403,1297,106,3858
"LaSalle St & Jackson Blvd",41.87817,-87.631985,1403,1221,182,3859
"State St & Van Buren St",41.877181,-87.627844,1403,1221,182,3859
"Halsted St & Wrightwood Ave",41.929143,-87.649077,1402,1204,198,3860
"Broadway & Barry Ave",41.937725,-87.644095,1402,1204,198,3860
"Orleans St & Chestnut St (NEXT Apts)",41.898203,-87.637536,1401,1204,197,3861
"Wells St & Huron St",41.8947953,-87.6343743,1401,1204,197,3861
"Dearborn Pkwy & Delaware Pl",41.898969,-87.629912,1401,1010,391,3862
"McClurg Ct & Illinois St",41.89102,-87.6173,1401,1010,391,3862
"LaSalle St & Adams St",41.8793443735,-87.6319852213,1400,1317,83,3863
"Franklin St & Lake St",41.885837,-87.6355,1400,1317,83,3863
"Clark St & Wellington Ave",41.9364968219,-87.6475386582,1399,1118,281,3864
"Clark St & Drummond Pl",41.931248,-87.644336,1399,1118,281,3864
"State St & Erie St",41.893975,-87.628623,1399,1326,73,3865
"Clinton St & Washington Blvd",41.88338,-87.64117,1399,1326,73,3865
"Broadway & Barry Ave",41.937582316,-87.644097805,1399,1041,358,3866
"Halsted St & Roscoe St",41.94367,-87.64895,1399,1041,358,3866
"Loomis St & Jackson Blvd",41.877945,-87.662007,1398,1259,139,3867
"Desplaines St & Jackson Blvd",41.8781189009,-87.6439476013,1398,1259,139,3867
"Canal St & Adams St",41.879255,-87.639904,1398,1272,126,3868
"Michigan Ave & 18th St",41.857926,-87.624336,1398,1272,126,3868
"Logan Blvd & Elston Ave",41.930584,-87.685126,1398,1227,171,3869
"California Ave & Milwaukee Ave",41.922695,-87.697153,1398,1227,171,3869
"Broadway & Berwyn Ave",41.978353,-87.659753,1398,996,402,3870
"Lakefront Trail & Bryn Mawr Ave",41.9840441152,-87.6522812247,1398,996,402,3870
"Streeter Dr & Grand Ave",41.892278,-87.612043,1398,391,1007,3871
"Larrabee St & Webster Ave",41.921822,-87.64414,1398,391,1007,3871
"Damen Ave & Augusta Blvd",41.899714,-87.677234,1398,1299,99,3872
"Damen Ave & Grand Ave",41.89122,-87.67686,1398,1299,99,3872
"Sheffield Ave & Waveland Ave",41.949399,-87.654529,1397,1066,331,3873
"Halsted St & Roscoe St",41.94367,-87.64895,1397,1066,331,3873
"Morgan Ave & 14th Pl",41.862378,-87.651062,1397,1231,166,3874
"Halsted St & Roosevelt Rd",41.867324,-87.648625,1397,1231,166,3874
"Rush St & Cedar St",41.9023087012,-87.627690528,1397,1083,314,3875
"Ritchie Ct & Banks St",41.906866,-87.626217,1397,1083,314,3875
"Rush St & Superior St",41.8957647456,-87.6259080327,1397,1123,274,3876
"Orleans St & Merchandise Mart Plaza",41.888243,-87.63639,1397,1123,274,3876
"Michigan Ave & Pearson St",41.89766,-87.62351,1397,662,735,3877
"Michigan Ave & Madison St",41.882134,-87.625125,1397,662,735,3877
"Ogden Ave & Chicago Ave",41.896362458,-87.6540612729,1397,931,466,3878
"Damen Ave & Pierce Ave",41.9093960065,-87.6776919292,1397,931,466,3878
"Kingsbury St & Erie St",41.8939139,-87.6417358,1397,1188,209,3879
"State St & Erie St",41.893975,-87.628623,1397,1188,209,3879
"Larrabee St & Kingsbury St",41.897764,-87.642884,1397,1340,57,3880
"Morgan St & Lake St",41.8854833079,-87.6523048564,1397,1340,57,3880
"Halsted St & Roscoe St",41.94367,-87.64895,1397,431,966,3881
"Streeter Dr & Grand Ave",41.892278,-87.612043,1397,431,966,3881
"Canal St & Jackson Blvd",41.87811421,-87.63997112,1397,1228,169,3882
"Shedd Aquarium",41.8672259568,-87.6153553902,1397,1228,169,3882
"Clark St & Congress Pkwy",41.8759326655,-87.6305845355,1397,1309,88,3883
"State St & Erie St",41.893975,-87.628623,1397,1309,88,3883
"Halsted St & 35th St",41.830661,-87.647172,1396,1222,174,3884
"State St & 33rd St",41.834734,-87.625813,1396,1222,174,3884
"Pine Grove Ave & Irving Park Rd",41.954383,-87.648043,1396,1127,269,3885
"Clark St & Wellington Ave",41.9364968219,-87.6475386582,1396,1127,269,3885
"St. Clair St & Erie St",41.8943451374,-87.6227983832,1396,746,650,3886
"Michigan Ave & Pearson St",41.89766,-87.62351,1396,746,650,3886
"Clinton St & Washington Blvd",41.88338,-87.64117,1395,1246,149,3887
"Eckhart Park",41.89637337,-87.66098386,1395,1246,149,3887
"Federal St & Polk St",41.8720776329,-87.6295437729,1395,1287,108,3888
"Clark St & Randolph St",41.884576228,-87.63188991,1395,1287,108,3888
"Wilton Ave & Diversey Pkwy",41.932418,-87.652705,1395,984,411,3889
"DuSable Lake Shore Dr & Diversey Pkwy",41.932588,-87.636427,1395,984,411,3889
"Wabash Ave & Wacker Pl",41.886875,-87.62603,1395,1008,387,3890
"Dearborn Pkwy & Delaware Pl",41.898969,-87.629912,1395,1008,387,3890
"Southport Ave & Wrightwood Ave",41.92888,-87.66317,1395,1271,124,3891
"Wilton Ave & Diversey Pkwy",41.932418,-87.652705,1395,1271,124,3891
"Michigan Ave & Pearson St",41.89766,-87.62351,1395,1109,286,3892
"Wells St & Huron St",41.8947953,-87.6343743,1395,1109,286,3892
"Racine Ave & Wrightwood Ave",41.928887,-87.658971,1395,1115,280,3893
"Racine Ave & Belmont Ave",41.939743,-87.658865,1395,1115,280,3893
"Dayton St & North Ave",41.9105780349,-87.6494219288,1394,1122,272,3894
"Ashland Ave & Blackhawk St",41.907066,-87.667252,1394,1122,272,3894
"Wilton Ave & Diversey Pkwy",41.932418,-87.652705,1394,1132,262,3895
"Halsted St & Roscoe St",41.94367,-87.64895,1394,1132,262,3895
"Canal St & Jackson Blvd",41.877988,-87.640769,1394,1267,127,3896
"Halsted St & Polk St",41.87184,-87.64664,1394,1267,127,3896
"Ashland Ave & Division St",41.90345,-87.667747,1393,1060,333,3897
"Dayton St & North Ave",41.9105780349,-87.6494219288,1393,1060,333,3897
"Wabash Ave & Wacker Pl",41.886875,-87.62603,1393,147,1246,3898
"Adler Planetarium",41.866095,-87.607267,1393,147,1246,3898
"Wells St & Concord Ln",41.912133,-87.634656,1392,1205,187,3899
"Larrabee St & Oak St",41.9002194932,-87.6429854676,1392,1205,187,3899
"Clark St & Schiller St",41.907993,-87.631501,1392,924,468,3900
"Stockton Dr & Wrightwood Ave",41.93132,-87.638742,1392,924,468,3900
"Clark St & Lincoln Ave",41.915689,-87.6346,1392,873,519,3901
"Halsted St & Roscoe St",41.94367,-87.64895,1392,873,519,3901
"Ashland Ave & Augusta Blvd",41.899643,-87.6677,1392,1340,52,3902
"Clinton St & Washington Blvd",41.88338,-87.64117,1392,1340,52,3902
"Wells St & Huron St",41.8947953,-87.6343743,1392,1030,362,3903
"Rush St & Cedar St",41.9023087012,-87.627690528,1392,1030,362,3903
"Sheffield Ave & Kingsbury St",41.910522,-87.653106,1392,1219,173,3904
"Southport Ave & Clybourn Ave",41.921004,-87.663257,1392,1219,173,3904
"Sheffield Ave & Willow St",41.913688,-87.652855,1392,1249,143,3905
"Southport Ave & Clybourn Ave",41.921004,-87.663257,1392,1249,143,3905
"LaSalle St & Washington St",41.882664,-87.63253,1392,1290,102,3906
"Canal St & Monroe St",41.8807,-87.63947,1392,1290,102,3906
"Dearborn St & Adams St",41.8793563587,-87.6297910363,1391,1012,379,3907
"McCormick Place",41.8513751729,-87.6188346489,1391,1012,379,3907
"Clark St & Elm St",41.903233,-87.631253,1391,1051,340,3908
"Columbus Dr & Randolph St",41.884728,-87.619521,1391,1051,340,3908
"Wabash Ave & Grand Ave",41.891466,-87.626761,1391,973,418,3909
"LaSalle St & Illinois St",41.890762,-87.631697,1391,973,418,3909
"Lake Shore Dr & Wellington Ave",41.936669,-87.636794,1391,959,432,3910
"Stockton Dr & Wrightwood Ave",41.93132,-87.638742,1391,959,432,3910
"Hampden Ct & Diversey Pkwy",41.93262,-87.642385,1391,1125,266,3911
"Lake Shore Dr & Wellington Ave",41.936669,-87.636794,1391,1125,266,3911
"DuSable Lake Shore Dr & Belmont Ave",41.940775,-87.639192,1390,935,455,3912
"DuSable Lake Shore Dr & Diversey Pkwy",41.932588,-87.636427,1390,935,455,3912
"Dearborn St & Erie St",41.893992,-87.629318,1390,1064,326,3913
"Cityfront Plaza Dr & Pioneer Ct",41.890573,-87.622072,1390,1064,326,3913
"Franklin St & Chicago Ave",41.89680204,-87.63563839,1390,1193,197,3914
"LaSalle St & Illinois St",41.890749,-87.63206,1390,1193,197,3914
"Canal St & Jackson Blvd",41.877988,-87.640769,1390,1095,295,3915
"Museum Campus",41.865212,-87.617759,1390,1095,295,3915
"Kingsbury St & Kinzie St",41.8891768326,-87.6385057718,1389,838,551,3916
"Michigan Ave & Oak St",41.90096039,-87.62377664,1389,838,551,3916
"Clark St & Schiller St",41.907993,-87.631501,1389,1144,245,3917
"Sedgwick St & North Ave",41.910983,-87.638525,1389,1144,245,3917
"Wabash Ave & Grand Ave",41.891466,-87.626761,1389,844,545,3918
"New St & Illinois St",41.8908470406,-87.6186168194,1389,844,545,3918
"Damen Ave & Division St",41.90331,-87.67695,1389,1202,187,3919
"Damen Ave & Grand Ave",41.89122,-87.67686,1389,1202,187,3919
"Southport Ave & Wellington Ave",41.935733,-87.663576,1389,1319,70,3920
"Southport Ave & Clybourn Ave",41.921004,-87.663257,1389,1319,70,3920
"Franklin St & Lake St",41.885837,-87.6355,1388,1262,126,3921
"Rush St & Hubbard St",41.890173,-87.626185,1388,1262,126,3921
"Sheridan Rd & Noyes St (NU)",42.058239,-87.677432,1388,862,526,3922
"Evanston Civic Center",42.057044,-87.686554,1388,862,526,3922
"Wilton Ave & Diversey Pkwy",41.932418,-87.652705,1388,938,450,3923
"Clark St & Newport St",41.94454,-87.654678,1388,938,450,3923
"Kingsbury St & Kinzie St",41.8891768326,-87.6385057718,1387,1191,196,3924
"Columbus Dr & Randolph St",41.884728,-87.619521,1387,1191,196,3924
"Wacker Dr & Washington St Corral",41.88316,-87.63736,1387,1367,20,3925
"Clinton St & Lake St",41.885637,-87.641823,1387,1367,20,3925
"Wabash Ave & 9th St",41.870769,-87.625734,1386,1222,164,3926
"Franklin St & Monroe St",41.880317,-87.635185,1386,1222,164,3926
"Clinton St & Madison St",41.8827519657,-87.6411902905,1386,1275,111,3927
"Damen Ave & Chicago Ave",41.895769,-87.67722,1386,1275,111,3927
"Southport Ave & Waveland Ave",41.94815,-87.66394,1386,587,799,3928
"Montrose Harbor",41.963982,-87.638181,1386,587,799,3928
"Blackstone Ave & Hyde Park Blvd",41.802562,-87.590368,1385,558,827,3929
"Fort Dearborn Dr & 31st St",41.838556,-87.608218,1385,558,827,3929
"Morgan St & 31st St",41.8378,-87.65114,1384,1211,173,3930
"Wentworth Ave & 33rd St",41.8345298856,-87.6318229814,1384,1211,173,3930
"Rockwell St & Eastwood Ave",41.9659001398,-87.6936384935,1384,1263,121,3931
"Western Ave & Leland Ave",41.966555,-87.688487,1384,1263,121,3931
"Wacker Dr & Washington St Corral",41.88316,-87.63736,1384,1276,108,3932
"Cityfront Plaza Dr & Pioneer Ct",41.890573,-87.622072,1384,1276,108,3932
"Broadway & Cornelia Ave",41.945512,-87.64598,1384,1157,227,3933
"Halsted St & Roscoe St",41.94367,-87.64895,1384,1157,227,3933
"Morgan Ave & 14th Pl",41.862378,-87.651062,1383,1356,27,3934
"Wood St & Taylor St",41.869154,-87.671045,1383,1356,27,3934
"Clinton St & Washington Blvd",41.88338,-87.64117,1383,1239,144,3935
"Damen Ave & Pierce Ave",41.9093960065,-87.6776919292,1383,1239,144,3935
"Canal St & Adams St",41.879255,-87.639904,1382,767,615,3936
"Lake Shore Dr & Monroe St",41.880958,-87.616743,1382,767,615,3936
"Canal St & Monroe St",41.8807,-87.63947,1382,1242,140,3937
"Dearborn Pkwy & Delaware Pl",41.898969,-87.629912,1382,1242,140,3937
"Clark St & Winnemac Ave",41.973385,-87.668365,1382,1242,140,3938
"Clark St & Leland Ave",41.967096,-87.667429,1382,1242,140,3938
"Eckhart Park",41.89637337,-87.66098386,1381,1347,34,3939
"Franklin St & Monroe St",41.880317,-87.635185,1381,1347,34,3939
"Wilton Ave & Belmont Ave",41.94018,-87.65304,1381,1170,211,3940
"Damen Ave & Wellington Ave",41.93588,-87.67842,1381,1170,211,3940
"Clark St & Wrightwood Ave",41.929546,-87.643118,1381,1136,245,3941
"Lincoln Ave & Fullerton Ave",41.9241610291,-87.6463803649,1381,1136,245,3941
"Wacker Dr & Washington St Corral",41.88316,-87.63736,1381,1270,111,3942
"Clark St & Lake St",41.8860208277,-87.6308760584,1381,1270,111,3942
"Michigan Ave & Lake St",41.886024,-87.624117,1381,924,457,3943
"State St & Van Buren St",41.877181,-87.627844,1381,924,457,3943
"Shore Dr & 55th St",41.795212,-87.580715,1380,1103,277,3944
"South Shore Dr & 71st St",41.7664094567,-87.5656875719,1380,1103,277,3944
"Aberdeen St & Monroe St",41.880419,-87.655519,1380,1265,115,3945
"Aberdeen St & Jackson Blvd",41.87772613,-87.65478743,1380,1265,115,3945
"Wells St & Evergreen Ave",41.906724,-87.63483,1380,1195,185,3946
"McClurg Ct & Erie St",41.894503,-87.617854,1380,1195,185,3946
"Canal St & Adams St",41.879255,-87.639904,1379,1198,181,3947
"Ashland Ave & Grand Ave",41.891072,-87.666611,1379,1198,181,3947
"900 W Harrison St",41.874754,-87.649807,1379,1154,225,3948
"Canal St & Adams St",41.879255,-87.639904,1379,1154,225,3948
"Clarendon Ave & Leland Ave",41.967968,-87.650001,1379,578,801,3949
"Lake Shore Dr & Belmont Ave",41.940775,-87.639192,1379,578,801,3949
"Wacker Dr & Washington St Corral",41.88316,-87.63736,1379,1126,253,3950
"Wabash Ave & Wacker Pl",41.886875,-87.62603,1379,1126,253,3950
"Franklin St & Quincy St",41.878724,-87.634793,1378,1262,116,3951
"Dearborn Pkwy & Delaware Pl",41.898969,-87.629912,1378,1262,116,3951
"Racine Ave & Belmont Ave",41.939743,-87.658865,1378,968,410,3952
"Halsted St & Wrightwood Ave",41.929143,-87.649077,1378,968,410,3952
"Ravenswood Ave & Lawrence Ave",41.968445,-87.674226,1378,1121,257,3953
"Ravenswood Ave & Irving Park Rd",41.95469,-87.67393,1378,1121,257,3953
"Clark St & Wellington Ave",41.9364968219,-87.6475386582,1378,993,385,3954
"Clark St & Elm St",41.903233,-87.631253,1378,993,385,3954
"Francisco Ave & Foster Ave",41.9756327252,-87.7014194389,1378,1242,136,3955
"Western Ave & Leland Ave",41.966555,-87.688487,1378,1242,136,3955
"St. Clair St & Erie St",41.8943451374,-87.6227983832,1378,1175,203,3956
"LaSalle St & Washington St",41.882664,-87.63253,1378,1175,203,3956
"Wells St & Elm St",41.903222,-87.634324,1377,1197,180,3957
"LaSalle St & Illinois St",41.890749,-87.63206,1377,1197,180,3957
"Clinton St & Lake St",41.885637,-87.641823,1377,1137,240,3958
"Wells St & Hubbard St",41.889906,-87.634266,1377,1137,240,3958
"Stockton Dr & Wrightwood Ave",41.93132,-87.638742,1377,1036,341,3959
"Lake Shore Dr & Belmont Ave",41.940775,-87.639192,1377,1036,341,3959
"Campbell Ave & Montrose Ave",41.961524,-87.691177,1376,1339,37,3960
"Ravenswood Ave & Lawrence Ave",41.96909,-87.674237,1376,1339,37,3960
"Damen Ave & Wellington Ave",41.93588,-87.67842,1376,1241,135,3961
"Lincoln Ave & Roscoe St",41.94334,-87.67097,1376,1241,135,3961
"Ashland Ave & Division St",41.90345,-87.667747,1375,1232,143,3962
"Canal St & Adams St",41.879255,-87.639904,1375,1232,143,3962
"Desplaines St & Kinzie St",41.888716036,-87.6444478533,1375,1145,230,3963
"Ashland Ave & Grand Ave",41.891072,-87.666611,1375,1145,230,3963
"Field Museum",41.865312,-87.617867,1375,168,1207,3964
"Buckingham Fountain",41.876368,-87.6205586,1375,168,1207,3964
"Adler Planetarium",41.866095,-87.607267,1374,753,621,3965
"Wabash Ave & 9th St",41.870769,-87.625734,1374,753,621,3965
"Sheffield Ave & Webster Ave",41.92154,-87.653818,1373,1177,196,3966
"Lincoln Ave & Fullerton Ave",41.925905,-87.64926,1373,1177,196,3966
"State St & Van Buren St",41.877181,-87.627844,1373,1191,182,3967
"Daley Center Plaza",41.884451,-87.629892,1373,1191,182,3967
"Franklin St & Monroe St",41.880317,-87.635185,1373,1134,239,3968
"Michigan Ave & Washington St",41.8839840647,-87.6246839762,1373,1134,239,3968
"Lake Shore Dr & Ohio St",41.89257,-87.614492,1373,912,461,3969
"LaSalle St & Illinois St",41.890749,-87.63206,1373,912,461,3969
"Canal St & Madison St",41.882091,-87.639833,1373,1274,99,3970
"Peoria St & Jackson Blvd",41.877749,-87.649633,1373,1274,99,3970
"Morgan St & 18th St",41.858086,-87.651073,1372,1183,189,3971
"Canal St & Adams St",41.879255,-87.639904,1372,1183,189,3971
"Rush St & Superior St",41.8957647456,-87.6259080327,1372,926,446,3972
"Clark St & Armitage Ave",41.918306,-87.636282,1372,926,446,3972
"Ashland Ave & Grand Ave",41.891072,-87.666611,1370,1259,111,3973
"Morgan St & Lake St",41.8854833079,-87.6523048564,1370,1259,111,3973
"Throop St & Taylor St",41.868968,-87.659141,1370,1088,282,3974
"Halsted St & Roosevelt Rd",41.867324,-87.648625,1370,1088,282,3974
"Racine Ave & Wrightwood Ave",41.928887,-87.658971,1370,1294,76,3975
"Lincoln Ave & Fullerton Ave",41.925905,-87.64926,1370,1294,76,3975
"Lincoln Ave & Belmont Ave",41.939365,-87.668385,1370,1191,179,3976
"Broadway & Belmont Ave",41.940106,-87.645451,1370,1191,179,3976
"Halsted St & Willow St",41.913778,-87.64884,1370,868,502,3977
"Lake Shore Dr & North Blvd",41.911722,-87.626804,1370,868,502,3977
"Drake Ave & Montrose Ave",41.9611540757,-87.7165690733,1369,1278,91,3978
"Christiana Ave & Lawrence Ave",41.9683544936,-87.7118306675,1369,1278,91,3978
"Leavitt St & North Ave",41.910153,-87.68229,1369,1280,89,3979
"Claremont Ave & Hirsch St",41.907781,-87.685854,1369,1280,89,3979
"Wells St & Huron St",41.8947953,-87.6343743,1369,1158,211,3980
"Clark St & Lake St",41.8860208277,-87.6308760584,1369,1158,211,3980
"Broadway & Barry Ave",41.937725,-87.644095,1369,1057,312,3981
"Broadway & Belmont Ave",41.940106,-87.645451,1369,1057,312,3981
"Southport Ave & Wellington Ave",41.935733,-87.663576,1369,1173,196,3982
"Southport Ave & Belmont Ave",41.93949,-87.66378,1369,1173,196,3982
"Wood St & Milwaukee Ave",41.907655,-87.672552,1368,1061,307,3983
"Damen Ave & Charleston St",41.920082,-87.677855,1368,1061,307,3983
"Woodlawn Ave & 58th St",41.789381,-87.596479,1368,1096,272,3984
"Shore Dr & 55th St",41.795212,-87.580715,1368,1096,272,3984
"Lake Park Ave & 53rd St",41.7994942937,-87.5864498959,1368,1111,257,3985
"Woodlawn Ave & 58th St",41.789381,-87.596479,1368,1111,257,3985
"Dearborn Pkwy & Delaware Pl",41.898969,-87.629912,1368,1257,111,3986
"Clinton St & Lake St",41.88583274,-87.64138231,1368,1257,111,3986
"Kimball Ave & Belmont Ave",41.9393939534,-87.7120676637,1367,1072,295,3987
"Kedzie Ave & Milwaukee Ave",41.929567,-87.707857,1367,1072,295,3987
"Wells St & Hubbard St",41.889906,-87.634266,1366,1161,205,3988
"Rush St & Hubbard St",41.890173,-87.626185,1366,1161,205,3988
"Ogden Ave & Congress Pkwy",41.87501,-87.67328,1366,1324,42,3989
"Wood St & Taylor St",41.869154,-87.671045,1366,1324,42,3989
"Stetson Ave & South Water St",41.886835,-87.62232,1366,893,473,3990
"Indiana Ave & Roosevelt Rd",41.867888,-87.623041,1366,893,473,3990
"Clark St & Lake St",41.8860208277,-87.6308760584,1366,906,460,3991
"Wabash Ave & Wacker Pl",41.886875,-87.62603,1366,906,460,3991
"Mies van der Rohe Way & Chestnut St",41.8985866514,-87.6219152258,1366,1225,141,3992
"Clinton St & Madison St",41.8827519657,-87.6411902905,1366,1225,141,3992
"Sheffield Ave & Kingsbury St",41.910522,-87.653106,1366,1151,215,3993
"Sheffield Ave & Fullerton Ave",41.9256018819,-87.6537080423,1366,1151,215,3993
"Franklin St & Lake St",41.885837,-87.6355,1365,1233,132,3994
"Desplaines St & Jackson Blvd",41.8781189009,-87.6439476013,1365,1233,132,3994
"Desplaines St & Jackson Blvd",41.8781189009,-87.6439476013,1365,1351,14,3995
"Franklin St & Quincy St",41.878724,-87.634793,1365,1351,14,3995
"Blue Island Ave & 18th St",41.857556,-87.661535,1365,1351,14,3996
"Wood St & Taylor St",41.869154,-87.671045,1365,1351,14,3996
"Wells St & Polk St",41.872373,-87.633523,1365,1298,67,3997
"Federal St & Polk St",41.8720776329,-87.6295437729,1365,1298,67,3997
"Wabash Ave & 16th St",41.860384,-87.625813,1365,929,436,3998
"Indiana Ave & Roosevelt Rd",41.867888,-87.623041,1365,929,436,3998
"Dearborn St & Monroe St",41.881319815,-87.6295209193,1364,994,370,3999
"Rush St & Superior St",41.8957647456,-87.6259080327,1364,994,370,3999
"Lincoln Ave & Melrose St",41.9406,-87.669435,1364,934,430,4000
"Clark St & Newport St",41.94454,-87.654678,1364,934,430,4000
"Halsted St & Dickens Ave",41.919936,-87.64883,1364,1098,266,4001
"Lincoln Ave & Diversey Pkwy",41.932225,-87.658617,1364,1098,266,4001
"Halsted St & Blackhawk St",41.90854,-87.648568,1364,1260,104,4002
"Halsted St & Dickens Ave",41.919936,-87.64883,1364,1260,104,4002
"Wabash Ave & 16th St",41.860384,-87.625813,1364,1324,40,4003
"Clark St & Congress Pkwy",41.8759326655,-87.6305845355,1364,1324,40,4003
"Wabash Ave & Grand Ave",41.891738,-87.626937,1363,1112,251,4004
"Desplaines St & Kinzie St",41.888716036,-87.6444478533,1363,1112,251,4004
"Campbell Ave & North Ave",41.910535,-87.689556,1363,910,453,4005
"California Ave & Milwaukee Ave",41.922695,-87.697153,1363,910,453,4005
"Broadway & Belmont Ave",41.940106,-87.645451,1363,1067,296,4006
"Clark St & Drummond Pl",41.931248,-87.644336,1363,1067,296,4006
"Racine Ave & Wrightwood Ave",41.928887,-87.658971,1363,934,429,4007
"Halsted St & Dickens Ave",41.919936,-87.64883,1363,934,429,4007
"Stockton Dr & Wrightwood Ave",41.93132,-87.638742,1363,952,411,4008
"Larrabee St & Webster Ave",41.921822,-87.64414,1363,952,411,4008
"Wells St & Concord Ln",41.912133,-87.634656,1362,1137,225,4009
"Mies van der Rohe Way & Chicago Ave",41.89691,-87.621743,1362,1137,225,4009
"Harper Ave & 59th St",41.7879428129,-87.5883151702,1362,1114,248,4010
"Ellis Ave & 55th St",41.7943006205,-87.6014497734,1362,1114,248,4010
"Michigan Ave & 8th St",41.872773,-87.623981,1362,297,1065,4011
"Michigan Ave & Oak St",41.90096039,-87.62377664,1362,297,1065,4011
"Cityfront Plaza Dr & Pioneer Ct",41.890573,-87.622072,1362,1121,241,4012
"LaSalle St & Jackson Blvd",41.878166,-87.631929,1362,1121,241,4012
"Jefferson St & Monroe St",41.880422,-87.642746,1362,1336,26,4013
"Sangamon St & Washington Blvd",41.883004,-87.651148,1362,1336,26,4013
"Columbus Dr & Randolph St",41.884728,-87.619521,1361,900,461,4014
"Mies van der Rohe Way & Chestnut St",41.8985866514,-87.6219152258,1361,900,461,4014
"Clark St & Wrightwood Ave",41.929546,-87.643118,1361,996,365,4015
"Broadway & Barry Ave",41.937582316,-87.644097805,1361,996,365,4015
"Aberdeen St & Monroe St",41.880419,-87.655519,1360,1248,112,4016
"Clinton St & Jackson Blvd",41.8783166118,-87.6409810781,1360,1248,112,4016
"Clark St & Lake St",41.8860208277,-87.6308760584,1360,1099,261,4017
"Clinton St & Lake St",41.885637,-87.641823,1360,1099,261,4017
"St. Clair St & Erie St",41.8943451374,-87.6227983832,1360,919,441,4018
"Stetson Ave & South Water St",41.886835,-87.62232,1360,919,441,4018
"Clinton St & Lake St",41.88583274,-87.64138231,1360,1296,64,4019
"Wells St & Hubbard St",41.889933,-87.634262,1360,1296,64,4019
"Kingsbury St & Kinzie St",41.8891768326,-87.6385057718,1359,1309,50,4020
"Wacker Dr & Washington St Corral",41.88316,-87.63736,1359,1309,50,4020
"Ashland Ave & Wellington Ave",41.936083,-87.669807,1359,1235,124,4021
"Lincoln Ave & Diversey Pkwy",41.932225,-87.658617,1359,1235,124,4021
"Mies van der Rohe Way & Chestnut St",41.8985866514,-87.6219152258,1359,1090,269,4022
"State St & Chicago Ave",41.8966172004,-87.6285785437,1359,1090,269,4022
"Southport Ave & Belmont Ave",41.9394777504,-87.6637476683,1359,1129,230,4023
"Southport Ave & Roscoe St",41.943739,-87.66402,1359,1129,230,4023
"Ellis Ave & 60th St",41.7850971464,-87.6010727606,1359,1124,235,4024
"Blackstone Ave & Hyde Park Blvd",41.802562,-87.590368,1359,1124,235,4024
"Michigan Ave & Madison St",41.882134,-87.625125,1359,1107,252,4025
"Franklin St & Lake St",41.885837,-87.6355,1359,1107,252,4025
"Wabash Ave & Adams St",41.8794723523,-87.6256886059,1358,1255,103,4026
"Daley Center Plaza",41.884241,-87.629634,1358,1255,103,4026
"Clark St & Schiller St",41.907993,-87.631501,1358,1240,118,4027
"Canal St & Adams St",41.879255,-87.639904,1358,1240,118,4027
"Canal St & Madison St",41.882409,-87.639767,1358,1033,325,4028
"Kingsbury St & Kinzie St",41.8891768326,-87.6385057718,1358,1033,325,4028
"Broadway & Belmont Ave",41.940106,-87.645451,1358,790,568,4029
"Clark St & Lincoln Ave",41.915689,-87.6346,1358,790,568,4029
"Lakeview Ave & Fullerton Pkwy",41.925858,-87.638973,1358,869,489,4030
"Rush St & Cedar St",41.9023087012,-87.627690528,1358,869,489,4030
"Milwaukee Ave & Wabansia Ave",41.912616,-87.681391,1357,1099,258,4031
"Damen Ave & Division St",41.903266,-87.678435,1357,1099,258,4031
"Clark St & Chicago Ave",41.896544,-87.630931,1357,593,764,4032
"Michigan Ave & Oak St",41.90096039,-87.62377664,1357,593,764,4032
"Cityfront Plaza Dr & Pioneer Ct",41.890573,-87.622072,1357,778,579,4033
"Wabash Ave & Wacker Pl",41.886875,-87.62603,1357,778,579,4033
"Mies van der Rohe Way & Chicago Ave",41.89691,-87.621743,1357,1002,355,4034
"Lake Shore Dr & Belmont Ave",41.940775,-87.639192,1357,1002,355,4034
"Leavitt St & Armitage Ave",41.917805,-87.682437,1356,1211,145,4035
"Leavitt St & North Ave",41.910153,-87.68229,1356,1211,145,4035
"Clark St & Wrightwood Ave",41.929546,-87.643118,1356,960,396,4036
"Ashland Ave & Wrightwood Ave",41.92883,-87.668507,1356,960,396,4036
"Sheridan Rd & Lawrence Ave",41.969517,-87.654691,1356,689,667,4037
"Montrose Harbor",41.963982,-87.638181,1356,689,667,4037
"Green St & Randolph St*",41.8836016573,-87.6486267149,1356,1168,188,4038
"Kingsbury St & Erie St",41.8939139,-87.6417358,1356,1168,188,4038
"McClurg Ct & Illinois St",41.89102,-87.6173,1356,435,921,4039
"Michigan Ave & Congress Pkwy",41.8760656,-87.62443336,1356,435,921,4039
"Ashland Ave & Wrightwood Ave",41.92883,-87.668507,1355,1210,145,4040
"Racine Ave & Fullerton Ave",41.925566,-87.658416,1355,1210,145,4040
"Ravenswood Ave & Lawrence Ave",41.968445,-87.674226,1355,963,392,4041
"Broadway & Wilson Ave",41.965221,-87.658139,1355,963,392,4041
"Humboldt Blvd & Armitage Ave",41.917513394,-87.7018089555,1354,1098,256,4042
"Stave St & Armitage Ave",41.917741,-87.691392,1354,1098,256,4042
"Western Ave & Division St",41.902893,-87.687275,1353,1204,149,4043
"Wood St & Division St",41.90332,-87.67273,1353,1204,149,4043
"Franklin St & Lake St",41.885837,-87.6355,1353,1259,94,4044
"LaSalle St & Washington St",41.882664,-87.63253,1353,1259,94,4044
"Clark St & Elm St",41.903233,-87.631253,1353,297,1056,4045
"Streeter Dr & Illinois St",41.891071,-87.6122,1353,297,1056,4045
"Clark St & Lincoln Ave",41.915689,-87.6346,1352,848,504,4046
"Dayton St & North Ave",41.9105780349,-87.6494219288,1352,848,504,4046
"Lincoln Ave & Diversey Pkwy",41.932225,-87.658617,1352,1136,216,4047
"Halsted St & Roscoe St",41.94367,-87.64895,1352,1136,216,4047
"Canal St & Monroe St",41.8807,-87.63947,1352,1218,134,4048
"St. Clair St & Erie St",41.8943451374,-87.6227983832,1352,1218,134,4048
"Sedgwick St & North Ave",41.910983,-87.638525,1352,1165,187,4049
"Sedgwick St & Huron St",41.894666,-87.638437,1352,1165,187,4049
"Lake Shore Dr & Ohio St",41.89257,-87.614492,1352,899,453,4050
"Clark St & Elm St",41.903233,-87.631253,1352,899,453,4050
"Wilton Ave & Belmont Ave",41.9402319181,-87.6529437304,1351,1070,281,4051
"Clark St & Newport St",41.94454,-87.654678,1351,1070,281,4051
"Ashland Ave & Grand Ave",41.891072,-87.666611,1351,1054,297,4052
"Ashland Ave & Division St",41.90345,-87.667747,1351,1054,297,4052
"St. Clair St & Erie St",41.8943451374,-87.6227983832,1351,1169,182,4053
"Franklin St & Chicago Ave",41.89679,-87.63564,1351,1169,182,4053
"Cityfront Plaza Dr & Pioneer Ct",41.890573,-87.622072,1351,157,1194,4054
"Shedd Aquarium",41.8672259568,-87.6153553902,1351,157,1194,4054
"Woodlawn Ave & 55th St",41.795264,-87.596471,1350,729,621,4055
"Shore Drive & 55th St",41.795212,-87.580715,1350,729,621,4055
"Halsted St & Roscoe St",41.94367,-87.64895,1350,980,370,4056
"Clark St & Drummond Pl",41.931248,-87.644336,1350,980,370,4056
"Broadway & Cornelia Ave",41.945512,-87.64598,1350,1194,156,4057
"Clark St & Wellington Ave",41.9364968219,-87.6475386582,1350,1194,156,4057
"Clinton St & Lake St",41.885637,-87.641823,1349,1207,142,4058
"Ogden Ave & Race Ave",41.891795,-87.658751,1349,1207,142,4058
"LaSalle St & Jackson Blvd",41.878166,-87.631929,1349,1147,202,4059
"Clark St & Lake St",41.8860208277,-87.6308760584,1349,1147,202,4059
"Millennium Park",41.8810317,-87.62408432,1349,556,793,4060
"Rush St & Cedar St",41.9023087012,-87.627690528,1349,556,793,4060
"Larrabee St & Kingsbury St",41.897764,-87.642884,1349,1193,156,4061
"Rush St & Cedar St",41.9023087012,-87.627690528,1349,1193,156,4061
"St. Clair St & Erie St",41.8943451374,-87.6227983832,1349,1180,169,4062
"Clark St & Chicago Ave",41.896544,-87.630931,1349,1180,169,4062
"Green St & Randolph St*",41.8836016573,-87.6486267149,1349,1069,280,4063
"Wells St & Huron St",41.8947953,-87.6343743,1349,1069,280,4063
"McClurg Ct & Erie St",41.894503,-87.617854,1349,1113,236,4064
"Michigan Ave & Washington St",41.8838927658,-87.6246491409,1349,1113,236,4064
"Daley Center Plaza",41.884451,-87.629892,1349,1199,150,4065
"Clark St & Elm St",41.903233,-87.631253,1349,1199,150,4065
"Clark St & Schiller St",41.907993,-87.631501,1348,1133,215,4066
"LaSalle Dr & Huron St",41.894877,-87.632326,1348,1133,215,4066
"Desplaines St & Jackson Blvd",41.8781189009,-87.6439476013,1348,1205,143,4067
"Orleans St & Merchandise Mart Plaza",41.888243,-87.63639,1348,1205,143,4067
"Dearborn St & Monroe St",41.881319815,-87.6295209193,1348,1271,77,4068
"Wacker Dr & Washington St Corral",41.88316,-87.63736,1348,1271,77,4068
"Clark St & Ida B Wells Dr",41.8759326655,-87.6305845355,1348,1226,122,4069
"Wabash Ave & 9th St",41.870769,-87.625734,1348,1226,122,4069
"Kingsbury St & Erie St",41.8939139,-87.6417358,1348,1075,273,4070
"State St & Chicago Ave",41.8966172004,-87.6285785437,1348,1075,273,4070
"Clybourn Ave & Division St",41.904613,-87.640552,1348,1249,99,4071
"Wells St & Elm St",41.903222,-87.634324,1348,1249,99,4071
"Clinton St & Madison St",41.8827519657,-87.6411902905,1348,1293,55,4072
"Franklin St & Quincy St",41.878724,-87.634793,1348,1293,55,4072
"Broadway & Cornelia Ave",41.945512,-87.64598,1348,951,397,4073
"Lake Shore Dr & Belmont Ave",41.940775,-87.639192,1348,951,397,4073
"Clark St & Grace St",41.95078,-87.659172,1347,923,424,4074
"Halsted St & Roscoe St",41.94367,-87.64895,1347,923,424,4074
"Damen Ave & Sunnyside Ave",41.96325,-87.679258,1347,1265,82,4075
"Lincoln Ave & Leavitt St",41.962391,-87.684146,1347,1265,82,4075
"Canal St & Madison St",41.882409,-87.639767,1347,1063,284,4076
"Daley Center Plaza",41.884241,-87.629634,1347,1063,284,4076
"Sheffield Ave & Fullerton Ave",41.9256018819,-87.6537080423,1347,1080,267,4077
"Lincoln Ave & Fullerton Ave",41.925905,-87.64926,1347,1080,267,4077
"Wabash Ave & 8th St",41.871962,-87.626106,1347,1219,128,4078
"Canal St & Madison St",41.882091,-87.639833,1347,1219,128,4078
"Clinton St & Madison St",41.8827519657,-87.6411902905,1346,1303,43,4079
"Wacker Dr & Washington St Corral",41.88316,-87.63736,1346,1303,43,4079
"Racine Ave & Belmont Ave",41.939743,-87.658865,1346,1175,171,4080
"Lincoln Ave & Roscoe St",41.94334,-87.67097,1346,1175,171,4080
"Mies van der Rohe Way & Chicago Ave",41.89691,-87.621743,1346,1100,246,4081
"Lake Shore Dr & Diversey Pkwy",41.932684,-87.63625,1346,1100,246,4081
"Dearborn St & Adams St",41.8793563587,-87.6297910363,1345,1083,262,4082
"Cityfront Plaza Dr & Pioneer Ct",41.890573,-87.622072,1345,1083,262,4082
"Dearborn St & Monroe St",41.881319815,-87.6295209193,1345,1231,114,4083
"Clinton St & Lake St",41.885637,-87.641823,1345,1231,114,4083
"Clark St & Wellington Ave",41.9364968219,-87.6475386582,1345,1061,284,4084
"Clark St & Schiller St",41.907993,-87.631501,1345,1061,284,4084
"Orleans St & Chestnut St (NEXT Apts)",41.898203,-87.637536,1345,1180,165,4085
"Franklin St & Chicago Ave",41.89679,-87.63564,1345,1180,165,4085
"Michigan Ave & Jackson Blvd",41.87785,-87.62408,1345,312,1033,4086
"Michigan Ave & Pearson St",41.89766,-87.62351,1345,312,1033,4086
"Damen Ave & Foster Ave",41.9758109756,-87.6795098986,1345,1055,290,4087
"Western Ave & Leland Ave",41.966555,-87.688487,1345,1055,290,4087
"Kingsbury St & Kinzie St",41.8891768326,-87.6385057718,1344,1263,81,4088
"Clybourn Ave & Division St",41.904613,-87.640552,1344,1263,81,4088
"Dearborn Pkwy & Delaware Pl",41.898969,-87.629912,1344,914,430,4089
"Sedgwick St & Webster Ave",41.922167,-87.638888,1344,914,430,4089
"Lake Shore Dr & North Blvd",41.911722,-87.626804,1344,630,714,4090
"Wilton Ave & Diversey Pkwy",41.932418,-87.652705,1344,630,714,4090
"State St & 35th St",41.831036314,-87.6267975569,1344,1171,173,4091
"Calumet Ave & 35th St",41.831379,-87.618034,1344,1171,173,4091
"Michigan Ave & 18th St",41.857926,-87.624336,1343,1263,80,4092
"Dearborn St & Van Buren St",41.876268,-87.629155,1343,1263,80,4092
"Clark St & Lake St",41.8860208277,-87.6308760584,1343,1155,188,4093
"Desplaines St & Randolph St",41.883703,-87.644238,1343,1155,188,4093
"Spaulding Ave & Armitage Ave",41.9171080348,-87.7102209628,1343,1016,327,4094
"Humboldt Blvd & Armitage Ave",41.917513394,-87.7018089555,1343,1016,327,4094
"Paulina Ave & North Ave",41.9098546522,-87.66993016,1343,935,408,4095
"Campbell Ave & North Ave",41.910535,-87.689556,1343,935,408,4095
"Sheffield Ave & Willow St",41.913688,-87.652855,1343,1175,168,4096
"Halsted St & Willow St",41.913865,-87.648755,1343,1175,168,4096
"Daley Center Plaza",41.884241,-87.629634,1343,1306,37,4097
"Calumet Ave & 18th St",41.857611,-87.619407,1343,1306,37,4097
"Wilton Ave & Belmont Ave",41.94018,-87.65304,1342,844,498,4098
"Lakeview Ave & Fullerton Pkwy",41.925858,-87.638973,1342,844,498,4098
"Canal St & Monroe St",41.8807,-87.63947,1341,1240,101,4099
"Wells St & Huron St",41.8947953,-87.6343743,1341,1240,101,4099
"Eckhart Park",41.89637337,-87.66098386,1340,1073,267,4100
"Damen Ave & Pierce Ave",41.9093960065,-87.6776919292,1340,1073,267,4100
"Rush St & Hubbard St",41.890173,-87.626185,1340,1042,298,4101
"St. Clair St & Erie St",41.8943451374,-87.6227983832,1340,1042,298,4101
"California Ave & Division St",41.903029,-87.697474,1340,1020,320,4102
"Western Ave & Division St",41.902893,-87.687275,1340,1020,320,4102
"Halsted St & Wrightwood Ave",41.929143,-87.649077,1340,851,489,4103
"Sheffield Ave & Waveland Ave",41.949399,-87.654529,1340,851,489,4103
"Halsted St & Willow St",41.913865,-87.648755,1340,981,359,4104
"Clark St & Lincoln Ave",41.915689,-87.6346,1340,981,359,4104
"900 W Harrison St",41.874754,-87.649807,1339,1086,253,4105
"Hermitage Ave & Polk St",41.871514,-87.669886,1339,1086,253,4105
"Broadway & Wilson Ave",41.965221,-87.658139,1339,1172,167,4106
"Ravenswood Ave & Lawrence Ave",41.96909,-87.674237,1339,1172,167,4106
"Michigan Ave & Washington St",41.8838927658,-87.6246491409,1339,682,657,4107
"Theater on the Lake",41.926277,-87.630834,1339,682,657,4107
"Halsted St & Roscoe St",41.94367,-87.64895,1339,1089,250,4108
"Burling St & Diversey Pkwy",41.93314,-87.64776,1339,1089,250,4108
"Halsted St & Waveland Ave",41.949375,-87.649626,1338,992,346,4109
"Broadway & Sheridan Rd",41.952833,-87.649993,1338,992,346,4109
"Calumet Ave & 21st St",41.8541842495,-87.6191537415,1338,974,364,4110
"Michigan Ave & Jackson Blvd",41.87785,-87.62408,1338,974,364,4110
"Franklin St & Jackson Blvd",41.8777079559,-87.6353211408,1338,762,576,4111
"Cityfront Plaza Dr & Pioneer Ct",41.890573,-87.622072,1338,762,576,4111
"May St & Taylor St",41.8694821,-87.6554864,1338,1060,278,4112
"Racine Ave & 18th St",41.8581806068,-87.6564866473,1338,1060,278,4112
"Sheffield Ave & Webster Ave",41.92154,-87.653818,1337,1022,315,4113
"Racine Ave & Belmont Ave",41.939743,-87.658865,1337,1022,315,4113
"Southport Ave & Roscoe St",41.943739,-87.66402,1337,1165,172,4114
"Lincoln Ave & Belmont Ave",41.939365,-87.668385,1337,1165,172,4114
"Franklin St & Lake St",41.885837,-87.6355,1337,1201,136,4115
"Daley Center Plaza",41.884241,-87.629634,1337,1201,136,4115
"Canal St & Jackson Blvd",41.877988,-87.640769,1336,1184,152,4116
"Dearborn St & Monroe St",41.881319815,-87.6295209193,1336,1184,152,4116
"Desplaines St & Kinzie St",41.888716036,-87.6444478533,1336,1085,251,4117
"Clark St & Lake St",41.8860208277,-87.6308760584,1336,1085,251,4117
"Blue Island Ave & 18th St",41.857556,-87.661535,1336,1039,297,4118
"Clinton St & Roosevelt Rd",41.8671177825,-87.6410879593,1336,1039,297,4118
"Loomis St & Lexington St",41.872187,-87.661501,1336,1209,127,4119
"Loomis St & Taylor St",41.869417,-87.660996,1336,1209,127,4119
"Elston Ave & Wabansia Ave",41.912919,-87.664169,1335,1198,137,4120
"Damen Ave & Pierce Ave",41.9093960065,-87.6776919292,1335,1198,137,4120
"Mies van der Rohe Way & Chestnut St",41.8985866514,-87.6219152258,1335,932,403,4121
"Rush St & Superior St",41.8957647456,-87.6259080327,1335,932,403,4121
"Franklin St & Quincy St",41.878724,-87.634793,1335,1301,34,4122
"Aberdeen St & Jackson Blvd",41.87772613,-87.65478743,1335,1301,34,4122
"Racine Ave & 15th St",41.861267,-87.656625,1334,1204,130,4123
"Halsted St & Maxwell St",41.864883,-87.647071,1334,1204,130,4123
"Sheffield Ave & Kingsbury St",41.910522,-87.653106,1334,1190,144,4124
"Wilton Ave & Diversey Pkwy",41.932418,-87.652705,1334,1190,144,4124
"Clark St & Wellington Ave",41.9364968219,-87.6475386582,1334,1012,322,4125
"Larrabee St & Webster Ave",41.921822,-87.64414,1334,1012,322,4125
"Clark St & Wellington Ave",41.9364968219,-87.6475386582,1334,1196,138,4126
"Lincoln Ave & Belmont Ave",41.939365,-87.668385,1334,1196,138,4126
"Streeter Dr & Grand Ave",41.892278,-87.612043,1334,309,1025,4127
"State St & Pearson St",41.897448,-87.628722,1334,309,1025,4127
"Lake Shore Dr & Ohio St",41.89257,-87.614492,1334,669,665,4128
"Columbus Dr & Randolph St",41.884728,-87.619521,1334,669,665,4128
"Sedgwick St & North Ave",41.910983,-87.638525,1334,1010,324,4129
"Clark St & North Ave",41.911974,-87.631942,1334,1010,324,4129
"Clark St & Newport St",41.94454,-87.654678,1334,804,530,4130
"Broadway & Barry Ave",41.937582316,-87.644097805,1334,804,530,4130
"Wells St & Evergreen Ave",41.906724,-87.63483,1334,391,943,4131
"Streeter Dr & Grand Ave",41.892278,-87.612043,1334,391,943,4131
"Michigan Ave & Lake St",41.886024,-87.624117,1334,824,510,4132
"Michigan Ave & Madison St",41.882134,-87.625125,1334,824,510,4132
"State St & Kinzie St",41.88918,-87.6277,1333,1143,190,4133
"Desplaines St & Randolph St",41.883703,-87.644238,1333,1143,190,4133
"Orleans St & Merchandise Mart Plaza",41.888243,-87.63639,1333,751,582,4134
"Michigan Ave & Pearson St",41.89766,-87.62351,1333,751,582,4134
"Damen Ave & Pierce Ave",41.9093960065,-87.6776919292,1333,898,435,4135
"Kedzie Ave & Palmer Ct",41.921525,-87.707322,1333,898,435,4135
"Cottage Grove Ave & 63rd St",41.7805309407,-87.6059702039,1333,1177,156,4136
"Ellis Ave & 60th St",41.7850971464,-87.6010727606,1333,1177,156,4136
"Peoria St & Jackson Blvd",41.877749,-87.649633,1332,1181,151,4137
"Dearborn St & Monroe St",41.881319815,-87.6295209193,1332,1181,151,4137
"Loomis St & Taylor St",41.869417,-87.660996,1332,1075,257,4138
"Clinton St & Roosevelt Rd",41.8671177825,-87.6410879593,1332,1075,257,4138
"Lake Shore Dr & Diversey Pkwy",41.932684,-87.63625,1332,1007,325,4139
"Wells St & Concord Ln",41.912133,-87.634656,1332,1007,325,4139
"Halsted St & Wrightwood Ave",41.929143,-87.649077,1332,1079,253,4140
"Burling St & Diversey Pkwy",41.93314,-87.64776,1332,1079,253,4140
"State St & Kinzie St",41.88918,-87.6277,1332,879,453,4141
"Indiana Ave & Roosevelt Rd",41.867888,-87.623041,1332,879,453,4141
"Southport Ave & Roscoe St",41.943739,-87.66402,1332,820,512,4142
"Clark St & Lincoln Ave",41.915689,-87.6346,1332,820,512,4142
"Lincoln Ave & Belle Plaine Ave",41.955927,-87.679259,1332,1242,90,4143
"Damen Ave & Sunnyside Ave",41.96325,-87.679258,1332,1242,90,4143
"Halsted St & Dickens Ave",41.919936,-87.64883,1332,1184,148,4144
"Lincoln Ave & Fullerton Ave",41.925905,-87.64926,1332,1184,148,4144
"McClurg Ct & Ohio St",41.8925921197,-87.6172891259,1332,932,400,4145
"Fairbanks Ct & Grand Ave",41.8918473721,-87.6205801964,1332,932,400,4145
"Clark St & Randolph St",41.884576228,-87.63188991,1332,1179,153,4146
"Morgan St & Lake St",41.8854833079,-87.6523048564,1332,1179,153,4146
"Western Ave & 24th St",41.84847,-87.685109,1331,1297,34,4147
"Western Ave & 21st St",41.85394,-87.685243,1331,1297,34,4147
"LaSalle St & Jackson Blvd",41.87817,-87.631985,1331,1141,190,4148
"Michigan Ave & Pearson St",41.89766,-87.62351,1331,1141,190,4148
"Calumet Ave & 21st St",41.8541842495,-87.6191537415,1331,874,457,4149
"Michigan Ave & 14th St",41.864059,-87.623727,1331,874,457,4149
"Desplaines St & Jackson Blvd",41.8781189009,-87.6439476013,1330,1219,111,4150
"Halsted St & Polk St",41.87184,-87.64664,1330,1219,111,4150
"Wells St & Concord Ln",41.912133,-87.634656,1330,1251,79,4151
"Franklin St & Quincy St",41.878724,-87.634793,1330,1251,79,4151
"Wabash Ave & Grand Ave",41.891466,-87.626761,1330,1030,300,4152
"Stetson Ave & South Water St",41.886835,-87.62232,1330,1030,300,4152
"Clinton St & Lake St",41.885637,-87.641823,1330,1238,92,4153
"Racine Ave & Randolph St",41.8840812248,-87.6569207293,1330,1238,92,4153
"Clark St & Chicago Ave",41.896544,-87.630931,1330,1191,139,4154
"Dearborn St & Erie St",41.893992,-87.629318,1330,1191,139,4154
"LaSalle St & Illinois St",41.890762,-87.631697,1330,1081,249,4155
"Wells St & Huron St",41.8947953,-87.6343743,1330,1081,249,4155
"Dearborn St & Monroe St",41.881319815,-87.6295209193,1329,1163,166,4156
"Aberdeen St & Monroe St",41.880419,-87.655519,1329,1163,166,4156
"Wabash Ave & Grand Ave",41.891466,-87.626761,1329,166,1163,4157
"Shedd Aquarium",41.8672259568,-87.6153553902,1329,166,1163,4157
"Clark St & Armitage Ave",41.918306,-87.636282,1329,738,591,4158
"Broadway & Belmont Ave",41.940106,-87.645451,1329,738,591,4158
"Clark St & Newport St",41.94454,-87.654678,1329,931,398,4159
"Broadway & Belmont Ave",41.940106,-87.645451,1329,931,398,4159
"Franklin St & Arcade Pl",41.881131,-87.635185,1328,1239,89,4160
"Dearborn St & Monroe St",41.881319815,-87.6295209193,1328,1239,89,4160
"Cannon Dr & Fullerton Ave",41.9267559875,-87.6344287848,1328,738,590,4161
"Broadway & Barry Ave",41.937725,-87.644095,1328,738,590,4161
"Daley Center Plaza",41.884241,-87.629634,1328,649,679,4162
"Millennium Park",41.8810317,-87.62408432,1328,649,679,4162
"Clark St & North Ave",41.911974,-87.631942,1328,1169,159,4163
"Daley Center Plaza",41.884241,-87.629634,1328,1169,159,4163
"Morgan St & Lake St",41.8854833079,-87.6523048564,1328,1230,98,4164
"Daley Center Plaza",41.884241,-87.629634,1328,1230,98,4164
"Orleans St & Merchandise Mart Plaza",41.888243,-87.63639,1327,1139,188,4165
"Kingsbury St & Kinzie St",41.8891768326,-87.6385057718,1327,1139,188,4165
"Wabash Ave & Roosevelt Rd",41.867227,-87.625961,1327,1213,114,4166
"Peoria St & Jackson Blvd",41.877749,-87.649633,1327,1213,114,4166
"Woodlawn Ave & 58th St",41.789381,-87.596479,1326,1057,269,4167
"University Ave & 57th St",41.791478,-87.599861,1326,1057,269,4167
"Kingsbury St & Erie St",41.8939139,-87.6417358,1326,886,440,4168
"Michigan Ave & Oak St",41.90096039,-87.62377664,1326,886,440,4168
"Sheffield Ave & Wrightwood Ave",41.928712,-87.653833,1326,1190,136,4169
"Burling St & Diversey Pkwy",41.93314,-87.64776,1326,1190,136,4169
"California Ave & North Ave",41.91044,-87.6972,1326,1197,129,4170
"Wood St & Milwaukee Ave",41.907655,-87.672552,1326,1197,129,4170
"Ritchie Ct & Banks St",41.906866,-87.626217,1325,772,553,4171
"Clark St & Armitage Ave",41.918306,-87.636282,1325,772,553,4171
"Wells St & Elm St",41.903222,-87.634324,1325,920,405,4172
"St. Clair St & Erie St",41.8943451374,-87.6227983832,1325,920,405,4172
"Wells St & Elm St",41.903222,-87.634324,1325,848,477,4173
"Larrabee St & Webster Ave",41.921822,-87.64414,1325,848,477,4173
"Wilton Ave & Belmont Ave",41.94018,-87.65304,1325,1151,174,4174
"Seeley Ave & Roscoe St",41.943403,-87.679618,1325,1151,174,4174
"Dearborn Pkwy & Delaware Pl",41.899007,-87.629928,1324,962,362,4175
"Canal St & Adams St",41.879255,-87.639904,1324,962,362,4175
"Clinton St & Madison St",41.8827519657,-87.6411902905,1324,1254,70,4176
"Ashland Ave & Chicago Ave",41.895966,-87.667747,1324,1254,70,4176
"Lake Shore Dr & North Blvd",41.911722,-87.626804,1324,322,1002,4177
"Wabash Ave & Wacker Pl",41.886875,-87.62603,1324,322,1002,4177
"Clark St & Elm St",41.903233,-87.631253,1324,1014,310,4178
"Cityfront Plaza Dr & Pioneer Ct",41.890573,-87.622072,1324,1014,310,4178
"Wells St & Huron St",41.8947953,-87.6343743,1324,1283,41,4179
"Franklin St & Quincy St",41.878724,-87.634793,1324,1283,41,4179
"Lincoln Ave & Roscoe St",41.94334,-87.67097,1324,1205,119,4180
"Lincoln Ave & Belle Plaine Ave",41.955927,-87.679259,1324,1205,119,4180
"State St & 19th St",41.856594,-87.627542,1323,1199,124,4181
"Dearborn St & Adams St",41.8793563587,-87.6297910363,1323,1199,124,4181
"Orleans St & Merchandise Mart Plaza",41.888243,-87.63639,1323,1228,95,4182
"Larrabee St & Webster Ave",41.921822,-87.64414,1323,1228,95,4182
"Michigan Ave & Lake St",41.886024,-87.624117,1323,993,330,4183
"Rush St & Cedar St",41.9023087012,-87.627690528,1323,993,330,4183
"Ashland Ave & Lake St",41.88541,-87.66732,1323,1299,24,4184
"Wood St & Hubbard St",41.889715,-87.671966,1323,1299,24,4184
"Lake Shore Dr & Diversey Pkwy",41.932684,-87.63625,1323,1027,296,4185
"Clark St & Wrightwood Ave",41.929546,-87.643118,1323,1027,296,4185
"Canal St & Jackson Blvd",41.877988,-87.640769,1323,1185,138,4186
"McClurg Ct & Illinois St",41.89102,-87.6173,1323,1185,138,4186
"Wells St & Elm St",41.903222,-87.634324,1322,962,360,4187
"LaSalle Dr & Huron St",41.894877,-87.632326,1322,962,360,4187
"Milwaukee Ave & Grand Ave",41.891578,-87.648384,1322,1211,111,4188
"Franklin St & Monroe St",41.880317,-87.635185,1322,1211,111,4188
"Dearborn Pkwy & Delaware Pl",41.899007,-87.629928,1322,873,449,4189
"Wells St & Concord Ln",41.912133,-87.634656,1322,873,449,4189
"Sheffield Ave & Fullerton Ave",41.9256018819,-87.6537080423,1322,1101,221,4190
"Clark St & Wellington Ave",41.9364968219,-87.6475386582,1322,1101,221,4190
"Lincoln Ave & Fullerton Ave",41.925905,-87.64926,1322,1062,260,4191
"Sedgwick St & Webster Ave",41.922167,-87.638888,1322,1062,260,4191
"Clark St & Lincoln Ave",41.915689,-87.6346,1322,1211,111,4192
"Clinton St & Washington Blvd",41.88338,-87.64117,1322,1211,111,4192
"Daley Center Plaza",41.884241,-87.629634,1322,1177,145,4193
"Clark St & Lincoln Ave",41.915689,-87.6346,1322,1177,145,4193
"Green St & Randolph St*",41.8836016573,-87.6486267149,1322,1054,268,4194
"Franklin St & Jackson Blvd",41.8777079559,-87.6353211408,1322,1054,268,4194
"LaSalle St & Illinois St",41.890749,-87.63206,1322,794,528,4195
"Michigan Ave & Lake St",41.886024,-87.624117,1322,794,528,4195
"Damen Ave & Pierce Ave",41.9093960065,-87.6776919292,1322,950,372,4196
"California Ave & Francis Pl",41.91855,-87.69723,1322,950,372,4196
"Clark St & Grace St",41.95078,-87.659172,1321,963,358,4197
"Paulina St & Montrose Ave",41.961507,-87.671387,1321,963,358,4197
"Ashland Ave & Division St",41.90345,-87.667747,1321,1166,155,4198
"Clinton St & Lake St",41.885637,-87.641823,1321,1166,155,4198
"Shedd Aquarium",41.8672259568,-87.6153553902,1320,301,1019,4199
"Dearborn St & Adams St",41.8793563587,-87.6297910363,1320,301,1019,4199
"Lake Shore Dr & Ohio St",41.89257,-87.614492,1320,1112,208,4200
"Dearborn St & Adams St",41.8793563587,-87.6297910363,1320,1112,208,4200
"Larrabee St & Oak St",41.9002194932,-87.6429854676,1320,1305,15,4201
"Franklin St & Monroe St",41.880317,-87.635185,1320,1305,15,4201
"Larrabee St & Oak St",41.9002194932,-87.6429854676,1320,1289,31,4202
"Mies van der Rohe Way & Chicago Ave",41.89691,-87.621743,1320,1289,31,4202
"Michigan Ave & Lake St",41.886024,-87.624117,1320,957,363,4203
"Wabash Ave & Grand Ave",41.891466,-87.626761,1320,957,363,4203
"Western Ave & Winnebago Ave",41.915533,-87.687051,1319,1253,66,4204
"Leavitt St & Armitage Ave",41.917805,-87.682437,1319,1253,66,4204
"Adler Planetarium",41.866095,-87.607267,1319,404,915,4205
"State St & Harrison St",41.874053,-87.627716,1319,404,915,4205
"Artesian Ave & Hubbard St",41.8895,-87.688257,1319,1180,139,4206
"Ashland Ave & Grand Ave",41.891072,-87.666611,1319,1180,139,4206
"Racine Ave & 13th St",41.865054,-87.656959,1319,1272,47,4207
"Halsted St & Roosevelt Rd",41.867324,-87.648625,1319,1272,47,4207
"Broadway & Argyle St",41.97423,-87.6597735,1319,1190,129,4208
"Broadway & Berwyn Ave",41.978353,-87.659753,1319,1190,129,4208
"Sheffield Ave & Fullerton Ave",41.9256018819,-87.6537080423,1319,559,760,4209
"Lake Shore Dr & North Blvd",41.911722,-87.626804,1319,559,760,4209
"Lincoln Ave & Leavitt St",41.962391,-87.684146,1318,1218,100,4210
"Clark St & Montrose Ave",41.961588,-87.666036,1318,1218,100,4210
"State St & Harrison St",41.874053,-87.627716,1318,1068,250,4211
"Wabash Ave & Adams St",41.8794723523,-87.6256886059,1318,1068,250,4211
"Wells St & Elm St",41.903222,-87.634324,1318,786,532,4212
"Michigan Ave & Oak St",41.90096039,-87.62377664,1318,786,532,4212
"Clinton St & Washington Blvd",41.88338,-87.64117,1318,1118,200,4213
"Elizabeth St & Fulton St",41.886827,-87.658937,1318,1118,200,4213
"Pine Grove Ave & Waveland Ave",41.9494727409,-87.6464527845,1318,488,830,4214
"Montrose Harbor",41.963982,-87.638181,1318,488,830,4214
"Fairbanks St & Superior St",41.895748,-87.620104,1317,1163,154,4215
"McClurg Ct & Erie St",41.894503,-87.617854,1317,1163,154,4215
"Rush St & Hubbard St",41.890173,-87.626185,1317,1239,78,4216
"LaSalle St & Jackson Blvd",41.878166,-87.631929,1317,1239,78,4216
"Wells St & Concord Ln",41.912133,-87.634656,1317,1025,292,4217
"Wilton Ave & Belmont Ave",41.94018,-87.65304,1317,1025,292,4217
"Rush St & Superior St",41.8957647456,-87.6259080327,1317,967,350,4218
"Dearborn St & Erie St",41.893992,-87.629318,1317,967,350,4218
"Adler Planetarium",41.866095,-87.607267,1317,122,1195,4219
"McCormick Place",41.8513751729,-87.6188346489,1317,122,1195,4219
"Clark St & Elm St",41.903233,-87.631253,1317,1103,214,4220
"LaSalle St & Jackson Blvd",41.878166,-87.631929,1317,1103,214,4220
"Rush St & Hubbard St",41.890173,-87.626185,1316,1100,216,4221
"Clark St & Elm St",41.903233,-87.631253,1316,1100,216,4221
"Orleans St & Elm St",41.902924,-87.637715,1316,1215,101,4222
"Orleans St & Chestnut St (NEXT Apts)",41.898203,-87.637536,1316,1215,101,4222
"Southport Ave & Waveland Ave",41.94815,-87.66394,1316,1054,262,4223
"Sheridan Rd & Montrose Ave",41.96167,-87.65464,1316,1054,262,4223
"Ravenswood Ave & Lawrence Ave",41.96909,-87.674237,1316,1206,110,4224
"Broadway & Argyle St",41.97423,-87.6597735,1316,1206,110,4224
"Michigan Ave & 14th St",41.864059,-87.623727,1316,1145,171,4225
"Wabash Ave & 8th St",41.871962,-87.626106,1316,1145,171,4225
"Ogden Ave & Race Ave",41.891795,-87.658751,1315,1138,177,4226
"Aberdeen St & Jackson Blvd",41.87772613,-87.65478743,1315,1138,177,4226
"Dearborn St & Van Buren St",41.876268,-87.629155,1315,1172,143,4227
"Federal St & Polk St",41.8720776329,-87.6295437729,1315,1172,143,4227
"California Ave & Division St",41.903029,-87.697474,1315,932,383,4228
"California Ave & North Ave",41.91044,-87.6972,1315,932,383,4228
"Wabash Ave & Roosevelt Rd",41.867227,-87.625961,1315,1204,111,4229
"Clark St & Ida B Wells Dr",41.8759326655,-87.6305845355,1315,1204,111,4229
"Dearborn St & Adams St",41.8793563587,-87.6297910363,1314,1021,293,4230
"St. Clair St & Erie St",41.8943451374,-87.6227983832,1314,1021,293,4230
"Kedzie Ave & Milwaukee Ave",41.929567,-87.707857,1314,1153,161,4231
"California Ave & Altgeld St",41.92669,-87.697668,1314,1153,161,4231
"Calumet Ave & 21st St",41.8541842495,-87.6191537415,1314,211,1103,4232
"Streeter Dr & Grand Ave",41.892278,-87.612043,1314,211,1103,4232
"Dearborn St & Erie St",41.893992,-87.629318,1314,1126,188,4233
"Ogden Ave & Chicago Ave",41.896362458,-87.6540612729,1314,1126,188,4233
"Michigan Ave & Washington St",41.8839840647,-87.6246839762,1314,1154,160,4234
"LaSalle St & Washington St",41.882664,-87.63253,1314,1154,160,4234
"900 W Harrison St",41.874754,-87.649807,1314,1290,24,4235
"Canal St & Jackson Blvd",41.877988,-87.640769,1314,1290,24,4235
"Michigan Ave & 8th St",41.872773,-87.623981,1314,505,809,4236
"Michigan Ave & Washington St",41.8838927658,-87.6246491409,1314,505,809,4236
"Paulina St & 18th St",41.857901,-87.668745,1313,1175,138,4237
"Damen Ave & Cullerton St",41.855048,-87.675726,1313,1175,138,4237
"Clark St & Schiller St",41.907993,-87.631501,1313,1073,240,4238
"Mies van der Rohe Way & Chestnut St",41.8985866514,-87.6219152258,1313,1073,240,4238
"Larrabee St & Armitage Ave",41.918084,-87.643749,1313,716,597,4239
"Theater on the Lake",41.926277,-87.630834,1313,716,597,4239
"Franklin St & Lake St",41.885837,-87.6355,1313,1111,202,4240
"LaSalle St & Jackson Blvd",41.878166,-87.631929,1313,1111,202,4240
"Halsted St & Clybourn Ave",41.909668,-87.648128,1313,1025,288,4241
"Larrabee St & Webster Ave",41.921822,-87.64414,1313,1025,288,4241
"Wells St & Huron St",41.8947953,-87.6343743,1313,1191,122,4242
"Daley Center Plaza",41.884241,-87.629634,1313,1191,122,4242
"Wentworth Ave & 33rd St",41.8345298856,-87.6318229814,1312,1241,71,4243
"Shields Ave & 28th Pl",41.842733,-87.635491,1312,1241,71,4243
"Clinton St & Lake St",41.88583274,-87.64138231,1312,1208,104,4244
"Michigan Ave & Lake St",41.886024,-87.624117,1312,1208,104,4244
"LaSalle St & Illinois St",41.890749,-87.63206,1312,916,396,4245
"Mies van der Rohe Way & Chicago Ave",41.89691,-87.621743,1312,916,396,4245
"Orleans St & Elm St",41.902924,-87.637715,1311,1228,83,4246
"Dearborn Pkwy & Delaware Pl",41.898969,-87.629912,1311,1228,83,4246
"Michigan Ave & Congress Pkwy",41.8760656,-87.62443336,1311,1116,195,4247
"Clinton St & Madison St",41.8827519657,-87.6411902905,1311,1116,195,4247
"Millennium Park",41.8810317,-87.62408432,1311,333,978,4248
"DuSable Lake Shore Dr & North Blvd",41.911722,-87.626804,1311,333,978,4248
"California Ave & Cortez St",41.900363,-87.696704,1310,945,365,4249
"Damen Ave & Pierce Ave",41.9093960065,-87.6776919292,1310,945,365,4249
"Clark St & Randolph St",41.884576228,-87.63188991,1310,1063,247,4250
"Desplaines St & Randolph St",41.883703,-87.644238,1310,1063,247,4250
"Ritchie Ct & Banks St",41.906866,-87.626217,1310,1073,237,4251
"St. Clair St & Erie St",41.8943451374,-87.6227983832,1310,1073,237,4251
"McClurg Ct & Erie St",41.894503,-87.617854,1310,1170,140,4252
"Ritchie Ct & Banks St",41.906866,-87.626217,1310,1170,140,4252
"Larrabee St & Armitage Ave",41.918084,-87.643749,1310,1125,185,4253
"Sheffield Ave & Kingsbury St",41.910522,-87.653106,1310,1125,185,4253
"State St & Pearson St",41.897448,-87.628722,1310,962,348,4254
"Clark St & Armitage Ave",41.918306,-87.636282,1310,962,348,4254
"Green St & Madison St",41.881859328,-87.6492637396,1310,1200,110,4255
"Loomis St & Lexington St",41.872187,-87.661501,1310,1200,110,4255
"Orleans St & Elm St",41.902924,-87.637715,1310,1238,72,4256
"LaSalle St & Illinois St",41.890749,-87.63206,1310,1238,72,4256
"Larrabee St & Kingsbury St",41.897764,-87.642884,1310,1156,154,4257
"Ashland Ave & Division St",41.90345,-87.667747,1310,1156,154,4257
"Rush St & Hubbard St",41.890173,-87.626185,1309,1205,104,4258
"Clinton St & Jackson Blvd",41.8783166118,-87.6409810781,1309,1205,104,4258
"Halsted St & Fulton St",41.886871,-87.648089,1309,889,420,4259
"Halsted St & Clybourn Ave",41.909668,-87.648128,1309,889,420,4259
"Green St & Randolph St*",41.8836016573,-87.6486267149,1309,1183,126,4260
"Racine Ave & Randolph St",41.8840812248,-87.6569207293,1309,1183,126,4260
"McClurg Ct & Erie St",41.894503,-87.617854,1309,1276,33,4261
"LaSalle St & Jackson Blvd",41.87817,-87.631985,1309,1276,33,4261
"Western Ave & Winnebago Ave",41.915533,-87.687051,1309,975,334,4262
"Damen Ave & Pierce Ave",41.9093960065,-87.6776919292,1309,975,334,4262
"Noble St & Milwaukee Ave",41.90068,-87.6626,1308,947,361,4263
"California Ave & Milwaukee Ave",41.922695,-87.697153,1308,947,361,4263
"Shedd Aquarium",41.8672259568,-87.6153553902,1308,502,806,4264
"Wabash Ave & 9th St",41.870769,-87.625734,1308,502,806,4264
"Franklin St & Quincy St",41.878724,-87.634793,1308,1197,111,4265
"Rush St & Superior St",41.8957647456,-87.6259080327,1308,1197,111,4265
"Daley Center Plaza",41.884241,-87.629634,1308,1215,93,4266
"Sedgwick St & Webster Ave",41.922167,-87.638888,1308,1215,93,4266
"Lake Shore Dr & North Blvd",41.911722,-87.626804,1308,593,715,4267
"Wabash Ave & Grand Ave",41.891466,-87.626761,1308,593,715,4267
"Michigan Ave & Lake St",41.886024,-87.624117,1308,116,1192,4268
"Museum Campus",41.865212,-87.617759,1308,116,1192,4268
"Damen Ave & Pierce Ave",41.9093960065,-87.6776919292,1307,1048,259,4269
"Kingsbury St & Kinzie St",41.8891768326,-87.6385057718,1307,1048,259,4269
"Wells St & Concord Ln",41.912133,-87.634656,1307,1181,126,4270
"Halsted St & Blackhawk St",41.90854,-87.648568,1307,1181,126,4270
"Artesian Ave & Hubbard St",41.8895,-87.688257,1307,1254,53,4271
"Elizabeth St & Fulton St",41.886827,-87.658937,1307,1254,53,4271
"Halsted St & Maxwell St",41.864883,-87.647071,1307,1055,252,4272
"Loomis St & Lexington St",41.8722287322,-87.661363855,1307,1055,252,4272
"Field Blvd & South Water St",41.8863490627,-87.6175165471,1307,1010,297,4273
"Michigan Ave & Madison St",41.882134,-87.625125,1307,1010,297,4273
"Theater on the Lake",41.926277,-87.630834,1306,572,734,4274
"Wells St & Evergreen Ave",41.906724,-87.63483,1306,572,734,4274
"Sedgwick St & North Ave",41.910983,-87.638525,1305,1056,249,4275
"Clifton Ave & Armitage Ave",41.918216,-87.656936,1305,1056,249,4275
"Orleans St & Merchandise Mart Plaza",41.888243,-87.63639,1305,756,549,4276
"Michigan Ave & Oak St",41.90096039,-87.62377664,1305,756,549,4276
"State St & Pearson St",41.897448,-87.628722,1305,1033,272,4277
"Dearborn St & Erie St",41.893992,-87.629318,1305,1033,272,4277
"Lakeview Ave & Fullerton Pkwy",41.925858,-87.638973,1305,881,424,4278
"Sedgwick St & North Ave",41.910983,-87.638525,1305,881,424,4278
"McClurg Ct & Erie St",41.894503,-87.617854,1305,1190,115,4279
"State St & Randolph St",41.8847302006,-87.6277335692,1305,1190,115,4279
"Daley Center Plaza",41.884241,-87.629634,1304,1173,131,4280
"Clinton St & Jackson Blvd",41.8783166118,-87.6409810781,1304,1173,131,4280
"Halsted St & 35th St",41.830661,-87.647172,1304,1129,175,4281
"Halsted St & Archer Ave",41.847203,-87.646795,1304,1129,175,4281
"Pine Grove Ave & Waveland Ave",41.949275,-87.646303,1304,1061,243,4282
"Southport Ave & Roscoe St",41.943739,-87.66402,1304,1061,243,4282
"Museum Campus",41.865212,-87.617759,1304,249,1055,4283
"Wabash Ave & 8th St",41.871962,-87.626106,1304,249,1055,4283
"Wood St & Milwaukee Ave",41.907655,-87.672552,1303,976,327,4284
"Carpenter St & Huron St",41.894556,-87.653449,1303,976,327,4284
"Desplaines St & Kinzie St",41.888716036,-87.6444478533,1303,883,420,4285
"Lake Shore Dr & North Blvd",41.911722,-87.626804,1303,883,420,4285
"Wolcott Ave & Polk St",41.871262,-87.673688,1303,1131,172,4286
"Halsted St & Maxwell St",41.864883,-87.647071,1303,1131,172,4286
"DuSable Lake Shore Dr & North Blvd",41.911722,-87.626804,1303,704,599,4287
"Dearborn Pkwy & Delaware Pl",41.898969,-87.629912,1303,704,599,4287
"Racine Ave & Belmont Ave",41.939743,-87.658865,1303,1060,243,4288
"Wilton Ave & Diversey Pkwy",41.932418,-87.652705,1303,1060,243,4288
"Michigan Ave & Lake St",41.886024,-87.624117,1303,751,552,4289
"Theater on the Lake",41.926277,-87.630834,1303,751,552,4289
"Sheffield Ave & Wellington Ave",41.936253,-87.653566,1303,1091,212,4290
"Sheffield Ave & Fullerton Ave",41.9256018819,-87.6537080423,1303,1091,212,4290
"Lake Shore Dr & North Blvd",41.911722,-87.626804,1303,493,810,4291
"Broadway & Cornelia Ave",41.945512,-87.64598,1303,493,810,4291
"Wabash Ave & Roosevelt Rd",41.867227,-87.625961,1302,1155,147,4292
"Orleans St & Merchandise Mart Plaza",41.888243,-87.63639,1302,1155,147,4292
"Michigan Ave & Washington St",41.8839840647,-87.6246839762,1302,442,860,4293
"Wabash Ave & Grand Ave",41.891466,-87.626761,1302,442,860,4293
"Ashland Ave & Wrightwood Ave",41.92883,-87.668507,1301,1066,235,4294
"Sheffield Ave & Webster Ave",41.92154,-87.653818,1301,1066,235,4294
"Clinton St & Tilden St",41.875885,-87.640795,1301,1234,67,4295
"Michigan Ave & Congress Pkwy",41.8760656,-87.62443336,1301,1234,67,4295
"Ashland Ave & Grand Ave",41.891072,-87.666611,1301,1118,183,4296
"Kingsbury St & Kinzie St",41.8891768326,-87.6385057718,1301,1118,183,4296
"Orleans St & Merchandise Mart Plaza",41.888243,-87.63639,1301,1019,282,4297
"Orleans St & Chestnut St (NEXT Apts)",41.898203,-87.637536,1301,1019,282,4297
"Marshfield Ave & Cortland St",41.916017,-87.668879,1301,1236,65,4298
"Claremont Ave & Hirsch St",41.907781,-87.685854,1301,1236,65,4298
"State St & Pearson St",41.897448,-87.628722,1301,1055,246,4299
"LaSalle St & Illinois St",41.890749,-87.63206,1301,1055,246,4299
"DuSable Lake Shore Dr & North Blvd",41.911722,-87.626804,1301,633,668,4300
"Clark St & Lincoln Ave",41.915689,-87.6346,1301,633,668,4300
"State St & Van Buren St",41.877181,-87.627844,1301,393,908,4301
"Adler Planetarium",41.866095,-87.607267,1301,393,908,4301
"Stockton Dr & Wrightwood Ave",41.93132,-87.638742,1301,371,930,4302
"Streeter Dr & Illinois St",41.891071,-87.6122,1301,371,930,4302
"Desplaines St & Jackson Blvd",41.8781189009,-87.6439476013,1300,1168,132,4303
"Wabash Ave & Adams St",41.8794723523,-87.6256886059,1300,1168,132,4303
"State St & Randolph St",41.8847302006,-87.6277335692,1300,901,399,4304
"State St & Harrison St",41.874053,-87.627716,1300,901,399,4304
"Clark St & Lake St",41.8860208277,-87.6308760584,1300,898,402,4305
"Michigan Ave & Washington St",41.8838927658,-87.6246491409,1300,898,402,4305
"Rockwell St & Eastwood Ave",41.9659001398,-87.6936384935,1300,1198,102,4306
"Lincoln Ave & Winona St",41.9749112968,-87.6925025594,1300,1198,102,4306
"Lincoln Ave & Roscoe St",41.94334,-87.67097,1300,1015,285,4307
"Halsted St & Roscoe St",41.94367,-87.64895,1300,1015,285,4307
"Southport Ave & Waveland Ave",41.94815,-87.66394,1300,1139,161,4308
"Lincoln Ave & Belmont Ave",41.939365,-87.668385,1300,1139,161,4308
"Ada St & Washington Blvd",41.88283,-87.661206,1299,1088,211,4309
"Kingsbury St & Kinzie St",41.8891768326,-87.6385057718,1299,1088,211,4309
"Racine Ave & Belmont Ave",41.939743,-87.658865,1299,874,425,4310
"Sheffield Ave & Waveland Ave",41.949399,-87.654529,1299,874,425,4310
"Damen Ave & Cortland St",41.915983,-87.677335,1299,1214,85,4311
"Marshfield Ave & Cortland St",41.916017,-87.668879,1299,1214,85,4311
"Peoria St & Jackson Blvd",41.877749,-87.649633,1299,1094,205,4312
"May St & Taylor St",41.8694821,-87.6554864,1299,1094,205,4312
"Clinton St & Lake St",41.885637,-87.641823,1298,1263,35,4313
"Canal St & Madison St",41.882091,-87.639833,1298,1263,35,4313
"Orleans St & Elm St",41.902924,-87.637715,1298,1158,140,4314
"Franklin St & Chicago Ave",41.89679,-87.63564,1298,1158,140,4314
"Mies van der Rohe Way & Chestnut St",41.8985866514,-87.6219152258,1298,119,1179,4315
"Shedd Aquarium",41.8672259568,-87.6153553902,1298,119,1179,4315
"Kingsbury St & Kinzie St",41.8891768326,-87.6385057718,1297,1159,138,4316
"Ashland Ave & Augusta Blvd",41.899643,-87.6677,1297,1159,138,4316
"Sheridan Rd & Montrose Ave",41.96167,-87.65464,1297,930,367,4317
"Clarendon Ave & Leland Ave",41.967968,-87.650001,1297,930,367,4317
"California Ave & Milwaukee Ave",41.922695,-87.697153,1295,998,297,4318
"Western Ave & Winnebago Ave",41.915533,-87.687051,1295,998,297,4318
"Wells St & Concord Ln",41.912133,-87.634656,1295,1169,126,4319
"Daley Center Plaza",41.884241,-87.629634,1295,1169,126,4319
"Wabash Ave & Wacker Pl",41.886875,-87.62603,1295,740,555,4320
"Franklin St & Monroe St",41.880317,-87.635185,1295,740,555,4320
"State St & Randolph St",41.8847302006,-87.6277335692,1295,1133,162,4321
"Clinton St & Lake St",41.88583274,-87.64138231,1295,1133,162,4321
"Rush St & Superior St",41.8957647456,-87.6259080327,1294,921,373,4322
"McClurg Ct & Illinois St",41.89102,-87.6173,1294,921,373,4322
"LaSalle St & Jackson Blvd",41.878166,-87.631929,1294,1194,100,4323
"Wells St & Hubbard St",41.889906,-87.634266,1294,1194,100,4323
"Mies van der Rohe Way & Chicago Ave",41.89691,-87.621743,1294,752,542,4324
"Wabash Ave & Grand Ave",41.891738,-87.626937,1294,752,542,4324
"Wabash Ave & 8th St",41.871962,-87.626106,1293,1284,9,4325
"Loomis St & Jackson Blvd",41.877945,-87.662007,1293,1284,9,4325
"Burnham Harbor",41.8574117871,-87.6137915254,1293,630,663,4326
"Dusable Harbor",41.886976,-87.612813,1293,630,663,4326
"Woodlawn Ave & 58th St",41.789381,-87.596479,1293,1056,237,4327
"Ellis Ave & 53rd St",41.7993362626,-87.6009581145,1293,1056,237,4327
"Orleans St & Merchandise Mart Plaza",41.888243,-87.63639,1292,1172,120,4328
"Desplaines St & Randolph St",41.883703,-87.644238,1292,1172,120,4328
"Michigan Ave & Madison St",41.882134,-87.625125,1292,983,309,4329
"Rush St & Superior St",41.8957647456,-87.6259080327,1292,983,309,4329
"Canal St & Monroe St",41.8807,-87.63947,1292,1152,140,4330
"Clark St & Lake St",41.8860208277,-87.6308760584,1292,1152,140,4330
"Clark St & Armitage Ave",41.918306,-87.636282,1292,565,727,4331
"McClurg Ct & Illinois St",41.89102,-87.6173,1292,565,727,4331
"Burnham Harbor",41.8574117871,-87.6137915254,1292,796,496,4332
"Fort Dearborn Dr & 31st St*",41.838676329,-87.6088321209,1292,796,496,4332
"Woodlawn Ave & 55th St",41.795264,-87.596471,1291,964,327,4333
"University Ave & 59th St",41.787878,-87.598906,1291,964,327,4333
"Morgan St & Lake St",41.8854833079,-87.6523048564,1291,1165,126,4334
"Carpenter St & Huron St",41.894556,-87.653449,1291,1165,126,4334
"Sangamon St & Washington Blvd",41.883165,-87.6511,1291,1171,120,4335
"Daley Center Plaza",41.884241,-87.629634,1291,1171,120,4335
"Calumet Ave & 51st St",41.8022946509,-87.6180535802,1291,1023,268,4336
"Cottage Grove Ave & 51st St",41.803038,-87.606615,1291,1023,268,4336
"Calumet Ave & 21st St",41.8541842495,-87.6191537415,1291,459,832,4337
"Lake Shore Dr & Monroe St",41.880958,-87.616743,1291,459,832,4337
"McClurg Ct & Erie St",41.894503,-87.617854,1291,1114,177,4338
"Wabash Ave & Grand Ave",41.891738,-87.626937,1291,1114,177,4338
"Canal St & Adams St",41.879255,-87.639904,1290,1278,12,4339
"Southport Ave & Wellington Ave",41.935733,-87.663576,1290,1278,12,4339
"Canal St & Madison St",41.882409,-87.639767,1290,767,523,4340
"Dearborn St & Monroe St",41.881319815,-87.6295209193,1290,767,523,4340
"Lake Shore Dr & North Blvd",41.911722,-87.626804,1290,606,684,4341
"Sheffield Ave & Wrightwood Ave",41.928712,-87.653833,1290,606,684,4341
"Green St & Madison St",41.881859328,-87.6492637396,1290,860,430,4342
"Elizabeth St & Randolph St",41.884336,-87.658902,1290,860,430,4342
"Museum Campus",41.865212,-87.617759,1290,65,1225,4343
"McCormick Place",41.8513751729,-87.6188346489,1290,65,1225,4343
"Clark St & Chicago Ave",41.896544,-87.630931,1290,1172,118,4344
"Clinton St & Madison St",41.8827519657,-87.6411902905,1290,1172,118,4344
"Calumet Ave & 18th St",41.857611,-87.619407,1290,1251,39,4345
"Clark St & Congress Pkwy",41.8759326655,-87.6305845355,1290,1251,39,4345
"Damen Ave & Cortland St",41.916027,-87.677411,1289,1097,192,4346
"Damen Ave & Charleston St",41.920082,-87.677855,1289,1097,192,4346
"Wood St & Milwaukee Ave",41.907655,-87.672552,1289,1021,268,4347
"Eckhart Park",41.89637337,-87.66098386,1289,1021,268,4347
"Ashland Ave & Wrightwood Ave",41.92883,-87.668507,1289,924,365,4348
"Halsted St & Wrightwood Ave",41.929143,-87.649077,1289,924,365,4348
"Franklin St & Lake St",41.885837,-87.6355,1289,1114,175,4349
"Clark St & Lake St",41.8860208277,-87.6308760584,1289,1114,175,4349
"Lake Shore Dr & Diversey Pkwy",41.932684,-87.63625,1289,1022,267,4350
"Broadway & Belmont Ave",41.940106,-87.645451,1289,1022,267,4350
"Michigan Ave & Lake St",41.886024,-87.624117,1289,1091,198,4351
"Daley Center Plaza",41.884451,-87.629892,1289,1091,198,4351
"Clifton Ave & Armitage Ave",41.918216,-87.656936,1288,963,325,4352
"Sedgwick St & Webster Ave",41.922167,-87.638888,1288,963,325,4352
"State St & Randolph St",41.8847302006,-87.6277335692,1288,956,332,4353
"Rush St & Superior St",41.8957647456,-87.6259080327,1288,956,332,4353
"Lake Shore Dr & Ohio St",41.89257,-87.614492,1288,900,388,4354
"Rush St & Cedar St",41.9023087012,-87.627690528,1288,900,388,4354
"Wabash Ave & Roosevelt Rd",41.867227,-87.625961,1287,943,344,4355
"State St & Kinzie St",41.88918,-87.6277,1287,943,344,4355
"DuSable Lake Shore Dr & Monroe St",41.880958,-87.616743,1287,355,932,4356
"McClurg Ct & Ohio St",41.8925921197,-87.6172891259,1287,355,932,4356
"Winchester Ave & Elston Ave",41.9240908504,-87.6764600747,1287,1094,193,4357
"Sheffield Ave & Fullerton Ave",41.9256018819,-87.6537080423,1287,1094,193,4357
"Michigan Ave & Pearson St",41.89766,-87.62351,1286,826,460,4358
"Clark St & Schiller St",41.907993,-87.631501,1286,826,460,4358
"Orleans St & Hubbard St",41.890028,-87.636618,1286,1196,90,4359
"Franklin St & Monroe St",41.880317,-87.635185,1286,1196,90,4359
"Larrabee St & Webster Ave",41.921822,-87.64414,1286,1067,219,4360
"Racine Ave & Fullerton Ave",41.92556258,-87.65840426,1286,1067,219,4360
"Broadway & Barry Ave",41.937725,-87.644095,1286,901,385,4361
"Clark St & North Ave",41.911974,-87.631942,1286,901,385,4361
"State St & Randolph St",41.8847302006,-87.6277335692,1286,1137,149,4362
"Canal St & Jackson Blvd",41.877988,-87.640769,1286,1137,149,4362
"Clark St & Lake St",41.8860208277,-87.6308760584,1285,847,438,4363
"Franklin St & Jackson Blvd",41.8777079559,-87.6353211408,1285,847,438,4363
"Sedgwick St & Webster Ave",41.922167,-87.638888,1285,997,288,4364
"Sheffield Ave & Willow St",41.913688,-87.652855,1285,997,288,4364
"Clark St & Berwyn Ave",41.9780306225,-87.6685649157,1285,959,326,4365
"Sheridan Rd & Montrose Ave",41.96167,-87.65464,1285,959,326,4365
"Mies van der Rohe Way & Chestnut St",41.8985866514,-87.6219152258,1285,863,422,4366
"Clark St & North Ave",41.911974,-87.631942,1285,863,422,4366
"Dearborn St & Erie St",41.893992,-87.629318,1285,862,423,4367
"Michigan Ave & Madison St",41.882134,-87.625125,1285,862,423,4367
"Sheridan Rd & Columbia Ave",42.004583,-87.661406,1284,1009,275,4368
"Broadway & Granville Ave",41.9947796884,-87.6602845349,1284,1009,275,4368
"Ravenswood Ave & Irving Park Rd",41.95469,-87.67393,1284,1199,85,4369
"Paulina St & Montrose Ave",41.961507,-87.671387,1284,1199,85,4369
"Halsted St & Dickens Ave",41.919936,-87.64883,1284,982,302,4370
"Clark St & Drummond Pl",41.931248,-87.644336,1284,982,302,4370
"Clark St & Wellington Ave",41.9364968219,-87.6475386582,1284,1117,167,4371
"Lake Shore Dr & Belmont Ave",41.940775,-87.639192,1284,1117,167,4371
"Clarendon Ave & Leland Ave",41.967968,-87.650001,1283,1035,248,4372
"Broadway & Wilson Ave",41.965221,-87.658139,1283,1035,248,4372
"Dusable Harbor",41.886976,-87.612813,1283,504,779,4373
"Columbus Dr & Randolph St",41.884728,-87.619521,1283,504,779,4373
"Desplaines St & Kinzie St",41.888716036,-87.6444478533,1282,1125,157,4374
"Canal St & Jackson Blvd",41.877988,-87.640769,1282,1125,157,4374
"Blue Island Ave & 18th St",41.857556,-87.661535,1282,1087,195,4375
"May St & Taylor St",41.8694821,-87.6554864,1282,1087,195,4375
"Racine Ave & Fullerton Ave",41.92556258,-87.65840426,1282,1225,57,4376
"Racine Ave & Wrightwood Ave",41.928887,-87.658971,1282,1225,57,4376
"Adler Planetarium",41.866095,-87.607267,1282,388,894,4377
"Lake Shore Dr & North Blvd",41.911722,-87.626804,1282,388,894,4377
"Federal St & Polk St",41.8720776329,-87.6295437729,1281,1030,251,4378
"Dearborn St & Erie St",41.893992,-87.629318,1281,1030,251,4378
"Ogden Ave & Chicago Ave",41.896362458,-87.6540612729,1281,1108,173,4379
"Noble St & Milwaukee Ave",41.90068,-87.6626,1281,1108,173,4379
"Broadway & Belmont Ave",41.940106,-87.645451,1281,899,382,4380
"Sheffield Ave & Addison St",41.94688,-87.65445,1281,899,382,4380
"Streeter Dr & Grand Ave",41.892278,-87.612043,1281,452,829,4381
"Broadway & Waveland Ave",41.949074,-87.648636,1281,452,829,4381
"Michigan Ave & Lake St",41.886022,-87.624398,1280,1029,251,4382
"Canal St & Adams St",41.879255,-87.639904,1280,1029,251,4382
"Wallace St & 35th St",41.8307070514,-87.641255334,1280,1157,123,4383
"Emerald Ave & 31st St",41.838198,-87.645143,1280,1157,123,4383
"Ashland Ave & 13th St",41.865234,-87.666507,1280,1231,49,4384
"Ogden Ave & Roosevelt Rd",41.8665014832,-87.68469707,1280,1231,49,4384
"Clinton St & Washington Blvd",41.88338,-87.64117,1280,1087,193,4385
"Field Blvd & South Water St",41.8863490627,-87.6175165471,1280,1087,193,4385
"Aberdeen St & Jackson Blvd",41.87772613,-87.65478743,1280,1203,77,4386
"Canal St & Monroe St",41.8807,-87.63947,1280,1203,77,4386
"Wood St & Milwaukee Ave",41.907655,-87.672552,1279,985,294,4387
"Leavitt St & Armitage Ave",41.917805,-87.682437,1279,985,294,4387
"LaSalle St & Adams St",41.8793443735,-87.6319852213,1279,1091,188,4388
"Indiana Ave & Roosevelt Rd",41.867888,-87.623041,1279,1091,188,4388
"Clinton St & Lake St",41.885637,-87.641823,1279,1154,125,4389
"State St & Kinzie St",41.88918,-87.6277,1279,1154,125,4389
"LaSalle St & Washington St",41.882664,-87.63253,1279,1107,172,4390
"Sedgwick St & Huron St",41.894666,-87.638437,1279,1107,172,4390
"Michigan Ave & Washington St",41.8838927658,-87.6246491409,1279,1007,272,4391
"Daley Center Plaza",41.884241,-87.629634,1279,1007,272,4391
"Federal St & Polk St",41.8720776329,-87.6295437729,1278,1024,254,4392
"Wabash Ave & 9th St",41.870769,-87.625734,1278,1024,254,4392
"Halsted St & Polk St",41.87184,-87.64664,1278,1147,131,4393
"Peoria St & Jackson Blvd",41.8776415963,-87.6496177912,1278,1147,131,4393
"Michigan Ave & Pearson St",41.89766,-87.62351,1278,711,567,4394
"Mies van der Rohe Way & Chestnut St",41.8985866514,-87.6219152258,1278,711,567,4394
"Clinton St & Lake St",41.885637,-87.641823,1278,1195,83,4395
"LaSalle St & Jackson Blvd",41.878166,-87.631929,1278,1195,83,4395
"Clark St & Schreiber Ave",41.999245,-87.671249,1277,1156,121,4396
"Glenwood Ave & Morse Ave",42.0079719229,-87.6655023944,1277,1156,121,4396
"Clark St & Randolph St",41.884576228,-87.63188991,1277,1159,118,4397
"Wabash Ave & Adams St",41.8794723523,-87.6256886059,1277,1159,118,4397
"Dayton St & North Ave",41.9105780349,-87.6494219288,1277,1181,96,4398
"Larrabee St & Oak St",41.9002194932,-87.6429854676,1277,1181,96,4398
"Clark St & Grace St",41.95078,-87.659172,1277,945,332,4399
"Clark St & Leland Ave",41.967096,-87.667429,1277,945,332,4399
"Orleans St & Merchandise Mart Plaza",41.888243,-87.63639,1277,1081,196,4400
"Ashland Ave & Division St",41.90345,-87.667747,1277,1081,196,4400
"Wells St & Hubbard St",41.889933,-87.634262,1277,1199,78,4401
"Clinton St & Madison St",41.8827519657,-87.6411902905,1277,1199,78,4401
"State St & Van Buren St",41.877181,-87.627844,1277,851,426,4402
"McClurg Ct & Illinois St",41.89102,-87.6173,1277,851,426,4402
"Stockton Dr & Wrightwood Ave",41.93132,-87.638742,1276,1066,210,4403
"Sheffield Ave & Webster Ave",41.92154,-87.653818,1276,1066,210,4403
"Wells St & Walton St",41.89993001,-87.63443007,1276,1091,185,4404
"State St & Chicago Ave",41.8966172004,-87.6285785437,1276,1091,185,4404
"Wolcott Ave & Polk St",41.871262,-87.673688,1276,1193,83,4405
"Western Ave & Congress Pkwy",41.8747488508,-87.6864452757,1276,1193,83,4405
"Michigan Ave & Oak St",41.90096039,-87.62377664,1276,472,804,4406
"Wilton Ave & Belmont Ave",41.94018,-87.65304,1276,472,804,4406
"Michigan Ave & Lake St",41.886022,-87.624398,1276,1014,262,4407
"Clinton St & Washington Blvd",41.88338,-87.64117,1276,1014,262,4407
"900 W Harrison St",41.874754,-87.649807,1276,1108,168,4408
"Green St & Madison St",41.881859328,-87.6492637396,1276,1108,168,4408
"Millennium Park",41.8810317,-87.62408432,1276,270,1006,4409
"LaSalle St & Illinois St",41.890762,-87.631697,1276,270,1006,4409
"Sheffield Ave & Waveland Ave",41.949399,-87.654529,1275,893,382,4410
"DuSable Lake Shore Dr & Belmont Ave",41.940775,-87.639192,1275,893,382,4410
"McClurg Ct & Erie St",41.894503,-87.617854,1275,1239,36,4411
"Michigan Ave & 18th St",41.857926,-87.624336,1275,1239,36,4411
"Halsted St & Wrightwood Ave",41.929143,-87.649077,1275,857,418,4412
"Wilton Ave & Belmont Ave",41.9402319181,-87.6529437304,1275,857,418,4412
"Clinton St & Lake St",41.885637,-87.641823,1275,1037,238,4413
"Wabash Ave & Wacker Pl",41.886875,-87.62603,1275,1037,238,4413
"Sedgwick St & North Ave",41.910983,-87.638525,1275,994,281,4414
"Halsted St & Dickens Ave",41.919936,-87.64883,1275,994,281,4414
"Dearborn St & Monroe St",41.881319815,-87.6295209193,1274,1110,164,4415
"Wells St & Elm St",41.903222,-87.634324,1274,1110,164,4415
"Dearborn St & Monroe St",41.881319815,-87.6295209193,1274,1150,124,4416
"Aberdeen St & Jackson Blvd",41.87772613,-87.65478743,1274,1150,124,4416
"Larrabee St & Webster Ave",41.921822,-87.64414,1274,1008,266,4417
"Racine Ave & Fullerton Ave",41.925566,-87.658416,1274,1008,266,4417
"Shields Ave & 31st St",41.838464,-87.635406,1274,1172,102,4418
"Shields Ave & 28th Pl",41.842733,-87.635491,1274,1172,102,4418
"Sedgwick St & Huron St",41.894666,-87.638437,1274,996,278,4419
"State St & Chicago Ave",41.8966172004,-87.6285785437,1274,996,278,4419
"Indiana Ave & Roosevelt Rd",41.867888,-87.623041,1273,561,712,4420
"Wabash Ave & Wacker Pl",41.886875,-87.62603,1273,561,712,4420
"Mies van der Rohe Way & Chestnut St",41.8985866514,-87.6219152258,1273,411,862,4421
"Michigan Ave & Washington St",41.8838927658,-87.6246491409,1273,411,862,4421
"Dayton St & North Ave",41.9105780349,-87.6494219288,1272,973,299,4422
"Sedgwick St & Webster Ave",41.922167,-87.638888,1272,973,299,4422
"LaSalle St & Adams St",41.8793443735,-87.6319852213,1272,1154,118,4423
"Wabash Ave & Roosevelt Rd",41.867227,-87.625961,1272,1154,118,4423
"Wells St & Hubbard St",41.889906,-87.634266,1272,1029,243,4424
"St. Clair St & Erie St",41.8943451374,-87.6227983832,1272,1029,243,4424
"Clark St & Berwyn Ave",41.9780306225,-87.6685649157,1272,945,327,4425
"Winthrop Ave & Lawrence Ave",41.968812,-87.657659,1272,945,327,4425
"Daley Center Plaza",41.884451,-87.629892,1271,1100,171,4426
"Dearborn St & Monroe St",41.881319815,-87.6295209193,1271,1100,171,4426
"Clinton St & 18th St",41.85795,-87.640826,1271,884,387,4427
"Wabash Ave & Roosevelt Rd",41.867227,-87.625961,1271,884,387,4427
"Wells St & Concord Ln",41.912133,-87.634656,1271,922,349,4428
"Wabash Ave & Grand Ave",41.891466,-87.626761,1271,922,349,4428
"California Ave & 23rd Pl",41.8491096918,-87.6951398068,1271,1251,20,4429
"California Ave & 21st St",41.854016,-87.695445,1271,1251,20,4429
"Greenview Ave & Fullerton Ave",41.92533,-87.6658,1270,1135,135,4430
"Greenview Ave & Diversey Pkwy",41.9325896343,-87.6659363508,1270,1135,135,4430
"LaSalle St & Adams St",41.8793443735,-87.6319852213,1270,1128,142,4431
"Dearborn Pkwy & Delaware Pl",41.898969,-87.629912,1270,1128,142,4431
"Wabash Ave & Roosevelt Rd",41.867227,-87.625961,1270,1046,224,4432
"Cityfront Plaza Dr & Pioneer Ct",41.890573,-87.622072,1270,1046,224,4432
"Orleans St & Merchandise Mart Plaza",41.888243,-87.63639,1270,981,289,4433
"Wabash Ave & Grand Ave",41.891738,-87.626937,1270,981,289,4433
"Bissell St & Armitage Ave*",41.9182955629,-87.6521833241,1270,743,527,4434
"Clark St & Armitage Ave",41.918306,-87.636282,1270,743,527,4434
"Ashland Ave & Blackhawk St",41.907066,-87.667252,1269,1201,68,4435
"Larrabee St & Kingsbury St",41.897764,-87.642884,1269,1201,68,4435
"Hampden Ct & Diversey Pkwy",41.93262,-87.642385,1269,1118,151,4436
"Clark St & Wrightwood Ave",41.929546,-87.643118,1269,1118,151,4436
"Wilton Ave & Belmont Ave",41.94018,-87.65304,1269,1093,176,4437
"Sheffield Ave & Wellington Ave",41.936253,-87.653566,1269,1093,176,4437
"Wentworth Ave & Cermak Rd*",41.8532144185,-87.6318722963,1268,605,663,4438
"Clinton St & 18th St",41.85795,-87.640826,1268,605,663,4438
"Michigan Ave & 14th St",41.864059,-87.623727,1268,986,282,4439
"State St & Harrison St",41.874053,-87.627716,1268,986,282,4439
"Indiana Ave & Roosevelt Rd",41.867888,-87.623041,1268,1041,227,4440
"Canal St & Madison St",41.882091,-87.639833,1268,1041,227,4440
"Milwaukee Ave & Wabansia Ave",41.912616,-87.681391,1267,1050,217,4441
"Damen Ave & Charleston St",41.920082,-87.677855,1267,1050,217,4441
"Milwaukee Ave & Grand Ave",41.891578,-87.648384,1267,898,369,4442
"Halsted St & Clybourn Ave",41.909668,-87.648128,1267,898,369,4442
"Troy St & North Ave",41.9097693017,-87.7052804871,1267,975,292,4443
"Kedzie Ave & Milwaukee Ave",41.929567,-87.707857,1267,975,292,4443
"DuSable Lake Shore Dr & North Blvd",41.911722,-87.626804,1267,613,654,4444
"Field Blvd & South Water St",41.8863490627,-87.6175165471,1267,613,654,4444
"LaSalle St & Jackson Blvd",41.878166,-87.631929,1267,1204,63,4445
"Michigan Ave & Lake St",41.886024,-87.624117,1267,1204,63,4445
"Indiana Ave & Roosevelt Rd",41.867888,-87.623041,1266,1069,197,4446
"Dearborn St & Van Buren St",41.876268,-87.629155,1266,1069,197,4446
"Southport Ave & Irving Park Rd",41.954177,-87.664358,1266,1137,129,4447
"Ravenswood Ave & Irving Park Rd",41.95469,-87.67393,1266,1137,129,4447
"Michigan Ave & Madison St",41.882134,-87.625125,1266,728,538,4448
"St. Clair St & Erie St",41.8943451374,-87.6227983832,1266,728,538,4448
"Clark St & Newport St",41.94454,-87.654678,1266,787,479,4449
"Sheffield Ave & Wellington Ave",41.9362534831,-87.6526620984,1266,787,479,4449
"Clinton St & Madison St",41.8827519657,-87.6411902905,1266,1183,83,4450
"Loomis St & Taylor St",41.869417,-87.660996,1266,1183,83,4450
"Franklin St & Jackson Blvd",41.8777079559,-87.6353211408,1266,850,416,4451
"Michigan Ave & Washington St",41.8839840647,-87.6246839762,1266,850,416,4451
"Sheffield Ave & Webster Ave",41.92154,-87.653818,1265,947,318,4452
"Sedgwick St & North Ave",41.910983,-87.638525,1265,947,318,4452
"Clark St & Winnemac Ave",41.9733476405,-87.6678554714,1265,968,297,4453
"Winthrop Ave & Lawrence Ave",41.968812,-87.657659,1265,968,297,4453
"Mies van der Rohe Way & Chicago Ave",41.89691,-87.621743,1265,1026,239,4454
"Clark St & Schiller St",41.907993,-87.631501,1265,1026,239,4454
"Rush St & Superior St",41.8957647456,-87.6259080327,1265,1033,232,4455
"Ogden Ave & Chicago Ave",41.896362458,-87.6540612729,1265,1033,232,4455
"Franklin St & Illinois St",41.8910233103,-87.6354798675,1265,1168,97,4456
"LaSalle St & Jackson Blvd",41.878166,-87.631929,1265,1168,97,4456
"Wabash Ave & Adams St",41.8794723523,-87.6256886059,1264,1061,203,4457
"Wabash Ave & 8th St",41.871962,-87.626106,1264,1061,203,4457
"Dearborn St & Monroe St",41.881319815,-87.6295209193,1264,800,464,4458
"Michigan Ave & Oak St",41.90096039,-87.62377664,1264,800,464,4458
"Clark St & Schiller St",41.907993,-87.631501,1264,982,282,4459
"Wells St & Evergreen Ave",41.906724,-87.63483,1264,982,282,4459
"Larrabee St & Webster Ave",41.921822,-87.64414,1264,928,336,4460
"Rush St & Cedar St",41.9023087012,-87.627690528,1264,928,336,4460
"Jefferson St & Monroe St",41.880422,-87.642746,1264,1199,65,4461
"Ada St & Washington Blvd",41.88283,-87.661206,1264,1199,65,4461
"Loomis St & Lexington St",41.872187,-87.661501,1263,1197,66,4462
"Loomis St & Jackson Blvd",41.877945,-87.662007,1263,1197,66,4462
"Dearborn St & Erie St",41.893992,-87.629318,1263,1014,249,4463
"Wells St & Walton St",41.89993001,-87.63443007,1263,1014,249,4463
"DuSable Lake Shore Dr & Monroe St",41.880958,-87.616743,1263,350,913,4464
"New St & Illinois St",41.8908470406,-87.6186168194,1263,350,913,4464
"Halsted St & 35th St",41.830661,-87.647172,1261,1157,104,4465
"State St & 35th St",41.83104,-87.62688,1261,1157,104,4465
"Montrose Harbor",41.963982,-87.638181,1261,459,802,4466
"Clark St & Grace St",41.95078,-87.659172,1261,459,802,4466
"Clark St & Lake St",41.8860208277,-87.6308760584,1261,1090,171,4467
"State St & Kinzie St",41.88918,-87.6277,1261,1090,171,4467
"Clark St & Randolph St",41.884576228,-87.63188991,1261,1189,72,4468
"Clinton St & Lake St",41.885637,-87.641823,1261,1189,72,4468
"Wood St & Milwaukee Ave",41.907655,-87.672552,1261,1037,224,4469
"Sheffield Ave & Kingsbury St",41.910522,-87.653106,1261,1037,224,4469
"Clinton St & Roosevelt Rd",41.8671177825,-87.6410879593,1260,1031,229,4470
"Jefferson St & Monroe St",41.880422,-87.642746,1260,1031,229,4470
"Wells St & Concord Ln",41.912133,-87.634656,1260,896,364,4471
"State St & Chicago Ave",41.8966172004,-87.6285785437,1260,896,364,4471
"Kedzie Ave & Milwaukee Ave",41.929567,-87.707857,1260,908,352,4472
"St. Louis Ave & Fullerton Ave",41.9248155968,-87.7144950628,1260,908,352,4472
"Wells St & Evergreen Ave",41.906724,-87.63483,1259,1045,214,4473
"Wells St & Hubbard St",41.889933,-87.634262,1259,1045,214,4473
"Clark St & Wrightwood Ave",41.929546,-87.643118,1259,1074,185,4474
"Sheffield Ave & Kingsbury St",41.910522,-87.653106,1259,1074,185,4474
"Canal St & Jackson Blvd",41.877988,-87.640769,1259,1107,152,4475
"Wabash Ave & Grand Ave",41.891738,-87.626937,1259,1107,152,4475
"Clinton St & Madison St",41.8827519657,-87.6411902905,1258,797,461,4476
"Michigan Ave & Oak St",41.90096039,-87.62377664,1258,797,461,4476
"Streeter Dr & Illinois St",41.891071,-87.6122,1258,98,1160,4477
"St. Clair St & Erie St",41.8943451374,-87.6227983832,1258,98,1160,4477
"Franklin St & Lake St",41.885837,-87.6355,1258,1048,210,4478
"Wabash Ave & Grand Ave",41.891738,-87.626937,1258,1048,210,4478
"McClurg Ct & Erie St",41.894503,-87.617854,1258,1163,95,4479
"Clark St & Randolph St",41.884576228,-87.63188991,1258,1163,95,4479
"Rush St & Hubbard St",41.890173,-87.626185,1257,1129,128,4480
"McClurg Ct & Erie St",41.894503,-87.617854,1257,1129,128,4480
"Indiana Ave & Roosevelt Rd",41.867888,-87.623041,1257,593,664,4481
"Wabash Ave & 8th St",41.871962,-87.626106,1257,593,664,4481
"Ellis Ave & 53rd St",41.7993362626,-87.6009581145,1257,1123,134,4482
"Calumet Ave & 51st St",41.8022946509,-87.6180535802,1257,1123,134,4482
"LaSalle St & Illinois St",41.890749,-87.63206,1257,741,516,4483
"Clark St & Lincoln Ave",41.915689,-87.6346,1257,741,516,4483
"Mies van der Rohe Way & Chestnut St",41.8985866514,-87.6219152258,1257,896,361,4484
"Wells St & Evergreen Ave",41.906724,-87.63483,1257,896,361,4484
"Stockton Dr & Wrightwood Ave",41.93132,-87.638742,1257,690,567,4485
"Lake Shore Dr & Monroe St",41.880958,-87.616743,1257,690,567,4485
"Lake Shore Dr & North Blvd",41.911722,-87.626804,1256,646,610,4486
"Clarendon Ave & Junior Ter",41.961004,-87.649603,1256,646,610,4486
"McClurg Ct & Illinois St",41.89102,-87.6173,1256,270,986,4487
"Cannon Dr & Fullerton Ave",41.9267559875,-87.6344287848,1256,270,986,4487
"McClurg Ct & Illinois St",41.89102,-87.6173,1256,790,466,4488
"Wabash Ave & Roosevelt Rd",41.867227,-87.625961,1256,790,466,4488
"Humboldt Blvd & Armitage Ave",41.917513394,-87.7018089555,1256,1121,135,4489
"Leavitt St & North Ave",41.910153,-87.68229,1256,1121,135,4489
"Wells St & Evergreen Ave",41.906724,-87.63483,1256,1077,179,4490
"Larrabee St & Menomonee St",41.91468,-87.64332,1256,1077,179,4490
"Sheridan Rd & Montrose Ave",41.96167,-87.65464,1256,1034,222,4491
"Wilton Ave & Belmont Ave",41.94018,-87.65304,1256,1034,222,4491
"Wabash Ave & Wacker Pl",41.886875,-87.62603,1256,1012,244,4492
"Daley Center Plaza",41.884241,-87.629634,1256,1012,244,4492
"Clark St & Armitage Ave",41.918306,-87.636282,1256,855,401,4493
"Halsted St & Clybourn Ave",41.909668,-87.648128,1256,855,401,4493
"Streeter Dr & Grand Ave",41.892278,-87.612043,1256,425,831,4494
"Burnham Harbor",41.8574117871,-87.6137915254,1256,425,831,4494
"LaSalle St & Illinois St",41.890762,-87.631697,1255,1007,248,4495
"Milwaukee Ave & Grand Ave",41.891578,-87.648384,1255,1007,248,4495
"Canal St & Madison St",41.882409,-87.639767,1255,1039,216,4496
"Franklin St & Jackson Blvd",41.8777079559,-87.6353211408,1255,1039,216,4496
"Bissell St & Armitage Ave*",41.9182955629,-87.6521833241,1255,1121,134,4497
"Sheffield Ave & Kingsbury St",41.910522,-87.653106,1255,1121,134,4497
"Wood St & Milwaukee Ave",41.907655,-87.672552,1255,1113,142,4498
"Ashland Ave & Chicago Ave",41.895966,-87.667747,1255,1113,142,4498
"Bissell St & Armitage Ave",41.91844,-87.65222,1255,1080,175,4499
"Lincoln Ave & Fullerton Ave",41.925905,-87.64926,1255,1080,175,4499
"LaSalle St & Illinois St",41.890749,-87.63206,1254,977,277,4500
"Franklin St & Monroe St",41.880317,-87.635185,1254,977,277,4500
"Clark St & Elm St",41.903233,-87.631253,1254,1090,164,4501
"Wells St & Hubbard St",41.889933,-87.634262,1254,1090,164,4501
"Desplaines St & Kinzie St",41.888716036,-87.6444478533,1253,1149,104,4502
"Peoria St & Jackson Blvd",41.877749,-87.649633,1253,1149,104,4502
"Lincoln Ave & Melrose St",41.9406,-87.669435,1253,1020,233,4503
"DuSable Lake Shore Dr & Belmont Ave",41.940775,-87.639192,1253,1020,233,4503
"State St & Kinzie St",41.88918,-87.6277,1253,984,269,4504
"Clark St & Schiller St",41.907993,-87.631501,1253,984,269,4504
"Campbell Ave & North Ave",41.910535,-87.689556,1253,1108,145,4505
"California Ave & North Ave",41.91044,-87.6972,1253,1108,145,4505
"State St & Pearson St",41.897448,-87.628722,1253,936,317,4506
"Wells St & Evergreen Ave",41.906724,-87.63483,1253,936,317,4506
"Fairbanks Ct & Grand Ave",41.89186,-87.62062,1253,1090,163,4507
"Wells St & Huron St",41.8947953,-87.6343743,1253,1090,163,4507
"LaSalle St & Jackson Blvd",41.87817,-87.631985,1253,1168,85,4508
"Mies van der Rohe Way & Chicago Ave",41.89691,-87.621743,1253,1168,85,4508
"Franklin St & Monroe St",41.880317,-87.635185,1252,1148,104,4509
"LaSalle Dr & Huron St",41.894877,-87.632326,1252,1148,104,4509
"Desplaines St & Kinzie St",41.888716036,-87.6444478533,1252,645,607,4510
"Millennium Park",41.8810317,-87.62408432,1252,645,607,4510
"Chicago Ave & Washington St",42.032562,-87.679101,1252,731,521,4511
"Chicago Ave & Sheridan Rd",42.050491,-87.677821,1252,731,521,4511
"Lake Park Ave & 56th St",41.793242,-87.587782,1251,575,676,4512
"Fort Dearborn Dr & 31st St",41.838556,-87.608218,1251,575,676,4512
"Racine Ave & Fullerton Ave",41.92556258,-87.65840426,1251,1137,114,4513
"Halsted St & Wrightwood Ave",41.929143,-87.649077,1251,1137,114,4513
"Southport Ave & Roscoe St",41.943739,-87.66402,1251,918,333,4514
"Damen Ave & Melrose Ave",41.9406,-87.6785,1251,918,333,4514
"Avers Ave & Belmont Ave",41.939408,-87.723574,1251,861,390,4515
"Kedzie Ave & Milwaukee Ave",41.929567,-87.707857,1251,861,390,4515
"Michigan Ave & Oak St",41.90096039,-87.62377664,1251,401,850,4516
"Michigan Ave & Madison St",41.882134,-87.625125,1251,401,850,4516
"Larrabee St & North Ave",41.91021,-87.6435,1251,1041,210,4517
"Clark St & Elm St",41.903233,-87.631253,1251,1041,210,4517
"Wells St & Evergreen Ave",41.906724,-87.63483,1251,823,428,4518
"Halsted St & Clybourn Ave",41.909668,-87.648128,1251,823,428,4518
"Michigan Ave & Jackson Blvd",41.87785,-87.62408,1251,930,321,4519
"Peoria St & Jackson Blvd",41.877749,-87.649633,1251,930,321,4519
"Milwaukee Ave & Rockwell St",41.920195,-87.693033,1251,1131,120,4520
"Marshfield Ave & Cortland St",41.916017,-87.668879,1251,1131,120,4520
"Michigan Ave & Washington St",41.8838927658,-87.6246491409,1250,981,269,4521
"Morgan St & Lake St",41.8854833079,-87.6523048564,1250,981,269,4521
"Ada St & Washington Blvd",41.88283,-87.661206,1249,1160,89,4522
"Desplaines St & Jackson Blvd",41.8781189009,-87.6439476013,1249,1160,89,4522
"Ogden Ave & Race Ave",41.891795,-87.658751,1249,1219,30,4523
"Franklin St & Monroe St",41.880317,-87.635185,1249,1219,30,4523
"Broadway & Berwyn Ave",41.978353,-87.659753,1249,1041,208,4524
"Sheridan Rd & Lawrence Ave",41.969517,-87.654691,1249,1041,208,4524
"Bissell St & Armitage Ave",41.91844,-87.65222,1249,734,515,4525
"Michigan Ave & Oak St",41.90096039,-87.62377664,1249,734,515,4525
"Michigan Ave & Pearson St",41.89766,-87.62351,1249,805,444,4526
"Rush St & Cedar St",41.9023087012,-87.627690528,1249,805,444,4526
"Field Blvd & South Water St",41.8863490627,-87.6175165471,1249,1039,210,4527
"Clark St & Randolph St",41.884576228,-87.63188991,1249,1039,210,4527
"Wells St & Huron St",41.8947953,-87.6343743,1249,840,409,4528
"Clark St & Armitage Ave",41.918306,-87.636282,1249,840,409,4528
"Rush St & Hubbard St",41.890173,-87.626185,1248,859,389,4529
"Franklin St & Jackson Blvd",41.8777079559,-87.6353211408,1248,859,389,4529
"LaSalle St & Washington St",41.882664,-87.63253,1248,1114,134,4530
"Wells St & Concord Ln",41.912133,-87.634656,1248,1114,134,4530
"State St & Pearson St",41.897448,-87.628722,1248,1104,144,4531
"Kingsbury St & Erie St",41.8939139,-87.6417358,1248,1104,144,4531
"Franklin St & Jackson Blvd",41.8777079559,-87.6353211408,1248,1100,148,4532
"Wells St & Huron St",41.8947953,-87.6343743,1248,1100,148,4532
"Clinton St & Madison St",41.8827519657,-87.6411902905,1247,970,277,4533
"Indiana Ave & Roosevelt Rd",41.867888,-87.623041,1247,970,277,4533
"Michigan Ave & Oak St",41.90096039,-87.62377664,1247,768,479,4534
"Larrabee St & Kingsbury St",41.897764,-87.642884,1247,768,479,4534
"McClurg Ct & Erie St",41.894503,-87.617854,1247,966,281,4535
"Wabash Ave & Wacker Pl",41.886875,-87.62603,1247,966,281,4535
"Rush St & Superior St",41.8957647456,-87.6259080327,1246,1099,147,4536
"Franklin St & Chicago Ave",41.89679,-87.63564,1246,1099,147,4536
"Lake Shore Dr & North Blvd",41.911722,-87.626804,1245,925,320,4537
"Clark St & Randolph St",41.884576228,-87.63188991,1245,925,320,4537
"Dayton St & North Ave",41.9105780349,-87.6494219288,1244,990,254,4538
"Wells St & Elm St",41.903222,-87.634324,1244,990,254,4538
"Sheffield Ave & Fullerton Ave",41.9256018819,-87.6537080423,1244,579,665,4539
"Cannon Dr & Fullerton Ave",41.9267559875,-87.6344287848,1244,579,665,4539
"Franklin St & Chicago Ave",41.89680204,-87.63563839,1244,1171,73,4540
"Clinton St & Madison St",41.8827519657,-87.6411902905,1244,1171,73,4540
"Columbus Dr & Randolph St",41.884728,-87.619521,1244,1111,133,4541
"Kingsbury St & Erie St",41.8939139,-87.6417358,1244,1111,133,4541
"Larrabee St & Division St",41.90348607,-87.6433534936,1244,1168,76,4542
"Wabash Ave & Wacker Pl",41.886875,-87.62603,1244,1168,76,4542
"Fairbanks Ct & Grand Ave",41.89186,-87.62062,1244,1131,113,4543
"Wacker Dr & Washington St Corral",41.88316,-87.63736,1244,1131,113,4543
"Desplaines St & Kinzie St",41.888716036,-87.6444478533,1243,902,341,4544
"Wells St & Elm St",41.903222,-87.634324,1243,902,341,4544
"Michigan Ave & Lake St",41.886024,-87.624117,1243,1006,237,4545
"Desplaines St & Kinzie St",41.888716036,-87.6444478533,1243,1006,237,4545
"Halsted St & Wrightwood Ave",41.929143,-87.649077,1243,918,325,4546
"Racine Ave & Fullerton Ave",41.925566,-87.658416,1243,918,325,4546
"Shore Dr & 55th St",41.795212,-87.580715,1243,543,700,4547
"Lake Park Ave & 47th St",41.809443,-87.591875,1243,543,700,4547
"Larrabee St & Webster Ave",41.921822,-87.64414,1243,978,265,4548
"Hampden Ct & Diversey Pkwy",41.93262,-87.642385,1243,978,265,4548
"Wolcott Ave & Polk St",41.871262,-87.673688,1242,1159,83,4549
"Ashland Ave & 13th St",41.865234,-87.666507,1242,1159,83,4549
"Broadway & Argyle St",41.97423,-87.6597735,1242,1018,224,4550
"Sheridan Rd & Montrose Ave",41.96167,-87.65464,1242,1018,224,4550
"Clark St & Lincoln Ave",41.915689,-87.6346,1241,974,267,4551
"Larrabee St & Menomonee St",41.91468,-87.64332,1241,974,267,4551
"Franklin St & Chicago Ave",41.89679,-87.63564,1241,1134,107,4552
"Clinton St & Lake St",41.885637,-87.641823,1241,1134,107,4552
"Michigan Ave & Madison St",41.882134,-87.625125,1241,760,481,4553
"Wabash Ave & Grand Ave",41.891466,-87.626761,1241,760,481,4553
"Wabash Ave & Wacker Pl",41.886875,-87.62603,1240,681,559,4554
"Dearborn St & Adams St",41.8793563587,-87.6297910363,1240,681,559,4554
"Canal St & Adams St",41.879255,-87.639904,1240,1120,120,4555
"Wood St & Milwaukee Ave",41.907655,-87.672552,1240,1120,120,4555
"Desplaines St & Kinzie St",41.888716036,-87.6444478533,1240,1129,111,4556
"Mies van der Rohe Way & Chicago Ave",41.89691,-87.621743,1240,1129,111,4556
"Clinton St & Roosevelt Rd",41.8671177825,-87.6410879593,1240,1085,155,4557
"Clark St & 9th St (AMLI)",41.870816,-87.631246,1240,1085,155,4557
"Canal St & Taylor St",41.870257,-87.639474,1240,715,525,4558
"Indiana Ave & Roosevelt Rd",41.867888,-87.623041,1240,715,525,4558
"Clinton St & Washington Blvd",41.88338,-87.64117,1240,1095,145,4559
"Loomis St & Jackson Blvd",41.877945,-87.662007,1240,1095,145,4559
"Lakeview Ave & Fullerton Pkwy",41.925858,-87.638973,1240,840,400,4560
"Sedgwick St & Webster Ave",41.922167,-87.638888,1240,840,400,4560
"Sheffield Ave & Wrightwood Ave",41.928712,-87.653833,1240,842,398,4561
"Lakeview Ave & Fullerton Pkwy",41.925858,-87.638973,1240,842,398,4561
"Wells St & Walton St",41.89993001,-87.63443007,1240,1097,143,4562
"Franklin St & Chicago Ave",41.89680204,-87.63563839,1240,1097,143,4562
"Millennium Park",41.8810317,-87.62408432,1240,611,629,4563
"Jefferson St & Monroe St",41.880422,-87.642746,1240,611,629,4563
"Michigan Ave & Jackson Blvd",41.87785,-87.62408,1239,704,535,4564
"Stetson Ave & South Water St",41.886835,-87.62232,1239,704,535,4564
"Michigan Ave & Washington St",41.8838927658,-87.6246491409,1239,932,307,4565
"Michigan Ave & 14th St",41.864059,-87.623727,1239,932,307,4565
"Halsted St & Clybourn Ave",41.909668,-87.648128,1238,1010,228,4566
"Orleans St & Chestnut St (NEXT Apts)",41.898203,-87.637536,1238,1010,228,4566
"Logan Blvd & Elston Ave",41.929465,-87.684158,1238,992,246,4567
"Kedzie Ave & Milwaukee Ave",41.929567,-87.707857,1238,992,246,4567
"McClurg Ct & Erie St",41.894503,-87.617854,1238,1149,89,4568
"Orleans St & Merchandise Mart Plaza",41.888243,-87.63639,1238,1149,89,4568
"Paulina St & Flournoy St",41.8730610879,-87.6691348851,1238,1068,170,4569
"Peoria St & Jackson Blvd",41.8776415963,-87.6496177912,1238,1068,170,4569
"Dearborn Pkwy & Delaware Pl",41.899007,-87.629928,1238,825,413,4570
"Dearborn St & Adams St Corral",41.87939,-87.62988,1238,825,413,4570
"Clark St & Congress Pkwy",41.8759326655,-87.6305845355,1238,1124,114,4571
"Wabash Ave & 8th St",41.871962,-87.626106,1238,1124,114,4571
"Ravenswood Ave & Irving Park Rd",41.95469,-87.67393,1237,1134,103,4572
"Lincoln Ave & Roscoe St",41.94334,-87.67097,1237,1134,103,4572
"Clinton St & Madison St",41.8827519657,-87.6411902905,1237,808,429,4573
"Michigan Ave & Pearson St",41.89766,-87.62351,1237,808,429,4573
"Franklin St & Lake St",41.885837,-87.6355,1237,1083,154,4574
"State St & Pearson St",41.897448,-87.628722,1237,1083,154,4574
"Clark St & Schiller St",41.907993,-87.631501,1236,1150,86,4575
"Dearborn St & Adams St",41.8793563587,-87.6297910363,1236,1150,86,4575
"Clinton St & Washington Blvd",41.88338,-87.64117,1236,1104,132,4576
"Clinton St & Roosevelt Rd",41.8671177825,-87.6410879593,1236,1104,132,4576
"Fairbanks Ct & Grand Ave",41.89186,-87.62062,1236,1124,112,4577
"Canal St & Jackson Blvd",41.877988,-87.640769,1236,1124,112,4577
"Clark St & Congress Pkwy",41.8759326655,-87.6305845355,1236,1097,139,4578
"McClurg Ct & Illinois St",41.89102,-87.6173,1236,1097,139,4578
"Sangamon St & Washington Blvd",41.883004,-87.651148,1235,1143,92,4579
"Kingsbury St & Kinzie St",41.8891768326,-87.6385057718,1235,1143,92,4579
"Sheffield Ave & Waveland Ave",41.949399,-87.654529,1235,956,279,4580
"Southport Ave & Irving Park Rd",41.954177,-87.664358,1235,956,279,4580
"Clark St & Newport St",41.94454,-87.654678,1235,632,603,4581
"Sheffield Ave & Wrightwood Ave",41.928712,-87.653833,1235,632,603,4581
"Columbus Dr & Randolph St",41.884728,-87.619521,1235,1107,128,4582
"Clinton St & Lake St",41.88583274,-87.64138231,1235,1107,128,4582
"Broadway & Waveland Ave",41.949074,-87.648636,1235,741,494,4583
"Lakefront Trail & Bryn Mawr Ave",41.9840441152,-87.6522812247,1235,741,494,4583
"State St & Erie St",41.893975,-87.628623,1235,904,331,4584
"Clark St & Elm St",41.903233,-87.631253,1235,904,331,4584
"Eckhart Park",41.89637337,-87.66098386,1234,1108,126,4585
"Morgan St & Lake St",41.8854833079,-87.6523048564,1234,1108,126,4585
"State St & 19th St",41.856594,-87.627542,1234,1013,221,4586
"Federal St & Polk St",41.8720776329,-87.6295437729,1234,1013,221,4586
"State St & Chicago Ave",41.8966172004,-87.6285785437,1234,1032,202,4587
"Mies van der Rohe Way & Chicago Ave",41.8969446264,-87.6217576861,1234,1032,202,4587
"Field Blvd & South Water St",41.8863490627,-87.6175165471,1234,453,781,4588
"Streeter Dr & Illinois St",41.891071,-87.6122,1234,453,781,4588
"State St & Kinzie St",41.88918,-87.6277,1234,771,463,4589
"Michigan Ave & Madison St",41.882134,-87.625125,1234,771,463,4589
"Loomis St & Lexington St",41.872187,-87.661501,1233,1154,79,4590
"Canal St & Adams St",41.879255,-87.639904,1233,1154,79,4590
"Clark St & Schiller St",41.907993,-87.631501,1233,791,442,4591
"DuSable Lake Shore Dr & North Blvd",41.911722,-87.626804,1233,791,442,4591
"Dearborn Pkwy & Delaware Pl",41.898969,-87.629912,1233,1082,151,4592
"Wells St & Hubbard St",41.889933,-87.634262,1233,1082,151,4592
"Calumet Ave & 33rd St",41.8349,-87.61793,1233,1122,111,4593
"Calumet Ave & 35th St",41.831379,-87.618034,1233,1122,111,4593
"Franklin St & Jackson Blvd",41.8777079559,-87.6353211408,1233,597,636,4594
"Wabash Ave & Grand Ave",41.891738,-87.626937,1233,597,636,4594
"Peoria St & Jackson Blvd",41.877749,-87.649633,1233,1164,69,4595
"Canal St & Monroe St",41.8807,-87.63947,1233,1164,69,4595
"Kingsbury St & Kinzie St",41.8891768326,-87.6385057718,1232,1172,60,4596
"Jefferson St & Monroe St",41.880422,-87.642746,1232,1172,60,4596
"Ravenswood Ave & Lawrence Ave",41.96909,-87.674237,1232,1152,80,4597
"Lincoln Ave & Winona St",41.9749112968,-87.6925025594,1232,1152,80,4597
"Racine Ave & Congress Pkwy",41.87464,-87.65703,1231,1101,130,4598
"Blue Island Ave & 18th St",41.857556,-87.661535,1231,1101,130,4598
"Fort Dearborn Dr & 31st St",41.838556,-87.608218,1231,412,819,4599
"Field Museum",41.865312,-87.617867,1231,412,819,4599
"Clark St & Grace St",41.95078,-87.659172,1231,882,349,4600
"Southport Ave & Clark St",41.957081,-87.664199,1231,882,349,4600
"St. Clair St & Erie St",41.8943451374,-87.6227983832,1231,1013,218,4601
"LaSalle St & Jackson Blvd",41.878166,-87.631929,1231,1013,218,4601
"LaSalle St & Illinois St",41.890762,-87.631697,1231,1003,228,4602
"McClurg Ct & Illinois St",41.89102,-87.6173,1231,1003,228,4602
"Canal St & Madison St",41.882091,-87.639833,1231,1112,119,4603
"Green St & Randolph St*",41.8836016573,-87.6486267149,1231,1112,119,4603
"Dearborn St & Adams St",41.8793563587,-87.6297910363,1230,1075,155,4604
"Franklin St & Lake St",41.885837,-87.6355,1230,1075,155,4604
"Clark St & Lincoln Ave",41.915689,-87.6346,1230,1024,206,4605
"Franklin St & Chicago Ave",41.89680204,-87.63563839,1230,1024,206,4605
"Franklin St & Monroe St",41.880317,-87.635185,1230,944,286,4606
"LaSalle St & Illinois St",41.890762,-87.631697,1230,944,286,4606
"Franklin St & Jackson Blvd",41.8777079559,-87.6353211408,1230,1120,110,4607
"Clinton St & Lake St",41.88583274,-87.64138231,1230,1120,110,4607
"Western Ave & Division St",41.902893,-87.687275,1229,983,246,4608
"Damen Ave & Chicago Ave",41.895769,-87.67722,1229,983,246,4608
"Clark St & Grace St",41.95078,-87.659172,1229,765,464,4609
"Ravenswood Ave & Lawrence Ave",41.96909,-87.674237,1229,765,464,4609
"Clifton Ave & Armitage Ave",41.918216,-87.656936,1229,949,280,4610
"Racine Ave & Belmont Ave",41.939743,-87.658865,1229,949,280,4610
"Wood St & Hubbard St",41.889715,-87.671966,1229,839,390,4611
"Artesian Ave & Hubbard St",41.8895,-87.688257,1229,839,390,4611
"Millennium Park",41.8810317,-87.62408432,1229,357,872,4612
"Green St & Randolph St*",41.8836016573,-87.6486267149,1229,357,872,4612
"Sedgwick St & North Ave",41.910983,-87.638525,1229,1136,93,4613
"Halsted St & Willow St",41.913778,-87.64884,1229,1136,93,4613
"Dayton St & North Ave",41.9105780349,-87.6494219288,1228,950,278,4614
"Clark St & Schiller St",41.907993,-87.631501,1228,950,278,4614
"Franklin St & Lake St",41.885837,-87.6355,1228,1103,125,4615
"Wabash Ave & Roosevelt Rd",41.867227,-87.625961,1228,1103,125,4615
"Indiana Ave & Roosevelt Rd",41.867888,-87.623041,1228,1046,182,4616
"LaSalle St & Washington St",41.882664,-87.63253,1228,1046,182,4616
"Clark St & North Ave",41.911974,-87.631942,1228,883,345,4617
"State St & Pearson St",41.897448,-87.628722,1228,883,345,4617
"Clinton St & Madison St",41.8827519657,-87.6411902905,1228,1128,100,4618
"Halsted St & Madison St",41.88175,-87.6478,1228,1128,100,4618
"Fairbanks Ct & Grand Ave",41.89186,-87.62062,1228,1078,150,4619
"Wells St & Hubbard St",41.889906,-87.634266,1228,1078,150,4619
"Mies van der Rohe Way & Chestnut St",41.8985866514,-87.6219152258,1228,904,324,4620
"McClurg Ct & Ohio St",41.8925921197,-87.6172891259,1228,904,324,4620
"Peoria St & Jackson Blvd",41.877749,-87.649633,1228,1163,65,4621
"Franklin St & Quincy St",41.878724,-87.634793,1228,1163,65,4621
"Wabash Ave & Wacker Pl",41.886875,-87.62603,1227,742,485,4622
"Dearborn St & Monroe St",41.881319815,-87.6295209193,1227,742,485,4622
"Wabash Ave & Roosevelt Rd",41.867227,-87.625961,1227,1025,202,4623
"Clark St & 9th St (AMLI)",41.870816,-87.631246,1227,1025,202,4623
"Indiana Ave & Roosevelt Rd",41.867888,-87.623041,1227,927,300,4624
"Clark St & Randolph St",41.884576228,-87.63188991,1227,927,300,4624
"Pine Grove Ave & Irving Park Rd",41.954383,-87.648043,1227,1045,182,4625
"Ravenswood Ave & Irving Park Rd",41.95469,-87.67393,1227,1045,182,4625
"Mies van der Rohe Way & Chestnut St",41.8985866514,-87.6219152258,1227,1150,77,4626
"Clinton St & Lake St",41.885637,-87.641823,1227,1150,77,4626
"Green St & Randolph St*",41.8836016573,-87.6486267149,1227,1116,111,4627
"Wacker Dr & Washington St Corral",41.88316,-87.63736,1227,1116,111,4627
"Clark St & Grace St",41.95078,-87.659172,1226,905,321,4628
"Clark St & Bryn Mawr Ave",41.983593,-87.669154,1226,905,321,4628
"Clark St & Schiller St",41.907993,-87.631501,1226,1105,121,4629
"Franklin St & Lake St",41.885837,-87.6355,1226,1105,121,4629
"Southport Ave & Wellington Ave",41.935733,-87.663576,1226,1184,42,4630
"Clinton St & Washington Blvd",41.88338,-87.64117,1226,1184,42,4630
"Broadway & Belmont Ave",41.940106,-87.645451,1226,909,317,4631
"Lake Shore Dr & Wellington Ave",41.936669,-87.636794,1226,909,317,4631
"Halsted St & Diversey Pkwy",41.933341,-87.648747,1226,1092,134,4632
"Sheffield Ave & Wellington Ave",41.936253,-87.653566,1226,1092,134,4632
"LaSalle Dr & Huron St",41.894877,-87.632326,1225,940,285,4633
"Wells St & Huron St",41.8947953,-87.6343743,1225,940,285,4633
"Clark St & Lake St",41.8860208277,-87.6308760584,1225,986,239,4634
"Dearborn St & Adams St",41.8793563587,-87.6297910363,1225,986,239,4634
"Ravenswood Ave & Berteau Ave",41.957921,-87.673567,1225,863,362,4635
"Clark St & Grace St",41.95078,-87.659172,1225,863,362,4635
"Milwaukee Ave & Wabansia Ave",41.912616,-87.681391,1225,1074,151,4636
"Campbell Ave & Fullerton Ave",41.9246324716,-87.6893070063,1225,1074,151,4636
"Ada St & Washington Blvd",41.88283,-87.661206,1225,1127,98,4637
"Daley Center Plaza",41.884241,-87.629634,1225,1127,98,4637
"LaSalle St & Jackson Blvd",41.87817,-87.631985,1225,1085,140,4638
"Fairbanks Ct & Grand Ave",41.89186,-87.62062,1225,1085,140,4638
"Racine Ave & Fullerton Ave",41.92556258,-87.65840426,1225,1169,56,4639
"Southport Ave & Wrightwood Ave",41.92888,-87.66317,1225,1169,56,4639
"Kingsbury St & Kinzie St",41.8891768326,-87.6385057718,1224,952,272,4640
"Michigan Ave & Washington St",41.8838927658,-87.6246491409,1224,952,272,4640
"Theater on the Lake",41.926277,-87.630834,1224,900,324,4641
"Broadway & Ridge Ave",41.9840446107,-87.6602738295,1224,900,324,4641
"Drexel Ave & 60th St",41.785861,-87.604553,1222,1074,148,4642
"Ellis Ave & 58th St",41.788746,-87.601334,1222,1074,148,4642
"Clifton Ave & Lawrence Ave",41.968873,-87.658857,1222,1173,49,4643
"Marine Dr & Ainslie St",41.9716,-87.650154,1222,1173,49,4643
"Michigan Ave & Madison St",41.882134,-87.625125,1222,195,1027,4644
"Adler Planetarium",41.866095,-87.607267,1222,195,1027,4644
"Clinton St & Lake St",41.88583274,-87.64138231,1222,1189,33,4645
"Franklin St & Monroe St",41.880317,-87.635185,1222,1189,33,4645
"Franklin St & Monroe St",41.880317,-87.635185,1222,1172,50,4646
"Jefferson St & Monroe St",41.880422,-87.642746,1222,1172,50,4646
"McClurg Ct & Erie St",41.894503,-87.617854,1222,229,993,4647
"Shedd Aquarium",41.8672259568,-87.6153553902,1222,229,993,4647
"Mies van der Rohe Way & Chicago Ave",41.89691,-87.621743,1222,805,417,4648
"State St & Kinzie St",41.88918,-87.6277,1222,805,417,4648
"California Ave & Milwaukee Ave",41.922695,-87.697153,1221,961,260,4649
"Marshfield Ave & Cortland St",41.916017,-87.668879,1221,961,260,4649
"Sheffield Ave & Fullerton Ave",41.9256018819,-87.6537080423,1221,971,250,4650
"Racine Ave & Belmont Ave",41.939743,-87.658865,1221,971,250,4650
"Leavitt St & North Ave",41.910153,-87.68229,1221,1074,147,4651
"California Ave & North Ave",41.91044,-87.6972,1221,1074,147,4651
"Franklin St & Jackson Blvd",41.8777079559,-87.6353211408,1219,1099,120,4652
"Aberdeen St & Monroe St",41.880419,-87.655519,1219,1099,120,4652
"Franklin St & Chicago Ave",41.89680204,-87.63563839,1219,1122,97,4653
"Kingsbury St & Erie St",41.8939139,-87.6417358,1219,1122,97,4653
"Field Blvd & South Water St",41.8863490627,-87.6175165471,1219,911,308,4654
"McClurg Ct & Illinois St",41.89102,-87.6173,1219,911,308,4654
"Daley Center Plaza",41.884241,-87.629634,1219,952,267,4655
"LaSalle St & Illinois St",41.890762,-87.631697,1219,952,267,4655
"Museum Campus",41.865212,-87.617759,1219,140,1079,4656
"Shedd Aquarium",41.8672259568,-87.6153553902,1219,140,1079,4656
"Michigan Ave & 8th St",41.872773,-87.623981,1219,423,796,4657
"Michigan Ave & Lake St",41.886024,-87.624117,1219,423,796,4657
"Southport Ave & Waveland Ave",41.94815,-87.66394,1218,962,256,4658
"Sheridan Rd & Buena Ave",41.958494,-87.654966,1218,962,256,4658
"Broadway & Barry Ave",41.937582316,-87.644097805,1218,885,333,4659
"DuSable Lake Shore Dr & Wellington Ave",41.9366884495,-87.6368290186,1218,885,333,4659
"St. Clair St & Erie St",41.8943451374,-87.6227983832,1218,1172,46,4660
"Clinton St & Lake St",41.88583274,-87.64138231,1218,1172,46,4660
"Clark St & Newport St",41.94454,-87.654678,1218,725,493,4661
"DuSable Lake Shore Dr & Belmont Ave",41.940775,-87.639192,1218,725,493,4661
"Orleans St & Elm St",41.902924,-87.637715,1218,1108,110,4662
"Franklin St & Chicago Ave",41.89680204,-87.63563839,1218,1108,110,4662
"Broadway & Barry Ave",41.937582316,-87.644097805,1218,890,328,4663
"Pine Grove Ave & Irving Park Rd",41.954383,-87.648043,1218,890,328,4663
"Damen Ave & Cortland St",41.916027,-87.677411,1218,981,237,4664
"Ashland Ave & Division St",41.90345,-87.667747,1218,981,237,4664
"DuSable Lake Shore Dr & Diversey Pkwy",41.932588,-87.636427,1217,689,528,4665
"Clark St & Armitage Ave",41.918306,-87.636282,1217,689,528,4665
"Calumet Ave & 35th St",41.831379,-87.618034,1217,1129,88,4666
"Rhodes Ave & 32nd St",41.836208,-87.613533,1217,1129,88,4666
"Stetson Ave & South Water St",41.886835,-87.62232,1217,849,368,4667
"Wabash Ave & Wacker Pl",41.886875,-87.62603,1217,849,368,4667
"Leavitt St & North Ave",41.910153,-87.68229,1217,1013,204,4668
"Damen Ave & Division St",41.90331,-87.67695,1217,1013,204,4668
"Theater on the Lake",41.926277,-87.630834,1216,458,758,4669
"Lincoln Park Conservatory",41.9239313114,-87.6358245313,1216,458,758,4669
"Lincoln Ave & Diversey Pkwy",41.932225,-87.658617,1216,877,339,4670
"Southport Ave & Waveland Ave",41.94815,-87.66394,1216,877,339,4670
"Southport Ave & Wellington Ave",41.935733,-87.663576,1216,973,243,4671
"Wells St & Concord Ln",41.912133,-87.634656,1216,973,243,4671
"Union Ave & Grand Ave",41.891,-87.645925,1216,1194,22,4672
"Clinton St & Madison St",41.8827519657,-87.6411902905,1216,1194,22,4672
"Montrose Harbor",41.963982,-87.638181,1216,743,473,4673
"Broadway & Argyle St",41.97423,-87.6597735,1216,743,473,4673
"Dearborn St & Erie St",41.893992,-87.629318,1216,1178,38,4674
"Clinton St & Lake St",41.88583274,-87.64138231,1216,1178,38,4674
"Bissell St & Armitage Ave",41.91844,-87.65222,1216,941,275,4675
"Lakeview Ave & Fullerton Pkwy",41.925858,-87.638973,1216,941,275,4675
"Michigan Ave & 8th St",41.872773,-87.623981,1216,747,469,4676
"Michigan Ave & Madison St",41.882134,-87.625125,1216,747,469,4676
"Orleans St & Merchandise Mart Plaza",41.888243,-87.63639,1215,883,332,4677
"State St & Chicago Ave",41.8966172004,-87.6285785437,1215,883,332,4677
"Fort Dearborn Dr & 31st St",41.838556,-87.608218,1214,756,458,4678
"Emerald Ave & 31st St",41.838198,-87.645143,1214,756,458,4678
"Theater on the Lake",41.926277,-87.630834,1214,820,394,4679
"Racine Ave & Fullerton Ave",41.925566,-87.658416,1214,820,394,4679
"Clinton St & Washington Blvd",41.88338,-87.64117,1214,1101,113,4680
"Federal St & Polk St",41.8720776329,-87.6295437729,1214,1101,113,4680
"Daley Center Plaza",41.884451,-87.629892,1213,1020,193,4681
"Wabash Ave & Roosevelt Rd",41.867227,-87.625961,1213,1020,193,4681
"Dearborn Pkwy & Delaware Pl",41.898969,-87.629912,1213,820,393,4682
"Michigan Ave & Pearson St",41.89766,-87.62351,1213,820,393,4682
"Larrabee St & Webster Ave",41.921822,-87.64414,1213,897,316,4683
"Clark St & Drummond Pl",41.931248,-87.644336,1213,897,316,4683
"Halsted St & 18th St",41.857499,-87.646277,1213,1111,102,4684
"Halsted St & Polk St",41.87184,-87.64664,1213,1111,102,4684
"Sedgwick St & Webster Ave",41.922167,-87.638888,1213,1026,187,4685
"Larrabee St & Armitage Ave",41.918084,-87.643749,1213,1026,187,4685
"Dearborn St & Van Buren St",41.876268,-87.629155,1213,1155,58,4686
"Franklin St & Monroe St",41.880317,-87.635185,1213,1155,58,4686
"Desplaines St & Kinzie St",41.888716036,-87.6444478533,1212,1003,209,4687
"State St & Randolph St",41.8847302006,-87.6277335692,1212,1003,209,4687
"Orleans St & Merchandise Mart Plaza",41.888243,-87.63639,1212,988,224,4688
"Rush St & Cedar St",41.9023087012,-87.627690528,1212,988,224,4688
"Lake Shore Dr & North Blvd",41.911722,-87.626804,1212,546,666,4689
"Broadway & Waveland Ave",41.949074,-87.648636,1212,546,666,4689
"Ada St & Washington Blvd",41.88283,-87.661206,1211,1063,148,4690
"Sangamon St & Washington Blvd",41.883165,-87.6511,1211,1063,148,4690
"Halsted St & 18th St",41.857499,-87.646277,1211,1027,184,4691
"Clinton St & Roosevelt Rd",41.8671177825,-87.6410879593,1211,1027,184,4691
"Paulina Ave & North Ave",41.9098546522,-87.66993016,1211,972,239,4692
"Honore St & Division St",41.903119,-87.673935,1211,972,239,4692
"Lakefront Trail & Bryn Mawr Ave",41.9840441152,-87.6522812247,1211,791,420,4693
"Sheridan Rd & Montrose Ave",41.96167,-87.65464,1211,791,420,4693
"State St & Kinzie St",41.88918,-87.6277,1211,179,1032,4694
"Shedd Aquarium",41.8672259568,-87.6153553902,1211,179,1032,4694
"Stockton Dr & Wrightwood Ave",41.93132,-87.638742,1211,956,255,4695
"Broadway & Barry Ave",41.937725,-87.644095,1211,956,255,4695
"Michigan Ave & Lake St",41.886024,-87.624117,1210,842,368,4696
"Michigan Ave & 14th St",41.864059,-87.623727,1210,842,368,4696
"Streeter Dr & Grand Ave",41.892278,-87.612043,1210,407,803,4697
"Sedgwick St & North Ave",41.910983,-87.638525,1210,407,803,4697
"Michigan Ave & Jackson Blvd",41.87785,-87.62408,1210,544,666,4698
"Wabash Ave & 8th St",41.871962,-87.626106,1210,544,666,4698
"Desplaines St & Kinzie St",41.888716036,-87.6444478533,1209,970,239,4699
"Damen Ave & Chicago Ave",41.895769,-87.67722,1209,970,239,4699
"Delano Ct & Roosevelt Rd",41.867491,-87.63219,1209,820,389,4700
"Canal St & Taylor St",41.870257,-87.639474,1209,820,389,4700
"Morgan Ave & 14th Pl",41.862378,-87.651062,1209,1178,31,4701
"Franklin St & Monroe St",41.880317,-87.635185,1209,1178,31,4701
"Federal St & Polk St",41.8720776329,-87.6295437729,1208,1121,87,4702
"Canal St & Madison St",41.882091,-87.639833,1208,1121,87,4702
"Broadway & Argyle St",41.97423,-87.6597735,1208,1040,168,4703
"Broadway & Ridge Ave",41.9840446107,-87.6602738295,1208,1040,168,4703
"Wells St & Polk St",41.872373,-87.633523,1208,1108,100,4704
"State St & Harrison St",41.874053,-87.627716,1208,1108,100,4704
"Sheffield Ave & Willow St",41.913688,-87.652855,1208,979,229,4705
"Wilton Ave & Diversey Pkwy",41.932418,-87.652705,1208,979,229,4705
"Broadway & Wilson Ave",41.965221,-87.658139,1208,1075,133,4706
"Winthrop Ave & Lawrence Ave",41.968812,-87.657659,1208,1075,133,4706
"Larrabee St & Menomonee St",41.91468,-87.64332,1208,1028,180,4707
"Larrabee St & Armitage Ave",41.918084,-87.643749,1208,1028,180,4707
"Larrabee St & Armitage Ave",41.918084,-87.643749,1208,911,297,4708
"Clark St & Elm St",41.903233,-87.631253,1208,911,297,4708
"Jefferson St & Monroe St",41.880422,-87.642746,1208,1157,51,4709
"Morgan St & Polk St",41.871737,-87.65103,1208,1157,51,4709
"Clark St & Elm St",41.903233,-87.631253,1208,950,258,4710
"Hampden Ct & Diversey Pkwy",41.93262,-87.642385,1208,950,258,4710
"Dearborn St & Adams St",41.8793563587,-87.6297910363,1207,1012,195,4711
"Rush St & Hubbard St",41.890173,-87.626185,1207,1012,195,4711
"Southport Ave & Wellington Ave",41.935733,-87.663576,1207,1113,94,4712
"Lincoln Ave & Diversey Pkwy",41.932225,-87.658617,1207,1113,94,4712
"Michigan Ave & Washington St",41.8838927658,-87.6246491409,1207,715,492,4713
"Dearborn Pkwy & Delaware Pl",41.898969,-87.629912,1207,715,492,4713
"Mies van der Rohe Way & Chicago Ave",41.89691,-87.621743,1207,1085,122,4714
"Sedgwick St & North Ave",41.910983,-87.638525,1207,1085,122,4714
"Dearborn Pkwy & Delaware Pl",41.898969,-87.629912,1206,790,416,4715
"Larrabee St & Webster Ave",41.921822,-87.64414,1206,790,416,4715
"Halsted St & Roscoe St",41.94367,-87.64895,1206,843,363,4716
"DuSable Lake Shore Dr & Belmont Ave",41.940775,-87.639192,1206,843,363,4716
"Columbus Dr & Randolph St",41.884728,-87.619521,1206,1081,125,4717
"Morgan St & Lake St",41.8854833079,-87.6523048564,1206,1081,125,4717
"Lincoln Ave & Fullerton Ave",41.925905,-87.64926,1206,1008,198,4718
"Halsted St & Roscoe St",41.94367,-87.64895,1206,1008,198,4718
"Sheffield Ave & Webster Ave",41.92154,-87.653818,1205,903,302,4719
"Southport Ave & Roscoe St",41.943739,-87.66402,1205,903,302,4719
"Broadway & Cornelia Ave",41.945529,-87.646439,1205,859,346,4720
"Clarendon Ave & Junior Ter",41.961004,-87.649603,1205,859,346,4720
"Larrabee St & Armitage Ave",41.918084,-87.643749,1205,1012,193,4721
"Dayton St & North Ave",41.9105780349,-87.6494219288,1205,1012,193,4721
"Clinton St & Washington Blvd",41.88338,-87.64117,1205,1026,179,4722
"Rush St & Cedar St",41.9023087012,-87.627690528,1205,1026,179,4722
"Clark St & Armitage Ave",41.918306,-87.636282,1205,993,212,4723
"Racine Ave & Wrightwood Ave",41.928887,-87.658971,1205,993,212,4723
"Lincoln Ave & Fullerton Ave",41.925905,-87.64926,1205,1100,105,4724
"Halsted St & Diversey Pkwy",41.933341,-87.648747,1205,1100,105,4724
"Kingsbury St & Erie St",41.8939139,-87.6417358,1204,1058,146,4725
"LaSalle Dr & Huron St",41.894877,-87.632326,1204,1058,146,4725
"Michigan Ave & Washington St",41.8838927658,-87.6246491409,1204,928,276,4726
"Desplaines St & Kinzie St",41.888716036,-87.6444478533,1204,928,276,4726
"Clinton St & Madison St",41.8827519657,-87.6411902905,1204,1096,108,4727
"Paulina St & Flournoy St",41.8730610879,-87.6691348851,1204,1096,108,4727
"Lakeview Ave & Fullerton Pkwy",41.925858,-87.638973,1204,788,416,4728
"Greenview Ave & Fullerton Ave",41.92533,-87.6658,1204,788,416,4728
"Kingsbury St & Kinzie St",41.8891768326,-87.6385057718,1203,1099,104,4729
"Dearborn St & Adams St",41.8793563587,-87.6297910363,1203,1099,104,4729
"Clinton St & Tilden St",41.875885,-87.640795,1203,1159,44,4730
"Canal St & Monroe St",41.8807,-87.63947,1203,1159,44,4730
"Canal St & Jackson Blvd",41.87811421,-87.63997112,1203,1099,104,4731
"Federal St & Polk St",41.8720776329,-87.6295437729,1203,1099,104,4731
"Calumet Ave & 18th St",41.8576175529,-87.6194107533,1203,980,223,4732
"Wabash Ave & Roosevelt Rd",41.867227,-87.625961,1203,980,223,4732
"State St & 33rd St",41.834734,-87.625813,1203,1170,33,4733
"Shields Ave & 28th Pl",41.842733,-87.635491,1203,1170,33,4733
"Ravenswood Ave & Lawrence Ave",41.96909,-87.674237,1203,1082,121,4734
"Hoyne Ave & Balmoral Ave",41.979851,-87.681932,1203,1082,121,4734
"Southport Ave & Clybourn Ave",41.921004,-87.663257,1203,934,269,4735
"Larrabee St & Webster Ave",41.921822,-87.64414,1203,934,269,4735
"Clark St & Armitage Ave",41.918306,-87.636282,1202,1034,168,4736
"Dearborn St & Monroe St",41.881319815,-87.6295209193,1202,1034,168,4736
"Ada St & Washington Blvd",41.88283,-87.661206,1202,1084,118,4737
"Ogden Ave & Race Ave",41.891795,-87.658751,1202,1084,118,4737
"Desplaines St & Randolph St",41.883703,-87.644238,1202,1128,74,4738
"LaSalle St & Jackson Blvd",41.878166,-87.631929,1202,1128,74,4738
"Clark St & Ida B Wells Dr",41.8759326655,-87.6305845355,1202,986,216,4739
"Daley Center Plaza",41.884241,-87.629634,1202,986,216,4739
"Clark St & Armitage Ave",41.918306,-87.636282,1202,833,369,4740
"Lincoln Ave & Fullerton Ave",41.9241610291,-87.6463803649,1202,833,369,4740
"LaSalle St & Illinois St",41.890762,-87.631697,1202,889,313,4741
"Rush St & Superior St",41.8957647456,-87.6259080327,1202,889,313,4741
"Halsted St & Blackhawk St",41.90854,-87.648568,1202,1177,25,4742
"Clinton St & Washington Blvd",41.88338,-87.64117,1202,1177,25,4742
"Franklin St & Lake St",41.885837,-87.6355,1202,966,236,4743
"Green St & Randolph St*",41.8836016573,-87.6486267149,1202,966,236,4743
"Orleans St & Elm St",41.902924,-87.637715,1202,1077,125,4744
"Sedgwick St & North Ave",41.910983,-87.638525,1202,1077,125,4744
"Clinton St & Lake St",41.88583274,-87.64138231,1201,1107,94,4745
"Dearborn St & Monroe St",41.881319815,-87.6295209193,1201,1107,94,4745
"Ogden Ave & Race Ave",41.891795,-87.658751,1201,1077,124,4746
"Ashland Ave & Grand Ave",41.891072,-87.666611,1201,1077,124,4746
"Clark St & Leland Ave",41.9670878392,-87.6672908664,1201,549,652,4747
"Clark St & Grace St",41.95078,-87.659172,1201,549,652,4747
"Southport Ave & Roscoe St",41.943739,-87.66402,1201,912,289,4748
"Sheffield Ave & Addison St",41.94688,-87.65445,1201,912,289,4748
"Fairbanks Ct & Grand Ave",41.89186,-87.62062,1201,1142,59,4749
"Clinton St & Lake St",41.885637,-87.641823,1201,1142,59,4749
"Larrabee St & Kingsbury St",41.897764,-87.642884,1201,1018,183,4750
"Wabash Ave & Grand Ave",41.891466,-87.626761,1201,1018,183,4750
"Clinton St & Polk St",41.8714665178,-87.6409491327,1200,1004,196,4751
"Canal St & Adams St",41.879255,-87.639904,1200,1004,196,4751
"Orleans St & Elm St",41.902924,-87.637715,1200,1080,120,4752
"Kingsbury St & Kinzie St",41.8891768326,-87.6385057718,1200,1080,120,4752
"Lake Shore Dr & North Blvd",41.911722,-87.626804,1200,379,821,4753
"Sheffield Ave & Waveland Ave",41.949399,-87.654529,1200,379,821,4753
"Clarendon Ave & Leland Ave",41.967968,-87.650001,1200,1082,118,4754
"Pine Grove Ave & Waveland Ave",41.949275,-87.646303,1200,1082,118,4754
"Halsted St & Wrightwood Ave",41.929143,-87.649077,1200,818,382,4755
"Wells St & Evergreen Ave",41.906724,-87.63483,1200,818,382,4755
"State St & Van Buren St",41.877181,-87.627844,1200,1095,105,4756
"Clark St & 9th St (AMLI)",41.870816,-87.631246,1200,1095,105,4756
"Clinton St & Lake St",41.885637,-87.641823,1200,1052,148,4757
"Green St & Randolph St*",41.8836016573,-87.6486267149,1200,1052,148,4757
"Wacker Dr & Washington St Corral",41.88316,-87.63736,1200,832,368,4758
"Millennium Park",41.8810317,-87.62408432,1200,832,368,4758
"Michigan Ave & Lake St",41.886024,-87.624117,1200,1136,64,4759
"Franklin St & Chicago Ave",41.89679,-87.63564,1200,1136,64,4759
"Lake Shore Dr & Ohio St",41.89257,-87.614492,1200,723,477,4760
"State St & Randolph St",41.8847302006,-87.6277335692,1200,723,477,4760
"Lake Shore Dr & Belmont Ave",41.940775,-87.639192,1200,955,245,4761
"Hampden Ct & Diversey Pkwy",41.93262,-87.642385,1200,955,245,4761
"Rush St & Cedar St",41.9023087012,-87.627690528,1199,1041,158,4762
"Dearborn St & Monroe St",41.881319815,-87.6295209193,1199,1041,158,4762
"Hampden Ct & Diversey Pkwy",41.93262,-87.642385,1199,599,600,4763
"Cannon Dr & Fullerton Ave",41.9267559875,-87.6344287848,1199,599,600,4763
"Desplaines St & Jackson Blvd",41.8781189009,-87.6439476013,1198,1070,128,4764
"Morgan St & Polk St",41.871737,-87.65103,1198,1070,128,4764
"LaSalle St & Illinois St",41.890749,-87.63206,1198,874,324,4765
"Dearborn St & Adams St",41.8793563587,-87.6297910363,1198,874,324,4765
"Wabash Ave & Roosevelt Rd",41.867227,-87.625961,1198,1033,165,4766
"Canal St & Madison St",41.882091,-87.639833,1198,1033,165,4766
"Halsted St & Dickens Ave",41.919936,-87.64883,1198,843,355,4767
"Wells St & Evergreen Ave",41.906724,-87.63483,1198,843,355,4767
"Broadway & Waveland Ave",41.949074,-87.648636,1198,995,203,4768
"Racine Ave & Belmont Ave",41.939743,-87.658865,1198,995,203,4768
"Sheffield Ave & Wellington Ave",41.936253,-87.653566,1198,1102,96,4769
"Lincoln Ave & Belmont Ave",41.939365,-87.668385,1198,1102,96,4769
"Wabash Ave & Adams St",41.8794723523,-87.6256886059,1197,851,346,4770
"Wabash Ave & Grand Ave",41.891466,-87.626761,1197,851,346,4770
"Canal St & Taylor St",41.870257,-87.639474,1197,1080,117,4771
"Clinton St & 18th St",41.85795,-87.640826,1197,1080,117,4771
"Halsted St & Polk St",41.87184,-87.64664,1197,1054,143,4772
"Canal St & Taylor St",41.870257,-87.639474,1197,1054,143,4772
"Lincoln Ave & Diversey Pkwy",41.932225,-87.658617,1197,731,466,4773
"Clark St & Armitage Ave",41.918306,-87.636282,1197,731,466,4773
"Clark St & Congress Pkwy",41.8759326655,-87.6305845355,1197,1143,54,4774
"Stetson Ave & South Water St",41.886835,-87.62232,1197,1143,54,4774
"Clark St & Columbia Ave",42.0044506293,-87.6724024047,1197,986,211,4775
"Broadway & Granville Ave",41.9947796884,-87.6602845349,1197,986,211,4775
"Clark St & Montrose Ave",41.961588,-87.666036,1196,1096,100,4776
"Wilton Ave & Belmont Ave",41.94018,-87.65304,1196,1096,100,4776
"Michigan Ave & Jackson Blvd",41.87785,-87.62408,1196,932,264,4777
"LaSalle St & Adams St",41.8793443735,-87.6319852213,1196,932,264,4777
"Broadway & Sheridan Rd",41.952833,-87.649993,1196,1041,155,4778
"Pine Grove Ave & Waveland Ave",41.949275,-87.646303,1196,1041,155,4778
"Lake Shore Dr & Ohio St",41.89257,-87.614492,1196,1077,119,4779
"Clinton St & Washington Blvd",41.88338,-87.64117,1196,1077,119,4779
"Sheffield Ave & Wrightwood Ave",41.928712,-87.653833,1195,690,505,4780
"Sheffield Ave & Waveland Ave",41.949399,-87.654529,1195,690,505,4780
"Broadway & Waveland Ave",41.949074,-87.648636,1195,914,281,4781
"Clark St & Drummond Pl",41.931248,-87.644336,1195,914,281,4781
"State St & Pearson St",41.897448,-87.628722,1195,1026,169,4782
"Clark St & Lake St",41.8860208277,-87.6308760584,1195,1026,169,4782
"Damen Ave & Pierce Ave",41.9093960065,-87.6776919292,1195,436,759,4783
"Lake Shore Dr & North Blvd",41.911722,-87.626804,1195,436,759,4783
"Clarendon Ave & Leland Ave",41.967968,-87.650001,1194,1054,140,4784
"Clarendon Ave & Gordon Ter",41.957879,-87.649519,1194,1054,140,4784
"Green St & Madison St",41.881859328,-87.6492637396,1194,1017,177,4785
"Peoria St & Jackson Blvd",41.8776415963,-87.6496177912,1194,1017,177,4785
"Sheffield Ave & Willow St",41.913688,-87.652855,1194,990,204,4786
"Clark St & Wrightwood Ave",41.929546,-87.643118,1194,990,204,4786
"Clybourn Ave & Division St",41.904613,-87.640552,1192,1011,181,4787
"Dearborn Pkwy & Delaware Pl",41.898969,-87.629912,1192,1011,181,4787
"Michigan Ave & Oak St",41.90096039,-87.62377664,1192,611,581,4788
"Halsted St & Dickens Ave",41.919936,-87.64883,1192,611,581,4788
"Wacker Dr & Washington St",41.8831433644,-87.6372420788,1192,969,223,4789
"Michigan Ave & Washington St",41.8839840647,-87.6246839762,1192,969,223,4789
"Pine Grove Ave & Waveland Ave",41.9494727409,-87.6464527845,1191,1029,162,4790
"Clarendon Ave & Gordon Ter",41.9578665242,-87.6495051384,1191,1029,162,4790
"Paulina St & Howard St",42.019159,-87.673573,1191,1032,159,4791
"Ridge Blvd & Touhy Ave",42.0121322774,-87.6829126443,1191,1032,159,4791
"Mies van der Rohe Way & Chestnut St",41.8985866514,-87.6219152258,1191,870,321,4792
"Michigan Ave & Madison St",41.882134,-87.625125,1191,870,321,4792
"Milwaukee Ave & Wabansia Ave",41.912616,-87.681391,1191,941,250,4793
"Noble St & Milwaukee Ave",41.90068,-87.6626,1191,941,250,4793
"Western Ave & Winnebago Ave",41.915533,-87.687051,1191,1111,80,4794
"Logan Blvd & Elston Ave",41.930584,-87.685126,1191,1111,80,4794
"Hampden Ct & Diversey Pkwy",41.93262,-87.642385,1191,954,237,4795
"Broadway & Cornelia Ave",41.945512,-87.64598,1191,954,237,4795
"Kedzie Ave & Milwaukee Ave",41.929567,-87.707857,1191,767,424,4796
"Ashland Ave & Division St",41.90345,-87.667747,1191,767,424,4796
"Clark St & Wellington Ave",41.9364968219,-87.6475386582,1190,998,192,4797
"Lincoln Ave & Diversey Pkwy",41.932225,-87.658617,1190,998,192,4797
"Wells St & Elm St",41.903222,-87.634324,1190,679,511,4798
"Lake Shore Dr & North Blvd",41.911722,-87.626804,1190,679,511,4798
"Rush St & Cedar St",41.9023087012,-87.627690528,1190,696,494,4799
"Wabash Ave & Wacker Pl",41.886875,-87.62603,1190,696,494,4799
"Calumet Ave & 18th St",41.857611,-87.619407,1190,939,251,4800
"Columbus Dr & Randolph St",41.884728,-87.619521,1190,939,251,4800
"Sedgwick St & Huron St",41.894666,-87.638437,1190,943,247,4801
"Wabash Ave & Grand Ave",41.891466,-87.626761,1190,943,247,4801
"Green St & Randolph St*",41.8836016573,-87.6486267149,1190,904,286,4802
"State St & Randolph St",41.8847302006,-87.6277335692,1190,904,286,4802
"Southport Ave & Wellington Ave",41.935733,-87.663576,1190,1036,154,4803
"Racine Ave & Fullerton Ave",41.92556258,-87.65840426,1190,1036,154,4803
"Ashland Ave & 13th St",41.865234,-87.666507,1189,1126,63,4804
"Loomis St & Lexington St",41.8722287322,-87.661363855,1189,1126,63,4804
"Chicago Ave & Washington St",42.032562,-87.679101,1189,853,336,4805
"Paulina St & Howard St",42.019159,-87.673573,1189,853,336,4805
"Orleans St & Chestnut St (NEXT Apts)",41.898203,-87.637536,1189,1087,102,4806
"Larrabee St & Oak St",41.9002194932,-87.6429854676,1189,1087,102,4806
"Dearborn Pkwy & Delaware Pl",41.898969,-87.629912,1189,1052,137,4807
"Franklin St & Chicago Ave",41.89680204,-87.63563839,1189,1052,137,4807
"Clark St & Elmdale Ave",41.9908604481,-87.66972363,1189,955,234,4808
"Clark St & Lunt Ave",42.0090111806,-87.6741117239,1189,955,234,4808
"Greenview Ave & Fullerton Ave",41.92533,-87.6658,1189,880,309,4809
"Southport Ave & Roscoe St",41.943739,-87.66402,1189,880,309,4809
"Franklin St & Lake St",41.885837,-87.6355,1189,1100,89,4810
"Clinton St & Lake St",41.88583274,-87.64138231,1189,1100,89,4810
"Western Ave & Walton St",41.8984176894,-87.6865960164,1189,1087,102,4811
"Leavitt St & North Ave",41.910153,-87.68229,1189,1087,102,4811
"Calumet Ave & 18th St",41.857611,-87.619407,1189,1034,155,4812
"Lake Shore Dr & Ohio St",41.89257,-87.614492,1189,1034,155,4812
"Dearborn St & Erie St",41.893992,-87.629318,1188,1090,98,4813
"Desplaines St & Jackson Blvd",41.8781189009,-87.6439476013,1188,1090,98,4813
"Campbell Ave & Fullerton Ave",41.9246324716,-87.6893070063,1188,824,364,4814
"Kedzie Ave & Milwaukee Ave",41.929567,-87.707857,1188,824,364,4814
"Wabash Ave & Wacker Pl",41.886875,-87.62603,1188,494,694,4815
"Mies van der Rohe Way & Chestnut St",41.8985866514,-87.6219152258,1188,494,694,4815
"Wells St & Erie St",41.893832,-87.634195,1188,1004,184,4816
"Clark St & Elm St",41.903233,-87.631253,1188,1004,184,4816
"LaSalle Dr & Huron St",41.894877,-87.632326,1187,1014,173,4817
"Clinton St & Washington Blvd",41.88338,-87.64117,1187,1014,173,4817
"Wabash Ave & Wacker Pl",41.886875,-87.62603,1187,417,770,4818
"Michigan Ave & Lake St",41.886024,-87.624117,1187,417,770,4818
"Clark St & Elm St",41.903233,-87.631253,1187,1053,134,4819
"Halsted St & Blackhawk St",41.90854,-87.648568,1187,1053,134,4819
"Lakeview Ave & Fullerton Pkwy",41.925858,-87.638973,1186,806,380,4820
"Mies van der Rohe Way & Chestnut St",41.8985866514,-87.6219152258,1186,806,380,4820
"Franklin St & Jackson Blvd",41.8777079559,-87.6353211408,1186,136,1050,4821
"Streeter Dr & Illinois St",41.891071,-87.6122,1186,136,1050,4821
"Racine Ave & 18th St",41.8581806068,-87.6564866473,1186,1141,45,4822
"Wood St & Taylor St",41.869154,-87.671045,1186,1141,45,4822
"Clark St & Lincoln Ave",41.915689,-87.6346,1185,718,467,4823
"Columbus Dr & Randolph St",41.884728,-87.619521,1185,718,467,4823
"Ashland Ave & Augusta Blvd",41.899643,-87.6677,1185,1149,36,4824
"Clinton St & Lake St",41.885637,-87.641823,1185,1149,36,4824
"Franklin St & Jackson Blvd",41.8777079559,-87.6353211408,1185,608,577,4825
"St. Clair St & Erie St",41.8943451374,-87.6227983832,1185,608,577,4825
"Racine Ave & Fullerton Ave",41.92556258,-87.65840426,1184,1051,133,4826
"Wilton Ave & Diversey Pkwy",41.932418,-87.652705,1184,1051,133,4826
"Burling St & Diversey Pkwy",41.93314,-87.64776,1184,697,487,4827
"Theater on the Lake",41.926277,-87.630834,1184,697,487,4827
"Ravenswood Ave & Lawrence Ave",41.96909,-87.674237,1184,1036,148,4828
"Southport Ave & Irving Park Rd",41.954177,-87.664358,1184,1036,148,4828
"LaSalle St & Illinois St",41.890749,-87.63206,1184,681,503,4829
"Clark St & North Ave",41.911974,-87.631942,1184,681,503,4829
"Franklin St & Monroe St",41.880317,-87.635185,1184,1139,45,4830
"Lakeview Ave & Fullerton Pkwy",41.925858,-87.638973,1184,1139,45,4830
"Broadway & Berwyn Ave",41.978353,-87.659753,1184,499,685,4831
"Lake Shore Dr & Belmont Ave",41.940775,-87.639192,1184,499,685,4831
"Clark St & Elm St",41.903233,-87.631253,1183,881,302,4832
"Halsted St & Wrightwood Ave",41.929143,-87.649077,1183,881,302,4832
"Wabash Ave & Grand Ave",41.891466,-87.626761,1183,908,275,4833
"Franklin St & Lake St",41.885837,-87.6355,1183,908,275,4833
"Lincoln Ave & Fullerton Ave",41.925905,-87.64926,1183,988,195,4834
"Lincoln Ave & Belmont Ave",41.939365,-87.668385,1183,988,195,4834
"Clinton St & Lake St",41.885637,-87.641823,1182,1058,124,4835
"Carpenter St & Huron St",41.894556,-87.653449,1182,1058,124,4835
"State St & Pearson St",41.897448,-87.628722,1182,884,298,4836
"Wells St & Elm St",41.903222,-87.634324,1182,884,298,4836
"Michigan Ave & Oak St",41.90096039,-87.62377664,1182,929,253,4837
"Franklin St & Monroe St",41.880317,-87.635185,1182,929,253,4837
"Sheridan Rd & Loyola Ave",42.0010437798,-87.6611982433,1182,821,361,4838
"Sheridan Rd & Greenleaf Ave",42.0105865628,-87.6624120948,1182,821,361,4838
"Sangamon St & Washington Blvd",41.883165,-87.6511,1181,976,205,4839
"Aberdeen St & Jackson Blvd",41.87772613,-87.65478743,1181,976,205,4839
"Clarendon Ave & Junior Ter",41.961004,-87.649603,1181,821,360,4840
"Clark St & Grace St",41.95078,-87.659172,1181,821,360,4840
"Pine Grove Ave & Waveland Ave",41.9494727409,-87.6464527845,1181,972,209,4841
"Broadway & Waveland Ave",41.949074,-87.648636,1181,972,209,4841
"Broadway & Cornelia Ave",41.945529,-87.646439,1181,978,203,4842
"Burling St & Diversey Pkwy",41.93314,-87.64776,1181,978,203,4842
"Michigan Ave & Lake St",41.886022,-87.624398,1181,286,895,4843
"Michigan Ave & 8th St",41.872773,-87.623981,1181,286,895,4843
"Lakeview Ave & Fullerton Pkwy",41.925858,-87.638973,1181,705,476,4844
"Halsted St & Roscoe St",41.94367,-87.64895,1181,705,476,4844
"Dearborn St & Adams St",41.8793563587,-87.6297910363,1180,234,946,4845
"Streeter Dr & Illinois St",41.891071,-87.6122,1180,234,946,4845
"Sedgwick St & Webster Ave",41.922167,-87.638888,1180,956,224,4846
"Wells St & Huron St",41.8947953,-87.6343743,1180,956,224,4846
"Leavitt St & North Ave",41.910153,-87.68229,1180,1140,40,4847
"Western Ave & Winnebago Ave",41.91552,-87.687022,1180,1140,40,4847
"Halsted St & Diversey Pkwy",41.933341,-87.648747,1180,1021,159,4848
"Halsted St & Dickens Ave",41.919936,-87.64883,1180,1021,159,4848
"Wells St & Evergreen Ave",41.906724,-87.63483,1179,986,193,4849
"Canal St & Adams St",41.879255,-87.639904,1179,986,193,4849
"Aberdeen St & Jackson Blvd",41.87772613,-87.65478743,1179,1046,133,4850
"Hermitage Ave & Polk St",41.871514,-87.669886,1179,1046,133,4850
"Paulina St & Montrose Ave",41.961507,-87.671387,1179,961,218,4851
"Ravenswood Ave & Lawrence Ave",41.968445,-87.674226,1179,961,218,4851
"Milwaukee Ave & Grand Ave",41.891578,-87.648384,1179,855,324,4852
"Wood St & Milwaukee Ave",41.907655,-87.672552,1179,855,324,4852
"Clark St & Grace St",41.95078,-87.659172,1179,1078,101,4853
"Lincoln Ave & Roscoe St",41.94334,-87.67097,1179,1078,101,4853
"Wabash Ave & Roosevelt Rd",41.867227,-87.625961,1179,896,283,4854
"Racine Ave & 18th St",41.8581806068,-87.6564866473,1179,896,283,4854
"Wood St & Chicago Ave",41.895634,-87.672069,1179,947,232,4855
"Ashland Ave & Division St",41.90345,-87.667747,1179,947,232,4855
"Shedd Aquarium",41.8672259568,-87.6153553902,1179,126,1053,4856
"Michigan Ave & Pearson St",41.89766,-87.62351,1179,126,1053,4856
"Kedzie Ave & Foster Ave",41.975672,-87.709261,1178,884,294,4857
"Kedzie Ave & Leland Ave",41.966686362,-87.7080519806,1178,884,294,4857
"Dearborn St & Adams St",41.8793563587,-87.6297910363,1178,802,376,4858
"State St & Van Buren St",41.877181,-87.627844,1178,802,376,4858
"Clark St & Chicago Ave",41.896544,-87.630931,1178,918,260,4859
"Dearborn Pkwy & Delaware Pl",41.898969,-87.629912,1178,918,260,4859
"Broadway & Cornelia Ave",41.945512,-87.64598,1178,993,185,4860
"Southport Ave & Roscoe St",41.943739,-87.66402,1178,993,185,4860
"Michigan Ave & Oak St",41.90096039,-87.62377664,1178,567,611,4861
"Ashland Ave & Division St",41.90345,-87.667747,1178,567,611,4861
"Halsted St & Diversey Pkwy",41.933341,-87.648747,1178,1044,134,4862
"Broadway & Belmont Ave",41.940106,-87.645451,1178,1044,134,4862
"Michigan Ave & Madison St",41.882134,-87.625125,1178,885,293,4863
"Clark St & Randolph St",41.884576228,-87.63188991,1178,885,293,4863
"Morgan St & Lake St",41.8854833079,-87.6523048564,1178,1096,82,4864
"Jefferson St & Monroe St",41.880422,-87.642746,1178,1096,82,4864
"Milwaukee Ave & Wabansia Ave",41.912616,-87.681391,1177,1003,174,4865
"Kingsbury St & Kinzie St",41.8891768326,-87.6385057718,1177,1003,174,4865
"Clark St & Wellington Ave",41.9364968219,-87.6475386582,1177,986,191,4866
"Ashland Ave & Wellington Ave",41.936083,-87.669807,1177,986,191,4866
"Clark St & Drummond Pl",41.931248,-87.644336,1177,925,252,4867
"Sheffield Ave & Wrightwood Ave",41.928712,-87.653833,1177,925,252,4867
"Halsted St & Polk St",41.87184,-87.64664,1177,1017,160,4868
"Green St & Madison St",41.881859328,-87.6492637396,1177,1017,160,4868
"Wells St & Hubbard St",41.889906,-87.634266,1177,923,254,4869
"Rush St & Cedar St",41.9023087012,-87.627690528,1177,923,254,4869
"Mies van der Rohe Way & Chicago Ave",41.89691,-87.621743,1177,441,736,4870
"Mies van der Rohe Way & Chestnut St",41.8985866514,-87.6219152258,1177,441,736,4870
"Greenview Ave & Fullerton Ave",41.92533,-87.6658,1177,1020,157,4871
"Bissell St & Armitage Ave",41.91844,-87.65222,1177,1020,157,4871
"Michigan Ave & 18th St",41.857926,-87.624336,1176,908,268,4872
"Wentworth Ave & Archer Ave",41.854564,-87.631937,1176,908,268,4872
"Western Ave & Leland Ave",41.966555,-87.688487,1176,1047,129,4873
"Manor Ave & Leland Ave",41.965875,-87.700825,1176,1047,129,4873
"Wabash Ave & Wacker Pl",41.886875,-87.62603,1176,654,522,4874
"Fairbanks Ct & Grand Ave",41.89186,-87.62062,1176,654,522,4874
"Fairbanks Ct & Grand Ave",41.89186,-87.62062,1176,1076,100,4875
"Larrabee St & Kingsbury St",41.897764,-87.642884,1176,1076,100,4875
"State St & Kinzie St",41.88918,-87.6277,1176,863,313,4876
"Green St & Randolph St*",41.8836016573,-87.6486267149,1176,863,313,4876
"Sheffield Ave & Addison St",41.94688,-87.65445,1176,869,307,4877
"Sheffield Ave & Fullerton Ave",41.9256018819,-87.6537080423,1176,869,307,4877
"Clark St & 9th St (AMLI)",41.870816,-87.631246,1175,999,176,4878
"Dearborn St & Adams St",41.8793563587,-87.6297910363,1175,999,176,4878
"Michigan Ave & Washington St",41.8838927658,-87.6246491409,1175,771,404,4879
"State St & Harrison St",41.874053,-87.627716,1175,771,404,4879
"Larrabee St & Webster Ave",41.921822,-87.64414,1175,846,329,4880
"Racine Ave & Belmont Ave",41.939743,-87.658865,1175,846,329,4880
"Lakeview Ave & Fullerton Pkwy",41.925858,-87.638973,1175,930,245,4881
"Racine Ave & Fullerton Ave",41.92556258,-87.65840426,1175,930,245,4881
"Clark St & Elm St",41.903233,-87.631253,1175,881,294,4882
"McClurg Ct & Ohio St",41.8925921197,-87.6172891259,1175,881,294,4882
"Canal St & Adams St",41.879255,-87.639904,1174,848,326,4883
"Clinton St & Jackson Blvd",41.8783166118,-87.6409810781,1174,848,326,4883
"Sheffield Ave & Webster Ave",41.92154,-87.653818,1174,941,233,4884
"Clark St & Wellington Ave",41.9364968219,-87.6475386582,1174,941,233,4884
"Clinton St & Tilden St",41.875885,-87.640795,1174,1097,77,4885
"Clinton St & Lake St",41.885637,-87.641823,1174,1097,77,4885
"Stetson Ave & South Water St",41.886835,-87.62232,1174,810,364,4886
"Fairbanks Ct & Grand Ave",41.89186,-87.62062,1174,810,364,4886
"Racine Ave & Fullerton Ave",41.92556258,-87.65840426,1174,1160,14,4887
"Clinton St & Washington Blvd",41.88338,-87.64117,1174,1160,14,4887
"Halsted St & Roscoe St",41.94367,-87.64895,1174,618,556,4888
"Lakefront Trail & Bryn Mawr Ave",41.9840441152,-87.6522812247,1174,618,556,4888
"Franklin St & Monroe St",41.880317,-87.635185,1174,1031,143,4889
"LaSalle St & Washington St",41.882664,-87.63253,1174,1031,143,4889
"May St & Randolph St",41.88397,-87.655688,1174,1115,59,4890
"Ada St & Washington Blvd",41.88283,-87.661206,1174,1115,59,4890
"Kingsbury St & Kinzie St",41.8891768326,-87.6385057718,1173,1068,105,4891
"Wabash Ave & Adams St",41.8794723523,-87.6256886059,1173,1068,105,4891
"State St & Van Buren St",41.877181,-87.627844,1173,1006,167,4892
"Clinton St & Tilden St",41.875885,-87.640795,1173,1006,167,4892
"Michigan Ave & Oak St",41.90096039,-87.62377664,1173,835,338,4893
"Larrabee St & Menomonee St",41.91468,-87.64332,1173,835,338,4893
"Loomis St & Lexington St",41.872187,-87.661501,1172,1103,69,4894
"Blue Island Ave & 18th St",41.857556,-87.661535,1172,1103,69,4894
"DuSable Lake Shore Dr & Diversey Pkwy",41.932588,-87.636427,1172,608,564,4895
"Clark St & Lincoln Ave",41.915689,-87.6346,1172,608,564,4895
"Halsted St & Wrightwood Ave",41.929143,-87.649077,1172,853,319,4896
"Lincoln Ave & Fullerton Ave",41.9241610291,-87.6463803649,1172,853,319,4896
"Broadway & Sheridan Rd",41.952833,-87.649993,1172,1039,133,4897
"Broadway & Cornelia Ave",41.945512,-87.64598,1172,1039,133,4897
"Sheffield Ave & Wellington Ave",41.9362534831,-87.6526620984,1172,966,206,4898
"Southport Ave & Waveland Ave",41.94815,-87.66394,1172,966,206,4898
"Broadway & Cornelia Ave",41.945529,-87.646439,1172,599,573,4899
"Lakefront Trail & Bryn Mawr Ave",41.9840441152,-87.6522812247,1172,599,573,4899
"Michigan Ave & Washington St",41.8838927658,-87.6246491409,1172,1097,75,4900
"Franklin St & Chicago Ave",41.89679,-87.63564,1172,1097,75,4900
"Sedgwick St & Huron St",41.894666,-87.638437,1172,1074,98,4901
"Canal St & Monroe St",41.8807,-87.63947,1172,1074,98,4901
"Michigan Ave & Ida B Wells Dr",41.876203,-87.624464,1171,240,931,4902
"Millennium Park",41.8810317,-87.62408432,1171,240,931,4902
"Ritchie Ct & Banks St",41.906866,-87.626217,1170,933,237,4903
"Wells St & Huron St",41.8947953,-87.6343743,1170,933,237,4903
"Wabash Ave & Roosevelt Rd",41.867227,-87.625961,1170,1084,86,4904
"Canal St & Monroe St",41.8807,-87.63947,1170,1084,86,4904
"State St & Pearson St",41.897448,-87.628722,1170,772,398,4905
"Michigan Ave & Pearson St",41.89766,-87.62351,1170,772,398,4905
"Clark St & Lincoln Ave",41.915689,-87.6346,1170,568,602,4906
"Fairbanks Ct & Grand Ave",41.89186,-87.62062,1170,568,602,4906
"May St & Taylor St",41.8694821,-87.6554864,1170,1061,109,4907
"Loomis St & Lexington St",41.8722287322,-87.661363855,1170,1061,109,4907
"Wabash Ave & Adams St",41.8794723523,-87.6256886059,1169,279,890,4908
"Lake Shore Dr & Monroe St",41.880958,-87.616743,1169,279,890,4908
"State St & Chicago Ave",41.8966172004,-87.6285785437,1169,944,225,4909
"Canal St & Adams St",41.879255,-87.639904,1169,944,225,4909
"Columbus Dr & Randolph St",41.884728,-87.619521,1169,893,276,4910
"State St & Harrison St",41.874053,-87.627716,1169,893,276,4910
"DuSable Lake Shore Dr & Belmont Ave",41.940775,-87.639192,1169,702,467,4911
"Southport Ave & Roscoe St",41.943739,-87.66402,1169,702,467,4911
"Kingsbury St & Erie St",41.8939139,-87.6417358,1169,1091,78,4912
"Franklin St & Chicago Ave",41.89679,-87.63564,1169,1091,78,4912
"Canal St & Monroe St",41.8807,-87.63947,1169,1038,131,4913
"Cityfront Plaza Dr & Pioneer Ct",41.890573,-87.622072,1169,1038,131,4913
"LaSalle St & Jackson Blvd",41.878166,-87.631929,1169,1082,87,4914
"LaSalle St & Washington St",41.882664,-87.63253,1169,1082,87,4914
"Damen Ave & Madison St",41.88137,-87.67493,1168,787,381,4915
"Clinton St & Madison St",41.8827519657,-87.6411902905,1168,787,381,4915
"Mies van der Rohe Way & Chestnut St",41.8985866514,-87.6219152258,1168,976,192,4916
"Kingsbury St & Kinzie St",41.8891768326,-87.6385057718,1168,976,192,4916
"Broadway & Belmont Ave",41.940106,-87.645451,1168,887,281,4917
"Wells St & Concord Ln",41.912133,-87.634656,1168,887,281,4917
"Morgan St & Polk St",41.871737,-87.65103,1168,1108,60,4918
"Morgan St & Lake St",41.8854833079,-87.6523048564,1168,1108,60,4918
"Stetson Ave & South Water St",41.886835,-87.62232,1168,604,564,4919
"McClurg Ct & Illinois St",41.89102,-87.6173,1168,604,564,4919
"Clark St & Berwyn Ave",41.9780306225,-87.6685649157,1168,870,298,4920
"Ravenswood Ave & Lawrence Ave",41.968445,-87.674226,1168,870,298,4920
"Wabash Ave & Wacker Pl",41.886875,-87.62603,1168,618,550,4921
"Wabash Ave & Grand Ave",41.891738,-87.626937,1168,618,550,4921
"Broadway & Cornelia Ave",41.945529,-87.646439,1168,577,591,4922
"Lake Shore Dr & North Blvd",41.911722,-87.626804,1168,577,591,4922
"Broadway & Barry Ave",41.937725,-87.644095,1167,1007,160,4923
"Sheridan Rd & Irving Park Rd",41.954245,-87.654406,1167,1007,160,4923
"Pine Grove Ave & Waveland Ave",41.949275,-87.646303,1167,710,457,4924
"Cannon Dr & Fullerton Ave",41.9267559875,-87.6344287848,1167,710,457,4924
"Michigan Ave & Congress Pkwy",41.8760656,-87.62443336,1167,858,309,4925
"Michigan Ave & 18th St",41.857926,-87.624336,1167,858,309,4925
"Pine Grove Ave & Waveland Ave",41.9494727409,-87.6464527845,1167,790,377,4926
"Clark St & Grace St",41.95078,-87.659172,1167,790,377,4926
"Clark St & Lincoln Ave",41.915689,-87.6346,1167,818,349,4927
"Wells St & Hubbard St",41.889906,-87.634266,1167,818,349,4927
"Cityfront Plaza Dr & Pioneer Ct",41.890573,-87.622072,1167,641,526,4928
"St. Clair St & Erie St",41.8943451374,-87.6227983832,1167,641,526,4928
"Daley Center Plaza",41.884451,-87.629892,1167,1014,153,4929
"Clinton St & Madison St",41.8827519657,-87.6411902905,1167,1014,153,4929
"Dearborn Pkwy & Delaware Pl",41.898969,-87.629912,1166,950,216,4930
"Rush St & Hubbard St",41.890173,-87.626185,1166,950,216,4930
"New St & Illinois St",41.8908470406,-87.6186168194,1166,800,366,4931
"Kingsbury St & Kinzie St",41.8891768326,-87.6385057718,1166,800,366,4931
"Clark St & Winnemac Ave",41.9733476405,-87.6678554714,1166,777,389,4932
"Sheridan Rd & Argyle St",41.9732868203,-87.6547595859,1166,777,389,4932
"Logan Blvd & Elston Ave",41.929465,-87.684158,1166,884,282,4933
"California Ave & Altgeld St",41.92669,-87.697668,1166,884,282,4933
"Wells St & Elm St",41.903222,-87.634324,1166,893,273,4934
"Clark St & Schiller St",41.907993,-87.631501,1166,893,273,4934
"Clark St & Congress Pkwy",41.8759326655,-87.6305845355,1166,1103,63,4935
"Orleans St & Merchandise Mart Plaza",41.888243,-87.63639,1166,1103,63,4935
"Mies van der Rohe Way & Chicago Ave",41.8969446264,-87.6217576861,1166,974,192,4936
"Clark St & Elm St",41.903233,-87.631253,1166,974,192,4936
"Franklin St & Monroe St",41.880317,-87.635185,1166,1134,32,4937
"Ogden Ave & Chicago Ave",41.896362458,-87.6540612729,1166,1134,32,4937
"Wells St & Walton St",41.89993001,-87.63443007,1166,927,239,4938
"LaSalle St & Illinois St",41.890749,-87.63206,1166,927,239,4938
"Broadway & Cornelia Ave",41.945529,-87.646439,1166,732,434,4939
"Halsted St & Waveland Ave",41.949375,-87.649626,1166,732,434,4939
"Milwaukee Ave & Wabansia Ave",41.912616,-87.681391,1166,927,239,4940
"Damen Ave & Thomas St (Augusta Blvd)",41.901315,-87.677409,1166,927,239,4940
"LaSalle St & Washington St",41.882664,-87.63253,1166,1114,52,4941
"Clinton St & Lake St",41.88583274,-87.64138231,1166,1114,52,4941
"Artesian Ave & Hubbard St",41.8895,-87.688257,1165,1118,47,4942
"Ashland Ave & Augusta Blvd",41.899643,-87.6677,1165,1118,47,4942
"Orleans St & Merchandise Mart Plaza",41.888243,-87.63639,1165,1076,89,4943
"Michigan Ave & 14th St",41.864059,-87.623727,1165,1076,89,4943
"Halsted St & Polk St",41.87184,-87.64664,1165,1023,142,4944
"Franklin St & Jackson Blvd",41.8777079559,-87.6353211408,1165,1023,142,4944
"Halsted St & Clybourn Ave",41.909668,-87.648128,1165,1063,102,4945
"Clinton St & Madison St",41.8827519657,-87.6411902905,1165,1063,102,4945
"State St & Randolph St",41.8847302006,-87.6277335692,1165,612,553,4946
"Wabash Ave & Wacker Pl",41.886875,-87.62603,1165,612,553,4946
"Sangamon St & Lake St",41.8857792524,-87.6510246098,1164,997,167,4947
"Canal St & Adams St",41.879255,-87.639904,1164,997,167,4947
"Lake Park Ave & 53rd St",41.7994942937,-87.5864498959,1164,574,590,4948
"Fort Dearborn Dr & 31st St",41.838556,-87.608218,1164,574,590,4948
"Daley Center Plaza",41.884451,-87.629892,1164,915,249,4949
"Franklin St & Jackson Blvd",41.8777079559,-87.6353211408,1164,915,249,4949
"Wabash Ave & Grand Ave",41.891738,-87.626937,1164,945,219,4950
"Wells St & Hubbard St",41.889933,-87.634262,1164,945,219,4950
"Pine Grove Ave & Waveland Ave",41.9494727409,-87.6464527845,1163,887,276,4951
"Clarendon Ave & Junior Ter",41.961004,-87.649603,1163,887,276,4951
"Kingsbury St & Kinzie St",41.8891768326,-87.6385057718,1163,1065,98,4952
"Larrabee St & Menomonee St",41.91468,-87.64332,1163,1065,98,4952
"Wells St & Concord Ln",41.912133,-87.634656,1163,830,333,4953
"State St & Pearson St",41.897448,-87.628722,1163,830,333,4953
"Clark St & Wrightwood Ave",41.929546,-87.643118,1163,891,272,4954
"Broadway & Waveland Ave",41.949074,-87.648636,1163,891,272,4954
"Throop St & Taylor St",41.868968,-87.659141,1162,979,183,4955
"Halsted St & Maxwell St",41.864883,-87.647071,1162,979,183,4955
"Elizabeth St & Fulton St",41.886827,-87.658937,1162,903,259,4956
"Halsted St & Fulton St",41.886871,-87.648089,1162,903,259,4956
"St. Clair St & Erie St",41.8943451374,-87.6227983832,1162,704,458,4957
"Mies van der Rohe Way & Chicago Ave",41.89691,-87.621743,1162,704,458,4957
"Peoria St & Jackson Blvd",41.8776415963,-87.6496177912,1161,825,336,4958
"Clinton St & Jackson Blvd",41.8783166118,-87.6409810781,1161,825,336,4958
"Mies van der Rohe Way & Chestnut St",41.8985866514,-87.6219152258,1161,939,222,4959
"Dearborn St & Monroe St",41.881319815,-87.6295209193,1161,939,222,4959
"Desplaines St & Kinzie St",41.888716036,-87.6444478533,1161,945,216,4960
"Aberdeen St & Jackson Blvd",41.87772613,-87.65478743,1161,945,216,4960
"Michigan Ave & 18th St",41.857926,-87.624336,1161,925,236,4961
"State St & Harrison St",41.874053,-87.627716,1161,925,236,4961
"Clark St & Newport St",41.94454,-87.654678,1161,640,521,4962
"Racine Ave & Belmont Ave",41.939743,-87.658865,1161,640,521,4962
"Broadway & Barry Ave",41.937725,-87.644095,1161,1035,126,4963
"Halsted St & Diversey Pkwy",41.933341,-87.648747,1161,1035,126,4963
"Michigan Ave & Oak St",41.90096039,-87.62377664,1160,724,436,4964
"Canal St & Madison St",41.882091,-87.639833,1160,724,436,4964
"State St & Pearson St",41.897448,-87.628722,1160,886,274,4965
"Michigan Ave & Lake St",41.886024,-87.624117,1160,886,274,4965
"Woodlawn Ave & 58th St",41.789381,-87.596479,1160,837,323,4966
"Kimbark Ave & 53rd St",41.799568,-87.594747,1160,837,323,4966
"Clark St & Randolph St",41.884576228,-87.63188991,1160,1017,143,4967
"Larrabee St & Kingsbury St",41.897764,-87.642884,1160,1017,143,4967
"Clinton St & Jackson Blvd",41.8783166118,-87.6409810781,1159,1037,122,4968
"Green St & Madison St",41.881859328,-87.6492637396,1159,1037,122,4968
"Larrabee St & Webster Ave",41.921822,-87.64414,1159,777,382,4969
"Southport Ave & Roscoe St",41.943739,-87.66402,1159,777,382,4969
"Lakefront Trail & Bryn Mawr Ave",41.9840441152,-87.6522812247,1159,717,442,4970
"Sheridan Rd & Greenleaf Ave",42.0105865628,-87.6624120948,1159,717,442,4970
"Franklin St & Jackson Blvd",41.8777079559,-87.6353211408,1159,1034,125,4971
"Morgan St & Polk St",41.871737,-87.65103,1159,1034,125,4971
"Canal St & Jackson Blvd",41.87811421,-87.63997112,1159,1015,144,4972
"Clinton St & Madison St",41.8827519657,-87.6411902905,1159,1015,144,4972
"LaSalle St & Illinois St",41.890762,-87.631697,1158,865,293,4973
"Dearborn St & Monroe St",41.881319815,-87.6295209193,1158,865,293,4973
"Desplaines St & Kinzie St",41.888716036,-87.6444478533,1158,943,215,4974
"Orleans St & Hubbard St",41.890028,-87.636618,1158,943,215,4974
"Wood St & Milwaukee Ave",41.907655,-87.672552,1158,987,171,4975
"Honore St & Division St",41.903119,-87.673935,1158,987,171,4975
"LaSalle St & Jackson Blvd",41.878166,-87.631929,1158,1041,117,4976
"Wabash Ave & 9th St",41.870769,-87.625734,1158,1041,117,4976
"LaSalle St & Illinois St",41.890749,-87.63206,1158,888,270,4977
"Mies van der Rohe Way & Chestnut St",41.8985866514,-87.6219152258,1158,888,270,4977
"LaSalle St & Jackson Blvd",41.878166,-87.631929,1158,1105,53,4978
"Franklin St & Monroe St",41.880317,-87.635185,1158,1105,53,4978
"Canal St & Monroe St",41.8807,-87.63947,1158,1030,128,4979
"LaSalle St & Illinois St",41.890749,-87.63206,1158,1030,128,4979
"Larrabee St & Division St",41.90348607,-87.6433534936,1157,911,246,4980
"Clark St & Schiller St",41.907993,-87.631501,1157,911,246,4980
"Theater on the Lake",41.926277,-87.630834,1157,644,513,4981
"Clifton Ave & Armitage Ave",41.918216,-87.656936,1157,644,513,4981
"Halsted St & Roosevelt Rd",41.867324,-87.648625,1157,983,174,4982
"Wolcott Ave & Polk St",41.871262,-87.673688,1157,983,174,4982
"Ravenswood Ave & Berteau Ave",41.957921,-87.673567,1157,1100,57,4983
"Southport Ave & Clark St",41.957081,-87.664199,1157,1100,57,4983
"Mies van der Rohe Way & Chestnut St",41.8985866514,-87.6219152258,1157,1012,145,4984
"Ogden Ave & Chicago Ave",41.896362458,-87.6540612729,1157,1012,145,4984
"Larrabee St & Kingsbury St",41.897764,-87.642884,1157,1055,102,4985
"Wabash Ave & Wacker Pl",41.886875,-87.62603,1157,1055,102,4985
"Green St & Randolph St*",41.8836016573,-87.6486267149,1157,906,251,4986
"Wells St & Hubbard St",41.889906,-87.634266,1157,906,251,4986
"Calumet Ave & 18th St",41.857611,-87.619407,1157,979,178,4987
"Wabash Ave & 16th St",41.860384,-87.625813,1157,979,178,4987
"Lake Shore Dr & Ohio St",41.89257,-87.614492,1157,1031,126,4988
"Daley Center Plaza",41.884241,-87.629634,1157,1031,126,4988
"Southport Ave & Clark St",41.957081,-87.664199,1156,976,180,4989
"Clark St & Montrose Ave",41.961588,-87.666036,1156,976,180,4989
"Larrabee St & Webster Ave",41.921822,-87.64414,1156,819,337,4990
"Greenview Ave & Fullerton Ave",41.92533,-87.6658,1156,819,337,4990
"Southport Ave & Wellington Ave",41.935733,-87.663576,1156,980,176,4991
"Clark St & Wrightwood Ave",41.929546,-87.643118,1156,980,176,4991
"Wells St & Huron St",41.8947953,-87.6343743,1156,961,195,4992
"McClurg Ct & Illinois St",41.89102,-87.6173,1156,961,195,4992
"Paulina St & Montrose Ave",41.961507,-87.671387,1155,948,207,4993
"Sheridan Rd & Montrose Ave",41.96167,-87.65464,1155,948,207,4993
"Wabash Ave & Grand Ave",41.891738,-87.626937,1155,881,274,4994
"Rush St & Cedar St",41.9023087012,-87.627690528,1155,881,274,4994
"Pine Grove Ave & Waveland Ave",41.9494727409,-87.6464527845,1155,893,262,4995
"Broadway & Belmont Ave",41.940106,-87.645451,1155,893,262,4995
"Racine Ave & Randolph St",41.8840812248,-87.6569207293,1154,1046,108,4996
"Canal St & Adams St",41.879255,-87.639904,1154,1046,108,4996
"Canal St & Adams St",41.879255,-87.639904,1154,1069,85,4997
"Clark St & Congress Pkwy",41.8759326655,-87.6305845355,1154,1069,85,4997
"Loomis St & Taylor St",41.869417,-87.660996,1154,1054,100,4998
"Blue Island Ave & 18th St",41.857556,-87.661535,1154,1054,100,4998
"Clinton St & Madison St",41.8827519657,-87.6411902905,1154,803,351,4999
"Shedd Aquarium",41.8672259568,-87.6153553902,1154,803,351,4999
"Franklin St & Arcade Pl",41.881131,-87.635185,1154,1078,76,5000
"Kingsbury St & Erie St",41.8939139,-87.6417358,1154,1078,76,5000
